Obtaining file:///data/commit/graphit/wangyj05/workspace/TE-CCL
  Installing build dependencies: started
  Installing build dependencies: finished with status 'done'
  Checking if build backend supports build_editable: started
  Checking if build backend supports build_editable: finished with status 'done'
  Getting requirements to build editable: started
  Getting requirements to build editable: finished with status 'done'
  Preparing editable metadata (pyproject.toml): started
  Preparing editable metadata (pyproject.toml): finished with status 'done'
Requirement already satisfied: dataclasses in /data/commit/graphit/wangyj05/miniconda3/envs/teccl/lib/python3.14t/site-packages (from teccl==1.0.0) (0.6)
Requirement already satisfied: argcomplete in /data/commit/graphit/wangyj05/miniconda3/envs/teccl/lib/python3.14t/site-packages (from teccl==1.0.0) (3.6.3)
Requirement already satisfied: gurobipy in /data/commit/graphit/wangyj05/miniconda3/envs/teccl/lib/python3.14t/site-packages (from teccl==1.0.0) (13.0.2)
Requirement already satisfied: numpy in /data/commit/graphit/wangyj05/miniconda3/envs/teccl/lib/python3.14t/site-packages (from teccl==1.0.0) (2.4.6)
Requirement already satisfied: seaborn in /data/commit/graphit/wangyj05/miniconda3/envs/teccl/lib/python3.14t/site-packages (from teccl==1.0.0) (0.13.2)
Requirement already satisfied: lark in /data/commit/graphit/wangyj05/miniconda3/envs/teccl/lib/python3.14/site-packages (from teccl==1.0.0) (1.3.1)
Requirement already satisfied: pandas>=1.2 in /data/commit/graphit/wangyj05/miniconda3/envs/teccl/lib/python3.14t/site-packages (from seaborn->teccl==1.0.0) (3.0.3)
Requirement already satisfied: matplotlib!=3.6.1,>=3.4 in /data/commit/graphit/wangyj05/miniconda3/envs/teccl/lib/python3.14t/site-packages (from seaborn->teccl==1.0.0) (3.11.0)
Requirement already satisfied: contourpy>=1.0.1 in /data/commit/graphit/wangyj05/miniconda3/envs/teccl/lib/python3.14t/site-packages (from matplotlib!=3.6.1,>=3.4->seaborn->teccl==1.0.0) (1.3.3)
Requirement already satisfied: cycler>=0.10 in /data/commit/graphit/wangyj05/miniconda3/envs/teccl/lib/python3.14t/site-packages (from matplotlib!=3.6.1,>=3.4->seaborn->teccl==1.0.0) (0.12.1)
Requirement already satisfied: fonttools>=4.22.0 in /data/commit/graphit/wangyj05/miniconda3/envs/teccl/lib/python3.14t/site-packages (from matplotlib!=3.6.1,>=3.4->seaborn->teccl==1.0.0) (4.63.0)
Requirement already satisfied: kiwisolver>=1.3.1 in /data/commit/graphit/wangyj05/miniconda3/envs/teccl/lib/python3.14t/site-packages (from matplotlib!=3.6.1,>=3.4->seaborn->teccl==1.0.0) (1.5.0)
Requirement already satisfied: packaging>=20.0 in /data/commit/graphit/wangyj05/miniconda3/envs/teccl/lib/python3.14t/site-packages (from matplotlib!=3.6.1,>=3.4->seaborn->teccl==1.0.0) (26.2)
Requirement already satisfied: pillow>=9 in /data/commit/graphit/wangyj05/miniconda3/envs/teccl/lib/python3.14t/site-packages (from matplotlib!=3.6.1,>=3.4->seaborn->teccl==1.0.0) (12.2.0)
Requirement already satisfied: pyparsing>=3 in /data/commit/graphit/wangyj05/miniconda3/envs/teccl/lib/python3.14t/site-packages (from matplotlib!=3.6.1,>=3.4->seaborn->teccl==1.0.0) (3.3.2)
Requirement already satisfied: python-dateutil>=2.7 in /data/commit/graphit/wangyj05/miniconda3/envs/teccl/lib/python3.14t/site-packages (from matplotlib!=3.6.1,>=3.4->seaborn->teccl==1.0.0) (2.9.0.post0)
Requirement already satisfied: six>=1.5 in /data/commit/graphit/wangyj05/miniconda3/envs/teccl/lib/python3.14t/site-packages (from python-dateutil>=2.7->matplotlib!=3.6.1,>=3.4->seaborn->teccl==1.0.0) (1.17.0)
Building wheels for collected packages: teccl
  Building editable for teccl (pyproject.toml): started
  Building editable for teccl (pyproject.toml): finished with status 'done'
  Created wheel for teccl: filename=teccl-1.0.0-0.editable-py3-none-any.whl size=3796 sha256=36a0e982ceb1f1b4b186e0e13348a6e09e7c1827660be324fde35d6e5d30486e
  Stored in directory: /tmp/pip-ephem-wheel-cache-n1q5hqsi/wheels/2d/31/f1/88ef48e0a336b237a128de3fcf8e52662d1ed0bfbd5a678f6e
Successfully built teccl
Installing collected packages: teccl
  Attempting uninstall: teccl
    Found existing installation: teccl 1.0.0
    Uninstalling teccl-1.0.0:
      Successfully uninstalled teccl-1.0.0
Successfully installed teccl-1.0.0
Set parameter WLSAccessID
Set parameter WLSSecret
Set parameter LicenseID to value 2766017
Academic license 2766017 - for non-commercial use only - registered to wa___@mit.edu
Set parameter LogFile to value "Logs/ALLTOALL_LP_DualPlaneHeteroCluster_18-nodes_1-chunks_80-epochs_72.000315-epoch_duration_ObjectiveType.LEXICOGRAPHIC_dp_clustered_hier.log"
Set parameter LogToConsole to value 0
Set parameter LogFile to value "Logs/ALLTOALL_LP_DualPlaneHeteroCluster_18-nodes_1-chunks_46-epochs_0.02-epoch_duration_ObjectiveType.LEXICOGRAPHIC_dp_clustered_hier.log"
Set parameter LogToConsole to value 0

==============================================================================
RAW LP FLOW VARS  f_s_i_j_k = flow[source s][link i->j][epoch k]
(continuous volume, summed over all of source s's chunks; not yet per-chunk)
==============================================================================

-- source 0 --
   epoch 0:   0(gpu) ->  8(SW)   volume = 0.25
   epoch 0:   0(gpu) -> 11(SW)   volume = 0.25
   epoch 0:   8(SW) ->  1(gpu)   volume = 0.25
   epoch 0:  11(SW) ->  1(gpu)   volume = 0.25
   epoch 1:   0(gpu) ->  8(SW)   volume = 0.25
   epoch 1:   0(gpu) -> 11(SW)   volume = 0.25
   epoch 1:   8(SW) -> 14(SW)   volume = 0.125
   epoch 1:   8(SW) -> 15(SW)   volume = 0.125
   epoch 1:  10(SW) ->  4(gpu)   volume = 0.125
   epoch 1:  10(SW) ->  7(gpu)   volume = 0.125
   epoch 1:  11(SW) ->  1(gpu)   volume = 0.125
   epoch 1:  11(SW) -> 16(SW)   volume = 0.0625
   epoch 1:  11(SW) -> 17(SW)   volume = 0.0625
   epoch 1:  13(SW) ->  6(gpu)   volume = 0.125
   epoch 1:  14(SW) -> 10(SW)   volume = 0.125
   epoch 1:  15(SW) -> 10(SW)   volume = 0.125
   epoch 1:  16(SW) -> 13(SW)   volume = 0.0625
   epoch 1:  17(SW) -> 13(SW)   volume = 0.0625
   epoch 2:   0(gpu) ->  8(SW)   volume = 0.25
   epoch 2:   0(gpu) -> 11(SW)   volume = 0.25
   epoch 2:   8(SW) ->  1(gpu)   volume = 0.125
   epoch 2:   8(SW) -> 14(SW)   volume = 0.0625
   epoch 2:   8(SW) -> 15(SW)   volume = 0.0625
   epoch 2:  10(SW) ->  4(gpu)   volume = 0.125
   epoch 2:  11(SW) ->  1(gpu)   volume = 0.25
   epoch 2:  14(SW) -> 10(SW)   volume = 0.0625
   epoch 2:  15(SW) -> 10(SW)   volume = 0.0625
   epoch 3:   0(gpu) ->  8(SW)   volume = 0.25
   epoch 3:   0(gpu) -> 11(SW)   volume = 0.25
   epoch 3:   8(SW) -> 14(SW)   volume = 0.125
   epoch 3:   8(SW) -> 15(SW)   volume = 0.125
   epoch 3:   9(SW) ->  2(gpu)   volume = 0.125
   epoch 3:  10(SW) ->  4(gpu)   volume = 0.125
   epoch 3:  11(SW) -> 16(SW)   volume = 0.125
   epoch 3:  11(SW) -> 17(SW)   volume = 0.125
   epoch 3:  13(SW) ->  5(gpu)   volume = 0.125
   epoch 3:  13(SW) ->  7(gpu)   volume = 0.125
   epoch 3:  14(SW) ->  9(SW)   volume = 0.0625
   epoch 3:  14(SW) -> 10(SW)   volume = 0.0625
   epoch 3:  15(SW) ->  9(SW)   volume = 0.0625
   epoch 3:  15(SW) -> 10(SW)   volume = 0.0625
   epoch 3:  16(SW) -> 13(SW)   volume = 0.125
   epoch 3:  17(SW) -> 13(SW)   volume = 0.125
   epoch 4:   0(gpu) ->  8(SW)   volume = 0.25
   epoch 4:   0(gpu) -> 11(SW)   volume = 0.25
   epoch 4:   8(SW) ->  1(gpu)   volume = 0.25
   epoch 4:  11(SW) ->  1(gpu)   volume = 0.25
   epoch 5:   0(gpu) ->  8(SW)   volume = 0.25
   epoch 5:   0(gpu) -> 11(SW)   volume = 0.25
   epoch 5:   8(SW) -> 14(SW)   volume = 0.125
   epoch 5:   8(SW) -> 15(SW)   volume = 0.125
   epoch 5:  10(SW) ->  6(gpu)   volume = 0.125
   epoch 5:  10(SW) ->  7(gpu)   volume = 0.125
   epoch 5:  11(SW) -> 16(SW)   volume = 0.125
   epoch 5:  11(SW) -> 17(SW)   volume = 0.125
   epoch 5:  12(SW) ->  3(gpu)   volume = 0.125
   epoch 5:  13(SW) ->  7(gpu)   volume = 0.125
   epoch 5:  14(SW) -> 10(SW)   volume = 0.125
   epoch 5:  15(SW) -> 10(SW)   volume = 0.125
   epoch 5:  16(SW) -> 12(SW)   volume = 0.0625
   epoch 5:  16(SW) -> 13(SW)   volume = 0.0625
   epoch 5:  17(SW) -> 12(SW)   volume = 0.0625
   epoch 5:  17(SW) -> 13(SW)   volume = 0.0625
   epoch 6:   0(gpu) ->  8(SW)   volume = 0.25
   epoch 6:   0(gpu) -> 11(SW)   volume = 0.25
   epoch 6:   8(SW) -> 14(SW)   volume = 0.125
   epoch 6:   8(SW) -> 15(SW)   volume = 0.125
   epoch 6:   9(SW) ->  2(gpu)   volume = 0.125
   epoch 6:  10(SW) ->  5(gpu)   volume = 0.125
   epoch 6:  11(SW) -> 16(SW)   volume = 0.125
   epoch 6:  11(SW) -> 17(SW)   volume = 0.125
   epoch 6:  13(SW) ->  4(gpu)   volume = 0.125
   epoch 6:  13(SW) ->  5(gpu)   volume = 0.125
   epoch 6:  14(SW) ->  9(SW)   volume = 0.0625
   epoch 6:  14(SW) -> 10(SW)   volume = 0.0625
   epoch 6:  15(SW) ->  9(SW)   volume = 0.0625
   epoch 6:  15(SW) -> 10(SW)   volume = 0.0625
   epoch 6:  16(SW) -> 13(SW)   volume = 0.125
   epoch 6:  17(SW) -> 13(SW)   volume = 0.125
   epoch 7:   0(gpu) ->  8(SW)   volume = 0.25
   epoch 7:   0(gpu) -> 11(SW)   volume = 0.25
   epoch 7:   8(SW) -> 14(SW)   volume = 0.125
   epoch 7:   8(SW) -> 15(SW)   volume = 0.125
   epoch 7:   9(SW) ->  3(gpu)   volume = 0.125
   epoch 7:  10(SW) ->  5(gpu)   volume = 0.125
   epoch 7:  11(SW) -> 16(SW)   volume = 0.125
   epoch 7:  11(SW) -> 17(SW)   volume = 0.125
   epoch 7:  12(SW) ->  2(gpu)   volume = 0.125
   epoch 7:  12(SW) ->  3(gpu)   volume = 0.125
   epoch 7:  14(SW) ->  9(SW)   volume = 0.0625
   epoch 7:  14(SW) -> 10(SW)   volume = 0.0625
   epoch 7:  15(SW) ->  9(SW)   volume = 0.0625
   epoch 7:  15(SW) -> 10(SW)   volume = 0.0625
   epoch 7:  16(SW) -> 12(SW)   volume = 0.125
   epoch 7:  17(SW) -> 12(SW)   volume = 0.125
   epoch 8:   0(gpu) ->  8(SW)   volume = 0.25
   epoch 8:   0(gpu) -> 11(SW)   volume = 0.25
   epoch 8:   8(SW) -> 14(SW)   volume = 0.125
   epoch 8:   8(SW) -> 15(SW)   volume = 0.125
   epoch 8:   9(SW) ->  2(gpu)   volume = 0.125
   epoch 8:  10(SW) ->  4(gpu)   volume = 0.125
   epoch 8:  11(SW) -> 16(SW)   volume = 0.125
   epoch 8:  11(SW) -> 17(SW)   volume = 0.125
   epoch 8:  13(SW) ->  4(gpu)   volume = 0.125
   epoch 8:  13(SW) ->  5(gpu)   volume = 0.125
   epoch 8:  14(SW) ->  9(SW)   volume = 0.0625
   epoch 8:  14(SW) -> 10(SW)   volume = 0.0625
   epoch 8:  15(SW) ->  9(SW)   volume = 0.0625
   epoch 8:  15(SW) -> 10(SW)   volume = 0.0625
   epoch 8:  16(SW) -> 13(SW)   volume = 0.125
   epoch 8:  17(SW) -> 13(SW)   volume = 0.125
   epoch 9:   0(gpu) ->  8(SW)   volume = 0.25
   epoch 9:   0(gpu) -> 11(SW)   volume = 0.25
   epoch 9:   8(SW) ->  1(gpu)   volume = 0.25
   epoch 9:  11(SW) ->  1(gpu)   volume = 0.25
   epoch 10:   0(gpu) ->  8(SW)   volume = 0.25
   epoch 10:   0(gpu) -> 11(SW)   volume = 0.25
   epoch 10:   8(SW) -> 14(SW)   volume = 0.125
   epoch 10:   8(SW) -> 15(SW)   volume = 0.125
   epoch 10:   9(SW) ->  3(gpu)   volume = 0.125
   epoch 10:  10(SW) ->  7(gpu)   volume = 0.125
   epoch 10:  11(SW) -> 16(SW)   volume = 0.125
   epoch 10:  11(SW) -> 17(SW)   volume = 0.125
   epoch 10:  12(SW) ->  2(gpu)   volume = 0.125
   epoch 10:  13(SW) ->  7(gpu)   volume = 0.125
   epoch 10:  14(SW) ->  9(SW)   volume = 0.0625
   epoch 10:  14(SW) -> 10(SW)   volume = 0.0625
   epoch 10:  15(SW) ->  9(SW)   volume = 0.0625
   epoch 10:  15(SW) -> 10(SW)   volume = 0.0625
   epoch 10:  16(SW) -> 12(SW)   volume = 0.0625
   epoch 10:  16(SW) -> 13(SW)   volume = 0.0625
   epoch 10:  17(SW) -> 12(SW)   volume = 0.0625
   epoch 10:  17(SW) -> 13(SW)   volume = 0.0625
   epoch 11:   0(gpu) ->  8(SW)   volume = 0.25
   epoch 11:   0(gpu) -> 11(SW)   volume = 0.25
   epoch 11:   8(SW) -> 14(SW)   volume = 0.125
   epoch 11:   8(SW) -> 15(SW)   volume = 0.125
   epoch 11:   9(SW) ->  2(gpu)   volume = 0.125
   epoch 11:  10(SW) ->  6(gpu)   volume = 0.125
   epoch 11:  11(SW) -> 16(SW)   volume = 0.125
   epoch 11:  11(SW) -> 17(SW)   volume = 0.125
   epoch 11:  12(SW) ->  2(gpu)   volume = 0.125
   epoch 11:  12(SW) ->  3(gpu)   volume = 0.125
   epoch 11:  14(SW) ->  9(SW)   volume = 0.0625
   epoch 11:  14(SW) -> 10(SW)   volume = 0.0625
   epoch 11:  15(SW) ->  9(SW)   volume = 0.0625
   epoch 11:  15(SW) -> 10(SW)   volume = 0.0625
   epoch 11:  16(SW) -> 12(SW)   volume = 0.125
   epoch 11:  17(SW) -> 12(SW)   volume = 0.125
   epoch 12:   0(gpu) ->  8(SW)   volume = 0.25
   epoch 12:   0(gpu) -> 11(SW)   volume = 0.25
   epoch 12:   8(SW) -> 14(SW)   volume = 0.125
   epoch 12:   8(SW) -> 15(SW)   volume = 0.125
   epoch 12:   9(SW) ->  3(gpu)   volume = 0.125
   epoch 12:  10(SW) ->  4(gpu)   volume = 0.125
   epoch 12:  11(SW) -> 16(SW)   volume = 0.125
   epoch 12:  11(SW) -> 17(SW)   volume = 0.125
   epoch 12:  12(SW) ->  3(gpu)   volume = 0.125
   epoch 12:  13(SW) ->  7(gpu)   volume = 0.125
   epoch 12:  14(SW) ->  9(SW)   volume = 0.0625
   epoch 12:  14(SW) -> 10(SW)   volume = 0.0625
   epoch 12:  15(SW) ->  9(SW)   volume = 0.0625
   epoch 12:  15(SW) -> 10(SW)   volume = 0.0625
   epoch 12:  16(SW) -> 12(SW)   volume = 0.0625
   epoch 12:  16(SW) -> 13(SW)   volume = 0.0625
   epoch 12:  17(SW) -> 12(SW)   volume = 0.0625
   epoch 12:  17(SW) -> 13(SW)   volume = 0.0625
   epoch 13:   0(gpu) ->  8(SW)   volume = 0.25
   epoch 13:   0(gpu) -> 11(SW)   volume = 0.25
   epoch 13:   8(SW) -> 14(SW)   volume = 0.125
   epoch 13:   8(SW) -> 15(SW)   volume = 0.125
   epoch 13:   9(SW) ->  2(gpu)   volume = 0.125
   epoch 13:  10(SW) ->  6(gpu)   volume = 0.125
   epoch 13:  11(SW) -> 16(SW)   volume = 0.125
   epoch 13:  11(SW) -> 17(SW)   volume = 0.125
   epoch 13:  12(SW) ->  2(gpu)   volume = 0.125
   epoch 13:  13(SW) ->  4(gpu)   volume = 0.125
   epoch 13:  14(SW) ->  9(SW)   volume = 0.0625
   epoch 13:  14(SW) -> 10(SW)   volume = 0.0625
   epoch 13:  15(SW) ->  9(SW)   volume = 0.0625
   epoch 13:  15(SW) -> 10(SW)   volume = 0.0625
   epoch 13:  16(SW) -> 12(SW)   volume = 0.0625
   epoch 13:  16(SW) -> 13(SW)   volume = 0.0625
   epoch 13:  17(SW) -> 12(SW)   volume = 0.0625
   epoch 13:  17(SW) -> 13(SW)   volume = 0.0625
   epoch 14:   0(gpu) ->  8(SW)   volume = 0.25
   epoch 14:   0(gpu) -> 11(SW)   volume = 0.25
   epoch 14:   8(SW) -> 14(SW)   volume = 0.125
   epoch 14:   8(SW) -> 15(SW)   volume = 0.125
   epoch 14:   9(SW) ->  2(gpu)   volume = 0.125
   epoch 14:  10(SW) ->  4(gpu)   volume = 0.125
   epoch 14:  11(SW) -> 16(SW)   volume = 0.125
   epoch 14:  11(SW) -> 17(SW)   volume = 0.125
   epoch 14:  12(SW) ->  2(gpu)   volume = 0.125
   epoch 14:  12(SW) ->  3(gpu)   volume = 0.125
   epoch 14:  14(SW) ->  9(SW)   volume = 0.0625
   epoch 14:  14(SW) -> 10(SW)   volume = 0.0625
   epoch 14:  15(SW) ->  9(SW)   volume = 0.0625
   epoch 14:  15(SW) -> 10(SW)   volume = 0.0625
   epoch 14:  16(SW) -> 12(SW)   volume = 0.125
   epoch 14:  17(SW) -> 12(SW)   volume = 0.125
   epoch 15:   0(gpu) ->  8(SW)   volume = 0.25
   epoch 15:   0(gpu) -> 11(SW)   volume = 0.25
   epoch 15:   8(SW) -> 14(SW)   volume = 0.125
   epoch 15:   8(SW) -> 15(SW)   volume = 0.125
   epoch 15:   9(SW) ->  2(gpu)   volume = 0.125
   epoch 15:   9(SW) ->  3(gpu)   volume = 0.125
   epoch 15:  11(SW) -> 16(SW)   volume = 0.125
   epoch 15:  11(SW) -> 17(SW)   volume = 0.125
   epoch 15:  12(SW) ->  2(gpu)   volume = 0.25
   epoch 15:  14(SW) ->  9(SW)   volume = 0.125
   epoch 15:  15(SW) ->  9(SW)   volume = 0.125
   epoch 15:  16(SW) -> 12(SW)   volume = 0.125
   epoch 15:  17(SW) -> 12(SW)   volume = 0.125
   epoch 16:   0(gpu) ->  8(SW)   volume = 0.25
   epoch 16:   0(gpu) -> 11(SW)   volume = 0.25
   epoch 16:   8(SW) -> 14(SW)   volume = 0.125
   epoch 16:   8(SW) -> 15(SW)   volume = 0.125
   epoch 16:   9(SW) ->  3(gpu)   volume = 0.25
   epoch 16:  11(SW) -> 16(SW)   volume = 0.125
   epoch 16:  11(SW) -> 17(SW)   volume = 0.125
   epoch 16:  12(SW) ->  3(gpu)   volume = 0.125
   epoch 16:  13(SW) ->  6(gpu)   volume = 0.125
   epoch 16:  14(SW) ->  9(SW)   volume = 0.125
   epoch 16:  15(SW) ->  9(SW)   volume = 0.125
   epoch 16:  16(SW) -> 12(SW)   volume = 0.0625
   epoch 16:  16(SW) -> 13(SW)   volume = 0.0625
   epoch 16:  17(SW) -> 12(SW)   volume = 0.0625
   epoch 16:  17(SW) -> 13(SW)   volume = 0.0625
   epoch 17:   0(gpu) ->  8(SW)   volume = 0.25
   epoch 17:   0(gpu) -> 11(SW)   volume = 0.25
   epoch 17:   8(SW) ->  1(gpu)   volume = 0.125
   epoch 17:   8(SW) -> 14(SW)   volume = 0.0625
   epoch 17:   8(SW) -> 15(SW)   volume = 0.0625
   epoch 17:  10(SW) ->  6(gpu)   volume = 0.125
   epoch 17:  11(SW) ->  1(gpu)   volume = 0.125
   epoch 17:  11(SW) -> 16(SW)   volume = 0.0625
   epoch 17:  11(SW) -> 17(SW)   volume = 0.0625
   epoch 17:  13(SW) ->  6(gpu)   volume = 0.125
   epoch 17:  14(SW) -> 10(SW)   volume = 0.0625
   epoch 17:  15(SW) -> 10(SW)   volume = 0.0625
   epoch 17:  16(SW) -> 13(SW)   volume = 0.0625
   epoch 17:  17(SW) -> 13(SW)   volume = 0.0625
   epoch 18:   0(gpu) ->  8(SW)   volume = 0.25
   epoch 18:   0(gpu) -> 11(SW)   volume = 0.25
   epoch 18:   8(SW) -> 14(SW)   volume = 0.125
   epoch 18:   8(SW) -> 15(SW)   volume = 0.125
   epoch 18:  10(SW) ->  5(gpu)   volume = 0.125
   epoch 18:  10(SW) ->  7(gpu)   volume = 0.125
   epoch 18:  11(SW) -> 16(SW)   volume = 0.125
   epoch 18:  11(SW) -> 17(SW)   volume = 0.125
   epoch 18:  12(SW) ->  3(gpu)   volume = 0.125
   epoch 18:  13(SW) ->  5(gpu)   volume = 0.125
   epoch 18:  14(SW) -> 10(SW)   volume = 0.125
   epoch 18:  15(SW) -> 10(SW)   volume = 0.125
   epoch 18:  16(SW) -> 12(SW)   volume = 0.0625
   epoch 18:  16(SW) -> 13(SW)   volume = 0.0625
   epoch 18:  17(SW) -> 12(SW)   volume = 0.0625
   epoch 18:  17(SW) -> 13(SW)   volume = 0.0625
   epoch 19:   0(gpu) ->  8(SW)   volume = 0.25
   epoch 19:   0(gpu) -> 11(SW)   volume = 0.25
   epoch 19:   8(SW) ->  1(gpu)   volume = 0.25
   epoch 19:  11(SW) ->  1(gpu)   volume = 0.25
   epoch 20:   0(gpu) ->  8(SW)   volume = 0.25
   epoch 20:   0(gpu) -> 11(SW)   volume = 0.25
   epoch 20:   8(SW) -> 14(SW)   volume = 0.125
   epoch 20:   8(SW) -> 15(SW)   volume = 0.125
   epoch 20:   9(SW) ->  2(gpu)   volume = 0.125
   epoch 20:  10(SW) ->  6(gpu)   volume = 0.125
   epoch 20:  11(SW) -> 16(SW)   volume = 0.125
   epoch 20:  11(SW) -> 17(SW)   volume = 0.125
   epoch 20:  12(SW) ->  3(gpu)   volume = 0.25
   epoch 20:  14(SW) ->  9(SW)   volume = 0.0625
   epoch 20:  14(SW) -> 10(SW)   volume = 0.0625
   epoch 20:  15(SW) ->  9(SW)   volume = 0.0625
   epoch 20:  15(SW) -> 10(SW)   volume = 0.0625
   epoch 20:  16(SW) -> 12(SW)   volume = 0.125
   epoch 20:  17(SW) -> 12(SW)   volume = 0.125
   epoch 21:   0(gpu) ->  8(SW)   volume = 0.25
   epoch 21:   0(gpu) -> 11(SW)   volume = 0.25
   epoch 21:   8(SW) ->  1(gpu)   volume = 0.125
   epoch 21:   8(SW) -> 14(SW)   volume = 0.0625
   epoch 21:   8(SW) -> 15(SW)   volume = 0.0625
   epoch 21:  10(SW) ->  5(gpu)   volume = 0.125
   epoch 21:  11(SW) ->  1(gpu)   volume = 0.125
   epoch 21:  11(SW) -> 16(SW)   volume = 0.0625
   epoch 21:  11(SW) -> 17(SW)   volume = 0.0625
   epoch 21:  13(SW) ->  6(gpu)   volume = 0.125
   epoch 21:  14(SW) -> 10(SW)   volume = 0.0625
   epoch 21:  15(SW) -> 10(SW)   volume = 0.0625
   epoch 21:  16(SW) -> 13(SW)   volume = 0.0625
   epoch 21:  17(SW) -> 13(SW)   volume = 0.0625
   epoch 22:   0(gpu) ->  8(SW)   volume = 0.25
   epoch 22:   0(gpu) -> 11(SW)   volume = 0.25
   epoch 22:   8(SW) -> 14(SW)   volume = 0.125
   epoch 22:   8(SW) -> 15(SW)   volume = 0.125
   epoch 22:  10(SW) ->  5(gpu)   volume = 0.125
   epoch 22:  10(SW) ->  7(gpu)   volume = 0.125
   epoch 22:  11(SW) -> 16(SW)   volume = 0.125
   epoch 22:  11(SW) -> 17(SW)   volume = 0.125
   epoch 22:  13(SW) ->  4(gpu)   volume = 0.125
   epoch 22:  13(SW) ->  6(gpu)   volume = 0.125
   epoch 22:  14(SW) -> 10(SW)   volume = 0.125
   epoch 22:  15(SW) -> 10(SW)   volume = 0.125
   epoch 22:  16(SW) -> 13(SW)   volume = 0.125
   epoch 22:  17(SW) -> 13(SW)   volume = 0.125
   epoch 23:   0(gpu) ->  8(SW)   volume = 0.25
   epoch 23:   0(gpu) -> 11(SW)   volume = 0.25
   epoch 23:   8(SW) -> 14(SW)   volume = 0.125
   epoch 23:   8(SW) -> 15(SW)   volume = 0.125
   epoch 23:   9(SW) ->  2(gpu)   volume = 0.125
   epoch 23:   9(SW) ->  3(gpu)   volume = 0.125
   epoch 23:  11(SW) -> 16(SW)   volume = 0.125
   epoch 23:  11(SW) -> 17(SW)   volume = 0.125
   epoch 23:  12(SW) ->  2(gpu)   volume = 0.125
   epoch 23:  13(SW) ->  7(gpu)   volume = 0.125
   epoch 23:  14(SW) ->  9(SW)   volume = 0.125
   epoch 23:  15(SW) ->  9(SW)   volume = 0.125
   epoch 23:  16(SW) -> 12(SW)   volume = 0.0625
   epoch 23:  16(SW) -> 13(SW)   volume = 0.0625
   epoch 23:  17(SW) -> 12(SW)   volume = 0.0625
   epoch 23:  17(SW) -> 13(SW)   volume = 0.0625
   epoch 24:   0(gpu) ->  8(SW)   volume = 0.25
   epoch 24:   0(gpu) -> 11(SW)   volume = 0.25
   epoch 24:   8(SW) -> 14(SW)   volume = 0.125
   epoch 24:   8(SW) -> 15(SW)   volume = 0.125
   epoch 24:   9(SW) ->  3(gpu)   volume = 0.25
   epoch 24:  11(SW) -> 16(SW)   volume = 0.125
   epoch 24:  11(SW) -> 17(SW)   volume = 0.125
   epoch 24:  12(SW) ->  3(gpu)   volume = 0.25
   epoch 24:  14(SW) ->  9(SW)   volume = 0.125
   epoch 24:  15(SW) ->  9(SW)   volume = 0.125
   epoch 24:  16(SW) -> 12(SW)   volume = 0.125
   epoch 24:  17(SW) -> 12(SW)   volume = 0.125
   epoch 25:   0(gpu) ->  8(SW)   volume = 0.25
   epoch 25:   0(gpu) -> 11(SW)   volume = 0.25
   epoch 25:   8(SW) -> 14(SW)   volume = 0.125
   epoch 25:   8(SW) -> 15(SW)   volume = 0.125
   epoch 25:   9(SW) ->  3(gpu)   volume = 0.125
   epoch 25:  10(SW) ->  6(gpu)   volume = 0.125
   epoch 25:  11(SW) -> 16(SW)   volume = 0.125
   epoch 25:  11(SW) -> 17(SW)   volume = 0.125
   epoch 25:  12(SW) ->  2(gpu)   volume = 0.125
   epoch 25:  13(SW) ->  5(gpu)   volume = 0.125
   epoch 25:  14(SW) ->  9(SW)   volume = 0.0625
   epoch 25:  14(SW) -> 10(SW)   volume = 0.0625
   epoch 25:  15(SW) ->  9(SW)   volume = 0.0625
   epoch 25:  15(SW) -> 10(SW)   volume = 0.0625
   epoch 25:  16(SW) -> 12(SW)   volume = 0.0625
   epoch 25:  16(SW) -> 13(SW)   volume = 0.0625
   epoch 25:  17(SW) -> 12(SW)   volume = 0.0625
   epoch 25:  17(SW) -> 13(SW)   volume = 0.0625
   epoch 26:   0(gpu) ->  8(SW)   volume = 0.25
   epoch 26:   0(gpu) -> 11(SW)   volume = 0.25
   epoch 26:   8(SW) -> 14(SW)   volume = 0.125
   epoch 26:   8(SW) -> 15(SW)   volume = 0.125
   epoch 26:  10(SW) ->  5(gpu)   volume = 0.125
   epoch 26:  10(SW) ->  7(gpu)   volume = 0.125
   epoch 26:  11(SW) -> 16(SW)   volume = 0.125
   epoch 26:  11(SW) -> 17(SW)   volume = 0.125
   epoch 26:  12(SW) ->  2(gpu)   volume = 0.25
   epoch 26:  14(SW) -> 10(SW)   volume = 0.125
   epoch 26:  15(SW) -> 10(SW)   volume = 0.125
   epoch 26:  16(SW) -> 12(SW)   volume = 0.125
   epoch 26:  17(SW) -> 12(SW)   volume = 0.125
   epoch 27:   0(gpu) ->  8(SW)   volume = 0.25
   epoch 27:   0(gpu) -> 11(SW)   volume = 0.25
   epoch 27:   8(SW) -> 14(SW)   volume = 0.125
   epoch 27:   8(SW) -> 15(SW)   volume = 0.125
   epoch 27:   9(SW) ->  2(gpu)   volume = 0.125
   epoch 27:  10(SW) ->  6(gpu)   volume = 0.125
   epoch 27:  11(SW) -> 16(SW)   volume = 0.125
   epoch 27:  11(SW) -> 17(SW)   volume = 0.125
   epoch 27:  12(SW) ->  3(gpu)   volume = 0.125
   epoch 27:  13(SW) ->  4(gpu)   volume = 0.125
   epoch 27:  14(SW) ->  9(SW)   volume = 0.0625
   epoch 27:  14(SW) -> 10(SW)   volume = 0.0625
   epoch 27:  15(SW) ->  9(SW)   volume = 0.0625
   epoch 27:  15(SW) -> 10(SW)   volume = 0.0625
   epoch 27:  16(SW) -> 12(SW)   volume = 0.0625
   epoch 27:  16(SW) -> 13(SW)   volume = 0.0625
   epoch 27:  17(SW) -> 12(SW)   volume = 0.0625
   epoch 27:  17(SW) -> 13(SW)   volume = 0.0625
   epoch 28:   0(gpu) ->  8(SW)   volume = 0.25
   epoch 28:   0(gpu) -> 11(SW)   volume = 0.25
   epoch 28:   8(SW) -> 14(SW)   volume = 0.125
   epoch 28:   8(SW) -> 15(SW)   volume = 0.125
   epoch 28:   9(SW) ->  2(gpu)   volume = 0.125
   epoch 28:  10(SW) ->  5(gpu)   volume = 0.125
   epoch 28:  11(SW) -> 16(SW)   volume = 0.125
   epoch 28:  11(SW) -> 17(SW)   volume = 0.125
   epoch 28:  12(SW) ->  2(gpu)   volume = 0.125
   epoch 28:  13(SW) ->  4(gpu)   volume = 0.125
   epoch 28:  14(SW) ->  9(SW)   volume = 0.0625
   epoch 28:  14(SW) -> 10(SW)   volume = 0.0625
   epoch 28:  15(SW) ->  9(SW)   volume = 0.0625
   epoch 28:  15(SW) -> 10(SW)   volume = 0.0625
   epoch 28:  16(SW) -> 12(SW)   volume = 0.0625
   epoch 28:  16(SW) -> 13(SW)   volume = 0.0625
   epoch 28:  17(SW) -> 12(SW)   volume = 0.0625
   epoch 28:  17(SW) -> 13(SW)   volume = 0.0625
   epoch 29:   0(gpu) ->  8(SW)   volume = 0.25
   epoch 29:   0(gpu) -> 11(SW)   volume = 0.25
   epoch 29:   8(SW) -> 14(SW)   volume = 0.125
   epoch 29:   8(SW) -> 15(SW)   volume = 0.125
   epoch 29:   9(SW) ->  3(gpu)   volume = 0.125
   epoch 29:  10(SW) ->  6(gpu)   volume = 0.125
   epoch 29:  11(SW) -> 16(SW)   volume = 0.125
   epoch 29:  11(SW) -> 17(SW)   volume = 0.125
   epoch 29:  12(SW) ->  3(gpu)   volume = 0.125
   epoch 29:  13(SW) ->  5(gpu)   volume = 0.125
   epoch 29:  14(SW) ->  9(SW)   volume = 0.0625
   epoch 29:  14(SW) -> 10(SW)   volume = 0.0625
   epoch 29:  15(SW) ->  9(SW)   volume = 0.0625
   epoch 29:  15(SW) -> 10(SW)   volume = 0.0625
   epoch 29:  16(SW) -> 12(SW)   volume = 0.0625
   epoch 29:  16(SW) -> 13(SW)   volume = 0.0625
   epoch 29:  17(SW) -> 12(SW)   volume = 0.0625
   epoch 29:  17(SW) -> 13(SW)   volume = 0.0625
   epoch 30:   0(gpu) ->  8(SW)   volume = 0.25
   epoch 30:   0(gpu) -> 11(SW)   volume = 0.25
   epoch 30:   8(SW) -> 14(SW)   volume = 0.125
   epoch 30:   8(SW) -> 15(SW)   volume = 0.125
   epoch 30:   9(SW) ->  2(gpu)   volume = 0.125
   epoch 30:  10(SW) ->  4(gpu)   volume = 0.125
   epoch 30:  11(SW) -> 16(SW)   volume = 0.125
   epoch 30:  11(SW) -> 17(SW)   volume = 0.125
   epoch 30:  12(SW) ->  2(gpu)   volume = 0.125
   epoch 30:  13(SW) ->  5(gpu)   volume = 0.125
   epoch 30:  14(SW) ->  9(SW)   volume = 0.0625
   epoch 30:  14(SW) -> 10(SW)   volume = 0.0625
   epoch 30:  15(SW) ->  9(SW)   volume = 0.0625
   epoch 30:  15(SW) -> 10(SW)   volume = 0.0625
   epoch 30:  16(SW) -> 12(SW)   volume = 0.0625
   epoch 30:  16(SW) -> 13(SW)   volume = 0.0625
   epoch 30:  17(SW) -> 12(SW)   volume = 0.0625
   epoch 30:  17(SW) -> 13(SW)   volume = 0.0625
   epoch 31:   0(gpu) ->  8(SW)   volume = 0.25
   epoch 31:   0(gpu) -> 11(SW)   volume = 0.25
   epoch 31:   8(SW) -> 14(SW)   volume = 0.125
   epoch 31:   8(SW) -> 15(SW)   volume = 0.125
   epoch 31:   9(SW) ->  2(gpu)   volume = 0.125
   epoch 31:  10(SW) ->  7(gpu)   volume = 0.125
   epoch 31:  11(SW) -> 16(SW)   volume = 0.125
   epoch 31:  11(SW) -> 17(SW)   volume = 0.125
   epoch 31:  13(SW) ->  4(gpu)   volume = 0.125
   epoch 31:  13(SW) ->  6(gpu)   volume = 0.125
   epoch 31:  14(SW) ->  9(SW)   volume = 0.0625
   epoch 31:  14(SW) -> 10(SW)   volume = 0.0625
   epoch 31:  15(SW) ->  9(SW)   volume = 0.0625
   epoch 31:  15(SW) -> 10(SW)   volume = 0.0625
   epoch 31:  16(SW) -> 13(SW)   volume = 0.125
   epoch 31:  17(SW) -> 13(SW)   volume = 0.125
   epoch 32:   0(gpu) ->  8(SW)   volume = 0.25
   epoch 32:   0(gpu) -> 11(SW)   volume = 0.25
   epoch 32:   8(SW) -> 14(SW)   volume = 0.125
   epoch 32:   8(SW) -> 15(SW)   volume = 0.125
   epoch 32:   9(SW) ->  3(gpu)   volume = 0.125
   epoch 32:  10(SW) ->  6(gpu)   volume = 0.125
   epoch 32:  11(SW) -> 16(SW)   volume = 0.125
   epoch 32:  11(SW) -> 17(SW)   volume = 0.125
   epoch 32:  12(SW) ->  2(gpu)   volume = 0.25
   epoch 32:  14(SW) ->  9(SW)   volume = 0.0625
   epoch 32:  14(SW) -> 10(SW)   volume = 0.0625
   epoch 32:  15(SW) ->  9(SW)   volume = 0.0625
   epoch 32:  15(SW) -> 10(SW)   volume = 0.0625
   epoch 32:  16(SW) -> 12(SW)   volume = 0.125
   epoch 32:  17(SW) -> 12(SW)   volume = 0.125
   epoch 33:   0(gpu) ->  8(SW)   volume = 0.25
   epoch 33:   0(gpu) -> 11(SW)   volume = 0.25
   epoch 33:   8(SW) -> 14(SW)   volume = 0.125
   epoch 33:   8(SW) -> 15(SW)   volume = 0.125
   epoch 33:   9(SW) ->  3(gpu)   volume = 0.125
   epoch 33:  10(SW) ->  7(gpu)   volume = 0.125
   epoch 33:  11(SW) -> 16(SW)   volume = 0.125
   epoch 33:  11(SW) -> 17(SW)   volume = 0.125
   epoch 33:  13(SW) ->  4(gpu)   volume = 0.125
   epoch 33:  13(SW) ->  7(gpu)   volume = 0.125
   epoch 33:  14(SW) ->  9(SW)   volume = 0.0625
   epoch 33:  14(SW) -> 10(SW)   volume = 0.0625
   epoch 33:  15(SW) ->  9(SW)   volume = 0.0625
   epoch 33:  15(SW) -> 10(SW)   volume = 0.0625
   epoch 33:  16(SW) -> 13(SW)   volume = 0.125
   epoch 33:  17(SW) -> 13(SW)   volume = 0.125
   epoch 34:   0(gpu) ->  8(SW)   volume = 0.25
   epoch 34:   0(gpu) -> 11(SW)   volume = 0.25
   epoch 34:   8(SW) ->  1(gpu)   volume = 0.25
   epoch 34:  11(SW) ->  1(gpu)   volume = 0.25
   epoch 35:   0(gpu) ->  8(SW)   volume = 0.25
   epoch 35:   0(gpu) -> 11(SW)   volume = 0.25
   epoch 35:   8(SW) -> 14(SW)   volume = 0.125
   epoch 35:   8(SW) -> 15(SW)   volume = 0.125
   epoch 35:  10(SW) ->  4(gpu)   volume = 0.125
   epoch 35:  10(SW) ->  7(gpu)   volume = 0.125
   epoch 35:  11(SW) -> 16(SW)   volume = 0.125
   epoch 35:  11(SW) -> 17(SW)   volume = 0.125
   epoch 35:  12(SW) ->  3(gpu)   volume = 0.125
   epoch 35:  13(SW) ->  6(gpu)   volume = 0.125
   epoch 35:  14(SW) -> 10(SW)   volume = 0.125
   epoch 35:  15(SW) -> 10(SW)   volume = 0.125
   epoch 35:  16(SW) -> 12(SW)   volume = 0.0625
   epoch 35:  16(SW) -> 13(SW)   volume = 0.0625
   epoch 35:  17(SW) -> 12(SW)   volume = 0.0625
   epoch 35:  17(SW) -> 13(SW)   volume = 0.0625
   epoch 36:   0(gpu) ->  8(SW)   volume = 0.25
   epoch 36:   0(gpu) -> 11(SW)   volume = 0.25
   epoch 36:   8(SW) -> 14(SW)   volume = 0.125
   epoch 36:   8(SW) -> 15(SW)   volume = 0.125
   epoch 36:   9(SW) ->  3(gpu)   volume = 0.125
   epoch 36:  10(SW) ->  5(gpu)   volume = 0.125
   epoch 36:  11(SW) -> 16(SW)   volume = 0.125
   epoch 36:  11(SW) -> 17(SW)   volume = 0.125
   epoch 36:  12(SW) ->  3(gpu)   volume = 0.125
   epoch 36:  13(SW) ->  7(gpu)   volume = 0.125
   epoch 36:  14(SW) ->  9(SW)   volume = 0.0625
   epoch 36:  14(SW) -> 10(SW)   volume = 0.0625
   epoch 36:  15(SW) ->  9(SW)   volume = 0.0625
   epoch 36:  15(SW) -> 10(SW)   volume = 0.0625
   epoch 36:  16(SW) -> 12(SW)   volume = 0.0625
   epoch 36:  16(SW) -> 13(SW)   volume = 0.0625
   epoch 36:  17(SW) -> 12(SW)   volume = 0.0625
   epoch 36:  17(SW) -> 13(SW)   volume = 0.0625
   epoch 37:   0(gpu) ->  8(SW)   volume = 0.25
   epoch 37:   0(gpu) -> 11(SW)   volume = 0.25
   epoch 37:   8(SW) -> 14(SW)   volume = 0.125
   epoch 37:   8(SW) -> 15(SW)   volume = 0.125
   epoch 37:   9(SW) ->  2(gpu)   volume = 0.125
   epoch 37:   9(SW) ->  3(gpu)   volume = 0.125
   epoch 37:  11(SW) -> 16(SW)   volume = 0.125
   epoch 37:  11(SW) -> 17(SW)   volume = 0.125
   epoch 37:  12(SW) ->  2(gpu)   volume = 0.125
   epoch 37:  13(SW) ->  5(gpu)   volume = 0.125
   epoch 37:  14(SW) ->  9(SW)   volume = 0.125
   epoch 37:  15(SW) ->  9(SW)   volume = 0.125
   epoch 37:  16(SW) -> 12(SW)   volume = 0.0625
   epoch 37:  16(SW) -> 13(SW)   volume = 0.0625
   epoch 37:  17(SW) -> 12(SW)   volume = 0.0625
   epoch 37:  17(SW) -> 13(SW)   volume = 0.0625
   epoch 38:   0(gpu) ->  8(SW)   volume = 0.25
   epoch 38:   0(gpu) -> 11(SW)   volume = 0.25
   epoch 38:   8(SW) -> 14(SW)   volume = 0.125
   epoch 38:   8(SW) -> 15(SW)   volume = 0.125
   epoch 38:   9(SW) ->  3(gpu)   volume = 0.25
   epoch 38:  11(SW) -> 16(SW)   volume = 0.125
   epoch 38:  11(SW) -> 17(SW)   volume = 0.125
   epoch 38:  12(SW) ->  2(gpu)   volume = 0.25
   epoch 38:  14(SW) ->  9(SW)   volume = 0.125
   epoch 38:  15(SW) ->  9(SW)   volume = 0.125
   epoch 38:  16(SW) -> 12(SW)   volume = 0.125
   epoch 38:  17(SW) -> 12(SW)   volume = 0.125
   epoch 39:   0(gpu) ->  8(SW)   volume = 0.25
   epoch 39:   0(gpu) -> 11(SW)   volume = 0.25
   epoch 39:   8(SW) ->  1(gpu)   volume = 0.25
   epoch 39:  11(SW) ->  1(gpu)   volume = 0.25

-- source 1 --
   epoch 0:   1(gpu) ->  8(SW)   volume = 0.25
   epoch 0:   1(gpu) -> 11(SW)   volume = 0.25
   epoch 0:   8(SW) ->  0(gpu)   volume = 0.25
   epoch 0:  11(SW) ->  0(gpu)   volume = 0.25
   epoch 1:   1(gpu) ->  8(SW)   volume = 0.25
   epoch 1:   1(gpu) -> 11(SW)   volume = 0.25
   epoch 1:   8(SW) ->  0(gpu)   volume = 0.125
   epoch 1:   8(SW) -> 14(SW)   volume = 0.0625
   epoch 1:   8(SW) -> 15(SW)   volume = 0.0625
   epoch 1:  10(SW) ->  5(gpu)   volume = 0.125
   epoch 1:  11(SW) ->  0(gpu)   volume = 0.125
   epoch 1:  11(SW) -> 16(SW)   volume = 0.0625
   epoch 1:  11(SW) -> 17(SW)   volume = 0.0625
   epoch 1:  13(SW) ->  7(gpu)   volume = 0.125
   epoch 1:  14(SW) -> 10(SW)   volume = 0.0625
   epoch 1:  15(SW) -> 10(SW)   volume = 0.0625
   epoch 1:  16(SW) -> 13(SW)   volume = 0.0625
   epoch 1:  17(SW) -> 13(SW)   volume = 0.0625
   epoch 2:   1(gpu) ->  8(SW)   volume = 0.25
   epoch 2:   1(gpu) -> 11(SW)   volume = 0.25
   epoch 2:   8(SW) ->  0(gpu)   volume = 0.25
   epoch 2:  11(SW) ->  0(gpu)   volume = 0.125
   epoch 2:  11(SW) -> 16(SW)   volume = 0.0625
   epoch 2:  11(SW) -> 17(SW)   volume = 0.0625
   epoch 2:  13(SW) ->  5(gpu)   volume = 0.125
   epoch 2:  16(SW) -> 13(SW)   volume = 0.0625
   epoch 2:  17(SW) -> 13(SW)   volume = 0.0625
   epoch 3:   1(gpu) ->  8(SW)   volume = 0.25
   epoch 3:   1(gpu) -> 11(SW)   volume = 0.25
   epoch 3:   8(SW) -> 14(SW)   volume = 0.125
   epoch 3:   8(SW) -> 15(SW)   volume = 0.125
   epoch 3:   9(SW) ->  3(gpu)   volume = 0.125
   epoch 3:  10(SW) ->  5(gpu)   volume = 0.125
   epoch 3:  11(SW) -> 16(SW)   volume = 0.125
   epoch 3:  11(SW) -> 17(SW)   volume = 0.125
   epoch 3:  12(SW) ->  2(gpu)   volume = 0.125
   epoch 3:  12(SW) ->  3(gpu)   volume = 0.125
   epoch 3:  14(SW) ->  9(SW)   volume = 0.0625
   epoch 3:  14(SW) -> 10(SW)   volume = 0.0625
   epoch 3:  15(SW) ->  9(SW)   volume = 0.0625
   epoch 3:  15(SW) -> 10(SW)   volume = 0.0625
   epoch 3:  16(SW) -> 12(SW)   volume = 0.125
   epoch 3:  17(SW) -> 12(SW)   volume = 0.125
   epoch 4:   1(gpu) ->  8(SW)   volume = 0.25
   epoch 4:   1(gpu) -> 11(SW)   volume = 0.25
   epoch 4:   8(SW) ->  0(gpu)   volume = 0.25
   epoch 4:  11(SW) ->  0(gpu)   volume = 0.25
   epoch 5:   1(gpu) ->  8(SW)   volume = 0.25
   epoch 5:   1(gpu) -> 11(SW)   volume = 0.25
   epoch 5:   8(SW) -> 14(SW)   volume = 0.125
   epoch 5:   8(SW) -> 15(SW)   volume = 0.125
   epoch 5:   9(SW) ->  2(gpu)   volume = 0.125
   epoch 5:  10(SW) ->  4(gpu)   volume = 0.125
   epoch 5:  11(SW) -> 16(SW)   volume = 0.125
   epoch 5:  11(SW) -> 17(SW)   volume = 0.125
   epoch 5:  12(SW) ->  2(gpu)   volume = 0.125
   epoch 5:  13(SW) ->  4(gpu)   volume = 0.125
   epoch 5:  14(SW) ->  9(SW)   volume = 0.0625
   epoch 5:  14(SW) -> 10(SW)   volume = 0.0625
   epoch 5:  15(SW) ->  9(SW)   volume = 0.0625
   epoch 5:  15(SW) -> 10(SW)   volume = 0.0625
   epoch 5:  16(SW) -> 12(SW)   volume = 0.0625
   epoch 5:  16(SW) -> 13(SW)   volume = 0.0625
   epoch 5:  17(SW) -> 12(SW)   volume = 0.0625
   epoch 5:  17(SW) -> 13(SW)   volume = 0.0625
   epoch 6:   1(gpu) ->  8(SW)   volume = 0.25
   epoch 6:   1(gpu) -> 11(SW)   volume = 0.25
   epoch 6:   8(SW) -> 14(SW)   volume = 0.125
   epoch 6:   8(SW) -> 15(SW)   volume = 0.125
   epoch 6:   9(SW) ->  2(gpu)   volume = 0.125
   epoch 6:  10(SW) ->  7(gpu)   volume = 0.125
   epoch 6:  11(SW) -> 16(SW)   volume = 0.125
   epoch 6:  11(SW) -> 17(SW)   volume = 0.125
   epoch 6:  12(SW) ->  2(gpu)   volume = 0.125
   epoch 6:  12(SW) ->  3(gpu)   volume = 0.125
   epoch 6:  14(SW) ->  9(SW)   volume = 0.0625
   epoch 6:  14(SW) -> 10(SW)   volume = 0.0625
   epoch 6:  15(SW) ->  9(SW)   volume = 0.0625
   epoch 6:  15(SW) -> 10(SW)   volume = 0.0625
   epoch 6:  16(SW) -> 12(SW)   volume = 0.125
   epoch 6:  17(SW) -> 12(SW)   volume = 0.125
   epoch 7:   1(gpu) ->  8(SW)   volume = 0.25
   epoch 7:   1(gpu) -> 11(SW)   volume = 0.25
   epoch 7:   8(SW) -> 14(SW)   volume = 0.125
   epoch 7:   8(SW) -> 15(SW)   volume = 0.125
   epoch 7:   9(SW) ->  2(gpu)   volume = 0.125
   epoch 7:  10(SW) ->  6(gpu)   volume = 0.125
   epoch 7:  11(SW) -> 16(SW)   volume = 0.125
   epoch 7:  11(SW) -> 17(SW)   volume = 0.125
   epoch 7:  13(SW) ->  4(gpu)   volume = 0.125
   epoch 7:  13(SW) ->  6(gpu)   volume = 0.125
   epoch 7:  14(SW) ->  9(SW)   volume = 0.0625
   epoch 7:  14(SW) -> 10(SW)   volume = 0.0625
   epoch 7:  15(SW) ->  9(SW)   volume = 0.0625
   epoch 7:  15(SW) -> 10(SW)   volume = 0.0625
   epoch 7:  16(SW) -> 13(SW)   volume = 0.125
   epoch 7:  17(SW) -> 13(SW)   volume = 0.125
   epoch 8:   1(gpu) ->  8(SW)   volume = 0.25
   epoch 8:   1(gpu) -> 11(SW)   volume = 0.25
   epoch 8:   8(SW) -> 14(SW)   volume = 0.125
   epoch 8:   8(SW) -> 15(SW)   volume = 0.125
   epoch 8:  10(SW) ->  5(gpu)   volume = 0.125
   epoch 8:  10(SW) ->  7(gpu)   volume = 0.125
   epoch 8:  11(SW) -> 16(SW)   volume = 0.125
   epoch 8:  11(SW) -> 17(SW)   volume = 0.125
   epoch 8:  12(SW) ->  2(gpu)   volume = 0.125
   epoch 8:  12(SW) ->  3(gpu)   volume = 0.125
   epoch 8:  14(SW) -> 10(SW)   volume = 0.125
   epoch 8:  15(SW) -> 10(SW)   volume = 0.125
   epoch 8:  16(SW) -> 12(SW)   volume = 0.125
   epoch 8:  17(SW) -> 12(SW)   volume = 0.125
   epoch 9:   1(gpu) ->  8(SW)   volume = 0.25
   epoch 9:   1(gpu) -> 11(SW)   volume = 0.25
   epoch 9:   8(SW) ->  0(gpu)   volume = 0.25
   epoch 9:  11(SW) ->  0(gpu)   volume = 0.25
   epoch 10:   1(gpu) ->  8(SW)   volume = 0.25
   epoch 10:   1(gpu) -> 11(SW)   volume = 0.25
   epoch 10:   8(SW) -> 14(SW)   volume = 0.125
   epoch 10:   8(SW) -> 15(SW)   volume = 0.125
   epoch 10:  10(SW) ->  4(gpu)   volume = 0.125
   epoch 10:  10(SW) ->  6(gpu)   volume = 0.125
   epoch 10:  11(SW) -> 16(SW)   volume = 0.125
   epoch 10:  11(SW) -> 17(SW)   volume = 0.125
   epoch 10:  12(SW) ->  3(gpu)   volume = 0.125
   epoch 10:  13(SW) ->  4(gpu)   volume = 0.125
   epoch 10:  14(SW) -> 10(SW)   volume = 0.125
   epoch 10:  15(SW) -> 10(SW)   volume = 0.125
   epoch 10:  16(SW) -> 12(SW)   volume = 0.0625
   epoch 10:  16(SW) -> 13(SW)   volume = 0.0625
   epoch 10:  17(SW) -> 12(SW)   volume = 0.0625
   epoch 10:  17(SW) -> 13(SW)   volume = 0.0625
   epoch 11:   1(gpu) ->  8(SW)   volume = 0.25
   epoch 11:   1(gpu) -> 11(SW)   volume = 0.25
   epoch 11:   8(SW) -> 14(SW)   volume = 0.125
   epoch 11:   8(SW) -> 15(SW)   volume = 0.125
   epoch 11:   9(SW) ->  3(gpu)   volume = 0.25
   epoch 11:  11(SW) -> 16(SW)   volume = 0.125
   epoch 11:  11(SW) -> 17(SW)   volume = 0.125
   epoch 11:  13(SW) ->  5(gpu)   volume = 0.125
   epoch 11:  13(SW) ->  6(gpu)   volume = 0.125
   epoch 11:  14(SW) ->  9(SW)   volume = 0.125
   epoch 11:  15(SW) ->  9(SW)   volume = 0.125
   epoch 11:  16(SW) -> 13(SW)   volume = 0.125
   epoch 11:  17(SW) -> 13(SW)   volume = 0.125
   epoch 12:   1(gpu) ->  8(SW)   volume = 0.25
   epoch 12:   1(gpu) -> 11(SW)   volume = 0.25
   epoch 12:   8(SW) -> 14(SW)   volume = 0.125
   epoch 12:   8(SW) -> 15(SW)   volume = 0.125
   epoch 12:   9(SW) ->  2(gpu)   volume = 0.125
   epoch 12:  10(SW) ->  5(gpu)   volume = 0.125
   epoch 12:  11(SW) -> 16(SW)   volume = 0.125
   epoch 12:  11(SW) -> 17(SW)   volume = 0.125
   epoch 12:  12(SW) ->  2(gpu)   volume = 0.125
   epoch 12:  12(SW) ->  3(gpu)   volume = 0.125
   epoch 12:  14(SW) ->  9(SW)   volume = 0.0625
   epoch 12:  14(SW) -> 10(SW)   volume = 0.0625
   epoch 12:  15(SW) ->  9(SW)   volume = 0.0625
   epoch 12:  15(SW) -> 10(SW)   volume = 0.0625
   epoch 12:  16(SW) -> 12(SW)   volume = 0.125
   epoch 12:  17(SW) -> 12(SW)   volume = 0.125
   epoch 13:   1(gpu) ->  8(SW)   volume = 0.25
   epoch 13:   1(gpu) -> 11(SW)   volume = 0.25
   epoch 13:   8(SW) -> 14(SW)   volume = 0.125
   epoch 13:   8(SW) -> 15(SW)   volume = 0.125
   epoch 13:   9(SW) ->  3(gpu)   volume = 0.25
   epoch 13:  11(SW) -> 16(SW)   volume = 0.125
   epoch 13:  11(SW) -> 17(SW)   volume = 0.125
   epoch 13:  12(SW) ->  3(gpu)   volume = 0.125
   epoch 13:  13(SW) ->  7(gpu)   volume = 0.125
   epoch 13:  14(SW) ->  9(SW)   volume = 0.125
   epoch 13:  15(SW) ->  9(SW)   volume = 0.125
   epoch 13:  16(SW) -> 12(SW)   volume = 0.0625
   epoch 13:  16(SW) -> 13(SW)   volume = 0.0625
   epoch 13:  17(SW) -> 12(SW)   volume = 0.0625
   epoch 13:  17(SW) -> 13(SW)   volume = 0.0625
   epoch 14:   1(gpu) ->  8(SW)   volume = 0.25
   epoch 14:   1(gpu) -> 11(SW)   volume = 0.25
   epoch 14:   8(SW) -> 14(SW)   volume = 0.125
   epoch 14:   8(SW) -> 15(SW)   volume = 0.125
   epoch 14:  10(SW) ->  5(gpu)   volume = 0.125
   epoch 14:  10(SW) ->  7(gpu)   volume = 0.125
   epoch 14:  11(SW) -> 16(SW)   volume = 0.125
   epoch 14:  11(SW) -> 17(SW)   volume = 0.125
   epoch 14:  13(SW) ->  5(gpu)   volume = 0.125
   epoch 14:  13(SW) ->  7(gpu)   volume = 0.125
   epoch 14:  14(SW) -> 10(SW)   volume = 0.125
   epoch 14:  15(SW) -> 10(SW)   volume = 0.125
   epoch 14:  16(SW) -> 13(SW)   volume = 0.125
   epoch 14:  17(SW) -> 13(SW)   volume = 0.125
   epoch 15:   1(gpu) ->  8(SW)   volume = 0.25
   epoch 15:   1(gpu) -> 11(SW)   volume = 0.25
   epoch 15:   8(SW) -> 14(SW)   volume = 0.125
   epoch 15:   8(SW) -> 15(SW)   volume = 0.125
   epoch 15:   9(SW) ->  2(gpu)   volume = 0.125
   epoch 15:   9(SW) ->  3(gpu)   volume = 0.125
   epoch 15:  11(SW) -> 16(SW)   volume = 0.125
   epoch 15:  11(SW) -> 17(SW)   volume = 0.125
   epoch 15:  12(SW) ->  3(gpu)   volume = 0.25
   epoch 15:  14(SW) ->  9(SW)   volume = 0.125
   epoch 15:  15(SW) ->  9(SW)   volume = 0.125
   epoch 15:  16(SW) -> 12(SW)   volume = 0.125
   epoch 15:  17(SW) -> 12(SW)   volume = 0.125
   epoch 16:   1(gpu) ->  8(SW)   volume = 0.25
   epoch 16:   1(gpu) -> 11(SW)   volume = 0.25
   epoch 16:   8(SW) -> 14(SW)   volume = 0.125
   epoch 16:   8(SW) -> 15(SW)   volume = 0.125
   epoch 16:   9(SW) ->  2(gpu)   volume = 0.125
   epoch 16:  10(SW) ->  6(gpu)   volume = 0.125
   epoch 16:  11(SW) -> 16(SW)   volume = 0.125
   epoch 16:  11(SW) -> 17(SW)   volume = 0.125
   epoch 16:  12(SW) ->  2(gpu)   volume = 0.125
   epoch 16:  13(SW) ->  4(gpu)   volume = 0.125
   epoch 16:  14(SW) ->  9(SW)   volume = 0.0625
   epoch 16:  14(SW) -> 10(SW)   volume = 0.0625
   epoch 16:  15(SW) ->  9(SW)   volume = 0.0625
   epoch 16:  15(SW) -> 10(SW)   volume = 0.0625
   epoch 16:  16(SW) -> 12(SW)   volume = 0.0625
   epoch 16:  16(SW) -> 13(SW)   volume = 0.0625
   epoch 16:  17(SW) -> 12(SW)   volume = 0.0625
   epoch 16:  17(SW) -> 13(SW)   volume = 0.0625
   epoch 17:   1(gpu) ->  8(SW)   volume = 0.25
   epoch 17:   1(gpu) -> 11(SW)   volume = 0.25
   epoch 17:   8(SW) ->  0(gpu)   volume = 0.125
   epoch 17:   8(SW) -> 14(SW)   volume = 0.0625
   epoch 17:   8(SW) -> 15(SW)   volume = 0.0625
   epoch 17:  10(SW) ->  4(gpu)   volume = 0.125
   epoch 17:  11(SW) -> 16(SW)   volume = 0.125
   epoch 17:  11(SW) -> 17(SW)   volume = 0.125
   epoch 17:  13(SW) ->  5(gpu)   volume = 0.125
   epoch 17:  13(SW) ->  7(gpu)   volume = 0.125
   epoch 17:  14(SW) -> 10(SW)   volume = 0.0625
   epoch 17:  15(SW) -> 10(SW)   volume = 0.0625
   epoch 17:  16(SW) -> 13(SW)   volume = 0.125
   epoch 17:  17(SW) -> 13(SW)   volume = 0.125
   epoch 18:   1(gpu) ->  8(SW)   volume = 0.25
   epoch 18:   1(gpu) -> 11(SW)   volume = 0.25
   epoch 18:   8(SW) -> 14(SW)   volume = 0.125
   epoch 18:   8(SW) -> 15(SW)   volume = 0.125
   epoch 18:   9(SW) ->  2(gpu)   volume = 0.125
   epoch 18:   9(SW) ->  3(gpu)   volume = 0.125
   epoch 18:  11(SW) -> 16(SW)   volume = 0.125
   epoch 18:  11(SW) -> 17(SW)   volume = 0.125
   epoch 18:  12(SW) ->  2(gpu)   volume = 0.125
   epoch 18:  13(SW) ->  6(gpu)   volume = 0.125
   epoch 18:  14(SW) ->  9(SW)   volume = 0.125
   epoch 18:  15(SW) ->  9(SW)   volume = 0.125
   epoch 18:  16(SW) -> 12(SW)   volume = 0.0625
   epoch 18:  16(SW) -> 13(SW)   volume = 0.0625
   epoch 18:  17(SW) -> 12(SW)   volume = 0.0625
   epoch 18:  17(SW) -> 13(SW)   volume = 0.0625
   epoch 19:   1(gpu) ->  8(SW)   volume = 0.25
   epoch 19:   1(gpu) -> 11(SW)   volume = 0.25
   epoch 19:   8(SW) ->  0(gpu)   volume = 0.25
   epoch 19:  11(SW) ->  0(gpu)   volume = 0.25
   epoch 20:   1(gpu) ->  8(SW)   volume = 0.25
   epoch 20:   1(gpu) -> 11(SW)   volume = 0.25
   epoch 20:   8(SW) -> 14(SW)   volume = 0.125
   epoch 20:   8(SW) -> 15(SW)   volume = 0.125
   epoch 20:  10(SW) ->  5(gpu)   volume = 0.125
   epoch 20:  10(SW) ->  7(gpu)   volume = 0.125
   epoch 20:  11(SW) -> 16(SW)   volume = 0.125
   epoch 20:  11(SW) -> 17(SW)   volume = 0.125
   epoch 20:  12(SW) ->  2(gpu)   volume = 0.125
   epoch 20:  13(SW) ->  4(gpu)   volume = 0.125
   epoch 20:  14(SW) -> 10(SW)   volume = 0.125
   epoch 20:  15(SW) -> 10(SW)   volume = 0.125
   epoch 20:  16(SW) -> 12(SW)   volume = 0.0625
   epoch 20:  16(SW) -> 13(SW)   volume = 0.0625
   epoch 20:  17(SW) -> 12(SW)   volume = 0.0625
   epoch 20:  17(SW) -> 13(SW)   volume = 0.0625
   epoch 21:   1(gpu) ->  8(SW)   volume = 0.25
   epoch 21:   1(gpu) -> 11(SW)   volume = 0.25
   epoch 21:   8(SW) -> 14(SW)   volume = 0.125
   epoch 21:   8(SW) -> 15(SW)   volume = 0.125
   epoch 21:  10(SW) ->  6(gpu)   volume = 0.125
   epoch 21:  10(SW) ->  7(gpu)   volume = 0.125
   epoch 21:  11(SW) ->  0(gpu)   volume = 0.25
   epoch 21:  14(SW) -> 10(SW)   volume = 0.125
   epoch 21:  15(SW) -> 10(SW)   volume = 0.125
   epoch 22:   1(gpu) ->  8(SW)   volume = 0.25
   epoch 22:   1(gpu) -> 11(SW)   volume = 0.25
   epoch 22:   8(SW) -> 14(SW)   volume = 0.125
   epoch 22:   8(SW) -> 15(SW)   volume = 0.125
   epoch 22:   9(SW) ->  2(gpu)   volume = 0.125
   epoch 22:   9(SW) ->  3(gpu)   volume = 0.125
   epoch 22:  11(SW) -> 16(SW)   volume = 0.125
   epoch 22:  11(SW) -> 17(SW)   volume = 0.125
   epoch 22:  12(SW) ->  2(gpu)   volume = 0.125
   epoch 22:  12(SW) ->  3(gpu)   volume = 0.125
   epoch 22:  14(SW) ->  9(SW)   volume = 0.125
   epoch 22:  15(SW) ->  9(SW)   volume = 0.125
   epoch 22:  16(SW) -> 12(SW)   volume = 0.125
   epoch 22:  17(SW) -> 12(SW)   volume = 0.125
   epoch 23:   1(gpu) ->  8(SW)   volume = 0.25
   epoch 23:   1(gpu) -> 11(SW)   volume = 0.25
   epoch 23:   8(SW) -> 14(SW)   volume = 0.125
   epoch 23:   8(SW) -> 15(SW)   volume = 0.125
   epoch 23:  10(SW) ->  5(gpu)   volume = 0.125
   epoch 23:  10(SW) ->  6(gpu)   volume = 0.125
   epoch 23:  11(SW) -> 16(SW)   volume = 0.125
   epoch 23:  11(SW) -> 17(SW)   volume = 0.125
   epoch 23:  13(SW) ->  4(gpu)   volume = 0.125
   epoch 23:  13(SW) ->  6(gpu)   volume = 0.125
   epoch 23:  14(SW) -> 10(SW)   volume = 0.125
   epoch 23:  15(SW) -> 10(SW)   volume = 0.125
   epoch 23:  16(SW) -> 13(SW)   volume = 0.125
   epoch 23:  17(SW) -> 13(SW)   volume = 0.125
   epoch 24:   1(gpu) ->  8(SW)   volume = 0.25
   epoch 24:   1(gpu) -> 11(SW)   volume = 0.25
   epoch 24:   8(SW) -> 14(SW)   volume = 0.125
   epoch 24:   8(SW) -> 15(SW)   volume = 0.125
   epoch 24:  10(SW) ->  4(gpu)   volume = 0.125
   epoch 24:  10(SW) ->  5(gpu)   volume = 0.125
   epoch 24:  11(SW) -> 16(SW)   volume = 0.125
   epoch 24:  11(SW) -> 17(SW)   volume = 0.125
   epoch 24:  12(SW) ->  2(gpu)   volume = 0.125
   epoch 24:  13(SW) ->  6(gpu)   volume = 0.125
   epoch 24:  14(SW) -> 10(SW)   volume = 0.125
   epoch 24:  15(SW) -> 10(SW)   volume = 0.125
   epoch 24:  16(SW) -> 12(SW)   volume = 0.0625
   epoch 24:  16(SW) -> 13(SW)   volume = 0.0625
   epoch 24:  17(SW) -> 12(SW)   volume = 0.0625
   epoch 24:  17(SW) -> 13(SW)   volume = 0.0625
   epoch 25:   1(gpu) ->  8(SW)   volume = 0.25
   epoch 25:   1(gpu) -> 11(SW)   volume = 0.25
   epoch 25:   8(SW) -> 14(SW)   volume = 0.125
   epoch 25:   8(SW) -> 15(SW)   volume = 0.125
   epoch 25:   9(SW) ->  2(gpu)   volume = 0.125
   epoch 25:  10(SW) ->  4(gpu)   volume = 0.125
   epoch 25:  11(SW) -> 16(SW)   volume = 0.125
   epoch 25:  11(SW) -> 17(SW)   volume = 0.125
   epoch 25:  12(SW) ->  3(gpu)   volume = 0.125
   epoch 25:  13(SW) ->  7(gpu)   volume = 0.125
   epoch 25:  14(SW) ->  9(SW)   volume = 0.0625
   epoch 25:  14(SW) -> 10(SW)   volume = 0.0625
   epoch 25:  15(SW) ->  9(SW)   volume = 0.0625
   epoch 25:  15(SW) -> 10(SW)   volume = 0.0625
   epoch 25:  16(SW) -> 12(SW)   volume = 0.0625
   epoch 25:  16(SW) -> 13(SW)   volume = 0.0625
   epoch 25:  17(SW) -> 12(SW)   volume = 0.0625
   epoch 25:  17(SW) -> 13(SW)   volume = 0.0625
   epoch 26:   1(gpu) ->  8(SW)   volume = 0.25
   epoch 26:   1(gpu) -> 11(SW)   volume = 0.25
   epoch 26:   8(SW) -> 14(SW)   volume = 0.125
   epoch 26:   8(SW) -> 15(SW)   volume = 0.125
   epoch 26:   9(SW) ->  2(gpu)   volume = 0.125
   epoch 26:   9(SW) ->  3(gpu)   volume = 0.125
   epoch 26:  11(SW) -> 16(SW)   volume = 0.125
   epoch 26:  11(SW) -> 17(SW)   volume = 0.125
   epoch 26:  12(SW) ->  3(gpu)   volume = 0.125
   epoch 26:  13(SW) ->  7(gpu)   volume = 0.125
   epoch 26:  14(SW) ->  9(SW)   volume = 0.125
   epoch 26:  15(SW) ->  9(SW)   volume = 0.125
   epoch 26:  16(SW) -> 12(SW)   volume = 0.0625
   epoch 26:  16(SW) -> 13(SW)   volume = 0.0625
   epoch 26:  17(SW) -> 12(SW)   volume = 0.0625
   epoch 26:  17(SW) -> 13(SW)   volume = 0.0625
   epoch 27:   1(gpu) ->  8(SW)   volume = 0.25
   epoch 27:   1(gpu) -> 11(SW)   volume = 0.25
   epoch 27:   8(SW) -> 14(SW)   volume = 0.125
   epoch 27:   8(SW) -> 15(SW)   volume = 0.125
   epoch 27:   9(SW) ->  3(gpu)   volume = 0.25
   epoch 27:  11(SW) -> 16(SW)   volume = 0.125
   epoch 27:  11(SW) -> 17(SW)   volume = 0.125
   epoch 27:  12(SW) ->  2(gpu)   volume = 0.125
   epoch 27:  13(SW) ->  5(gpu)   volume = 0.125
   epoch 27:  14(SW) ->  9(SW)   volume = 0.125
   epoch 27:  15(SW) ->  9(SW)   volume = 0.125
   epoch 27:  16(SW) -> 12(SW)   volume = 0.0625
   epoch 27:  16(SW) -> 13(SW)   volume = 0.0625
   epoch 27:  17(SW) -> 12(SW)   volume = 0.0625
   epoch 27:  17(SW) -> 13(SW)   volume = 0.0625
   epoch 28:   1(gpu) ->  8(SW)   volume = 0.25
   epoch 28:   1(gpu) -> 11(SW)   volume = 0.25
   epoch 28:   8(SW) -> 14(SW)   volume = 0.125
   epoch 28:   8(SW) -> 15(SW)   volume = 0.125
   epoch 28:   9(SW) ->  3(gpu)   volume = 0.25
   epoch 28:  11(SW) -> 16(SW)   volume = 0.125
   epoch 28:  11(SW) -> 17(SW)   volume = 0.125
   epoch 28:  12(SW) ->  3(gpu)   volume = 0.125
   epoch 28:  13(SW) ->  5(gpu)   volume = 0.125
   epoch 28:  14(SW) ->  9(SW)   volume = 0.125
   epoch 28:  15(SW) ->  9(SW)   volume = 0.125
   epoch 28:  16(SW) -> 12(SW)   volume = 0.0625
   epoch 28:  16(SW) -> 13(SW)   volume = 0.0625
   epoch 28:  17(SW) -> 12(SW)   volume = 0.0625
   epoch 28:  17(SW) -> 13(SW)   volume = 0.0625
   epoch 29:   1(gpu) ->  8(SW)   volume = 0.25
   epoch 29:   1(gpu) -> 11(SW)   volume = 0.25
   epoch 29:   8(SW) -> 14(SW)   volume = 0.125
   epoch 29:   8(SW) -> 15(SW)   volume = 0.125
   epoch 29:   9(SW) ->  2(gpu)   volume = 0.125
   epoch 29:  10(SW) ->  4(gpu)   volume = 0.125
   epoch 29:  11(SW) -> 16(SW)   volume = 0.125
   epoch 29:  11(SW) -> 17(SW)   volume = 0.125
   epoch 29:  13(SW) ->  6(gpu)   volume = 0.125
   epoch 29:  13(SW) ->  7(gpu)   volume = 0.125
   epoch 29:  14(SW) ->  9(SW)   volume = 0.0625
   epoch 29:  14(SW) -> 10(SW)   volume = 0.0625
   epoch 29:  15(SW) ->  9(SW)   volume = 0.0625
   epoch 29:  15(SW) -> 10(SW)   volume = 0.0625
   epoch 29:  16(SW) -> 13(SW)   volume = 0.125
   epoch 29:  17(SW) -> 13(SW)   volume = 0.125
   epoch 30:   1(gpu) ->  8(SW)   volume = 0.25
   epoch 30:   1(gpu) -> 11(SW)   volume = 0.25
   epoch 30:   8(SW) -> 14(SW)   volume = 0.125
   epoch 30:   8(SW) -> 15(SW)   volume = 0.125
   epoch 30:  10(SW) ->  6(gpu)   volume = 0.125
   epoch 30:  10(SW) ->  7(gpu)   volume = 0.125
   epoch 30:  11(SW) -> 16(SW)   volume = 0.125
   epoch 30:  11(SW) -> 17(SW)   volume = 0.125
   epoch 30:  12(SW) ->  3(gpu)   volume = 0.125
   epoch 30:  13(SW) ->  6(gpu)   volume = 0.125
   epoch 30:  14(SW) -> 10(SW)   volume = 0.125
   epoch 30:  15(SW) -> 10(SW)   volume = 0.125
   epoch 30:  16(SW) -> 12(SW)   volume = 0.0625
   epoch 30:  16(SW) -> 13(SW)   volume = 0.0625
   epoch 30:  17(SW) -> 12(SW)   volume = 0.0625
   epoch 30:  17(SW) -> 13(SW)   volume = 0.0625
   epoch 31:   1(gpu) ->  8(SW)   volume = 0.25
   epoch 31:   1(gpu) -> 11(SW)   volume = 0.25
   epoch 31:   8(SW) -> 14(SW)   volume = 0.125
   epoch 31:   8(SW) -> 15(SW)   volume = 0.125
   epoch 31:   9(SW) ->  3(gpu)   volume = 0.125
   epoch 31:  10(SW) ->  6(gpu)   volume = 0.125
   epoch 31:  11(SW) -> 16(SW)   volume = 0.125
   epoch 31:  11(SW) -> 17(SW)   volume = 0.125
   epoch 31:  12(SW) ->  2(gpu)   volume = 0.125
   epoch 31:  12(SW) ->  3(gpu)   volume = 0.125
   epoch 31:  14(SW) ->  9(SW)   volume = 0.0625
   epoch 31:  14(SW) -> 10(SW)   volume = 0.0625
   epoch 31:  15(SW) ->  9(SW)   volume = 0.0625
   epoch 31:  15(SW) -> 10(SW)   volume = 0.0625
   epoch 31:  16(SW) -> 12(SW)   volume = 0.125
   epoch 31:  17(SW) -> 12(SW)   volume = 0.125
   epoch 32:   1(gpu) ->  8(SW)   volume = 0.25
   epoch 32:   1(gpu) -> 11(SW)   volume = 0.25
   epoch 32:   8(SW) -> 14(SW)   volume = 0.125
   epoch 32:   8(SW) -> 15(SW)   volume = 0.125
   epoch 32:   9(SW) ->  2(gpu)   volume = 0.125
   epoch 32:   9(SW) ->  3(gpu)   volume = 0.125
   epoch 32:  11(SW) -> 16(SW)   volume = 0.125
   epoch 32:  11(SW) -> 17(SW)   volume = 0.125
   epoch 32:  13(SW) ->  4(gpu)   volume = 0.125
   epoch 32:  13(SW) ->  7(gpu)   volume = 0.125
   epoch 32:  14(SW) ->  9(SW)   volume = 0.125
   epoch 32:  15(SW) ->  9(SW)   volume = 0.125
   epoch 32:  16(SW) -> 13(SW)   volume = 0.125
   epoch 32:  17(SW) -> 13(SW)   volume = 0.125
   epoch 33:   1(gpu) ->  8(SW)   volume = 0.25
   epoch 33:   1(gpu) -> 11(SW)   volume = 0.25
   epoch 33:   8(SW) -> 14(SW)   volume = 0.125
   epoch 33:   8(SW) -> 15(SW)   volume = 0.125
   epoch 33:   9(SW) ->  2(gpu)   volume = 0.125
   epoch 33:  10(SW) ->  6(gpu)   volume = 0.125
   epoch 33:  11(SW) -> 16(SW)   volume = 0.125
   epoch 33:  11(SW) -> 17(SW)   volume = 0.125
   epoch 33:  12(SW) ->  2(gpu)   volume = 0.125
   epoch 33:  12(SW) ->  3(gpu)   volume = 0.125
   epoch 33:  14(SW) ->  9(SW)   volume = 0.0625
   epoch 33:  14(SW) -> 10(SW)   volume = 0.0625
   epoch 33:  15(SW) ->  9(SW)   volume = 0.0625
   epoch 33:  15(SW) -> 10(SW)   volume = 0.0625
   epoch 33:  16(SW) -> 12(SW)   volume = 0.125
   epoch 33:  17(SW) -> 12(SW)   volume = 0.125
   epoch 34:   1(gpu) ->  8(SW)   volume = 0.25
   epoch 34:   1(gpu) -> 11(SW)   volume = 0.25
   epoch 34:   8(SW) ->  0(gpu)   volume = 0.25
   epoch 34:  11(SW) ->  0(gpu)   volume = 0.25
   epoch 35:   1(gpu) ->  8(SW)   volume = 0.25
   epoch 35:   1(gpu) -> 11(SW)   volume = 0.25
   epoch 35:   8(SW) -> 14(SW)   volume = 0.125
   epoch 35:   8(SW) -> 15(SW)   volume = 0.125
   epoch 35:   9(SW) ->  2(gpu)   volume = 0.25
   epoch 35:  11(SW) -> 16(SW)   volume = 0.125
   epoch 35:  11(SW) -> 17(SW)   volume = 0.125
   epoch 35:  12(SW) ->  2(gpu)   volume = 0.125
   epoch 35:  13(SW) ->  5(gpu)   volume = 0.125
   epoch 35:  14(SW) ->  9(SW)   volume = 0.125
   epoch 35:  15(SW) ->  9(SW)   volume = 0.125
   epoch 35:  16(SW) -> 12(SW)   volume = 0.0625
   epoch 35:  16(SW) -> 13(SW)   volume = 0.0625
   epoch 35:  17(SW) -> 12(SW)   volume = 0.0625
   epoch 35:  17(SW) -> 13(SW)   volume = 0.0625
   epoch 36:   1(gpu) ->  8(SW)   volume = 0.25
   epoch 36:   1(gpu) -> 11(SW)   volume = 0.25
   epoch 36:   8(SW) -> 14(SW)   volume = 0.125
   epoch 36:   8(SW) -> 15(SW)   volume = 0.125
   epoch 36:   9(SW) ->  2(gpu)   volume = 0.125
   epoch 36:  10(SW) ->  4(gpu)   volume = 0.125
   epoch 36:  11(SW) -> 16(SW)   volume = 0.125
   epoch 36:  11(SW) -> 17(SW)   volume = 0.125
   epoch 36:  13(SW) ->  5(gpu)   volume = 0.125
   epoch 36:  13(SW) ->  6(gpu)   volume = 0.125
   epoch 36:  14(SW) ->  9(SW)   volume = 0.0625
   epoch 36:  14(SW) -> 10(SW)   volume = 0.0625
   epoch 36:  15(SW) ->  9(SW)   volume = 0.0625
   epoch 36:  15(SW) -> 10(SW)   volume = 0.0625
   epoch 36:  16(SW) -> 13(SW)   volume = 0.125
   epoch 36:  17(SW) -> 13(SW)   volume = 0.125
   epoch 37:   1(gpu) ->  8(SW)   volume = 0.25
   epoch 37:   1(gpu) -> 11(SW)   volume = 0.25
   epoch 37:   8(SW) -> 14(SW)   volume = 0.125
   epoch 37:   8(SW) -> 15(SW)   volume = 0.125
   epoch 37:  10(SW) ->  4(gpu)   volume = 0.125
   epoch 37:  10(SW) ->  7(gpu)   volume = 0.125
   epoch 37:  11(SW) -> 16(SW)   volume = 0.125
   epoch 37:  11(SW) -> 17(SW)   volume = 0.125
   epoch 37:  13(SW) ->  4(gpu)   volume = 0.125
   epoch 37:  13(SW) ->  7(gpu)   volume = 0.125
   epoch 37:  14(SW) -> 10(SW)   volume = 0.125
   epoch 37:  15(SW) -> 10(SW)   volume = 0.125
   epoch 37:  16(SW) -> 13(SW)   volume = 0.125
   epoch 37:  17(SW) -> 13(SW)   volume = 0.125
   epoch 38:   1(gpu) ->  8(SW)   volume = 0.25
   epoch 38:   1(gpu) -> 11(SW)   volume = 0.25
   epoch 38:   8(SW) -> 14(SW)   volume = 0.125
   epoch 38:   8(SW) -> 15(SW)   volume = 0.125
   epoch 38:   9(SW) ->  2(gpu)   volume = 0.25
   epoch 38:  11(SW) -> 16(SW)   volume = 0.125
   epoch 38:  11(SW) -> 17(SW)   volume = 0.125
   epoch 38:  12(SW) ->  3(gpu)   volume = 0.25
   epoch 38:  14(SW) ->  9(SW)   volume = 0.125
   epoch 38:  15(SW) ->  9(SW)   volume = 0.125
   epoch 38:  16(SW) -> 12(SW)   volume = 0.125
   epoch 38:  17(SW) -> 12(SW)   volume = 0.125
   epoch 39:   1(gpu) ->  8(SW)   volume = 0.25
   epoch 39:   1(gpu) -> 11(SW)   volume = 0.25
   epoch 39:   8(SW) ->  0(gpu)   volume = 0.25
   epoch 39:  11(SW) ->  0(gpu)   volume = 0.25

-- source 2 --
   epoch 0:   2(gpu) ->  9(SW)   volume = 0.25
   epoch 0:   2(gpu) -> 12(SW)   volume = 0.25
   epoch 0:   9(SW) ->  3(gpu)   volume = 0.25
   epoch 0:  12(SW) ->  3(gpu)   volume = 0.25
   epoch 1:   2(gpu) ->  9(SW)   volume = 0.25
   epoch 1:   2(gpu) -> 12(SW)   volume = 0.25
   epoch 1:   9(SW) ->  3(gpu)   volume = 0.125
   epoch 1:   9(SW) -> 14(SW)   volume = 0.0625
   epoch 1:   9(SW) -> 15(SW)   volume = 0.0625
   epoch 1:  10(SW) ->  6(gpu)   volume = 0.125
   epoch 1:  12(SW) ->  3(gpu)   volume = 0.125
   epoch 1:  12(SW) -> 16(SW)   volume = 0.0625
   epoch 1:  12(SW) -> 17(SW)   volume = 0.0625
   epoch 1:  13(SW) ->  4(gpu)   volume = 0.125
   epoch 1:  14(SW) -> 10(SW)   volume = 0.0625
   epoch 1:  15(SW) -> 10(SW)   volume = 0.0625
   epoch 1:  16(SW) -> 13(SW)   volume = 0.0625
   epoch 1:  17(SW) -> 13(SW)   volume = 0.0625
   epoch 2:   2(gpu) ->  9(SW)   volume = 0.25
   epoch 2:   2(gpu) -> 12(SW)   volume = 0.25
   epoch 2:   9(SW) -> 14(SW)   volume = 0.125
   epoch 2:   9(SW) -> 15(SW)   volume = 0.125
   epoch 2:  10(SW) ->  5(gpu)   volume = 0.125
   epoch 2:  10(SW) ->  6(gpu)   volume = 0.125
   epoch 2:  12(SW) ->  3(gpu)   volume = 0.125
   epoch 2:  12(SW) -> 16(SW)   volume = 0.0625
   epoch 2:  12(SW) -> 17(SW)   volume = 0.0625
   epoch 2:  13(SW) ->  4(gpu)   volume = 0.125
   epoch 2:  14(SW) -> 10(SW)   volume = 0.125
   epoch 2:  15(SW) -> 10(SW)   volume = 0.125
   epoch 2:  16(SW) -> 13(SW)   volume = 0.0625
   epoch 2:  17(SW) -> 13(SW)   volume = 0.0625
   epoch 3:   2(gpu) ->  9(SW)   volume = 0.25
   epoch 3:   2(gpu) -> 12(SW)   volume = 0.25
   epoch 3:   8(SW) ->  0(gpu)   volume = 0.125
   epoch 3:   8(SW) ->  1(gpu)   volume = 0.125
   epoch 3:   9(SW) -> 14(SW)   volume = 0.125
   epoch 3:   9(SW) -> 15(SW)   volume = 0.125
   epoch 3:  11(SW) ->  1(gpu)   volume = 0.125
   epoch 3:  12(SW) -> 16(SW)   volume = 0.125
   epoch 3:  12(SW) -> 17(SW)   volume = 0.125
   epoch 3:  13(SW) ->  4(gpu)   volume = 0.125
   epoch 3:  14(SW) ->  8(SW)   volume = 0.125
   epoch 3:  15(SW) ->  8(SW)   volume = 0.125
   epoch 3:  16(SW) -> 11(SW)   volume = 0.0625
   epoch 3:  16(SW) -> 13(SW)   volume = 0.0625
   epoch 3:  17(SW) -> 11(SW)   volume = 0.0625
   epoch 3:  17(SW) -> 13(SW)   volume = 0.0625
   epoch 4:   2(gpu) ->  9(SW)   volume = 0.25
   epoch 4:   2(gpu) -> 12(SW)   volume = 0.25
   epoch 4:   9(SW) ->  3(gpu)   volume = 0.25
   epoch 4:  12(SW) ->  3(gpu)   volume = 0.25
   epoch 5:   2(gpu) ->  9(SW)   volume = 0.25
   epoch 5:   2(gpu) -> 12(SW)   volume = 0.25
   epoch 5:   8(SW) ->  1(gpu)   volume = 0.125
   epoch 5:   9(SW) -> 14(SW)   volume = 0.125
   epoch 5:   9(SW) -> 15(SW)   volume = 0.125
   epoch 5:  10(SW) ->  5(gpu)   volume = 0.125
   epoch 5:  11(SW) ->  0(gpu)   volume = 0.25
   epoch 5:  12(SW) -> 16(SW)   volume = 0.125
   epoch 5:  12(SW) -> 17(SW)   volume = 0.125
   epoch 5:  14(SW) ->  8(SW)   volume = 0.0625
   epoch 5:  14(SW) -> 10(SW)   volume = 0.0625
   epoch 5:  15(SW) ->  8(SW)   volume = 0.0625
   epoch 5:  15(SW) -> 10(SW)   volume = 0.0625
   epoch 5:  16(SW) -> 11(SW)   volume = 0.125
   epoch 5:  17(SW) -> 11(SW)   volume = 0.125
   epoch 6:   2(gpu) ->  9(SW)   volume = 0.25
   epoch 6:   2(gpu) -> 12(SW)   volume = 0.25
   epoch 6:   8(SW) ->  1(gpu)   volume = 0.25
   epoch 6:   9(SW) -> 14(SW)   volume = 0.125
   epoch 6:   9(SW) -> 15(SW)   volume = 0.125
   epoch 6:  11(SW) ->  1(gpu)   volume = 0.125
   epoch 6:  12(SW) -> 16(SW)   volume = 0.125
   epoch 6:  12(SW) -> 17(SW)   volume = 0.125
   epoch 6:  13(SW) ->  6(gpu)   volume = 0.125
   epoch 6:  14(SW) ->  8(SW)   volume = 0.125
   epoch 6:  15(SW) ->  8(SW)   volume = 0.125
   epoch 6:  16(SW) -> 11(SW)   volume = 0.0625
   epoch 6:  16(SW) -> 13(SW)   volume = 0.0625
   epoch 6:  17(SW) -> 11(SW)   volume = 0.0625
   epoch 6:  17(SW) -> 13(SW)   volume = 0.0625
   epoch 7:   2(gpu) ->  9(SW)   volume = 0.25
   epoch 7:   2(gpu) -> 12(SW)   volume = 0.25
   epoch 7:   8(SW) ->  0(gpu)   volume = 0.25
   epoch 7:   9(SW) -> 14(SW)   volume = 0.125
   epoch 7:   9(SW) -> 15(SW)   volume = 0.125
   epoch 7:  11(SW) ->  1(gpu)   volume = 0.125
   epoch 7:  12(SW) -> 16(SW)   volume = 0.125
   epoch 7:  12(SW) -> 17(SW)   volume = 0.125
   epoch 7:  13(SW) ->  5(gpu)   volume = 0.125
   epoch 7:  14(SW) ->  8(SW)   volume = 0.125
   epoch 7:  15(SW) ->  8(SW)   volume = 0.125
   epoch 7:  16(SW) -> 11(SW)   volume = 0.0625
   epoch 7:  16(SW) -> 13(SW)   volume = 0.0625
   epoch 7:  17(SW) -> 11(SW)   volume = 0.0625
   epoch 7:  17(SW) -> 13(SW)   volume = 0.0625
   epoch 8:   2(gpu) ->  9(SW)   volume = 0.25
   epoch 8:   2(gpu) -> 12(SW)   volume = 0.25
   epoch 8:   8(SW) ->  0(gpu)   volume = 0.25
   epoch 8:   9(SW) -> 14(SW)   volume = 0.125
   epoch 8:   9(SW) -> 15(SW)   volume = 0.125
   epoch 8:  11(SW) ->  1(gpu)   volume = 0.125
   epoch 8:  12(SW) -> 16(SW)   volume = 0.125
   epoch 8:  12(SW) -> 17(SW)   volume = 0.125
   epoch 8:  13(SW) ->  7(gpu)   volume = 0.125
   epoch 8:  14(SW) ->  8(SW)   volume = 0.125
   epoch 8:  15(SW) ->  8(SW)   volume = 0.125
   epoch 8:  16(SW) -> 11(SW)   volume = 0.0625
   epoch 8:  16(SW) -> 13(SW)   volume = 0.0625
   epoch 8:  17(SW) -> 11(SW)   volume = 0.0625
   epoch 8:  17(SW) -> 13(SW)   volume = 0.0625
   epoch 9:   2(gpu) ->  9(SW)   volume = 0.25
   epoch 9:   2(gpu) -> 12(SW)   volume = 0.25
   epoch 9:   9(SW) ->  3(gpu)   volume = 0.25
   epoch 9:  12(SW) ->  3(gpu)   volume = 0.25
   epoch 10:   2(gpu) ->  9(SW)   volume = 0.25
   epoch 10:   2(gpu) -> 12(SW)   volume = 0.25
   epoch 10:   8(SW) ->  0(gpu)   volume = 0.25
   epoch 10:   9(SW) -> 14(SW)   volume = 0.125
   epoch 10:   9(SW) -> 15(SW)   volume = 0.125
   epoch 10:  11(SW) ->  0(gpu)   volume = 0.125
   epoch 10:  11(SW) ->  1(gpu)   volume = 0.125
   epoch 10:  12(SW) -> 16(SW)   volume = 0.125
   epoch 10:  12(SW) -> 17(SW)   volume = 0.125
   epoch 10:  14(SW) ->  8(SW)   volume = 0.125
   epoch 10:  15(SW) ->  8(SW)   volume = 0.125
   epoch 10:  16(SW) -> 11(SW)   volume = 0.125
   epoch 10:  17(SW) -> 11(SW)   volume = 0.125
   epoch 11:   2(gpu) ->  9(SW)   volume = 0.25
   epoch 11:   2(gpu) -> 12(SW)   volume = 0.25
   epoch 11:   9(SW) -> 14(SW)   volume = 0.125
   epoch 11:   9(SW) -> 15(SW)   volume = 0.125
   epoch 11:  10(SW) ->  5(gpu)   volume = 0.125
   epoch 11:  10(SW) ->  7(gpu)   volume = 0.125
   epoch 11:  11(SW) ->  0(gpu)   volume = 0.125
   epoch 11:  12(SW) -> 16(SW)   volume = 0.125
   epoch 11:  12(SW) -> 17(SW)   volume = 0.125
   epoch 11:  13(SW) ->  4(gpu)   volume = 0.125
   epoch 11:  14(SW) -> 10(SW)   volume = 0.125
   epoch 11:  15(SW) -> 10(SW)   volume = 0.125
   epoch 11:  16(SW) -> 11(SW)   volume = 0.0625
   epoch 11:  16(SW) -> 13(SW)   volume = 0.0625
   epoch 11:  17(SW) -> 11(SW)   volume = 0.0625
   epoch 11:  17(SW) -> 13(SW)   volume = 0.0625
   epoch 12:   2(gpu) ->  9(SW)   volume = 0.25
   epoch 12:   2(gpu) -> 12(SW)   volume = 0.25
   epoch 12:   9(SW) -> 14(SW)   volume = 0.125
   epoch 12:   9(SW) -> 15(SW)   volume = 0.125
   epoch 12:  10(SW) ->  6(gpu)   volume = 0.125
   epoch 12:  10(SW) ->  7(gpu)   volume = 0.125
   epoch 12:  11(SW) ->  0(gpu)   volume = 0.125
   epoch 12:  12(SW) -> 16(SW)   volume = 0.125
   epoch 12:  12(SW) -> 17(SW)   volume = 0.125
   epoch 12:  13(SW) ->  5(gpu)   volume = 0.125
   epoch 12:  14(SW) -> 10(SW)   volume = 0.125
   epoch 12:  15(SW) -> 10(SW)   volume = 0.125
   epoch 12:  16(SW) -> 11(SW)   volume = 0.0625
   epoch 12:  16(SW) -> 13(SW)   volume = 0.0625
   epoch 12:  17(SW) -> 11(SW)   volume = 0.0625
   epoch 12:  17(SW) -> 13(SW)   volume = 0.0625
   epoch 13:   2(gpu) ->  9(SW)   volume = 0.25
   epoch 13:   2(gpu) -> 12(SW)   volume = 0.25
   epoch 13:   8(SW) ->  0(gpu)   volume = 0.125
   epoch 13:   9(SW) -> 14(SW)   volume = 0.125
   epoch 13:   9(SW) -> 15(SW)   volume = 0.125
   epoch 13:  10(SW) ->  4(gpu)   volume = 0.125
   epoch 13:  11(SW) ->  1(gpu)   volume = 0.125
   epoch 13:  12(SW) -> 16(SW)   volume = 0.125
   epoch 13:  12(SW) -> 17(SW)   volume = 0.125
   epoch 13:  13(SW) ->  6(gpu)   volume = 0.125
   epoch 13:  14(SW) ->  8(SW)   volume = 0.0625
   epoch 13:  14(SW) -> 10(SW)   volume = 0.0625
   epoch 13:  15(SW) ->  8(SW)   volume = 0.0625
   epoch 13:  15(SW) -> 10(SW)   volume = 0.0625
   epoch 13:  16(SW) -> 11(SW)   volume = 0.0625
   epoch 13:  16(SW) -> 13(SW)   volume = 0.0625
   epoch 13:  17(SW) -> 11(SW)   volume = 0.0625
   epoch 13:  17(SW) -> 13(SW)   volume = 0.0625
   epoch 14:   2(gpu) ->  9(SW)   volume = 0.25
   epoch 14:   2(gpu) -> 12(SW)   volume = 0.25
   epoch 14:   8(SW) ->  0(gpu)   volume = 0.125
   epoch 14:   8(SW) ->  1(gpu)   volume = 0.125
   epoch 14:   9(SW) -> 14(SW)   volume = 0.125
   epoch 14:   9(SW) -> 15(SW)   volume = 0.125
   epoch 14:  11(SW) ->  1(gpu)   volume = 0.125
   epoch 14:  12(SW) -> 16(SW)   volume = 0.125
   epoch 14:  12(SW) -> 17(SW)   volume = 0.125
   epoch 14:  13(SW) ->  4(gpu)   volume = 0.125
   epoch 14:  14(SW) ->  8(SW)   volume = 0.125
   epoch 14:  15(SW) ->  8(SW)   volume = 0.125
   epoch 14:  16(SW) -> 11(SW)   volume = 0.0625
   epoch 14:  16(SW) -> 13(SW)   volume = 0.0625
   epoch 14:  17(SW) -> 11(SW)   volume = 0.0625
   epoch 14:  17(SW) -> 13(SW)   volume = 0.0625
   epoch 15:   2(gpu) ->  9(SW)   volume = 0.25
   epoch 15:   2(gpu) -> 12(SW)   volume = 0.25
   epoch 15:   8(SW) ->  0(gpu)   volume = 0.25
   epoch 15:   9(SW) -> 14(SW)   volume = 0.125
   epoch 15:   9(SW) -> 15(SW)   volume = 0.125
   epoch 15:  11(SW) ->  1(gpu)   volume = 0.25
   epoch 15:  12(SW) -> 16(SW)   volume = 0.125
   epoch 15:  12(SW) -> 17(SW)   volume = 0.125
   epoch 15:  14(SW) ->  8(SW)   volume = 0.125
   epoch 15:  15(SW) ->  8(SW)   volume = 0.125
   epoch 15:  16(SW) -> 11(SW)   volume = 0.125
   epoch 15:  17(SW) -> 11(SW)   volume = 0.125
   epoch 16:   2(gpu) ->  9(SW)   volume = 0.25
   epoch 16:   2(gpu) -> 12(SW)   volume = 0.25
   epoch 16:   8(SW) ->  1(gpu)   volume = 0.125
   epoch 16:   9(SW) -> 14(SW)   volume = 0.125
   epoch 16:   9(SW) -> 15(SW)   volume = 0.125
   epoch 16:  10(SW) ->  4(gpu)   volume = 0.125
   epoch 16:  11(SW) ->  0(gpu)   volume = 0.125
   epoch 16:  12(SW) -> 16(SW)   volume = 0.125
   epoch 16:  12(SW) -> 17(SW)   volume = 0.125
   epoch 16:  13(SW) ->  7(gpu)   volume = 0.125
   epoch 16:  14(SW) ->  8(SW)   volume = 0.0625
   epoch 16:  14(SW) -> 10(SW)   volume = 0.0625
   epoch 16:  15(SW) ->  8(SW)   volume = 0.0625
   epoch 16:  15(SW) -> 10(SW)   volume = 0.0625
   epoch 16:  16(SW) -> 11(SW)   volume = 0.0625
   epoch 16:  16(SW) -> 13(SW)   volume = 0.0625
   epoch 16:  17(SW) -> 11(SW)   volume = 0.0625
   epoch 16:  17(SW) -> 13(SW)   volume = 0.0625
   epoch 17:   2(gpu) ->  9(SW)   volume = 0.25
   epoch 17:   2(gpu) -> 12(SW)   volume = 0.25
   epoch 17:   9(SW) ->  3(gpu)   volume = 0.125
   epoch 17:   9(SW) -> 14(SW)   volume = 0.0625
   epoch 17:   9(SW) -> 15(SW)   volume = 0.0625
   epoch 17:  10(SW) ->  7(gpu)   volume = 0.125
   epoch 17:  12(SW) ->  3(gpu)   volume = 0.25
   epoch 17:  14(SW) -> 10(SW)   volume = 0.0625
   epoch 17:  15(SW) -> 10(SW)   volume = 0.0625
   epoch 18:   2(gpu) ->  9(SW)   volume = 0.25
   epoch 18:   2(gpu) -> 12(SW)   volume = 0.25
   epoch 18:   8(SW) ->  1(gpu)   volume = 0.125
   epoch 18:   9(SW) -> 14(SW)   volume = 0.125
   epoch 18:   9(SW) -> 15(SW)   volume = 0.125
   epoch 18:  10(SW) ->  4(gpu)   volume = 0.125
   epoch 18:  11(SW) ->  1(gpu)   volume = 0.125
   epoch 18:  12(SW) -> 16(SW)   volume = 0.125
   epoch 18:  12(SW) -> 17(SW)   volume = 0.125
   epoch 18:  13(SW) ->  4(gpu)   volume = 0.125
   epoch 18:  14(SW) ->  8(SW)   volume = 0.0625
   epoch 18:  14(SW) -> 10(SW)   volume = 0.0625
   epoch 18:  15(SW) ->  8(SW)   volume = 0.0625
   epoch 18:  15(SW) -> 10(SW)   volume = 0.0625
   epoch 18:  16(SW) -> 11(SW)   volume = 0.0625
   epoch 18:  16(SW) -> 13(SW)   volume = 0.0625
   epoch 18:  17(SW) -> 11(SW)   volume = 0.0625
   epoch 18:  17(SW) -> 13(SW)   volume = 0.0625
   epoch 19:   2(gpu) ->  9(SW)   volume = 0.25
   epoch 19:   2(gpu) -> 12(SW)   volume = 0.25
   epoch 19:   9(SW) ->  3(gpu)   volume = 0.25
   epoch 19:  12(SW) ->  3(gpu)   volume = 0.25
   epoch 20:   2(gpu) ->  9(SW)   volume = 0.25
   epoch 20:   2(gpu) -> 12(SW)   volume = 0.25
   epoch 20:   8(SW) ->  0(gpu)   volume = 0.125
   epoch 20:   9(SW) -> 14(SW)   volume = 0.125
   epoch 20:   9(SW) -> 15(SW)   volume = 0.125
   epoch 20:  10(SW) ->  4(gpu)   volume = 0.125
   epoch 20:  12(SW) -> 16(SW)   volume = 0.125
   epoch 20:  12(SW) -> 17(SW)   volume = 0.125
   epoch 20:  13(SW) ->  5(gpu)   volume = 0.125
   epoch 20:  13(SW) ->  7(gpu)   volume = 0.125
   epoch 20:  14(SW) ->  8(SW)   volume = 0.0625
   epoch 20:  14(SW) -> 10(SW)   volume = 0.0625
   epoch 20:  15(SW) ->  8(SW)   volume = 0.0625
   epoch 20:  15(SW) -> 10(SW)   volume = 0.0625
   epoch 20:  16(SW) -> 13(SW)   volume = 0.125
   epoch 20:  17(SW) -> 13(SW)   volume = 0.125
   epoch 21:   2(gpu) ->  9(SW)   volume = 0.25
   epoch 21:   2(gpu) -> 12(SW)   volume = 0.25
   epoch 21:   9(SW) ->  3(gpu)   volume = 0.25
   epoch 21:  12(SW) -> 16(SW)   volume = 0.125
   epoch 21:  12(SW) -> 17(SW)   volume = 0.125
   epoch 21:  13(SW) ->  4(gpu)   volume = 0.125
   epoch 21:  13(SW) ->  5(gpu)   volume = 0.125
   epoch 21:  16(SW) -> 13(SW)   volume = 0.125
   epoch 21:  17(SW) -> 13(SW)   volume = 0.125
   epoch 22:   2(gpu) ->  9(SW)   volume = 0.25
   epoch 22:   2(gpu) -> 12(SW)   volume = 0.25
   epoch 22:   8(SW) ->  1(gpu)   volume = 0.125
   epoch 22:   9(SW) -> 14(SW)   volume = 0.125
   epoch 22:   9(SW) -> 15(SW)   volume = 0.125
   epoch 22:  10(SW) ->  4(gpu)   volume = 0.125
   epoch 22:  12(SW) -> 16(SW)   volume = 0.125
   epoch 22:  12(SW) -> 17(SW)   volume = 0.125
   epoch 22:  13(SW) ->  5(gpu)   volume = 0.125
   epoch 22:  13(SW) ->  7(gpu)   volume = 0.125
   epoch 22:  14(SW) ->  8(SW)   volume = 0.0625
   epoch 22:  14(SW) -> 10(SW)   volume = 0.0625
   epoch 22:  15(SW) ->  8(SW)   volume = 0.0625
   epoch 22:  15(SW) -> 10(SW)   volume = 0.0625
   epoch 22:  16(SW) -> 13(SW)   volume = 0.125
   epoch 22:  17(SW) -> 13(SW)   volume = 0.125
   epoch 23:   2(gpu) ->  9(SW)   volume = 0.25
   epoch 23:   2(gpu) -> 12(SW)   volume = 0.25
   epoch 23:   8(SW) ->  0(gpu)   volume = 0.125
   epoch 23:   8(SW) ->  1(gpu)   volume = 0.125
   epoch 23:   9(SW) -> 14(SW)   volume = 0.125
   epoch 23:   9(SW) -> 15(SW)   volume = 0.125
   epoch 23:  11(SW) ->  0(gpu)   volume = 0.25
   epoch 23:  12(SW) -> 16(SW)   volume = 0.125
   epoch 23:  12(SW) -> 17(SW)   volume = 0.125
   epoch 23:  14(SW) ->  8(SW)   volume = 0.125
   epoch 23:  15(SW) ->  8(SW)   volume = 0.125
   epoch 23:  16(SW) -> 11(SW)   volume = 0.125
   epoch 23:  17(SW) -> 11(SW)   volume = 0.125
   epoch 24:   2(gpu) ->  9(SW)   volume = 0.25
   epoch 24:   2(gpu) -> 12(SW)   volume = 0.25
   epoch 24:   8(SW) ->  0(gpu)   volume = 0.125
   epoch 24:   9(SW) -> 14(SW)   volume = 0.125
   epoch 24:   9(SW) -> 15(SW)   volume = 0.125
   epoch 24:  10(SW) ->  6(gpu)   volume = 0.125
   epoch 24:  11(SW) ->  1(gpu)   volume = 0.125
   epoch 24:  12(SW) -> 16(SW)   volume = 0.125
   epoch 24:  12(SW) -> 17(SW)   volume = 0.125
   epoch 24:  13(SW) ->  5(gpu)   volume = 0.125
   epoch 24:  14(SW) ->  8(SW)   volume = 0.0625
   epoch 24:  14(SW) -> 10(SW)   volume = 0.0625
   epoch 24:  15(SW) ->  8(SW)   volume = 0.0625
   epoch 24:  15(SW) -> 10(SW)   volume = 0.0625
   epoch 24:  16(SW) -> 11(SW)   volume = 0.0625
   epoch 24:  16(SW) -> 13(SW)   volume = 0.0625
   epoch 24:  17(SW) -> 11(SW)   volume = 0.0625
   epoch 24:  17(SW) -> 13(SW)   volume = 0.0625
   epoch 25:   2(gpu) ->  9(SW)   volume = 0.25
   epoch 25:   2(gpu) -> 12(SW)   volume = 0.25
   epoch 25:   8(SW) ->  1(gpu)   volume = 0.125
   epoch 25:   9(SW) -> 14(SW)   volume = 0.125
   epoch 25:   9(SW) -> 15(SW)   volume = 0.125
   epoch 25:  10(SW) ->  7(gpu)   volume = 0.125
   epoch 25:  12(SW) -> 16(SW)   volume = 0.125
   epoch 25:  12(SW) -> 17(SW)   volume = 0.125
   epoch 25:  13(SW) ->  4(gpu)   volume = 0.125
   epoch 25:  13(SW) ->  6(gpu)   volume = 0.125
   epoch 25:  14(SW) ->  8(SW)   volume = 0.0625
   epoch 25:  14(SW) -> 10(SW)   volume = 0.0625
   epoch 25:  15(SW) ->  8(SW)   volume = 0.0625
   epoch 25:  15(SW) -> 10(SW)   volume = 0.0625
   epoch 25:  16(SW) -> 13(SW)   volume = 0.125
   epoch 25:  17(SW) -> 13(SW)   volume = 0.125
   epoch 26:   2(gpu) ->  9(SW)   volume = 0.25
   epoch 26:   2(gpu) -> 12(SW)   volume = 0.25
   epoch 26:   8(SW) ->  0(gpu)   volume = 0.125
   epoch 26:   8(SW) ->  1(gpu)   volume = 0.125
   epoch 26:   9(SW) -> 14(SW)   volume = 0.125
   epoch 26:   9(SW) -> 15(SW)   volume = 0.125
   epoch 26:  12(SW) -> 16(SW)   volume = 0.125
   epoch 26:  12(SW) -> 17(SW)   volume = 0.125
   epoch 26:  13(SW) ->  4(gpu)   volume = 0.125
   epoch 26:  13(SW) ->  6(gpu)   volume = 0.125
   epoch 26:  14(SW) ->  8(SW)   volume = 0.125
   epoch 26:  15(SW) ->  8(SW)   volume = 0.125
   epoch 26:  16(SW) -> 13(SW)   volume = 0.125
   epoch 26:  17(SW) -> 13(SW)   volume = 0.125
   epoch 27:   2(gpu) ->  9(SW)   volume = 0.25
   epoch 27:   2(gpu) -> 12(SW)   volume = 0.25
   epoch 27:   9(SW) -> 14(SW)   volume = 0.125
   epoch 27:   9(SW) -> 15(SW)   volume = 0.125
   epoch 27:  10(SW) ->  4(gpu)   volume = 0.125
   epoch 27:  10(SW) ->  5(gpu)   volume = 0.125
   epoch 27:  12(SW) -> 16(SW)   volume = 0.125
   epoch 27:  12(SW) -> 17(SW)   volume = 0.125
   epoch 27:  13(SW) ->  6(gpu)   volume = 0.125
   epoch 27:  13(SW) ->  7(gpu)   volume = 0.125
   epoch 27:  14(SW) -> 10(SW)   volume = 0.125
   epoch 27:  15(SW) -> 10(SW)   volume = 0.125
   epoch 27:  16(SW) -> 13(SW)   volume = 0.125
   epoch 27:  17(SW) -> 13(SW)   volume = 0.125
   epoch 28:   2(gpu) ->  9(SW)   volume = 0.25
   epoch 28:   2(gpu) -> 12(SW)   volume = 0.25
   epoch 28:   8(SW) ->  1(gpu)   volume = 0.125
   epoch 28:   9(SW) -> 14(SW)   volume = 0.125
   epoch 28:   9(SW) -> 15(SW)   volume = 0.125
   epoch 28:  10(SW) ->  6(gpu)   volume = 0.125
   epoch 28:  12(SW) -> 16(SW)   volume = 0.125
   epoch 28:  12(SW) -> 17(SW)   volume = 0.125
   epoch 28:  13(SW) ->  6(gpu)   volume = 0.125
   epoch 28:  13(SW) ->  7(gpu)   volume = 0.125
   epoch 28:  14(SW) ->  8(SW)   volume = 0.0625
   epoch 28:  14(SW) -> 10(SW)   volume = 0.0625
   epoch 28:  15(SW) ->  8(SW)   volume = 0.0625
   epoch 28:  15(SW) -> 10(SW)   volume = 0.0625
   epoch 28:  16(SW) -> 13(SW)   volume = 0.125
   epoch 28:  17(SW) -> 13(SW)   volume = 0.125
   epoch 29:   2(gpu) ->  9(SW)   volume = 0.25
   epoch 29:   2(gpu) -> 12(SW)   volume = 0.25
   epoch 29:   8(SW) ->  1(gpu)   volume = 0.125
   epoch 29:   9(SW) -> 14(SW)   volume = 0.125
   epoch 29:   9(SW) -> 15(SW)   volume = 0.125
   epoch 29:  10(SW) ->  7(gpu)   volume = 0.125
   epoch 29:  11(SW) ->  0(gpu)   volume = 0.25
   epoch 29:  12(SW) -> 16(SW)   volume = 0.125
   epoch 29:  12(SW) -> 17(SW)   volume = 0.125
   epoch 29:  14(SW) ->  8(SW)   volume = 0.0625
   epoch 29:  14(SW) -> 10(SW)   volume = 0.0625
   epoch 29:  15(SW) ->  8(SW)   volume = 0.0625
   epoch 29:  15(SW) -> 10(SW)   volume = 0.0625
   epoch 29:  16(SW) -> 11(SW)   volume = 0.125
   epoch 29:  17(SW) -> 11(SW)   volume = 0.125
   epoch 30:   2(gpu) ->  9(SW)   volume = 0.25
   epoch 30:   2(gpu) -> 12(SW)   volume = 0.25
   epoch 30:   8(SW) ->  0(gpu)   volume = 0.125
   epoch 30:   9(SW) -> 14(SW)   volume = 0.125
   epoch 30:   9(SW) -> 15(SW)   volume = 0.125
   epoch 30:  10(SW) ->  5(gpu)   volume = 0.125
   epoch 30:  11(SW) ->  1(gpu)   volume = 0.125
   epoch 30:  12(SW) -> 16(SW)   volume = 0.125
   epoch 30:  12(SW) -> 17(SW)   volume = 0.125
   epoch 30:  13(SW) ->  7(gpu)   volume = 0.125
   epoch 30:  14(SW) ->  8(SW)   volume = 0.0625
   epoch 30:  14(SW) -> 10(SW)   volume = 0.0625
   epoch 30:  15(SW) ->  8(SW)   volume = 0.0625
   epoch 30:  15(SW) -> 10(SW)   volume = 0.0625
   epoch 30:  16(SW) -> 11(SW)   volume = 0.0625
   epoch 30:  16(SW) -> 13(SW)   volume = 0.0625
   epoch 30:  17(SW) -> 11(SW)   volume = 0.0625
   epoch 30:  17(SW) -> 13(SW)   volume = 0.0625
   epoch 31:   2(gpu) ->  9(SW)   volume = 0.25
   epoch 31:   2(gpu) -> 12(SW)   volume = 0.25
   epoch 31:   8(SW) ->  1(gpu)   volume = 0.125
   epoch 31:   9(SW) -> 14(SW)   volume = 0.125
   epoch 31:   9(SW) -> 15(SW)   volume = 0.125
   epoch 31:  10(SW) ->  5(gpu)   volume = 0.125
   epoch 31:  11(SW) ->  0(gpu)   volume = 0.125
   epoch 31:  12(SW) -> 16(SW)   volume = 0.125
   epoch 31:  12(SW) -> 17(SW)   volume = 0.125
   epoch 31:  13(SW) ->  7(gpu)   volume = 0.125
   epoch 31:  14(SW) ->  8(SW)   volume = 0.0625
   epoch 31:  14(SW) -> 10(SW)   volume = 0.0625
   epoch 31:  15(SW) ->  8(SW)   volume = 0.0625
   epoch 31:  15(SW) -> 10(SW)   volume = 0.0625
   epoch 31:  16(SW) -> 11(SW)   volume = 0.0625
   epoch 31:  16(SW) -> 13(SW)   volume = 0.0625
   epoch 31:  17(SW) -> 11(SW)   volume = 0.0625
   epoch 31:  17(SW) -> 13(SW)   volume = 0.0625
   epoch 32:   2(gpu) ->  9(SW)   volume = 0.25
   epoch 32:   2(gpu) -> 12(SW)   volume = 0.25
   epoch 32:   9(SW) -> 14(SW)   volume = 0.125
   epoch 32:   9(SW) -> 15(SW)   volume = 0.125
   epoch 32:  10(SW) ->  4(gpu)   volume = 0.125
   epoch 32:  10(SW) ->  7(gpu)   volume = 0.125
   epoch 32:  12(SW) -> 16(SW)   volume = 0.125
   epoch 32:  12(SW) -> 17(SW)   volume = 0.125
   epoch 32:  13(SW) ->  5(gpu)   volume = 0.125
   epoch 32:  13(SW) ->  6(gpu)   volume = 0.125
   epoch 32:  14(SW) -> 10(SW)   volume = 0.125
   epoch 32:  15(SW) -> 10(SW)   volume = 0.125
   epoch 32:  16(SW) -> 13(SW)   volume = 0.125
   epoch 32:  17(SW) -> 13(SW)   volume = 0.125
   epoch 33:   2(gpu) ->  9(SW)   volume = 0.25
   epoch 33:   2(gpu) -> 12(SW)   volume = 0.25
   epoch 33:   8(SW) ->  1(gpu)   volume = 0.125
   epoch 33:   9(SW) -> 14(SW)   volume = 0.125
   epoch 33:   9(SW) -> 15(SW)   volume = 0.125
   epoch 33:  10(SW) ->  5(gpu)   volume = 0.125
   epoch 33:  12(SW) -> 16(SW)   volume = 0.125
   epoch 33:  12(SW) -> 17(SW)   volume = 0.125
   epoch 33:  13(SW) ->  5(gpu)   volume = 0.125
   epoch 33:  13(SW) ->  6(gpu)   volume = 0.125
   epoch 33:  14(SW) ->  8(SW)   volume = 0.0625
   epoch 33:  14(SW) -> 10(SW)   volume = 0.0625
   epoch 33:  15(SW) ->  8(SW)   volume = 0.0625
   epoch 33:  15(SW) -> 10(SW)   volume = 0.0625
   epoch 33:  16(SW) -> 13(SW)   volume = 0.125
   epoch 33:  17(SW) -> 13(SW)   volume = 0.125
   epoch 34:   2(gpu) ->  9(SW)   volume = 0.25
   epoch 34:   2(gpu) -> 12(SW)   volume = 0.25
   epoch 34:   9(SW) ->  3(gpu)   volume = 0.25
   epoch 34:  12(SW) ->  3(gpu)   volume = 0.25
   epoch 35:   2(gpu) ->  9(SW)   volume = 0.25
   epoch 35:   2(gpu) -> 12(SW)   volume = 0.25
   epoch 35:   8(SW) ->  0(gpu)   volume = 0.125
   epoch 35:   9(SW) -> 14(SW)   volume = 0.125
   epoch 35:   9(SW) -> 15(SW)   volume = 0.125
   epoch 35:  10(SW) ->  5(gpu)   volume = 0.125
   epoch 35:  11(SW) ->  0(gpu)   volume = 0.125
   epoch 35:  12(SW) -> 16(SW)   volume = 0.125
   epoch 35:  12(SW) -> 17(SW)   volume = 0.125
   epoch 35:  13(SW) ->  7(gpu)   volume = 0.125
   epoch 35:  14(SW) ->  8(SW)   volume = 0.0625
   epoch 35:  14(SW) -> 10(SW)   volume = 0.0625
   epoch 35:  15(SW) ->  8(SW)   volume = 0.0625
   epoch 35:  15(SW) -> 10(SW)   volume = 0.0625
   epoch 35:  16(SW) -> 11(SW)   volume = 0.0625
   epoch 35:  16(SW) -> 13(SW)   volume = 0.0625
   epoch 35:  17(SW) -> 11(SW)   volume = 0.0625
   epoch 35:  17(SW) -> 13(SW)   volume = 0.0625
   epoch 36:   2(gpu) ->  9(SW)   volume = 0.25
   epoch 36:   2(gpu) -> 12(SW)   volume = 0.25
   epoch 36:   9(SW) -> 14(SW)   volume = 0.125
   epoch 36:   9(SW) -> 15(SW)   volume = 0.125
   epoch 36:  10(SW) ->  6(gpu)   volume = 0.125
   epoch 36:  10(SW) ->  7(gpu)   volume = 0.125
   epoch 36:  11(SW) ->  1(gpu)   volume = 0.25
   epoch 36:  12(SW) -> 16(SW)   volume = 0.125
   epoch 36:  12(SW) -> 17(SW)   volume = 0.125
   epoch 36:  14(SW) -> 10(SW)   volume = 0.125
   epoch 36:  15(SW) -> 10(SW)   volume = 0.125
   epoch 36:  16(SW) -> 11(SW)   volume = 0.125
   epoch 36:  17(SW) -> 11(SW)   volume = 0.125
   epoch 37:   2(gpu) ->  9(SW)   volume = 0.25
   epoch 37:   2(gpu) -> 12(SW)   volume = 0.25
   epoch 37:   8(SW) ->  1(gpu)   volume = 0.125
   epoch 37:   9(SW) -> 14(SW)   volume = 0.125
   epoch 37:   9(SW) -> 15(SW)   volume = 0.125
   epoch 37:  10(SW) ->  6(gpu)   volume = 0.125
   epoch 37:  11(SW) ->  0(gpu)   volume = 0.125
   epoch 37:  12(SW) -> 16(SW)   volume = 0.125
   epoch 37:  12(SW) -> 17(SW)   volume = 0.125
   epoch 37:  13(SW) ->  6(gpu)   volume = 0.125
   epoch 37:  14(SW) ->  8(SW)   volume = 0.0625
   epoch 37:  14(SW) -> 10(SW)   volume = 0.0625
   epoch 37:  15(SW) ->  8(SW)   volume = 0.0625
   epoch 37:  15(SW) -> 10(SW)   volume = 0.0625
   epoch 37:  16(SW) -> 11(SW)   volume = 0.0625
   epoch 37:  16(SW) -> 13(SW)   volume = 0.0625
   epoch 37:  17(SW) -> 11(SW)   volume = 0.0625
   epoch 37:  17(SW) -> 13(SW)   volume = 0.0625
   epoch 38:   2(gpu) ->  9(SW)   volume = 0.25
   epoch 38:   2(gpu) -> 12(SW)   volume = 0.25
   epoch 38:   8(SW) ->  0(gpu)   volume = 0.25
   epoch 38:   9(SW) -> 14(SW)   volume = 0.125
   epoch 38:   9(SW) -> 15(SW)   volume = 0.125
   epoch 38:  11(SW) ->  1(gpu)   volume = 0.25
   epoch 38:  12(SW) -> 16(SW)   volume = 0.125
   epoch 38:  12(SW) -> 17(SW)   volume = 0.125
   epoch 38:  14(SW) ->  8(SW)   volume = 0.125
   epoch 38:  15(SW) ->  8(SW)   volume = 0.125
   epoch 38:  16(SW) -> 11(SW)   volume = 0.125
   epoch 38:  17(SW) -> 11(SW)   volume = 0.125
   epoch 39:   2(gpu) ->  9(SW)   volume = 0.25
   epoch 39:   2(gpu) -> 12(SW)   volume = 0.25
   epoch 39:   9(SW) ->  3(gpu)   volume = 0.25
   epoch 39:  12(SW) ->  3(gpu)   volume = 0.25

-- source 3 --
   epoch 0:   3(gpu) ->  9(SW)   volume = 0.25
   epoch 0:   3(gpu) -> 12(SW)   volume = 0.25
   epoch 0:   9(SW) ->  2(gpu)   volume = 0.25
   epoch 0:  12(SW) ->  2(gpu)   volume = 0.25
   epoch 1:   3(gpu) ->  9(SW)   volume = 0.25
   epoch 1:   3(gpu) -> 12(SW)   volume = 0.25
   epoch 1:   9(SW) ->  2(gpu)   volume = 0.25
   epoch 1:  12(SW) ->  2(gpu)   volume = 0.125
   epoch 1:  12(SW) -> 16(SW)   volume = 0.0625
   epoch 1:  12(SW) -> 17(SW)   volume = 0.0625
   epoch 1:  13(SW) ->  5(gpu)   volume = 0.125
   epoch 1:  16(SW) -> 13(SW)   volume = 0.0625
   epoch 1:  17(SW) -> 13(SW)   volume = 0.0625
   epoch 2:   3(gpu) ->  9(SW)   volume = 0.25
   epoch 2:   3(gpu) -> 12(SW)   volume = 0.25
   epoch 2:   9(SW) ->  2(gpu)   volume = 0.125
   epoch 2:   9(SW) -> 14(SW)   volume = 0.0625
   epoch 2:   9(SW) -> 15(SW)   volume = 0.0625
   epoch 2:  10(SW) ->  7(gpu)   volume = 0.125
   epoch 2:  12(SW) -> 16(SW)   volume = 0.125
   epoch 2:  12(SW) -> 17(SW)   volume = 0.125
   epoch 2:  13(SW) ->  6(gpu)   volume = 0.125
   epoch 2:  13(SW) ->  7(gpu)   volume = 0.125
   epoch 2:  14(SW) -> 10(SW)   volume = 0.0625
   epoch 2:  15(SW) -> 10(SW)   volume = 0.0625
   epoch 2:  16(SW) -> 13(SW)   volume = 0.125
   epoch 2:  17(SW) -> 13(SW)   volume = 0.125
   epoch 3:   3(gpu) ->  9(SW)   volume = 0.25
   epoch 3:   3(gpu) -> 12(SW)   volume = 0.25
   epoch 3:   9(SW) -> 14(SW)   volume = 0.125
   epoch 3:   9(SW) -> 15(SW)   volume = 0.125
   epoch 3:  10(SW) ->  6(gpu)   volume = 0.125
   epoch 3:  10(SW) ->  7(gpu)   volume = 0.125
   epoch 3:  11(SW) ->  0(gpu)   volume = 0.125
   epoch 3:  12(SW) -> 16(SW)   volume = 0.125
   epoch 3:  12(SW) -> 17(SW)   volume = 0.125
   epoch 3:  13(SW) ->  6(gpu)   volume = 0.125
   epoch 3:  14(SW) -> 10(SW)   volume = 0.125
   epoch 3:  15(SW) -> 10(SW)   volume = 0.125
   epoch 3:  16(SW) -> 11(SW)   volume = 0.0625
   epoch 3:  16(SW) -> 13(SW)   volume = 0.0625
   epoch 3:  17(SW) -> 11(SW)   volume = 0.0625
   epoch 3:  17(SW) -> 13(SW)   volume = 0.0625
   epoch 4:   3(gpu) ->  9(SW)   volume = 0.25
   epoch 4:   3(gpu) -> 12(SW)   volume = 0.25
   epoch 4:   9(SW) ->  2(gpu)   volume = 0.25
   epoch 4:  12(SW) ->  2(gpu)   volume = 0.25
   epoch 5:   3(gpu) ->  9(SW)   volume = 0.25
   epoch 5:   3(gpu) -> 12(SW)   volume = 0.25
   epoch 5:   8(SW) ->  0(gpu)   volume = 0.25
   epoch 5:   9(SW) -> 14(SW)   volume = 0.125
   epoch 5:   9(SW) -> 15(SW)   volume = 0.125
   epoch 5:  12(SW) -> 16(SW)   volume = 0.125
   epoch 5:  12(SW) -> 17(SW)   volume = 0.125
   epoch 5:  13(SW) ->  5(gpu)   volume = 0.125
   epoch 5:  13(SW) ->  6(gpu)   volume = 0.125
   epoch 5:  14(SW) ->  8(SW)   volume = 0.125
   epoch 5:  15(SW) ->  8(SW)   volume = 0.125
   epoch 5:  16(SW) -> 13(SW)   volume = 0.125
   epoch 5:  17(SW) -> 13(SW)   volume = 0.125
   epoch 6:   3(gpu) ->  9(SW)   volume = 0.25
   epoch 6:   3(gpu) -> 12(SW)   volume = 0.25
   epoch 6:   9(SW) -> 14(SW)   volume = 0.125
   epoch 6:   9(SW) -> 15(SW)   volume = 0.125
   epoch 6:  10(SW) ->  4(gpu)   volume = 0.125
   epoch 6:  10(SW) ->  6(gpu)   volume = 0.125
   epoch 6:  11(SW) ->  0(gpu)   volume = 0.125
   epoch 6:  12(SW) -> 16(SW)   volume = 0.125
   epoch 6:  12(SW) -> 17(SW)   volume = 0.125
   epoch 6:  13(SW) ->  7(gpu)   volume = 0.125
   epoch 6:  14(SW) -> 10(SW)   volume = 0.125
   epoch 6:  15(SW) -> 10(SW)   volume = 0.125
   epoch 6:  16(SW) -> 11(SW)   volume = 0.0625
   epoch 6:  16(SW) -> 13(SW)   volume = 0.0625
   epoch 6:  17(SW) -> 11(SW)   volume = 0.0625
   epoch 6:  17(SW) -> 13(SW)   volume = 0.0625
   epoch 7:   3(gpu) ->  9(SW)   volume = 0.25
   epoch 7:   3(gpu) -> 12(SW)   volume = 0.25
   epoch 7:   9(SW) -> 14(SW)   volume = 0.125
   epoch 7:   9(SW) -> 15(SW)   volume = 0.125
   epoch 7:  10(SW) ->  4(gpu)   volume = 0.125
   epoch 7:  10(SW) ->  7(gpu)   volume = 0.125
   epoch 7:  11(SW) ->  0(gpu)   volume = 0.125
   epoch 7:  12(SW) -> 16(SW)   volume = 0.125
   epoch 7:  12(SW) -> 17(SW)   volume = 0.125
   epoch 7:  13(SW) ->  7(gpu)   volume = 0.125
   epoch 7:  14(SW) -> 10(SW)   volume = 0.125
   epoch 7:  15(SW) -> 10(SW)   volume = 0.125
   epoch 7:  16(SW) -> 11(SW)   volume = 0.0625
   epoch 7:  16(SW) -> 13(SW)   volume = 0.0625
   epoch 7:  17(SW) -> 11(SW)   volume = 0.0625
   epoch 7:  17(SW) -> 13(SW)   volume = 0.0625
   epoch 8:   3(gpu) ->  9(SW)   volume = 0.25
   epoch 8:   3(gpu) -> 12(SW)   volume = 0.25
   epoch 8:   8(SW) ->  1(gpu)   volume = 0.125
   epoch 8:   9(SW) -> 14(SW)   volume = 0.125
   epoch 8:   9(SW) -> 15(SW)   volume = 0.125
   epoch 8:  10(SW) ->  6(gpu)   volume = 0.125
   epoch 8:  11(SW) ->  1(gpu)   volume = 0.125
   epoch 8:  12(SW) -> 16(SW)   volume = 0.125
   epoch 8:  12(SW) -> 17(SW)   volume = 0.125
   epoch 8:  13(SW) ->  6(gpu)   volume = 0.125
   epoch 8:  14(SW) ->  8(SW)   volume = 0.0625
   epoch 8:  14(SW) -> 10(SW)   volume = 0.0625
   epoch 8:  15(SW) ->  8(SW)   volume = 0.0625
   epoch 8:  15(SW) -> 10(SW)   volume = 0.0625
   epoch 8:  16(SW) -> 11(SW)   volume = 0.0625
   epoch 8:  16(SW) -> 13(SW)   volume = 0.0625
   epoch 8:  17(SW) -> 11(SW)   volume = 0.0625
   epoch 8:  17(SW) -> 13(SW)   volume = 0.0625
   epoch 9:   3(gpu) ->  9(SW)   volume = 0.25
   epoch 9:   3(gpu) -> 12(SW)   volume = 0.25
   epoch 9:   9(SW) ->  2(gpu)   volume = 0.25
   epoch 9:  12(SW) ->  2(gpu)   volume = 0.25
   epoch 10:   3(gpu) ->  9(SW)   volume = 0.25
   epoch 10:   3(gpu) -> 12(SW)   volume = 0.25
   epoch 10:   8(SW) ->  1(gpu)   volume = 0.125
   epoch 10:   9(SW) -> 14(SW)   volume = 0.125
   epoch 10:   9(SW) -> 15(SW)   volume = 0.125
   epoch 10:  10(SW) ->  5(gpu)   volume = 0.125
   epoch 10:  12(SW) -> 16(SW)   volume = 0.125
   epoch 10:  12(SW) -> 17(SW)   volume = 0.125
   epoch 10:  13(SW) ->  5(gpu)   volume = 0.125
   epoch 10:  13(SW) ->  6(gpu)   volume = 0.125
   epoch 10:  14(SW) ->  8(SW)   volume = 0.0625
   epoch 10:  14(SW) -> 10(SW)   volume = 0.0625
   epoch 10:  15(SW) ->  8(SW)   volume = 0.0625
   epoch 10:  15(SW) -> 10(SW)   volume = 0.0625
   epoch 10:  16(SW) -> 13(SW)   volume = 0.125
   epoch 10:  17(SW) -> 13(SW)   volume = 0.125
   epoch 11:   3(gpu) ->  9(SW)   volume = 0.25
   epoch 11:   3(gpu) -> 12(SW)   volume = 0.25
   epoch 11:   8(SW) ->  1(gpu)   volume = 0.125
   epoch 11:   9(SW) -> 14(SW)   volume = 0.125
   epoch 11:   9(SW) -> 15(SW)   volume = 0.125
   epoch 11:  10(SW) ->  4(gpu)   volume = 0.125
   epoch 11:  11(SW) ->  1(gpu)   volume = 0.125
   epoch 11:  12(SW) -> 16(SW)   volume = 0.125
   epoch 11:  12(SW) -> 17(SW)   volume = 0.125
   epoch 11:  13(SW) ->  7(gpu)   volume = 0.125
   epoch 11:  14(SW) ->  8(SW)   volume = 0.0625
   epoch 11:  14(SW) -> 10(SW)   volume = 0.0625
   epoch 11:  15(SW) ->  8(SW)   volume = 0.0625
   epoch 11:  15(SW) -> 10(SW)   volume = 0.0625
   epoch 11:  16(SW) -> 11(SW)   volume = 0.0625
   epoch 11:  16(SW) -> 13(SW)   volume = 0.0625
   epoch 11:  17(SW) -> 11(SW)   volume = 0.0625
   epoch 11:  17(SW) -> 13(SW)   volume = 0.0625
   epoch 12:   3(gpu) ->  9(SW)   volume = 0.25
   epoch 12:   3(gpu) -> 12(SW)   volume = 0.25
   epoch 12:   8(SW) ->  0(gpu)   volume = 0.125
   epoch 12:   8(SW) ->  1(gpu)   volume = 0.125
   epoch 12:   9(SW) -> 14(SW)   volume = 0.125
   epoch 12:   9(SW) -> 15(SW)   volume = 0.125
   epoch 12:  12(SW) -> 16(SW)   volume = 0.125
   epoch 12:  12(SW) -> 17(SW)   volume = 0.125
   epoch 12:  13(SW) ->  4(gpu)   volume = 0.125
   epoch 12:  13(SW) ->  6(gpu)   volume = 0.125
   epoch 12:  14(SW) ->  8(SW)   volume = 0.125
   epoch 12:  15(SW) ->  8(SW)   volume = 0.125
   epoch 12:  16(SW) -> 13(SW)   volume = 0.125
   epoch 12:  17(SW) -> 13(SW)   volume = 0.125
   epoch 13:   3(gpu) ->  9(SW)   volume = 0.25
   epoch 13:   3(gpu) -> 12(SW)   volume = 0.25
   epoch 13:   9(SW) -> 14(SW)   volume = 0.125
   epoch 13:   9(SW) -> 15(SW)   volume = 0.125
   epoch 13:  10(SW) ->  5(gpu)   volume = 0.125
   epoch 13:  10(SW) ->  7(gpu)   volume = 0.125
   epoch 13:  11(SW) ->  0(gpu)   volume = 0.125
   epoch 13:  12(SW) -> 16(SW)   volume = 0.125
   epoch 13:  12(SW) -> 17(SW)   volume = 0.125
   epoch 13:  13(SW) ->  5(gpu)   volume = 0.125
   epoch 13:  14(SW) -> 10(SW)   volume = 0.125
   epoch 13:  15(SW) -> 10(SW)   volume = 0.125
   epoch 13:  16(SW) -> 11(SW)   volume = 0.0625
   epoch 13:  16(SW) -> 13(SW)   volume = 0.0625
   epoch 13:  17(SW) -> 11(SW)   volume = 0.0625
   epoch 13:  17(SW) -> 13(SW)   volume = 0.0625
   epoch 14:   3(gpu) ->  9(SW)   volume = 0.25
   epoch 14:   3(gpu) -> 12(SW)   volume = 0.25
   epoch 14:   8(SW) ->  0(gpu)   volume = 0.125
   epoch 14:   9(SW) -> 14(SW)   volume = 0.125
   epoch 14:   9(SW) -> 15(SW)   volume = 0.125
   epoch 14:  10(SW) ->  6(gpu)   volume = 0.125
   epoch 14:  11(SW) ->  0(gpu)   volume = 0.125
   epoch 14:  12(SW) -> 16(SW)   volume = 0.125
   epoch 14:  12(SW) -> 17(SW)   volume = 0.125
   epoch 14:  13(SW) ->  6(gpu)   volume = 0.125
   epoch 14:  14(SW) ->  8(SW)   volume = 0.0625
   epoch 14:  14(SW) -> 10(SW)   volume = 0.0625
   epoch 14:  15(SW) ->  8(SW)   volume = 0.0625
   epoch 14:  15(SW) -> 10(SW)   volume = 0.0625
   epoch 14:  16(SW) -> 11(SW)   volume = 0.0625
   epoch 14:  16(SW) -> 13(SW)   volume = 0.0625
   epoch 14:  17(SW) -> 11(SW)   volume = 0.0625
   epoch 14:  17(SW) -> 13(SW)   volume = 0.0625
   epoch 15:   3(gpu) ->  9(SW)   volume = 0.25
   epoch 15:   3(gpu) -> 12(SW)   volume = 0.25
   epoch 15:   8(SW) ->  1(gpu)   volume = 0.25
   epoch 15:   9(SW) -> 14(SW)   volume = 0.125
   epoch 15:   9(SW) -> 15(SW)   volume = 0.125
   epoch 15:  11(SW) ->  0(gpu)   volume = 0.25
   epoch 15:  12(SW) -> 16(SW)   volume = 0.125
   epoch 15:  12(SW) -> 17(SW)   volume = 0.125
   epoch 15:  14(SW) ->  8(SW)   volume = 0.125
   epoch 15:  15(SW) ->  8(SW)   volume = 0.125
   epoch 15:  16(SW) -> 11(SW)   volume = 0.125
   epoch 15:  17(SW) -> 11(SW)   volume = 0.125
   epoch 16:   3(gpu) ->  9(SW)   volume = 0.25
   epoch 16:   3(gpu) -> 12(SW)   volume = 0.25
   epoch 16:   9(SW) -> 14(SW)   volume = 0.125
   epoch 16:   9(SW) -> 15(SW)   volume = 0.125
   epoch 16:  10(SW) ->  5(gpu)   volume = 0.125
   epoch 16:  10(SW) ->  7(gpu)   volume = 0.125
   epoch 16:  11(SW) ->  0(gpu)   volume = 0.125
   epoch 16:  12(SW) -> 16(SW)   volume = 0.125
   epoch 16:  12(SW) -> 17(SW)   volume = 0.125
   epoch 16:  13(SW) ->  5(gpu)   volume = 0.125
   epoch 16:  14(SW) -> 10(SW)   volume = 0.125
   epoch 16:  15(SW) -> 10(SW)   volume = 0.125
   epoch 16:  16(SW) -> 11(SW)   volume = 0.0625
   epoch 16:  16(SW) -> 13(SW)   volume = 0.0625
   epoch 16:  17(SW) -> 11(SW)   volume = 0.0625
   epoch 16:  17(SW) -> 13(SW)   volume = 0.0625
   epoch 17:   3(gpu) ->  9(SW)   volume = 0.25
   epoch 17:   3(gpu) -> 12(SW)   volume = 0.25
   epoch 17:   9(SW) ->  2(gpu)   volume = 0.125
   epoch 17:   9(SW) -> 14(SW)   volume = 0.0625
   epoch 17:   9(SW) -> 15(SW)   volume = 0.0625
   epoch 17:  10(SW) ->  5(gpu)   volume = 0.125
   epoch 17:  12(SW) ->  2(gpu)   volume = 0.125
   epoch 17:  12(SW) -> 16(SW)   volume = 0.0625
   epoch 17:  12(SW) -> 17(SW)   volume = 0.0625
   epoch 17:  13(SW) ->  4(gpu)   volume = 0.125
   epoch 17:  14(SW) -> 10(SW)   volume = 0.0625
   epoch 17:  15(SW) -> 10(SW)   volume = 0.0625
   epoch 17:  16(SW) -> 13(SW)   volume = 0.0625
   epoch 17:  17(SW) -> 13(SW)   volume = 0.0625
   epoch 18:   3(gpu) ->  9(SW)   volume = 0.25
   epoch 18:   3(gpu) -> 12(SW)   volume = 0.25
   epoch 18:   8(SW) ->  1(gpu)   volume = 0.125
   epoch 18:   9(SW) -> 14(SW)   volume = 0.125
   epoch 18:   9(SW) -> 15(SW)   volume = 0.125
   epoch 18:  10(SW) ->  6(gpu)   volume = 0.125
   epoch 18:  11(SW) ->  0(gpu)   volume = 0.125
   epoch 18:  12(SW) -> 16(SW)   volume = 0.125
   epoch 18:  12(SW) -> 17(SW)   volume = 0.125
   epoch 18:  13(SW) ->  7(gpu)   volume = 0.125
   epoch 18:  14(SW) ->  8(SW)   volume = 0.0625
   epoch 18:  14(SW) -> 10(SW)   volume = 0.0625
   epoch 18:  15(SW) ->  8(SW)   volume = 0.0625
   epoch 18:  15(SW) -> 10(SW)   volume = 0.0625
   epoch 18:  16(SW) -> 11(SW)   volume = 0.0625
   epoch 18:  16(SW) -> 13(SW)   volume = 0.0625
   epoch 18:  17(SW) -> 11(SW)   volume = 0.0625
   epoch 18:  17(SW) -> 13(SW)   volume = 0.0625
   epoch 19:   3(gpu) ->  9(SW)   volume = 0.25
   epoch 19:   3(gpu) -> 12(SW)   volume = 0.25
   epoch 19:   9(SW) ->  2(gpu)   volume = 0.25
   epoch 19:  12(SW) ->  2(gpu)   volume = 0.25
   epoch 20:   3(gpu) ->  9(SW)   volume = 0.25
   epoch 20:   3(gpu) -> 12(SW)   volume = 0.25
   epoch 20:   8(SW) ->  0(gpu)   volume = 0.125
   epoch 20:   8(SW) ->  1(gpu)   volume = 0.125
   epoch 20:   9(SW) -> 14(SW)   volume = 0.125
   epoch 20:   9(SW) -> 15(SW)   volume = 0.125
   epoch 20:  11(SW) ->  1(gpu)   volume = 0.125
   epoch 20:  12(SW) -> 16(SW)   volume = 0.125
   epoch 20:  12(SW) -> 17(SW)   volume = 0.125
   epoch 20:  13(SW) ->  6(gpu)   volume = 0.125
   epoch 20:  14(SW) ->  8(SW)   volume = 0.125
   epoch 20:  15(SW) ->  8(SW)   volume = 0.125
   epoch 20:  16(SW) -> 11(SW)   volume = 0.0625
   epoch 20:  16(SW) -> 13(SW)   volume = 0.0625
   epoch 20:  17(SW) -> 11(SW)   volume = 0.0625
   epoch 20:  17(SW) -> 13(SW)   volume = 0.0625
   epoch 21:   3(gpu) ->  9(SW)   volume = 0.25
   epoch 21:   3(gpu) -> 12(SW)   volume = 0.25
   epoch 21:   9(SW) ->  2(gpu)   volume = 0.125
   epoch 21:   9(SW) -> 14(SW)   volume = 0.0625
   epoch 21:   9(SW) -> 15(SW)   volume = 0.0625
   epoch 21:  10(SW) ->  4(gpu)   volume = 0.125
   epoch 21:  12(SW) ->  2(gpu)   volume = 0.125
   epoch 21:  12(SW) -> 16(SW)   volume = 0.0625
   epoch 21:  12(SW) -> 17(SW)   volume = 0.0625
   epoch 21:  13(SW) ->  7(gpu)   volume = 0.125
   epoch 21:  14(SW) -> 10(SW)   volume = 0.0625
   epoch 21:  15(SW) -> 10(SW)   volume = 0.0625
   epoch 21:  16(SW) -> 13(SW)   volume = 0.0625
   epoch 21:  17(SW) -> 13(SW)   volume = 0.0625
   epoch 22:   3(gpu) ->  9(SW)   volume = 0.25
   epoch 22:   3(gpu) -> 12(SW)   volume = 0.25
   epoch 22:   8(SW) ->  0(gpu)   volume = 0.125
   epoch 22:   9(SW) -> 14(SW)   volume = 0.125
   epoch 22:   9(SW) -> 15(SW)   volume = 0.125
   epoch 22:  10(SW) ->  6(gpu)   volume = 0.125
   epoch 22:  11(SW) ->  0(gpu)   volume = 0.125
   epoch 22:  11(SW) ->  1(gpu)   volume = 0.125
   epoch 22:  12(SW) -> 16(SW)   volume = 0.125
   epoch 22:  12(SW) -> 17(SW)   volume = 0.125
   epoch 22:  14(SW) ->  8(SW)   volume = 0.0625
   epoch 22:  14(SW) -> 10(SW)   volume = 0.0625
   epoch 22:  15(SW) ->  8(SW)   volume = 0.0625
   epoch 22:  15(SW) -> 10(SW)   volume = 0.0625
   epoch 22:  16(SW) -> 11(SW)   volume = 0.125
   epoch 22:  17(SW) -> 11(SW)   volume = 0.125
   epoch 23:   3(gpu) ->  9(SW)   volume = 0.25
   epoch 23:   3(gpu) -> 12(SW)   volume = 0.25
   epoch 23:   9(SW) -> 14(SW)   volume = 0.125
   epoch 23:   9(SW) -> 15(SW)   volume = 0.125
   epoch 23:  10(SW) ->  4(gpu)   volume = 0.125
   epoch 23:  10(SW) ->  7(gpu)   volume = 0.125
   epoch 23:  11(SW) ->  1(gpu)   volume = 0.125
   epoch 23:  12(SW) -> 16(SW)   volume = 0.125
   epoch 23:  12(SW) -> 17(SW)   volume = 0.125
   epoch 23:  13(SW) ->  5(gpu)   volume = 0.125
   epoch 23:  14(SW) -> 10(SW)   volume = 0.125
   epoch 23:  15(SW) -> 10(SW)   volume = 0.125
   epoch 23:  16(SW) -> 11(SW)   volume = 0.0625
   epoch 23:  16(SW) -> 13(SW)   volume = 0.0625
   epoch 23:  17(SW) -> 11(SW)   volume = 0.0625
   epoch 23:  17(SW) -> 13(SW)   volume = 0.0625
   epoch 24:   3(gpu) ->  9(SW)   volume = 0.25
   epoch 24:   3(gpu) -> 12(SW)   volume = 0.25
   epoch 24:   8(SW) ->  0(gpu)   volume = 0.125
   epoch 24:   9(SW) -> 14(SW)   volume = 0.125
   epoch 24:   9(SW) -> 15(SW)   volume = 0.125
   epoch 24:  10(SW) ->  7(gpu)   volume = 0.125
   epoch 24:  12(SW) -> 16(SW)   volume = 0.125
   epoch 24:  12(SW) -> 17(SW)   volume = 0.125
   epoch 24:  13(SW) ->  4(gpu)   volume = 0.125
   epoch 24:  13(SW) ->  7(gpu)   volume = 0.125
   epoch 24:  14(SW) ->  8(SW)   volume = 0.0625
   epoch 24:  14(SW) -> 10(SW)   volume = 0.0625
   epoch 24:  15(SW) ->  8(SW)   volume = 0.0625
   epoch 24:  15(SW) -> 10(SW)   volume = 0.0625
   epoch 24:  16(SW) -> 13(SW)   volume = 0.125
   epoch 24:  17(SW) -> 13(SW)   volume = 0.125
   epoch 25:   3(gpu) ->  9(SW)   volume = 0.25
   epoch 25:   3(gpu) -> 12(SW)   volume = 0.25
   epoch 25:   8(SW) ->  0(gpu)   volume = 0.125
   epoch 25:   9(SW) -> 14(SW)   volume = 0.125
   epoch 25:   9(SW) -> 15(SW)   volume = 0.125
   epoch 25:  10(SW) ->  5(gpu)   volume = 0.125
   epoch 25:  11(SW) ->  0(gpu)   volume = 0.125
   epoch 25:  11(SW) ->  1(gpu)   volume = 0.125
   epoch 25:  12(SW) -> 16(SW)   volume = 0.125
   epoch 25:  12(SW) -> 17(SW)   volume = 0.125
   epoch 25:  14(SW) ->  8(SW)   volume = 0.0625
   epoch 25:  14(SW) -> 10(SW)   volume = 0.0625
   epoch 25:  15(SW) ->  8(SW)   volume = 0.0625
   epoch 25:  15(SW) -> 10(SW)   volume = 0.0625
   epoch 25:  16(SW) -> 11(SW)   volume = 0.125
   epoch 25:  17(SW) -> 11(SW)   volume = 0.125
   epoch 26:   3(gpu) ->  9(SW)   volume = 0.25
   epoch 26:   3(gpu) -> 12(SW)   volume = 0.25
   epoch 26:   9(SW) -> 14(SW)   volume = 0.125
   epoch 26:   9(SW) -> 15(SW)   volume = 0.125
   epoch 26:  10(SW) ->  4(gpu)   volume = 0.125
   epoch 26:  10(SW) ->  6(gpu)   volume = 0.125
   epoch 26:  11(SW) ->  1(gpu)   volume = 0.125
   epoch 26:  12(SW) -> 16(SW)   volume = 0.125
   epoch 26:  12(SW) -> 17(SW)   volume = 0.125
   epoch 26:  13(SW) ->  5(gpu)   volume = 0.125
   epoch 26:  14(SW) -> 10(SW)   volume = 0.125
   epoch 26:  15(SW) -> 10(SW)   volume = 0.125
   epoch 26:  16(SW) -> 11(SW)   volume = 0.0625
   epoch 26:  16(SW) -> 13(SW)   volume = 0.0625
   epoch 26:  17(SW) -> 11(SW)   volume = 0.0625
   epoch 26:  17(SW) -> 13(SW)   volume = 0.0625
   epoch 27:   3(gpu) ->  9(SW)   volume = 0.25
   epoch 27:   3(gpu) -> 12(SW)   volume = 0.25
   epoch 27:   8(SW) ->  1(gpu)   volume = 0.125
   epoch 27:   9(SW) -> 14(SW)   volume = 0.125
   epoch 27:   9(SW) -> 15(SW)   volume = 0.125
   epoch 27:  10(SW) ->  7(gpu)   volume = 0.125
   epoch 27:  11(SW) ->  0(gpu)   volume = 0.125
   epoch 27:  11(SW) ->  1(gpu)   volume = 0.125
   epoch 27:  12(SW) -> 16(SW)   volume = 0.125
   epoch 27:  12(SW) -> 17(SW)   volume = 0.125
   epoch 27:  14(SW) ->  8(SW)   volume = 0.0625
   epoch 27:  14(SW) -> 10(SW)   volume = 0.0625
   epoch 27:  15(SW) ->  8(SW)   volume = 0.0625
   epoch 27:  15(SW) -> 10(SW)   volume = 0.0625
   epoch 27:  16(SW) -> 11(SW)   volume = 0.125
   epoch 27:  17(SW) -> 11(SW)   volume = 0.125
   epoch 28:   3(gpu) ->  9(SW)   volume = 0.25
   epoch 28:   3(gpu) -> 12(SW)   volume = 0.25
   epoch 28:   9(SW) -> 14(SW)   volume = 0.125
   epoch 28:   9(SW) -> 15(SW)   volume = 0.125
   epoch 28:  10(SW) ->  4(gpu)   volume = 0.125
   epoch 28:  10(SW) ->  7(gpu)   volume = 0.125
   epoch 28:  11(SW) ->  0(gpu)   volume = 0.125
   epoch 28:  11(SW) ->  1(gpu)   volume = 0.125
   epoch 28:  12(SW) -> 16(SW)   volume = 0.125
   epoch 28:  12(SW) -> 17(SW)   volume = 0.125
   epoch 28:  14(SW) -> 10(SW)   volume = 0.125
   epoch 28:  15(SW) -> 10(SW)   volume = 0.125
   epoch 28:  16(SW) -> 11(SW)   volume = 0.125
   epoch 28:  17(SW) -> 11(SW)   volume = 0.125
   epoch 29:   3(gpu) ->  9(SW)   volume = 0.25
   epoch 29:   3(gpu) -> 12(SW)   volume = 0.25
   epoch 29:   8(SW) ->  0(gpu)   volume = 0.125
   epoch 29:   9(SW) -> 14(SW)   volume = 0.125
   epoch 29:   9(SW) -> 15(SW)   volume = 0.125
   epoch 29:  10(SW) ->  5(gpu)   volume = 0.125
   epoch 29:  11(SW) ->  1(gpu)   volume = 0.125
   epoch 29:  12(SW) -> 16(SW)   volume = 0.125
   epoch 29:  12(SW) -> 17(SW)   volume = 0.125
   epoch 29:  13(SW) ->  4(gpu)   volume = 0.125
   epoch 29:  14(SW) ->  8(SW)   volume = 0.0625
   epoch 29:  14(SW) -> 10(SW)   volume = 0.0625
   epoch 29:  15(SW) ->  8(SW)   volume = 0.0625
   epoch 29:  15(SW) -> 10(SW)   volume = 0.0625
   epoch 29:  16(SW) -> 11(SW)   volume = 0.0625
   epoch 29:  16(SW) -> 13(SW)   volume = 0.0625
   epoch 29:  17(SW) -> 11(SW)   volume = 0.0625
   epoch 29:  17(SW) -> 13(SW)   volume = 0.0625
   epoch 30:   3(gpu) ->  9(SW)   volume = 0.25
   epoch 30:   3(gpu) -> 12(SW)   volume = 0.25
   epoch 30:   8(SW) ->  1(gpu)   volume = 0.25
   epoch 30:   9(SW) -> 14(SW)   volume = 0.125
   epoch 30:   9(SW) -> 15(SW)   volume = 0.125
   epoch 30:  11(SW) ->  1(gpu)   volume = 0.125
   epoch 30:  12(SW) -> 16(SW)   volume = 0.125
   epoch 30:  12(SW) -> 17(SW)   volume = 0.125
   epoch 30:  13(SW) ->  4(gpu)   volume = 0.125
   epoch 30:  14(SW) ->  8(SW)   volume = 0.125
   epoch 30:  15(SW) ->  8(SW)   volume = 0.125
   epoch 30:  16(SW) -> 11(SW)   volume = 0.0625
   epoch 30:  16(SW) -> 13(SW)   volume = 0.0625
   epoch 30:  17(SW) -> 11(SW)   volume = 0.0625
   epoch 30:  17(SW) -> 13(SW)   volume = 0.0625
   epoch 31:   3(gpu) ->  9(SW)   volume = 0.25
   epoch 31:   3(gpu) -> 12(SW)   volume = 0.25
   epoch 31:   8(SW) ->  0(gpu)   volume = 0.125
   epoch 31:   9(SW) -> 14(SW)   volume = 0.125
   epoch 31:   9(SW) -> 15(SW)   volume = 0.125
   epoch 31:  10(SW) ->  4(gpu)   volume = 0.125
   epoch 31:  11(SW) ->  1(gpu)   volume = 0.125
   epoch 31:  12(SW) -> 16(SW)   volume = 0.125
   epoch 31:  12(SW) -> 17(SW)   volume = 0.125
   epoch 31:  13(SW) ->  5(gpu)   volume = 0.125
   epoch 31:  14(SW) ->  8(SW)   volume = 0.0625
   epoch 31:  14(SW) -> 10(SW)   volume = 0.0625
   epoch 31:  15(SW) ->  8(SW)   volume = 0.0625
   epoch 31:  15(SW) -> 10(SW)   volume = 0.0625
   epoch 31:  16(SW) -> 11(SW)   volume = 0.0625
   epoch 31:  16(SW) -> 13(SW)   volume = 0.0625
   epoch 31:  17(SW) -> 11(SW)   volume = 0.0625
   epoch 31:  17(SW) -> 13(SW)   volume = 0.0625
   epoch 32:   3(gpu) ->  9(SW)   volume = 0.25
   epoch 32:   3(gpu) -> 12(SW)   volume = 0.25
   epoch 32:   8(SW) ->  0(gpu)   volume = 0.125
   epoch 32:   9(SW) -> 14(SW)   volume = 0.125
   epoch 32:   9(SW) -> 15(SW)   volume = 0.125
   epoch 32:  10(SW) ->  5(gpu)   volume = 0.125
   epoch 32:  11(SW) ->  0(gpu)   volume = 0.125
   epoch 32:  11(SW) ->  1(gpu)   volume = 0.125
   epoch 32:  12(SW) -> 16(SW)   volume = 0.125
   epoch 32:  12(SW) -> 17(SW)   volume = 0.125
   epoch 32:  14(SW) ->  8(SW)   volume = 0.0625
   epoch 32:  14(SW) -> 10(SW)   volume = 0.0625
   epoch 32:  15(SW) ->  8(SW)   volume = 0.0625
   epoch 32:  15(SW) -> 10(SW)   volume = 0.0625
   epoch 32:  16(SW) -> 11(SW)   volume = 0.125
   epoch 32:  17(SW) -> 11(SW)   volume = 0.125
   epoch 33:   3(gpu) ->  9(SW)   volume = 0.25
   epoch 33:   3(gpu) -> 12(SW)   volume = 0.25
   epoch 33:   8(SW) ->  0(gpu)   volume = 0.125
   epoch 33:   9(SW) -> 14(SW)   volume = 0.125
   epoch 33:   9(SW) -> 15(SW)   volume = 0.125
   epoch 33:  10(SW) ->  4(gpu)   volume = 0.125
   epoch 33:  11(SW) ->  0(gpu)   volume = 0.125
   epoch 33:  11(SW) ->  1(gpu)   volume = 0.125
   epoch 33:  12(SW) -> 16(SW)   volume = 0.125
   epoch 33:  12(SW) -> 17(SW)   volume = 0.125
   epoch 33:  14(SW) ->  8(SW)   volume = 0.0625
   epoch 33:  14(SW) -> 10(SW)   volume = 0.0625
   epoch 33:  15(SW) ->  8(SW)   volume = 0.0625
   epoch 33:  15(SW) -> 10(SW)   volume = 0.0625
   epoch 33:  16(SW) -> 11(SW)   volume = 0.125
   epoch 33:  17(SW) -> 11(SW)   volume = 0.125
   epoch 34:   3(gpu) ->  9(SW)   volume = 0.25
   epoch 34:   3(gpu) -> 12(SW)   volume = 0.25
   epoch 34:   9(SW) ->  2(gpu)   volume = 0.25
   epoch 34:  12(SW) ->  2(gpu)   volume = 0.25
   epoch 35:   3(gpu) ->  9(SW)   volume = 0.25
   epoch 35:   3(gpu) -> 12(SW)   volume = 0.25
   epoch 35:   8(SW) ->  1(gpu)   volume = 0.125
   epoch 35:   9(SW) -> 14(SW)   volume = 0.125
   epoch 35:   9(SW) -> 15(SW)   volume = 0.125
   epoch 35:  10(SW) ->  6(gpu)   volume = 0.125
   epoch 35:  11(SW) ->  0(gpu)   volume = 0.125
   epoch 35:  12(SW) -> 16(SW)   volume = 0.125
   epoch 35:  12(SW) -> 17(SW)   volume = 0.125
   epoch 35:  13(SW) ->  4(gpu)   volume = 0.125
   epoch 35:  14(SW) ->  8(SW)   volume = 0.0625
   epoch 35:  14(SW) -> 10(SW)   volume = 0.0625
   epoch 35:  15(SW) ->  8(SW)   volume = 0.0625
   epoch 35:  15(SW) -> 10(SW)   volume = 0.0625
   epoch 35:  16(SW) -> 11(SW)   volume = 0.0625
   epoch 35:  16(SW) -> 13(SW)   volume = 0.0625
   epoch 35:  17(SW) -> 11(SW)   volume = 0.0625
   epoch 35:  17(SW) -> 13(SW)   volume = 0.0625
   epoch 36:   3(gpu) ->  9(SW)   volume = 0.25
   epoch 36:   3(gpu) -> 12(SW)   volume = 0.25
   epoch 36:   8(SW) ->  1(gpu)   volume = 0.25
   epoch 36:   9(SW) -> 14(SW)   volume = 0.125
   epoch 36:   9(SW) -> 15(SW)   volume = 0.125
   epoch 36:  11(SW) ->  0(gpu)   volume = 0.125
   epoch 36:  12(SW) -> 16(SW)   volume = 0.125
   epoch 36:  12(SW) -> 17(SW)   volume = 0.125
   epoch 36:  13(SW) ->  4(gpu)   volume = 0.125
   epoch 36:  14(SW) ->  8(SW)   volume = 0.125
   epoch 36:  15(SW) ->  8(SW)   volume = 0.125
   epoch 36:  16(SW) -> 11(SW)   volume = 0.0625
   epoch 36:  16(SW) -> 13(SW)   volume = 0.0625
   epoch 36:  17(SW) -> 11(SW)   volume = 0.0625
   epoch 36:  17(SW) -> 13(SW)   volume = 0.0625
   epoch 37:   3(gpu) ->  9(SW)   volume = 0.25
   epoch 37:   3(gpu) -> 12(SW)   volume = 0.25
   epoch 37:   8(SW) ->  1(gpu)   volume = 0.125
   epoch 37:   9(SW) -> 14(SW)   volume = 0.125
   epoch 37:   9(SW) -> 15(SW)   volume = 0.125
   epoch 37:  10(SW) ->  5(gpu)   volume = 0.125
   epoch 37:  11(SW) ->  0(gpu)   volume = 0.125
   epoch 37:  11(SW) ->  1(gpu)   volume = 0.125
   epoch 37:  12(SW) -> 16(SW)   volume = 0.125
   epoch 37:  12(SW) -> 17(SW)   volume = 0.125
   epoch 37:  14(SW) ->  8(SW)   volume = 0.0625
   epoch 37:  14(SW) -> 10(SW)   volume = 0.0625
   epoch 37:  15(SW) ->  8(SW)   volume = 0.0625
   epoch 37:  15(SW) -> 10(SW)   volume = 0.0625
   epoch 37:  16(SW) -> 11(SW)   volume = 0.125
   epoch 37:  17(SW) -> 11(SW)   volume = 0.125
   epoch 38:   3(gpu) ->  9(SW)   volume = 0.25
   epoch 38:   3(gpu) -> 12(SW)   volume = 0.25
   epoch 38:   8(SW) ->  1(gpu)   volume = 0.25
   epoch 38:   9(SW) -> 14(SW)   volume = 0.125
   epoch 38:   9(SW) -> 15(SW)   volume = 0.125
   epoch 38:  11(SW) ->  0(gpu)   volume = 0.25
   epoch 38:  12(SW) -> 16(SW)   volume = 0.125
   epoch 38:  12(SW) -> 17(SW)   volume = 0.125
   epoch 38:  14(SW) ->  8(SW)   volume = 0.125
   epoch 38:  15(SW) ->  8(SW)   volume = 0.125
   epoch 38:  16(SW) -> 11(SW)   volume = 0.125
   epoch 38:  17(SW) -> 11(SW)   volume = 0.125
   epoch 39:   3(gpu) ->  9(SW)   volume = 0.25
   epoch 39:   3(gpu) -> 12(SW)   volume = 0.25
   epoch 39:   9(SW) ->  2(gpu)   volume = 0.25
   epoch 39:  12(SW) ->  2(gpu)   volume = 0.25

-- source 4 --
   epoch 0:   4(gpu) -> 10(SW)   volume = 0.125
   epoch 0:   4(gpu) -> 13(SW)   volume = 0.125
   epoch 0:  10(SW) ->  5(gpu)   volume = 0.125
   epoch 0:  13(SW) ->  7(gpu)   volume = 0.125
   epoch 1:   4(gpu) -> 10(SW)   volume = 0.125
   epoch 1:   4(gpu) -> 13(SW)   volume = 0.125
   epoch 1:   8(SW) ->  1(gpu)   volume = 0.125
   epoch 1:  10(SW) -> 14(SW)   volume = 0.0625
   epoch 1:  10(SW) -> 15(SW)   volume = 0.0625
   epoch 1:  12(SW) ->  2(gpu)   volume = 0.125
   epoch 1:  13(SW) -> 16(SW)   volume = 0.0625
   epoch 1:  13(SW) -> 17(SW)   volume = 0.0625
   epoch 1:  14(SW) ->  8(SW)   volume = 0.0625
   epoch 1:  15(SW) ->  8(SW)   volume = 0.0625
   epoch 1:  16(SW) -> 12(SW)   volume = 0.0625
   epoch 1:  17(SW) -> 12(SW)   volume = 0.0625
   epoch 2:   4(gpu) -> 10(SW)   volume = 0.125
   epoch 2:   4(gpu) -> 13(SW)   volume = 0.125
   epoch 2:   8(SW) ->  1(gpu)   volume = 0.125
   epoch 2:  10(SW) -> 14(SW)   volume = 0.0625
   epoch 2:  10(SW) -> 15(SW)   volume = 0.0625
   epoch 2:  12(SW) ->  2(gpu)   volume = 0.125
   epoch 2:  13(SW) -> 16(SW)   volume = 0.0625
   epoch 2:  13(SW) -> 17(SW)   volume = 0.0625
   epoch 2:  14(SW) ->  8(SW)   volume = 0.0625
   epoch 2:  15(SW) ->  8(SW)   volume = 0.0625
   epoch 2:  16(SW) -> 12(SW)   volume = 0.0625
   epoch 2:  17(SW) -> 12(SW)   volume = 0.0625
   epoch 3:   4(gpu) -> 10(SW)   volume = 0.125
   epoch 3:   4(gpu) -> 13(SW)   volume = 0.125
   epoch 3:   9(SW) ->  3(gpu)   volume = 0.125
   epoch 3:  10(SW) -> 14(SW)   volume = 0.0625
   epoch 3:  10(SW) -> 15(SW)   volume = 0.0625
   epoch 3:  12(SW) ->  2(gpu)   volume = 0.125
   epoch 3:  13(SW) -> 16(SW)   volume = 0.0625
   epoch 3:  13(SW) -> 17(SW)   volume = 0.0625
   epoch 3:  14(SW) ->  9(SW)   volume = 0.0625
   epoch 3:  15(SW) ->  9(SW)   volume = 0.0625
   epoch 3:  16(SW) -> 12(SW)   volume = 0.0625
   epoch 3:  17(SW) -> 12(SW)   volume = 0.0625
   epoch 4:   4(gpu) -> 10(SW)   volume = 0.125
   epoch 4:   4(gpu) -> 13(SW)   volume = 0.125
   epoch 4:  10(SW) ->  5(gpu)   volume = 0.125
   epoch 4:  13(SW) ->  5(gpu)   volume = 0.125
   epoch 5:   4(gpu) -> 10(SW)   volume = 0.125
   epoch 5:   4(gpu) -> 13(SW)   volume = 0.125
   epoch 5:   9(SW) ->  2(gpu)   volume = 0.125
   epoch 5:  10(SW) -> 14(SW)   volume = 0.0625
   epoch 5:  10(SW) -> 15(SW)   volume = 0.0625
   epoch 5:  11(SW) ->  1(gpu)   volume = 0.125
   epoch 5:  13(SW) -> 16(SW)   volume = 0.0625
   epoch 5:  13(SW) -> 17(SW)   volume = 0.0625
   epoch 5:  14(SW) ->  9(SW)   volume = 0.0625
   epoch 5:  15(SW) ->  9(SW)   volume = 0.0625
   epoch 5:  16(SW) -> 11(SW)   volume = 0.0625
   epoch 5:  17(SW) -> 11(SW)   volume = 0.0625
   epoch 6:   4(gpu) -> 10(SW)   volume = 0.125
   epoch 6:   4(gpu) -> 13(SW)   volume = 0.125
   epoch 6:   9(SW) ->  3(gpu)   volume = 0.125
   epoch 6:  10(SW) -> 14(SW)   volume = 0.0625
   epoch 6:  10(SW) -> 15(SW)   volume = 0.0625
   epoch 6:  11(SW) ->  1(gpu)   volume = 0.125
   epoch 6:  13(SW) -> 16(SW)   volume = 0.0625
   epoch 6:  13(SW) -> 17(SW)   volume = 0.0625
   epoch 6:  14(SW) ->  9(SW)   volume = 0.0625
   epoch 6:  15(SW) ->  9(SW)   volume = 0.0625
   epoch 6:  16(SW) -> 11(SW)   volume = 0.0625
   epoch 6:  17(SW) -> 11(SW)   volume = 0.0625
   epoch 7:   4(gpu) -> 10(SW)   volume = 0.125
   epoch 7:   4(gpu) -> 13(SW)   volume = 0.125
   epoch 7:   9(SW) ->  3(gpu)   volume = 0.125
   epoch 7:  10(SW) -> 14(SW)   volume = 0.0625
   epoch 7:  10(SW) -> 15(SW)   volume = 0.0625
   epoch 7:  12(SW) ->  3(gpu)   volume = 0.125
   epoch 7:  13(SW) -> 16(SW)   volume = 0.0625
   epoch 7:  13(SW) -> 17(SW)   volume = 0.0625
   epoch 7:  14(SW) ->  9(SW)   volume = 0.0625
   epoch 7:  15(SW) ->  9(SW)   volume = 0.0625
   epoch 7:  16(SW) -> 12(SW)   volume = 0.0625
   epoch 7:  17(SW) -> 12(SW)   volume = 0.0625
   epoch 8:   4(gpu) -> 10(SW)   volume = 0.125
   epoch 8:   4(gpu) -> 13(SW)   volume = 0.125
   epoch 8:   8(SW) ->  1(gpu)   volume = 0.125
   epoch 8:  10(SW) -> 14(SW)   volume = 0.0625
   epoch 8:  10(SW) -> 15(SW)   volume = 0.0625
   epoch 8:  12(SW) ->  3(gpu)   volume = 0.125
   epoch 8:  13(SW) -> 16(SW)   volume = 0.0625
   epoch 8:  13(SW) -> 17(SW)   volume = 0.0625
   epoch 8:  14(SW) ->  8(SW)   volume = 0.0625
   epoch 8:  15(SW) ->  8(SW)   volume = 0.0625
   epoch 8:  16(SW) -> 12(SW)   volume = 0.0625
   epoch 8:  17(SW) -> 12(SW)   volume = 0.0625
   epoch 9:   4(gpu) -> 10(SW)   volume = 0.125
   epoch 9:   4(gpu) -> 13(SW)   volume = 0.125
   epoch 9:  10(SW) ->  7(gpu)   volume = 0.125
   epoch 9:  13(SW) ->  5(gpu)   volume = 0.125
   epoch 10:   4(gpu) -> 10(SW)   volume = 0.125
   epoch 10:   4(gpu) -> 13(SW)   volume = 0.125
   epoch 10:   9(SW) ->  2(gpu)   volume = 0.125
   epoch 10:  10(SW) -> 14(SW)   volume = 0.0625
   epoch 10:  10(SW) -> 15(SW)   volume = 0.0625
   epoch 10:  11(SW) ->  0(gpu)   volume = 0.125
   epoch 10:  13(SW) -> 16(SW)   volume = 0.0625
   epoch 10:  13(SW) -> 17(SW)   volume = 0.0625
   epoch 10:  14(SW) ->  9(SW)   volume = 0.0625
   epoch 10:  15(SW) ->  9(SW)   volume = 0.0625
   epoch 10:  16(SW) -> 11(SW)   volume = 0.0625
   epoch 10:  17(SW) -> 11(SW)   volume = 0.0625
   epoch 11:   4(gpu) -> 10(SW)   volume = 0.125
   epoch 11:   4(gpu) -> 13(SW)   volume = 0.125
   epoch 11:   8(SW) ->  0(gpu)   volume = 0.125
   epoch 11:  10(SW) -> 14(SW)   volume = 0.0625
   epoch 11:  10(SW) -> 15(SW)   volume = 0.0625
   epoch 11:  11(SW) ->  1(gpu)   volume = 0.125
   epoch 11:  13(SW) -> 16(SW)   volume = 0.0625
   epoch 11:  13(SW) -> 17(SW)   volume = 0.0625
   epoch 11:  14(SW) ->  8(SW)   volume = 0.0625
   epoch 11:  15(SW) ->  8(SW)   volume = 0.0625
   epoch 11:  16(SW) -> 11(SW)   volume = 0.0625
   epoch 11:  17(SW) -> 11(SW)   volume = 0.0625
   epoch 12:   4(gpu) -> 10(SW)   volume = 0.125
   epoch 12:   4(gpu) -> 13(SW)   volume = 0.125
   epoch 12:   8(SW) ->  0(gpu)   volume = 0.125
   epoch 12:  10(SW) -> 14(SW)   volume = 0.0625
   epoch 12:  10(SW) -> 15(SW)   volume = 0.0625
   epoch 12:  11(SW) ->  0(gpu)   volume = 0.125
   epoch 12:  13(SW) -> 16(SW)   volume = 0.0625
   epoch 12:  13(SW) -> 17(SW)   volume = 0.0625
   epoch 12:  14(SW) ->  8(SW)   volume = 0.0625
   epoch 12:  15(SW) ->  8(SW)   volume = 0.0625
   epoch 12:  16(SW) -> 11(SW)   volume = 0.0625
   epoch 12:  17(SW) -> 11(SW)   volume = 0.0625
   epoch 13:   4(gpu) -> 10(SW)   volume = 0.125
   epoch 13:   4(gpu) -> 13(SW)   volume = 0.125
   epoch 13:   8(SW) ->  1(gpu)   volume = 0.125
   epoch 13:  10(SW) -> 14(SW)   volume = 0.0625
   epoch 13:  10(SW) -> 15(SW)   volume = 0.0625
   epoch 13:  11(SW) ->  0(gpu)   volume = 0.125
   epoch 13:  13(SW) -> 16(SW)   volume = 0.0625
   epoch 13:  13(SW) -> 17(SW)   volume = 0.0625
   epoch 13:  14(SW) ->  8(SW)   volume = 0.0625
   epoch 13:  15(SW) ->  8(SW)   volume = 0.0625
   epoch 13:  16(SW) -> 11(SW)   volume = 0.0625
   epoch 13:  17(SW) -> 11(SW)   volume = 0.0625
   epoch 14:   4(gpu) -> 10(SW)   volume = 0.125
   epoch 14:   4(gpu) -> 13(SW)   volume = 0.125
   epoch 14:   9(SW) ->  3(gpu)   volume = 0.125
   epoch 14:  10(SW) -> 14(SW)   volume = 0.0625
   epoch 14:  10(SW) -> 15(SW)   volume = 0.0625
   epoch 14:  11(SW) ->  1(gpu)   volume = 0.125
   epoch 14:  13(SW) -> 16(SW)   volume = 0.0625
   epoch 14:  13(SW) -> 17(SW)   volume = 0.0625
   epoch 14:  14(SW) ->  9(SW)   volume = 0.0625
   epoch 14:  15(SW) ->  9(SW)   volume = 0.0625
   epoch 14:  16(SW) -> 11(SW)   volume = 0.0625
   epoch 14:  17(SW) -> 11(SW)   volume = 0.0625
   epoch 15:   4(gpu) -> 10(SW)   volume = 0.125
   epoch 15:   4(gpu) -> 13(SW)   volume = 0.125
   epoch 15:  10(SW) ->  6(gpu)   volume = 0.125
   epoch 15:  13(SW) ->  6(gpu)   volume = 0.125
   epoch 16:   4(gpu) -> 10(SW)   volume = 0.125
   epoch 16:   4(gpu) -> 13(SW)   volume = 0.125
   epoch 16:   8(SW) ->  0(gpu)   volume = 0.125
   epoch 16:  10(SW) -> 14(SW)   volume = 0.0625
   epoch 16:  10(SW) -> 15(SW)   volume = 0.0625
   epoch 16:  12(SW) ->  3(gpu)   volume = 0.125
   epoch 16:  13(SW) -> 16(SW)   volume = 0.0625
   epoch 16:  13(SW) -> 17(SW)   volume = 0.0625
   epoch 16:  14(SW) ->  8(SW)   volume = 0.0625
   epoch 16:  15(SW) ->  8(SW)   volume = 0.0625
   epoch 16:  16(SW) -> 12(SW)   volume = 0.0625
   epoch 16:  17(SW) -> 12(SW)   volume = 0.0625
   epoch 17:   4(gpu) -> 10(SW)   volume = 0.125
   epoch 17:   4(gpu) -> 13(SW)   volume = 0.125
   epoch 17:   8(SW) ->  0(gpu)   volume = 0.125
   epoch 17:  10(SW) -> 14(SW)   volume = 0.0625
   epoch 17:  10(SW) -> 15(SW)   volume = 0.0625
   epoch 17:  11(SW) ->  1(gpu)   volume = 0.125
   epoch 17:  13(SW) -> 16(SW)   volume = 0.0625
   epoch 17:  13(SW) -> 17(SW)   volume = 0.0625
   epoch 17:  14(SW) ->  8(SW)   volume = 0.0625
   epoch 17:  15(SW) ->  8(SW)   volume = 0.0625
   epoch 17:  16(SW) -> 11(SW)   volume = 0.0625
   epoch 17:  17(SW) -> 11(SW)   volume = 0.0625
   epoch 18:   4(gpu) -> 10(SW)   volume = 0.125
   epoch 18:   4(gpu) -> 13(SW)   volume = 0.125
   epoch 18:   9(SW) ->  3(gpu)   volume = 0.125
   epoch 18:  10(SW) -> 14(SW)   volume = 0.0625
   epoch 18:  10(SW) -> 15(SW)   volume = 0.0625
   epoch 18:  12(SW) ->  2(gpu)   volume = 0.125
   epoch 18:  13(SW) -> 16(SW)   volume = 0.0625
   epoch 18:  13(SW) -> 17(SW)   volume = 0.0625
   epoch 18:  14(SW) ->  9(SW)   volume = 0.0625
   epoch 18:  15(SW) ->  9(SW)   volume = 0.0625
   epoch 18:  16(SW) -> 12(SW)   volume = 0.0625
   epoch 18:  17(SW) -> 12(SW)   volume = 0.0625
   epoch 19:   4(gpu) -> 10(SW)   volume = 0.125
   epoch 19:   4(gpu) -> 13(SW)   volume = 0.125
   epoch 19:  10(SW) ->  7(gpu)   volume = 0.125
   epoch 19:  13(SW) ->  7(gpu)   volume = 0.125
   epoch 20:   4(gpu) -> 10(SW)   volume = 0.125
   epoch 20:   4(gpu) -> 13(SW)   volume = 0.125
   epoch 20:   9(SW) ->  3(gpu)   volume = 0.125
   epoch 20:  10(SW) -> 14(SW)   volume = 0.0625
   epoch 20:  10(SW) -> 15(SW)   volume = 0.0625
   epoch 20:  11(SW) ->  0(gpu)   volume = 0.125
   epoch 20:  13(SW) -> 16(SW)   volume = 0.0625
   epoch 20:  13(SW) -> 17(SW)   volume = 0.0625
   epoch 20:  14(SW) ->  9(SW)   volume = 0.0625
   epoch 20:  15(SW) ->  9(SW)   volume = 0.0625
   epoch 20:  16(SW) -> 11(SW)   volume = 0.0625
   epoch 20:  17(SW) -> 11(SW)   volume = 0.0625
   epoch 21:   4(gpu) -> 10(SW)   volume = 0.125
   epoch 21:   4(gpu) -> 13(SW)   volume = 0.125
   epoch 21:   9(SW) ->  2(gpu)   volume = 0.125
   epoch 21:  10(SW) -> 14(SW)   volume = 0.0625
   epoch 21:  10(SW) -> 15(SW)   volume = 0.0625
   epoch 21:  12(SW) ->  2(gpu)   volume = 0.125
   epoch 21:  13(SW) -> 16(SW)   volume = 0.0625
   epoch 21:  13(SW) -> 17(SW)   volume = 0.0625
   epoch 21:  14(SW) ->  9(SW)   volume = 0.0625
   epoch 21:  15(SW) ->  9(SW)   volume = 0.0625
   epoch 21:  16(SW) -> 12(SW)   volume = 0.0625
   epoch 21:  17(SW) -> 12(SW)   volume = 0.0625
   epoch 22:   4(gpu) -> 10(SW)   volume = 0.125
   epoch 22:   4(gpu) -> 13(SW)   volume = 0.125
   epoch 22:   8(SW) ->  1(gpu)   volume = 0.125
   epoch 22:  10(SW) -> 14(SW)   volume = 0.0625
   epoch 22:  10(SW) -> 15(SW)   volume = 0.0625
   epoch 22:  12(SW) ->  3(gpu)   volume = 0.125
   epoch 22:  13(SW) -> 16(SW)   volume = 0.0625
   epoch 22:  13(SW) -> 17(SW)   volume = 0.0625
   epoch 22:  14(SW) ->  8(SW)   volume = 0.0625
   epoch 22:  15(SW) ->  8(SW)   volume = 0.0625
   epoch 22:  16(SW) -> 12(SW)   volume = 0.0625
   epoch 22:  17(SW) -> 12(SW)   volume = 0.0625
   epoch 23:   4(gpu) -> 10(SW)   volume = 0.125
   epoch 23:   4(gpu) -> 13(SW)   volume = 0.125
   epoch 23:   8(SW) ->  0(gpu)   volume = 0.125
   epoch 23:  10(SW) -> 14(SW)   volume = 0.0625
   epoch 23:  10(SW) -> 15(SW)   volume = 0.0625
   epoch 23:  12(SW) ->  2(gpu)   volume = 0.125
   epoch 23:  13(SW) -> 16(SW)   volume = 0.0625
   epoch 23:  13(SW) -> 17(SW)   volume = 0.0625
   epoch 23:  14(SW) ->  8(SW)   volume = 0.0625
   epoch 23:  15(SW) ->  8(SW)   volume = 0.0625
   epoch 23:  16(SW) -> 12(SW)   volume = 0.0625
   epoch 23:  17(SW) -> 12(SW)   volume = 0.0625
   epoch 24:   4(gpu) -> 10(SW)   volume = 0.125
   epoch 24:   4(gpu) -> 13(SW)   volume = 0.125
   epoch 24:   8(SW) ->  1(gpu)   volume = 0.125
   epoch 24:  10(SW) -> 14(SW)   volume = 0.0625
   epoch 24:  10(SW) -> 15(SW)   volume = 0.0625
   epoch 24:  12(SW) ->  2(gpu)   volume = 0.125
   epoch 24:  13(SW) -> 16(SW)   volume = 0.0625
   epoch 24:  13(SW) -> 17(SW)   volume = 0.0625
   epoch 24:  14(SW) ->  8(SW)   volume = 0.0625
   epoch 24:  15(SW) ->  8(SW)   volume = 0.0625
   epoch 24:  16(SW) -> 12(SW)   volume = 0.0625
   epoch 24:  17(SW) -> 12(SW)   volume = 0.0625
   epoch 25:   4(gpu) -> 10(SW)   volume = 0.125
   epoch 25:   4(gpu) -> 13(SW)   volume = 0.125
   epoch 25:   9(SW) ->  2(gpu)   volume = 0.125
   epoch 25:  10(SW) -> 14(SW)   volume = 0.0625
   epoch 25:  10(SW) -> 15(SW)   volume = 0.0625
   epoch 25:  12(SW) ->  3(gpu)   volume = 0.125
   epoch 25:  13(SW) -> 16(SW)   volume = 0.0625
   epoch 25:  13(SW) -> 17(SW)   volume = 0.0625
   epoch 25:  14(SW) ->  9(SW)   volume = 0.0625
   epoch 25:  15(SW) ->  9(SW)   volume = 0.0625
   epoch 25:  16(SW) -> 12(SW)   volume = 0.0625
   epoch 25:  17(SW) -> 12(SW)   volume = 0.0625
   epoch 26:   4(gpu) -> 10(SW)   volume = 0.125
   epoch 26:   4(gpu) -> 13(SW)   volume = 0.125
   epoch 26:   8(SW) ->  1(gpu)   volume = 0.125
   epoch 26:  10(SW) -> 14(SW)   volume = 0.0625
   epoch 26:  10(SW) -> 15(SW)   volume = 0.0625
   epoch 26:  12(SW) ->  3(gpu)   volume = 0.125
   epoch 26:  13(SW) -> 16(SW)   volume = 0.0625
   epoch 26:  13(SW) -> 17(SW)   volume = 0.0625
   epoch 26:  14(SW) ->  8(SW)   volume = 0.0625
   epoch 26:  15(SW) ->  8(SW)   volume = 0.0625
   epoch 26:  16(SW) -> 12(SW)   volume = 0.0625
   epoch 26:  17(SW) -> 12(SW)   volume = 0.0625
   epoch 27:   4(gpu) -> 10(SW)   volume = 0.125
   epoch 27:   4(gpu) -> 13(SW)   volume = 0.125
   epoch 27:   8(SW) ->  0(gpu)   volume = 0.125
   epoch 27:  10(SW) -> 14(SW)   volume = 0.0625
   epoch 27:  10(SW) -> 15(SW)   volume = 0.0625
   epoch 27:  11(SW) ->  0(gpu)   volume = 0.125
   epoch 27:  13(SW) -> 16(SW)   volume = 0.0625
   epoch 27:  13(SW) -> 17(SW)   volume = 0.0625
   epoch 27:  14(SW) ->  8(SW)   volume = 0.0625
   epoch 27:  15(SW) ->  8(SW)   volume = 0.0625
   epoch 27:  16(SW) -> 11(SW)   volume = 0.0625
   epoch 27:  17(SW) -> 11(SW)   volume = 0.0625
   epoch 28:   4(gpu) -> 10(SW)   volume = 0.125
   epoch 28:   4(gpu) -> 13(SW)   volume = 0.125
   epoch 28:   8(SW) ->  1(gpu)   volume = 0.125
   epoch 28:  10(SW) -> 14(SW)   volume = 0.0625
   epoch 28:  10(SW) -> 15(SW)   volume = 0.0625
   epoch 28:  12(SW) ->  3(gpu)   volume = 0.125
   epoch 28:  13(SW) -> 16(SW)   volume = 0.0625
   epoch 28:  13(SW) -> 17(SW)   volume = 0.0625
   epoch 28:  14(SW) ->  8(SW)   volume = 0.0625
   epoch 28:  15(SW) ->  8(SW)   volume = 0.0625
   epoch 28:  16(SW) -> 12(SW)   volume = 0.0625
   epoch 28:  17(SW) -> 12(SW)   volume = 0.0625
   epoch 29:   4(gpu) -> 10(SW)   volume = 0.125
   epoch 29:   4(gpu) -> 13(SW)   volume = 0.125
   epoch 29:   9(SW) ->  2(gpu)   volume = 0.125
   epoch 29:  10(SW) -> 14(SW)   volume = 0.0625
   epoch 29:  10(SW) -> 15(SW)   volume = 0.0625
   epoch 29:  12(SW) ->  2(gpu)   volume = 0.125
   epoch 29:  13(SW) -> 16(SW)   volume = 0.0625
   epoch 29:  13(SW) -> 17(SW)   volume = 0.0625
   epoch 29:  14(SW) ->  9(SW)   volume = 0.0625
   epoch 29:  15(SW) ->  9(SW)   volume = 0.0625
   epoch 29:  16(SW) -> 12(SW)   volume = 0.0625
   epoch 29:  17(SW) -> 12(SW)   volume = 0.0625
   epoch 30:   4(gpu) -> 10(SW)   volume = 0.125
   epoch 30:   4(gpu) -> 13(SW)   volume = 0.125
   epoch 30:   9(SW) ->  3(gpu)   volume = 0.125
   epoch 30:  10(SW) -> 14(SW)   volume = 0.0625
   epoch 30:  10(SW) -> 15(SW)   volume = 0.0625
   epoch 30:  12(SW) ->  3(gpu)   volume = 0.125
   epoch 30:  13(SW) -> 16(SW)   volume = 0.0625
   epoch 30:  13(SW) -> 17(SW)   volume = 0.0625
   epoch 30:  14(SW) ->  9(SW)   volume = 0.0625
   epoch 30:  15(SW) ->  9(SW)   volume = 0.0625
   epoch 30:  16(SW) -> 12(SW)   volume = 0.0625
   epoch 30:  17(SW) -> 12(SW)   volume = 0.0625
   epoch 31:   4(gpu) -> 10(SW)   volume = 0.125
   epoch 31:   4(gpu) -> 13(SW)   volume = 0.125
   epoch 31:   9(SW) ->  2(gpu)   volume = 0.125
   epoch 31:  10(SW) -> 14(SW)   volume = 0.0625
   epoch 31:  10(SW) -> 15(SW)   volume = 0.0625
   epoch 31:  11(SW) ->  0(gpu)   volume = 0.125
   epoch 31:  13(SW) -> 16(SW)   volume = 0.0625
   epoch 31:  13(SW) -> 17(SW)   volume = 0.0625
   epoch 31:  14(SW) ->  9(SW)   volume = 0.0625
   epoch 31:  15(SW) ->  9(SW)   volume = 0.0625
   epoch 31:  16(SW) -> 11(SW)   volume = 0.0625
   epoch 31:  17(SW) -> 11(SW)   volume = 0.0625
   epoch 32:   4(gpu) -> 10(SW)   volume = 0.125
   epoch 32:   4(gpu) -> 13(SW)   volume = 0.125
   epoch 32:   9(SW) ->  2(gpu)   volume = 0.125
   epoch 32:  10(SW) -> 14(SW)   volume = 0.0625
   epoch 32:  10(SW) -> 15(SW)   volume = 0.0625
   epoch 32:  11(SW) ->  1(gpu)   volume = 0.125
   epoch 32:  13(SW) -> 16(SW)   volume = 0.0625
   epoch 32:  13(SW) -> 17(SW)   volume = 0.0625
   epoch 32:  14(SW) ->  9(SW)   volume = 0.0625
   epoch 32:  15(SW) ->  9(SW)   volume = 0.0625
   epoch 32:  16(SW) -> 11(SW)   volume = 0.0625
   epoch 32:  17(SW) -> 11(SW)   volume = 0.0625
   epoch 33:   4(gpu) -> 10(SW)   volume = 0.125
   epoch 33:   4(gpu) -> 13(SW)   volume = 0.125
   epoch 33:   8(SW) ->  0(gpu)   volume = 0.125
   epoch 33:  10(SW) -> 14(SW)   volume = 0.0625
   epoch 33:  10(SW) -> 15(SW)   volume = 0.0625
   epoch 33:  11(SW) ->  0(gpu)   volume = 0.125
   epoch 33:  13(SW) -> 16(SW)   volume = 0.0625
   epoch 33:  13(SW) -> 17(SW)   volume = 0.0625
   epoch 33:  14(SW) ->  8(SW)   volume = 0.0625
   epoch 33:  15(SW) ->  8(SW)   volume = 0.0625
   epoch 33:  16(SW) -> 11(SW)   volume = 0.0625
   epoch 33:  17(SW) -> 11(SW)   volume = 0.0625
   epoch 34:   4(gpu) -> 10(SW)   volume = 0.125
   epoch 34:   4(gpu) -> 13(SW)   volume = 0.125
   epoch 34:  10(SW) ->  5(gpu)   volume = 0.125
   epoch 34:  13(SW) ->  5(gpu)   volume = 0.125
   epoch 35:   4(gpu) -> 10(SW)   volume = 0.125
   epoch 35:   4(gpu) -> 13(SW)   volume = 0.125
   epoch 35:   9(SW) ->  3(gpu)   volume = 0.125
   epoch 35:  10(SW) -> 14(SW)   volume = 0.0625
   epoch 35:  10(SW) -> 15(SW)   volume = 0.0625
   epoch 35:  11(SW) ->  1(gpu)   volume = 0.125
   epoch 35:  13(SW) -> 16(SW)   volume = 0.0625
   epoch 35:  13(SW) -> 17(SW)   volume = 0.0625
   epoch 35:  14(SW) ->  9(SW)   volume = 0.0625
   epoch 35:  15(SW) ->  9(SW)   volume = 0.0625
   epoch 35:  16(SW) -> 11(SW)   volume = 0.0625
   epoch 35:  17(SW) -> 11(SW)   volume = 0.0625
   epoch 36:   4(gpu) -> 10(SW)   volume = 0.125
   epoch 36:   4(gpu) -> 13(SW)   volume = 0.125
   epoch 36:   9(SW) ->  2(gpu)   volume = 0.125
   epoch 36:  10(SW) -> 14(SW)   volume = 0.0625
   epoch 36:  10(SW) -> 15(SW)   volume = 0.0625
   epoch 36:  11(SW) ->  0(gpu)   volume = 0.125
   epoch 36:  13(SW) -> 16(SW)   volume = 0.0625
   epoch 36:  13(SW) -> 17(SW)   volume = 0.0625
   epoch 36:  14(SW) ->  9(SW)   volume = 0.0625
   epoch 36:  15(SW) ->  9(SW)   volume = 0.0625
   epoch 36:  16(SW) -> 11(SW)   volume = 0.0625
   epoch 36:  17(SW) -> 11(SW)   volume = 0.0625
   epoch 37:   4(gpu) -> 10(SW)   volume = 0.125
   epoch 37:   4(gpu) -> 13(SW)   volume = 0.125
   epoch 37:   8(SW) ->  0(gpu)   volume = 0.125
   epoch 37:  10(SW) -> 14(SW)   volume = 0.0625
   epoch 37:  10(SW) -> 15(SW)   volume = 0.0625
   epoch 37:  11(SW) ->  1(gpu)   volume = 0.125
   epoch 37:  13(SW) -> 16(SW)   volume = 0.0625
   epoch 37:  13(SW) -> 17(SW)   volume = 0.0625
   epoch 37:  14(SW) ->  8(SW)   volume = 0.0625
   epoch 37:  15(SW) ->  8(SW)   volume = 0.0625
   epoch 37:  16(SW) -> 11(SW)   volume = 0.0625
   epoch 37:  17(SW) -> 11(SW)   volume = 0.0625
   epoch 38:   4(gpu) -> 10(SW)   volume = 0.125
   epoch 38:   4(gpu) -> 13(SW)   volume = 0.125
   epoch 38:  10(SW) ->  7(gpu)   volume = 0.125
   epoch 38:  13(SW) ->  7(gpu)   volume = 0.125
   epoch 39:   4(gpu) -> 10(SW)   volume = 0.125
   epoch 39:   4(gpu) -> 13(SW)   volume = 0.125
   epoch 39:  10(SW) ->  6(gpu)   volume = 0.125
   epoch 39:  13(SW) ->  5(gpu)   volume = 0.125
   epoch 40:   4(gpu) -> 10(SW)   volume = 0.125
   epoch 40:   4(gpu) -> 13(SW)   volume = 0.125
   epoch 40:  10(SW) ->  7(gpu)   volume = 0.125
   epoch 40:  13(SW) ->  7(gpu)   volume = 0.125
   epoch 41:   4(gpu) -> 10(SW)   volume = 0.125
   epoch 41:   4(gpu) -> 13(SW)   volume = 0.125
   epoch 41:  10(SW) ->  5(gpu)   volume = 0.125
   epoch 41:  13(SW) ->  6(gpu)   volume = 0.125
   epoch 42:   4(gpu) -> 10(SW)   volume = 0.125
   epoch 42:   4(gpu) -> 13(SW)   volume = 0.125
   epoch 42:  10(SW) ->  6(gpu)   volume = 0.125
   epoch 42:  13(SW) ->  6(gpu)   volume = 0.125
   epoch 43:   4(gpu) -> 10(SW)   volume = 0.125
   epoch 43:   4(gpu) -> 13(SW)   volume = 0.125
   epoch 43:  10(SW) ->  6(gpu)   volume = 0.125
   epoch 43:  13(SW) ->  6(gpu)   volume = 0.125

-- source 5 --
   epoch 0:   5(gpu) -> 10(SW)   volume = 0.125
   epoch 0:   5(gpu) -> 13(SW)   volume = 0.125
   epoch 0:  10(SW) ->  6(gpu)   volume = 0.0625
   epoch 0:  10(SW) ->  7(gpu)   volume = 0.0625
   epoch 0:  13(SW) ->  6(gpu)   volume = 0.125
   epoch 1:   5(gpu) -> 10(SW)   volume = 0.125
   epoch 1:   5(gpu) -> 13(SW)   volume = 0.125
   epoch 1:   9(SW) ->  3(gpu)   volume = 0.125
   epoch 1:  10(SW) -> 14(SW)   volume = 0.0625
   epoch 1:  10(SW) -> 15(SW)   volume = 0.0625
   epoch 1:  11(SW) ->  0(gpu)   volume = 0.125
   epoch 1:  13(SW) -> 16(SW)   volume = 0.0625
   epoch 1:  13(SW) -> 17(SW)   volume = 0.0625
   epoch 1:  14(SW) ->  9(SW)   volume = 0.0625
   epoch 1:  15(SW) ->  9(SW)   volume = 0.0625
   epoch 1:  16(SW) -> 11(SW)   volume = 0.0625
   epoch 1:  17(SW) -> 11(SW)   volume = 0.0625
   epoch 2:   5(gpu) -> 10(SW)   volume = 0.125
   epoch 2:   5(gpu) -> 13(SW)   volume = 0.125
   epoch 2:   9(SW) ->  2(gpu)   volume = 0.125
   epoch 2:  10(SW) -> 14(SW)   volume = 0.0625
   epoch 2:  10(SW) -> 15(SW)   volume = 0.0625
   epoch 2:  12(SW) ->  2(gpu)   volume = 0.125
   epoch 2:  13(SW) -> 16(SW)   volume = 0.0625
   epoch 2:  13(SW) -> 17(SW)   volume = 0.0625
   epoch 2:  14(SW) ->  9(SW)   volume = 0.0625
   epoch 2:  15(SW) ->  9(SW)   volume = 0.0625
   epoch 2:  16(SW) -> 12(SW)   volume = 0.0625
   epoch 2:  17(SW) -> 12(SW)   volume = 0.0625
   epoch 3:   5(gpu) -> 10(SW)   volume = 0.125
   epoch 3:   5(gpu) -> 13(SW)   volume = 0.125
   epoch 3:   9(SW) ->  2(gpu)   volume = 0.125
   epoch 3:  10(SW) -> 14(SW)   volume = 0.0625
   epoch 3:  10(SW) -> 15(SW)   volume = 0.0625
   epoch 3:  12(SW) ->  3(gpu)   volume = 0.125
   epoch 3:  13(SW) -> 16(SW)   volume = 0.0625
   epoch 3:  13(SW) -> 17(SW)   volume = 0.0625
   epoch 3:  14(SW) ->  9(SW)   volume = 0.0625
   epoch 3:  15(SW) ->  9(SW)   volume = 0.0625
   epoch 3:  16(SW) -> 12(SW)   volume = 0.0625
   epoch 3:  17(SW) -> 12(SW)   volume = 0.0625
   epoch 4:   5(gpu) -> 10(SW)   volume = 0.125
   epoch 4:   5(gpu) -> 13(SW)   volume = 0.125
   epoch 4:  10(SW) ->  7(gpu)   volume = 0.125
   epoch 4:  13(SW) ->  4(gpu)   volume = 0.125
   epoch 5:   5(gpu) -> 10(SW)   volume = 0.125
   epoch 5:   5(gpu) -> 13(SW)   volume = 0.125
   epoch 5:   8(SW) ->  1(gpu)   volume = 0.125
   epoch 5:  10(SW) -> 14(SW)   volume = 0.0625
   epoch 5:  10(SW) -> 15(SW)   volume = 0.0625
   epoch 5:  11(SW) ->  1(gpu)   volume = 0.125
   epoch 5:  13(SW) -> 16(SW)   volume = 0.0625
   epoch 5:  13(SW) -> 17(SW)   volume = 0.0625
   epoch 5:  14(SW) ->  8(SW)   volume = 0.0625
   epoch 5:  15(SW) ->  8(SW)   volume = 0.0625
   epoch 5:  16(SW) -> 11(SW)   volume = 0.0625
   epoch 5:  17(SW) -> 11(SW)   volume = 0.0625
   epoch 6:   5(gpu) -> 10(SW)   volume = 0.125
   epoch 6:   5(gpu) -> 13(SW)   volume = 0.125
   epoch 6:   8(SW) ->  0(gpu)   volume = 0.125
   epoch 6:  10(SW) -> 14(SW)   volume = 0.0625
   epoch 6:  10(SW) -> 15(SW)   volume = 0.0625
   epoch 6:  12(SW) ->  2(gpu)   volume = 0.125
   epoch 6:  13(SW) -> 16(SW)   volume = 0.0625
   epoch 6:  13(SW) -> 17(SW)   volume = 0.0625
   epoch 6:  14(SW) ->  8(SW)   volume = 0.0625
   epoch 6:  15(SW) ->  8(SW)   volume = 0.0625
   epoch 6:  16(SW) -> 12(SW)   volume = 0.0625
   epoch 6:  17(SW) -> 12(SW)   volume = 0.0625
   epoch 7:   5(gpu) -> 10(SW)   volume = 0.125
   epoch 7:   5(gpu) -> 13(SW)   volume = 0.125
   epoch 7:   8(SW) ->  1(gpu)   volume = 0.125
   epoch 7:  10(SW) -> 14(SW)   volume = 0.0625
   epoch 7:  10(SW) -> 15(SW)   volume = 0.0625
   epoch 7:  12(SW) ->  2(gpu)   volume = 0.125
   epoch 7:  13(SW) -> 16(SW)   volume = 0.0625
   epoch 7:  13(SW) -> 17(SW)   volume = 0.0625
   epoch 7:  14(SW) ->  8(SW)   volume = 0.0625
   epoch 7:  15(SW) ->  8(SW)   volume = 0.0625
   epoch 7:  16(SW) -> 12(SW)   volume = 0.0625
   epoch 7:  17(SW) -> 12(SW)   volume = 0.0625
   epoch 8:   5(gpu) -> 10(SW)   volume = 0.125
   epoch 8:   5(gpu) -> 13(SW)   volume = 0.125
   epoch 8:   9(SW) ->  3(gpu)   volume = 0.125
   epoch 8:  10(SW) -> 14(SW)   volume = 0.0625
   epoch 8:  10(SW) -> 15(SW)   volume = 0.0625
   epoch 8:  11(SW) ->  0(gpu)   volume = 0.125
   epoch 8:  13(SW) -> 16(SW)   volume = 0.0625
   epoch 8:  13(SW) -> 17(SW)   volume = 0.0625
   epoch 8:  14(SW) ->  9(SW)   volume = 0.0625
   epoch 8:  15(SW) ->  9(SW)   volume = 0.0625
   epoch 8:  16(SW) -> 11(SW)   volume = 0.0625
   epoch 8:  17(SW) -> 11(SW)   volume = 0.0625
   epoch 9:   5(gpu) -> 10(SW)   volume = 0.125
   epoch 9:   5(gpu) -> 13(SW)   volume = 0.125
   epoch 9:  10(SW) ->  6(gpu)   volume = 0.125
   epoch 9:  13(SW) ->  6(gpu)   volume = 0.125
   epoch 10:   5(gpu) -> 10(SW)   volume = 0.125
   epoch 10:   5(gpu) -> 13(SW)   volume = 0.125
   epoch 10:   8(SW) ->  1(gpu)   volume = 0.125
   epoch 10:  10(SW) -> 14(SW)   volume = 0.0625
   epoch 10:  10(SW) -> 15(SW)   volume = 0.0625
   epoch 10:  12(SW) ->  3(gpu)   volume = 0.125
   epoch 10:  13(SW) -> 16(SW)   volume = 0.0625
   epoch 10:  13(SW) -> 17(SW)   volume = 0.0625
   epoch 10:  14(SW) ->  8(SW)   volume = 0.0625
   epoch 10:  15(SW) ->  8(SW)   volume = 0.0625
   epoch 10:  16(SW) -> 12(SW)   volume = 0.0625
   epoch 10:  17(SW) -> 12(SW)   volume = 0.0625
   epoch 11:   5(gpu) -> 10(SW)   volume = 0.125
   epoch 11:   5(gpu) -> 13(SW)   volume = 0.125
   epoch 11:   9(SW) ->  2(gpu)   volume = 0.125
   epoch 11:  10(SW) -> 14(SW)   volume = 0.0625
   epoch 11:  10(SW) -> 15(SW)   volume = 0.0625
   epoch 11:  12(SW) ->  2(gpu)   volume = 0.125
   epoch 11:  13(SW) -> 16(SW)   volume = 0.0625
   epoch 11:  13(SW) -> 17(SW)   volume = 0.0625
   epoch 11:  14(SW) ->  9(SW)   volume = 0.0625
   epoch 11:  15(SW) ->  9(SW)   volume = 0.0625
   epoch 11:  16(SW) -> 12(SW)   volume = 0.0625
   epoch 11:  17(SW) -> 12(SW)   volume = 0.0625
   epoch 12:   5(gpu) -> 10(SW)   volume = 0.125
   epoch 12:   5(gpu) -> 13(SW)   volume = 0.125
   epoch 12:   9(SW) ->  3(gpu)   volume = 0.125
   epoch 12:  10(SW) -> 14(SW)   volume = 0.0625
   epoch 12:  10(SW) -> 15(SW)   volume = 0.0625
   epoch 12:  11(SW) ->  1(gpu)   volume = 0.125
   epoch 12:  13(SW) -> 16(SW)   volume = 0.0625
   epoch 12:  13(SW) -> 17(SW)   volume = 0.0625
   epoch 12:  14(SW) ->  9(SW)   volume = 0.0625
   epoch 12:  15(SW) ->  9(SW)   volume = 0.0625
   epoch 12:  16(SW) -> 11(SW)   volume = 0.0625
   epoch 12:  17(SW) -> 11(SW)   volume = 0.0625
   epoch 13:   5(gpu) -> 10(SW)   volume = 0.125
   epoch 13:   5(gpu) -> 13(SW)   volume = 0.125
   epoch 13:   9(SW) ->  2(gpu)   volume = 0.125
   epoch 13:  10(SW) -> 14(SW)   volume = 0.0625
   epoch 13:  10(SW) -> 15(SW)   volume = 0.0625
   epoch 13:  11(SW) ->  1(gpu)   volume = 0.125
   epoch 13:  13(SW) -> 16(SW)   volume = 0.0625
   epoch 13:  13(SW) -> 17(SW)   volume = 0.0625
   epoch 13:  14(SW) ->  9(SW)   volume = 0.0625
   epoch 13:  15(SW) ->  9(SW)   volume = 0.0625
   epoch 13:  16(SW) -> 11(SW)   volume = 0.0625
   epoch 13:  17(SW) -> 11(SW)   volume = 0.0625
   epoch 14:   5(gpu) -> 10(SW)   volume = 0.125
   epoch 14:   5(gpu) -> 13(SW)   volume = 0.125
   epoch 14:   8(SW) ->  1(gpu)   volume = 0.125
   epoch 14:  10(SW) -> 14(SW)   volume = 0.0625
   epoch 14:  10(SW) -> 15(SW)   volume = 0.0625
   epoch 14:  12(SW) ->  3(gpu)   volume = 0.125
   epoch 14:  13(SW) -> 16(SW)   volume = 0.0625
   epoch 14:  13(SW) -> 17(SW)   volume = 0.0625
   epoch 14:  14(SW) ->  8(SW)   volume = 0.0625
   epoch 14:  15(SW) ->  8(SW)   volume = 0.0625
   epoch 14:  16(SW) -> 12(SW)   volume = 0.0625
   epoch 14:  17(SW) -> 12(SW)   volume = 0.0625
   epoch 15:   5(gpu) -> 10(SW)   volume = 0.125
   epoch 15:   5(gpu) -> 13(SW)   volume = 0.125
   epoch 15:  10(SW) ->  7(gpu)   volume = 0.125
   epoch 15:  13(SW) ->  4(gpu)   volume = 0.125
   epoch 16:   5(gpu) -> 10(SW)   volume = 0.125
   epoch 16:   5(gpu) -> 13(SW)   volume = 0.125
   epoch 16:   8(SW) ->  1(gpu)   volume = 0.125
   epoch 16:  10(SW) -> 14(SW)   volume = 0.0625
   epoch 16:  10(SW) -> 15(SW)   volume = 0.0625
   epoch 16:  11(SW) ->  1(gpu)   volume = 0.125
   epoch 16:  13(SW) -> 16(SW)   volume = 0.0625
   epoch 16:  13(SW) -> 17(SW)   volume = 0.0625
   epoch 16:  14(SW) ->  8(SW)   volume = 0.0625
   epoch 16:  15(SW) ->  8(SW)   volume = 0.0625
   epoch 16:  16(SW) -> 11(SW)   volume = 0.0625
   epoch 16:  17(SW) -> 11(SW)   volume = 0.0625
   epoch 17:   5(gpu) -> 10(SW)   volume = 0.125
   epoch 17:   5(gpu) -> 13(SW)   volume = 0.125
   epoch 17:   9(SW) ->  3(gpu)   volume = 0.125
   epoch 17:  10(SW) -> 14(SW)   volume = 0.0625
   epoch 17:  10(SW) -> 15(SW)   volume = 0.0625
   epoch 17:  11(SW) ->  0(gpu)   volume = 0.125
   epoch 17:  13(SW) -> 16(SW)   volume = 0.0625
   epoch 17:  13(SW) -> 17(SW)   volume = 0.0625
   epoch 17:  14(SW) ->  9(SW)   volume = 0.0625
   epoch 17:  15(SW) ->  9(SW)   volume = 0.0625
   epoch 17:  16(SW) -> 11(SW)   volume = 0.0625
   epoch 17:  17(SW) -> 11(SW)   volume = 0.0625
   epoch 18:   5(gpu) -> 10(SW)   volume = 0.125
   epoch 18:   5(gpu) -> 13(SW)   volume = 0.125
   epoch 18:   8(SW) ->  0(gpu)   volume = 0.125
   epoch 18:  10(SW) -> 14(SW)   volume = 0.0625
   epoch 18:  10(SW) -> 15(SW)   volume = 0.0625
   epoch 18:  11(SW) ->  0(gpu)   volume = 0.125
   epoch 18:  13(SW) -> 16(SW)   volume = 0.0625
   epoch 18:  13(SW) -> 17(SW)   volume = 0.0625
   epoch 18:  14(SW) ->  8(SW)   volume = 0.0625
   epoch 18:  15(SW) ->  8(SW)   volume = 0.0625
   epoch 18:  16(SW) -> 11(SW)   volume = 0.0625
   epoch 18:  17(SW) -> 11(SW)   volume = 0.0625
   epoch 19:   5(gpu) -> 10(SW)   volume = 0.125
   epoch 19:   5(gpu) -> 13(SW)   volume = 0.125
   epoch 19:  10(SW) ->  6(gpu)   volume = 0.125
   epoch 19:  13(SW) ->  4(gpu)   volume = 0.125
   epoch 20:   5(gpu) -> 10(SW)   volume = 0.125
   epoch 20:   5(gpu) -> 13(SW)   volume = 0.125
   epoch 20:   9(SW) ->  2(gpu)   volume = 0.125
   epoch 20:  10(SW) -> 14(SW)   volume = 0.0625
   epoch 20:  10(SW) -> 15(SW)   volume = 0.0625
   epoch 20:  12(SW) ->  2(gpu)   volume = 0.125
   epoch 20:  13(SW) -> 16(SW)   volume = 0.0625
   epoch 20:  13(SW) -> 17(SW)   volume = 0.0625
   epoch 20:  14(SW) ->  9(SW)   volume = 0.0625
   epoch 20:  15(SW) ->  9(SW)   volume = 0.0625
   epoch 20:  16(SW) -> 12(SW)   volume = 0.0625
   epoch 20:  17(SW) -> 12(SW)   volume = 0.0625
   epoch 21:   5(gpu) -> 10(SW)   volume = 0.125
   epoch 21:   5(gpu) -> 13(SW)   volume = 0.125
   epoch 21:   8(SW) ->  0(gpu)   volume = 0.125
   epoch 21:  10(SW) -> 14(SW)   volume = 0.0625
   epoch 21:  10(SW) -> 15(SW)   volume = 0.0625
   epoch 21:  11(SW) ->  1(gpu)   volume = 0.125
   epoch 21:  13(SW) -> 16(SW)   volume = 0.0625
   epoch 21:  13(SW) -> 17(SW)   volume = 0.0625
   epoch 21:  14(SW) ->  8(SW)   volume = 0.0625
   epoch 21:  15(SW) ->  8(SW)   volume = 0.0625
   epoch 21:  16(SW) -> 11(SW)   volume = 0.0625
   epoch 21:  17(SW) -> 11(SW)   volume = 0.0625
   epoch 22:   5(gpu) -> 10(SW)   volume = 0.125
   epoch 22:   5(gpu) -> 13(SW)   volume = 0.125
   epoch 22:   8(SW) ->  0(gpu)   volume = 0.125
   epoch 22:  10(SW) -> 14(SW)   volume = 0.0625
   epoch 22:  10(SW) -> 15(SW)   volume = 0.0625
   epoch 22:  11(SW) ->  0(gpu)   volume = 0.125
   epoch 22:  13(SW) -> 16(SW)   volume = 0.0625
   epoch 22:  13(SW) -> 17(SW)   volume = 0.0625
   epoch 22:  14(SW) ->  8(SW)   volume = 0.0625
   epoch 22:  15(SW) ->  8(SW)   volume = 0.0625
   epoch 22:  16(SW) -> 11(SW)   volume = 0.0625
   epoch 22:  17(SW) -> 11(SW)   volume = 0.0625
   epoch 23:   5(gpu) -> 10(SW)   volume = 0.125
   epoch 23:   5(gpu) -> 13(SW)   volume = 0.125
   epoch 23:   8(SW) ->  1(gpu)   volume = 0.125
   epoch 23:  10(SW) -> 14(SW)   volume = 0.0625
   epoch 23:  10(SW) -> 15(SW)   volume = 0.0625
   epoch 23:  11(SW) ->  1(gpu)   volume = 0.125
   epoch 23:  13(SW) -> 16(SW)   volume = 0.0625
   epoch 23:  13(SW) -> 17(SW)   volume = 0.0625
   epoch 23:  14(SW) ->  8(SW)   volume = 0.0625
   epoch 23:  15(SW) ->  8(SW)   volume = 0.0625
   epoch 23:  16(SW) -> 11(SW)   volume = 0.0625
   epoch 23:  17(SW) -> 11(SW)   volume = 0.0625
   epoch 24:   5(gpu) -> 10(SW)   volume = 0.125
   epoch 24:   5(gpu) -> 13(SW)   volume = 0.125
   epoch 24:   9(SW) ->  2(gpu)   volume = 0.125
   epoch 24:  10(SW) -> 14(SW)   volume = 0.0625
   epoch 24:  10(SW) -> 15(SW)   volume = 0.0625
   epoch 24:  11(SW) ->  0(gpu)   volume = 0.125
   epoch 24:  13(SW) -> 16(SW)   volume = 0.0625
   epoch 24:  13(SW) -> 17(SW)   volume = 0.0625
   epoch 24:  14(SW) ->  9(SW)   volume = 0.0625
   epoch 24:  15(SW) ->  9(SW)   volume = 0.0625
   epoch 24:  16(SW) -> 11(SW)   volume = 0.0625
   epoch 24:  17(SW) -> 11(SW)   volume = 0.0625
   epoch 25:   5(gpu) -> 10(SW)   volume = 0.125
   epoch 25:   5(gpu) -> 13(SW)   volume = 0.125
   epoch 25:   9(SW) ->  3(gpu)   volume = 0.125
   epoch 25:  10(SW) -> 14(SW)   volume = 0.0625
   epoch 25:  10(SW) -> 15(SW)   volume = 0.0625
   epoch 25:  12(SW) ->  2(gpu)   volume = 0.125
   epoch 25:  13(SW) -> 16(SW)   volume = 0.0625
   epoch 25:  13(SW) -> 17(SW)   volume = 0.0625
   epoch 25:  14(SW) ->  9(SW)   volume = 0.0625
   epoch 25:  15(SW) ->  9(SW)   volume = 0.0625
   epoch 25:  16(SW) -> 12(SW)   volume = 0.0625
   epoch 25:  17(SW) -> 12(SW)   volume = 0.0625
   epoch 26:   5(gpu) -> 10(SW)   volume = 0.125
   epoch 26:   5(gpu) -> 13(SW)   volume = 0.125
   epoch 26:   8(SW) ->  0(gpu)   volume = 0.125
   epoch 26:  10(SW) -> 14(SW)   volume = 0.0625
   epoch 26:  10(SW) -> 15(SW)   volume = 0.0625
   epoch 26:  11(SW) ->  0(gpu)   volume = 0.125
   epoch 26:  13(SW) -> 16(SW)   volume = 0.0625
   epoch 26:  13(SW) -> 17(SW)   volume = 0.0625
   epoch 26:  14(SW) ->  8(SW)   volume = 0.0625
   epoch 26:  15(SW) ->  8(SW)   volume = 0.0625
   epoch 26:  16(SW) -> 11(SW)   volume = 0.0625
   epoch 26:  17(SW) -> 11(SW)   volume = 0.0625
   epoch 27:   5(gpu) -> 10(SW)   volume = 0.125
   epoch 27:   5(gpu) -> 13(SW)   volume = 0.125
   epoch 27:   8(SW) ->  0(gpu)   volume = 0.125
   epoch 27:  10(SW) -> 14(SW)   volume = 0.0625
   epoch 27:  10(SW) -> 15(SW)   volume = 0.0625
   epoch 27:  12(SW) ->  3(gpu)   volume = 0.125
   epoch 27:  13(SW) -> 16(SW)   volume = 0.0625
   epoch 27:  13(SW) -> 17(SW)   volume = 0.0625
   epoch 27:  14(SW) ->  8(SW)   volume = 0.0625
   epoch 27:  15(SW) ->  8(SW)   volume = 0.0625
   epoch 27:  16(SW) -> 12(SW)   volume = 0.0625
   epoch 27:  17(SW) -> 12(SW)   volume = 0.0625
   epoch 28:   5(gpu) -> 10(SW)   volume = 0.125
   epoch 28:   5(gpu) -> 13(SW)   volume = 0.125
   epoch 28:   8(SW) ->  0(gpu)   volume = 0.125
   epoch 28:  10(SW) -> 14(SW)   volume = 0.0625
   epoch 28:  10(SW) -> 15(SW)   volume = 0.0625
   epoch 28:  11(SW) ->  0(gpu)   volume = 0.125
   epoch 28:  13(SW) -> 16(SW)   volume = 0.0625
   epoch 28:  13(SW) -> 17(SW)   volume = 0.0625
   epoch 28:  14(SW) ->  8(SW)   volume = 0.0625
   epoch 28:  15(SW) ->  8(SW)   volume = 0.0625
   epoch 28:  16(SW) -> 11(SW)   volume = 0.0625
   epoch 28:  17(SW) -> 11(SW)   volume = 0.0625
   epoch 29:   5(gpu) -> 10(SW)   volume = 0.125
   epoch 29:   5(gpu) -> 13(SW)   volume = 0.125
   epoch 29:   8(SW) ->  1(gpu)   volume = 0.125
   epoch 29:  10(SW) -> 14(SW)   volume = 0.0625
   epoch 29:  10(SW) -> 15(SW)   volume = 0.0625
   epoch 29:  11(SW) ->  1(gpu)   volume = 0.125
   epoch 29:  13(SW) -> 16(SW)   volume = 0.0625
   epoch 29:  13(SW) -> 17(SW)   volume = 0.0625
   epoch 29:  14(SW) ->  8(SW)   volume = 0.0625
   epoch 29:  15(SW) ->  8(SW)   volume = 0.0625
   epoch 29:  16(SW) -> 11(SW)   volume = 0.0625
   epoch 29:  17(SW) -> 11(SW)   volume = 0.0625
   epoch 30:   5(gpu) -> 10(SW)   volume = 0.125
   epoch 30:   5(gpu) -> 13(SW)   volume = 0.125
   epoch 30:   9(SW) ->  2(gpu)   volume = 0.125
   epoch 30:  10(SW) -> 14(SW)   volume = 0.0625
   epoch 30:  10(SW) -> 15(SW)   volume = 0.0625
   epoch 30:  11(SW) ->  0(gpu)   volume = 0.125
   epoch 30:  13(SW) -> 16(SW)   volume = 0.0625
   epoch 30:  13(SW) -> 17(SW)   volume = 0.0625
   epoch 30:  14(SW) ->  9(SW)   volume = 0.0625
   epoch 30:  15(SW) ->  9(SW)   volume = 0.0625
   epoch 30:  16(SW) -> 11(SW)   volume = 0.0625
   epoch 30:  17(SW) -> 11(SW)   volume = 0.0625
   epoch 31:   5(gpu) -> 10(SW)   volume = 0.125
   epoch 31:   5(gpu) -> 13(SW)   volume = 0.125
   epoch 31:   9(SW) ->  3(gpu)   volume = 0.125
   epoch 31:  10(SW) -> 14(SW)   volume = 0.0625
   epoch 31:  10(SW) -> 15(SW)   volume = 0.0625
   epoch 31:  12(SW) ->  2(gpu)   volume = 0.125
   epoch 31:  13(SW) -> 16(SW)   volume = 0.0625
   epoch 31:  13(SW) -> 17(SW)   volume = 0.0625
   epoch 31:  14(SW) ->  9(SW)   volume = 0.0625
   epoch 31:  15(SW) ->  9(SW)   volume = 0.0625
   epoch 31:  16(SW) -> 12(SW)   volume = 0.0625
   epoch 31:  17(SW) -> 12(SW)   volume = 0.0625
   epoch 32:   5(gpu) -> 10(SW)   volume = 0.125
   epoch 32:   5(gpu) -> 13(SW)   volume = 0.125
   epoch 32:   8(SW) ->  1(gpu)   volume = 0.125
   epoch 32:  10(SW) -> 14(SW)   volume = 0.0625
   epoch 32:  10(SW) -> 15(SW)   volume = 0.0625
   epoch 32:  12(SW) ->  3(gpu)   volume = 0.125
   epoch 32:  13(SW) -> 16(SW)   volume = 0.0625
   epoch 32:  13(SW) -> 17(SW)   volume = 0.0625
   epoch 32:  14(SW) ->  8(SW)   volume = 0.0625
   epoch 32:  15(SW) ->  8(SW)   volume = 0.0625
   epoch 32:  16(SW) -> 12(SW)   volume = 0.0625
   epoch 32:  17(SW) -> 12(SW)   volume = 0.0625
   epoch 33:   5(gpu) -> 10(SW)   volume = 0.125
   epoch 33:   5(gpu) -> 13(SW)   volume = 0.125
   epoch 33:   9(SW) ->  3(gpu)   volume = 0.125
   epoch 33:  10(SW) -> 14(SW)   volume = 0.0625
   epoch 33:  10(SW) -> 15(SW)   volume = 0.0625
   epoch 33:  12(SW) ->  2(gpu)   volume = 0.125
   epoch 33:  13(SW) -> 16(SW)   volume = 0.0625
   epoch 33:  13(SW) -> 17(SW)   volume = 0.0625
   epoch 33:  14(SW) ->  9(SW)   volume = 0.0625
   epoch 33:  15(SW) ->  9(SW)   volume = 0.0625
   epoch 33:  16(SW) -> 12(SW)   volume = 0.0625
   epoch 33:  17(SW) -> 12(SW)   volume = 0.0625
   epoch 34:   5(gpu) -> 10(SW)   volume = 0.125
   epoch 34:   5(gpu) -> 13(SW)   volume = 0.125
   epoch 34:  10(SW) ->  4(gpu)   volume = 0.125
   epoch 34:  13(SW) ->  4(gpu)   volume = 0.125
   epoch 35:   5(gpu) -> 10(SW)   volume = 0.125
   epoch 35:   5(gpu) -> 13(SW)   volume = 0.125
   epoch 35:   8(SW) ->  1(gpu)   volume = 0.125
   epoch 35:  10(SW) -> 14(SW)   volume = 0.0625
   epoch 35:  10(SW) -> 15(SW)   volume = 0.0625
   epoch 35:  12(SW) ->  3(gpu)   volume = 0.125
   epoch 35:  13(SW) -> 16(SW)   volume = 0.0625
   epoch 35:  13(SW) -> 17(SW)   volume = 0.0625
   epoch 35:  14(SW) ->  8(SW)   volume = 0.0625
   epoch 35:  15(SW) ->  8(SW)   volume = 0.0625
   epoch 35:  16(SW) -> 12(SW)   volume = 0.0625
   epoch 35:  17(SW) -> 12(SW)   volume = 0.0625
   epoch 36:   5(gpu) -> 10(SW)   volume = 0.125
   epoch 36:   5(gpu) -> 13(SW)   volume = 0.125
   epoch 36:   9(SW) ->  3(gpu)   volume = 0.125
   epoch 36:  10(SW) -> 14(SW)   volume = 0.0625
   epoch 36:  10(SW) -> 15(SW)   volume = 0.0625
   epoch 36:  12(SW) ->  3(gpu)   volume = 0.125
   epoch 36:  13(SW) -> 16(SW)   volume = 0.0625
   epoch 36:  13(SW) -> 17(SW)   volume = 0.0625
   epoch 36:  14(SW) ->  9(SW)   volume = 0.0625
   epoch 36:  15(SW) ->  9(SW)   volume = 0.0625
   epoch 36:  16(SW) -> 12(SW)   volume = 0.0625
   epoch 36:  17(SW) -> 12(SW)   volume = 0.0625
   epoch 37:   5(gpu) -> 10(SW)   volume = 0.125
   epoch 37:   5(gpu) -> 13(SW)   volume = 0.125
   epoch 37:   9(SW) ->  2(gpu)   volume = 0.125
   epoch 37:  10(SW) -> 14(SW)   volume = 0.0625
   epoch 37:  10(SW) -> 15(SW)   volume = 0.0625
   epoch 37:  12(SW) ->  3(gpu)   volume = 0.125
   epoch 37:  13(SW) -> 16(SW)   volume = 0.0625
   epoch 37:  13(SW) -> 17(SW)   volume = 0.0625
   epoch 37:  14(SW) ->  9(SW)   volume = 0.0625
   epoch 37:  15(SW) ->  9(SW)   volume = 0.0625
   epoch 37:  16(SW) -> 12(SW)   volume = 0.0625
   epoch 37:  17(SW) -> 12(SW)   volume = 0.0625
   epoch 38:   5(gpu) -> 10(SW)   volume = 0.125
   epoch 38:   5(gpu) -> 13(SW)   volume = 0.125
   epoch 38:  10(SW) ->  4(gpu)   volume = 0.0625
   epoch 38:  10(SW) ->  6(gpu)   volume = 0.0625
   epoch 38:  13(SW) ->  6(gpu)   volume = 0.125
   epoch 39:   5(gpu) -> 10(SW)   volume = 0.125
   epoch 39:   5(gpu) -> 13(SW)   volume = 0.125
   epoch 39:  10(SW) ->  7(gpu)   volume = 0.125
   epoch 39:  13(SW) ->  7(gpu)   volume = 0.125
   epoch 40:   5(gpu) -> 10(SW)   volume = 0.125
   epoch 40:   5(gpu) -> 13(SW)   volume = 0.125
   epoch 40:  10(SW) ->  6(gpu)   volume = 0.125
   epoch 40:  13(SW) ->  6(gpu)   volume = 0.125
   epoch 41:   5(gpu) -> 10(SW)   volume = 0.125
   epoch 41:   5(gpu) -> 13(SW)   volume = 0.125
   epoch 41:  10(SW) ->  4(gpu)   volume = 0.125
   epoch 41:  13(SW) ->  7(gpu)   volume = 0.125
   epoch 42:   5(gpu) -> 10(SW)   volume = 0.125
   epoch 42:   5(gpu) -> 13(SW)   volume = 0.125
   epoch 42:  10(SW) ->  4(gpu)   volume = 0.125
   epoch 42:  13(SW) ->  7(gpu)   volume = 0.125
   epoch 43:   5(gpu) -> 10(SW)   volume = 0.125
   epoch 43:   5(gpu) -> 13(SW)   volume = 0.125
   epoch 43:  10(SW) ->  4(gpu)   volume = 0.0625
   epoch 43:  10(SW) ->  7(gpu)   volume = 0.0625
   epoch 43:  13(SW) ->  7(gpu)   volume = 0.125

-- source 6 --
   epoch 0:   6(gpu) -> 10(SW)   volume = 0.125
   epoch 0:   6(gpu) -> 13(SW)   volume = 0.125
   epoch 0:  10(SW) ->  4(gpu)   volume = 0.0625
   epoch 0:  10(SW) ->  7(gpu)   volume = 0.0625
   epoch 0:  13(SW) ->  4(gpu)   volume = 0.125
   epoch 1:   6(gpu) -> 10(SW)   volume = 0.125
   epoch 1:   6(gpu) -> 13(SW)   volume = 0.125
   epoch 1:   8(SW) ->  1(gpu)   volume = 0.125
   epoch 1:  10(SW) -> 14(SW)   volume = 0.0625
   epoch 1:  10(SW) -> 15(SW)   volume = 0.0625
   epoch 1:  11(SW) ->  1(gpu)   volume = 0.125
   epoch 1:  13(SW) -> 16(SW)   volume = 0.0625
   epoch 1:  13(SW) -> 17(SW)   volume = 0.0625
   epoch 1:  14(SW) ->  8(SW)   volume = 0.0625
   epoch 1:  15(SW) ->  8(SW)   volume = 0.0625
   epoch 1:  16(SW) -> 11(SW)   volume = 0.0625
   epoch 1:  17(SW) -> 11(SW)   volume = 0.0625
   epoch 2:   6(gpu) -> 10(SW)   volume = 0.125
   epoch 2:   6(gpu) -> 13(SW)   volume = 0.125
   epoch 2:   9(SW) ->  3(gpu)   volume = 0.125
   epoch 2:  10(SW) -> 14(SW)   volume = 0.0625
   epoch 2:  10(SW) -> 15(SW)   volume = 0.0625
   epoch 2:  12(SW) ->  3(gpu)   volume = 0.125
   epoch 2:  13(SW) -> 16(SW)   volume = 0.0625
   epoch 2:  13(SW) -> 17(SW)   volume = 0.0625
   epoch 2:  14(SW) ->  9(SW)   volume = 0.0625
   epoch 2:  15(SW) ->  9(SW)   volume = 0.0625
   epoch 2:  16(SW) -> 12(SW)   volume = 0.0625
   epoch 2:  17(SW) -> 12(SW)   volume = 0.0625
   epoch 3:   6(gpu) -> 10(SW)   volume = 0.125
   epoch 3:   6(gpu) -> 13(SW)   volume = 0.125
   epoch 3:   8(SW) ->  0(gpu)   volume = 0.125
   epoch 3:  10(SW) -> 14(SW)   volume = 0.0625
   epoch 3:  10(SW) -> 15(SW)   volume = 0.0625
   epoch 3:  11(SW) ->  1(gpu)   volume = 0.125
   epoch 3:  13(SW) -> 16(SW)   volume = 0.0625
   epoch 3:  13(SW) -> 17(SW)   volume = 0.0625
   epoch 3:  14(SW) ->  8(SW)   volume = 0.0625
   epoch 3:  15(SW) ->  8(SW)   volume = 0.0625
   epoch 3:  16(SW) -> 11(SW)   volume = 0.0625
   epoch 3:  17(SW) -> 11(SW)   volume = 0.0625
   epoch 4:   6(gpu) -> 10(SW)   volume = 0.125
   epoch 4:   6(gpu) -> 13(SW)   volume = 0.125
   epoch 4:  10(SW) ->  4(gpu)   volume = 0.125
   epoch 4:  13(SW) ->  7(gpu)   volume = 0.125
   epoch 5:   6(gpu) -> 10(SW)   volume = 0.125
   epoch 5:   6(gpu) -> 13(SW)   volume = 0.125
   epoch 5:   9(SW) ->  3(gpu)   volume = 0.125
   epoch 5:  10(SW) -> 14(SW)   volume = 0.0625
   epoch 5:  10(SW) -> 15(SW)   volume = 0.0625
   epoch 5:  12(SW) ->  3(gpu)   volume = 0.125
   epoch 5:  13(SW) -> 16(SW)   volume = 0.0625
   epoch 5:  13(SW) -> 17(SW)   volume = 0.0625
   epoch 5:  14(SW) ->  9(SW)   volume = 0.0625
   epoch 5:  15(SW) ->  9(SW)   volume = 0.0625
   epoch 5:  16(SW) -> 12(SW)   volume = 0.0625
   epoch 5:  17(SW) -> 12(SW)   volume = 0.0625
   epoch 6:   6(gpu) -> 10(SW)   volume = 0.125
   epoch 6:   6(gpu) -> 13(SW)   volume = 0.125
   epoch 6:   8(SW) ->  0(gpu)   volume = 0.125
   epoch 6:  10(SW) -> 14(SW)   volume = 0.0625
   epoch 6:  10(SW) -> 15(SW)   volume = 0.0625
   epoch 6:  12(SW) ->  3(gpu)   volume = 0.125
   epoch 6:  13(SW) -> 16(SW)   volume = 0.0625
   epoch 6:  13(SW) -> 17(SW)   volume = 0.0625
   epoch 6:  14(SW) ->  8(SW)   volume = 0.0625
   epoch 6:  15(SW) ->  8(SW)   volume = 0.0625
   epoch 6:  16(SW) -> 12(SW)   volume = 0.0625
   epoch 6:  17(SW) -> 12(SW)   volume = 0.0625
   epoch 7:   6(gpu) -> 10(SW)   volume = 0.125
   epoch 7:   6(gpu) -> 13(SW)   volume = 0.125
   epoch 7:   8(SW) ->  1(gpu)   volume = 0.125
   epoch 7:  10(SW) -> 14(SW)   volume = 0.0625
   epoch 7:  10(SW) -> 15(SW)   volume = 0.0625
   epoch 7:  11(SW) ->  0(gpu)   volume = 0.125
   epoch 7:  13(SW) -> 16(SW)   volume = 0.0625
   epoch 7:  13(SW) -> 17(SW)   volume = 0.0625
   epoch 7:  14(SW) ->  8(SW)   volume = 0.0625
   epoch 7:  15(SW) ->  8(SW)   volume = 0.0625
   epoch 7:  16(SW) -> 11(SW)   volume = 0.0625
   epoch 7:  17(SW) -> 11(SW)   volume = 0.0625
   epoch 8:   6(gpu) -> 10(SW)   volume = 0.125
   epoch 8:   6(gpu) -> 13(SW)   volume = 0.125
   epoch 8:   9(SW) ->  2(gpu)   volume = 0.125
   epoch 8:  10(SW) -> 14(SW)   volume = 0.0625
   epoch 8:  10(SW) -> 15(SW)   volume = 0.0625
   epoch 8:  12(SW) ->  2(gpu)   volume = 0.125
   epoch 8:  13(SW) -> 16(SW)   volume = 0.0625
   epoch 8:  13(SW) -> 17(SW)   volume = 0.0625
   epoch 8:  14(SW) ->  9(SW)   volume = 0.0625
   epoch 8:  15(SW) ->  9(SW)   volume = 0.0625
   epoch 8:  16(SW) -> 12(SW)   volume = 0.0625
   epoch 8:  17(SW) -> 12(SW)   volume = 0.0625
   epoch 9:   6(gpu) -> 10(SW)   volume = 0.125
   epoch 9:   6(gpu) -> 13(SW)   volume = 0.125
   epoch 9:  10(SW) ->  4(gpu)   volume = 0.125
   epoch 9:  13(SW) ->  7(gpu)   volume = 0.125
   epoch 10:   6(gpu) -> 10(SW)   volume = 0.125
   epoch 10:   6(gpu) -> 13(SW)   volume = 0.125
   epoch 10:   9(SW) ->  3(gpu)   volume = 0.125
   epoch 10:  10(SW) -> 14(SW)   volume = 0.0625
   epoch 10:  10(SW) -> 15(SW)   volume = 0.0625
   epoch 10:  12(SW) ->  2(gpu)   volume = 0.125
   epoch 10:  13(SW) -> 16(SW)   volume = 0.0625
   epoch 10:  13(SW) -> 17(SW)   volume = 0.0625
   epoch 10:  14(SW) ->  9(SW)   volume = 0.0625
   epoch 10:  15(SW) ->  9(SW)   volume = 0.0625
   epoch 10:  16(SW) -> 12(SW)   volume = 0.0625
   epoch 10:  17(SW) -> 12(SW)   volume = 0.0625
   epoch 11:   6(gpu) -> 10(SW)   volume = 0.125
   epoch 11:   6(gpu) -> 13(SW)   volume = 0.125
   epoch 11:   8(SW) ->  0(gpu)   volume = 0.125
   epoch 11:  10(SW) -> 14(SW)   volume = 0.0625
   epoch 11:  10(SW) -> 15(SW)   volume = 0.0625
   epoch 11:  12(SW) ->  3(gpu)   volume = 0.125
   epoch 11:  13(SW) -> 16(SW)   volume = 0.0625
   epoch 11:  13(SW) -> 17(SW)   volume = 0.0625
   epoch 11:  14(SW) ->  8(SW)   volume = 0.0625
   epoch 11:  15(SW) ->  8(SW)   volume = 0.0625
   epoch 11:  16(SW) -> 12(SW)   volume = 0.0625
   epoch 11:  17(SW) -> 12(SW)   volume = 0.0625
   epoch 12:   6(gpu) -> 10(SW)   volume = 0.125
   epoch 12:   6(gpu) -> 13(SW)   volume = 0.125
   epoch 12:   8(SW) ->  1(gpu)   volume = 0.125
   epoch 12:  10(SW) -> 14(SW)   volume = 0.0625
   epoch 12:  10(SW) -> 15(SW)   volume = 0.0625
   epoch 12:  12(SW) ->  2(gpu)   volume = 0.125
   epoch 12:  13(SW) -> 16(SW)   volume = 0.0625
   epoch 12:  13(SW) -> 17(SW)   volume = 0.0625
   epoch 12:  14(SW) ->  8(SW)   volume = 0.0625
   epoch 12:  15(SW) ->  8(SW)   volume = 0.0625
   epoch 12:  16(SW) -> 12(SW)   volume = 0.0625
   epoch 12:  17(SW) -> 12(SW)   volume = 0.0625
   epoch 13:   6(gpu) -> 10(SW)   volume = 0.125
   epoch 13:   6(gpu) -> 13(SW)   volume = 0.125
   epoch 13:   8(SW) ->  0(gpu)   volume = 0.125
   epoch 13:  10(SW) -> 14(SW)   volume = 0.0625
   epoch 13:  10(SW) -> 15(SW)   volume = 0.0625
   epoch 13:  12(SW) ->  2(gpu)   volume = 0.125
   epoch 13:  13(SW) -> 16(SW)   volume = 0.0625
   epoch 13:  13(SW) -> 17(SW)   volume = 0.0625
   epoch 13:  14(SW) ->  8(SW)   volume = 0.0625
   epoch 13:  15(SW) ->  8(SW)   volume = 0.0625
   epoch 13:  16(SW) -> 12(SW)   volume = 0.0625
   epoch 13:  17(SW) -> 12(SW)   volume = 0.0625
   epoch 14:   6(gpu) -> 10(SW)   volume = 0.125
   epoch 14:   6(gpu) -> 13(SW)   volume = 0.125
   epoch 14:   9(SW) ->  3(gpu)   volume = 0.125
   epoch 14:  10(SW) -> 14(SW)   volume = 0.0625
   epoch 14:  10(SW) -> 15(SW)   volume = 0.0625
   epoch 14:  11(SW) ->  0(gpu)   volume = 0.125
   epoch 14:  13(SW) -> 16(SW)   volume = 0.0625
   epoch 14:  13(SW) -> 17(SW)   volume = 0.0625
   epoch 14:  14(SW) ->  9(SW)   volume = 0.0625
   epoch 14:  15(SW) ->  9(SW)   volume = 0.0625
   epoch 14:  16(SW) -> 11(SW)   volume = 0.0625
   epoch 14:  17(SW) -> 11(SW)   volume = 0.0625
   epoch 15:   6(gpu) -> 10(SW)   volume = 0.125
   epoch 15:   6(gpu) -> 13(SW)   volume = 0.125
   epoch 15:  10(SW) ->  5(gpu)   volume = 0.125
   epoch 15:  13(SW) ->  7(gpu)   volume = 0.125
   epoch 16:   6(gpu) -> 10(SW)   volume = 0.125
   epoch 16:   6(gpu) -> 13(SW)   volume = 0.125
   epoch 16:   9(SW) ->  2(gpu)   volume = 0.125
   epoch 16:  10(SW) -> 14(SW)   volume = 0.0625
   epoch 16:  10(SW) -> 15(SW)   volume = 0.0625
   epoch 16:  11(SW) ->  1(gpu)   volume = 0.125
   epoch 16:  13(SW) -> 16(SW)   volume = 0.0625
   epoch 16:  13(SW) -> 17(SW)   volume = 0.0625
   epoch 16:  14(SW) ->  9(SW)   volume = 0.0625
   epoch 16:  15(SW) ->  9(SW)   volume = 0.0625
   epoch 16:  16(SW) -> 11(SW)   volume = 0.0625
   epoch 16:  17(SW) -> 11(SW)   volume = 0.0625
   epoch 17:   6(gpu) -> 10(SW)   volume = 0.125
   epoch 17:   6(gpu) -> 13(SW)   volume = 0.125
   epoch 17:   8(SW) ->  1(gpu)   volume = 0.125
   epoch 17:  10(SW) -> 14(SW)   volume = 0.0625
   epoch 17:  10(SW) -> 15(SW)   volume = 0.0625
   epoch 17:  11(SW) ->  0(gpu)   volume = 0.125
   epoch 17:  13(SW) -> 16(SW)   volume = 0.0625
   epoch 17:  13(SW) -> 17(SW)   volume = 0.0625
   epoch 17:  14(SW) ->  8(SW)   volume = 0.0625
   epoch 17:  15(SW) ->  8(SW)   volume = 0.0625
   epoch 17:  16(SW) -> 11(SW)   volume = 0.0625
   epoch 17:  17(SW) -> 11(SW)   volume = 0.0625
   epoch 18:   6(gpu) -> 10(SW)   volume = 0.125
   epoch 18:   6(gpu) -> 13(SW)   volume = 0.125
   epoch 18:   9(SW) ->  2(gpu)   volume = 0.125
   epoch 18:  10(SW) -> 14(SW)   volume = 0.0625
   epoch 18:  10(SW) -> 15(SW)   volume = 0.0625
   epoch 18:  12(SW) ->  3(gpu)   volume = 0.125
   epoch 18:  13(SW) -> 16(SW)   volume = 0.0625
   epoch 18:  13(SW) -> 17(SW)   volume = 0.0625
   epoch 18:  14(SW) ->  9(SW)   volume = 0.0625
   epoch 18:  15(SW) ->  9(SW)   volume = 0.0625
   epoch 18:  16(SW) -> 12(SW)   volume = 0.0625
   epoch 18:  17(SW) -> 12(SW)   volume = 0.0625
   epoch 19:   6(gpu) -> 10(SW)   volume = 0.125
   epoch 19:   6(gpu) -> 13(SW)   volume = 0.125
   epoch 19:  10(SW) ->  4(gpu)   volume = 0.125
   epoch 19:  13(SW) ->  5(gpu)   volume = 0.125
   epoch 20:   6(gpu) -> 10(SW)   volume = 0.125
   epoch 20:   6(gpu) -> 13(SW)   volume = 0.125
   epoch 20:   8(SW) ->  1(gpu)   volume = 0.125
   epoch 20:  10(SW) -> 14(SW)   volume = 0.0625
   epoch 20:  10(SW) -> 15(SW)   volume = 0.0625
   epoch 20:  11(SW) ->  1(gpu)   volume = 0.125
   epoch 20:  13(SW) -> 16(SW)   volume = 0.0625
   epoch 20:  13(SW) -> 17(SW)   volume = 0.0625
   epoch 20:  14(SW) ->  8(SW)   volume = 0.0625
   epoch 20:  15(SW) ->  8(SW)   volume = 0.0625
   epoch 20:  16(SW) -> 11(SW)   volume = 0.0625
   epoch 20:  17(SW) -> 11(SW)   volume = 0.0625
   epoch 21:   6(gpu) -> 10(SW)   volume = 0.125
   epoch 21:   6(gpu) -> 13(SW)   volume = 0.125
   epoch 21:   8(SW) ->  0(gpu)   volume = 0.125
   epoch 21:  10(SW) -> 14(SW)   volume = 0.0625
   epoch 21:  10(SW) -> 15(SW)   volume = 0.0625
   epoch 21:  12(SW) ->  3(gpu)   volume = 0.125
   epoch 21:  13(SW) -> 16(SW)   volume = 0.0625
   epoch 21:  13(SW) -> 17(SW)   volume = 0.0625
   epoch 21:  14(SW) ->  8(SW)   volume = 0.0625
   epoch 21:  15(SW) ->  8(SW)   volume = 0.0625
   epoch 21:  16(SW) -> 12(SW)   volume = 0.0625
   epoch 21:  17(SW) -> 12(SW)   volume = 0.0625
   epoch 22:   6(gpu) -> 10(SW)   volume = 0.125
   epoch 22:   6(gpu) -> 13(SW)   volume = 0.125
   epoch 22:   9(SW) ->  3(gpu)   volume = 0.125
   epoch 22:  10(SW) -> 14(SW)   volume = 0.0625
   epoch 22:  10(SW) -> 15(SW)   volume = 0.0625
   epoch 22:  12(SW) ->  2(gpu)   volume = 0.125
   epoch 22:  13(SW) -> 16(SW)   volume = 0.0625
   epoch 22:  13(SW) -> 17(SW)   volume = 0.0625
   epoch 22:  14(SW) ->  9(SW)   volume = 0.0625
   epoch 22:  15(SW) ->  9(SW)   volume = 0.0625
   epoch 22:  16(SW) -> 12(SW)   volume = 0.0625
   epoch 22:  17(SW) -> 12(SW)   volume = 0.0625
   epoch 23:   6(gpu) -> 10(SW)   volume = 0.125
   epoch 23:   6(gpu) -> 13(SW)   volume = 0.125
   epoch 23:   9(SW) ->  2(gpu)   volume = 0.125
   epoch 23:  10(SW) -> 14(SW)   volume = 0.0625
   epoch 23:  10(SW) -> 15(SW)   volume = 0.0625
   epoch 23:  12(SW) ->  3(gpu)   volume = 0.125
   epoch 23:  13(SW) -> 16(SW)   volume = 0.0625
   epoch 23:  13(SW) -> 17(SW)   volume = 0.0625
   epoch 23:  14(SW) ->  9(SW)   volume = 0.0625
   epoch 23:  15(SW) ->  9(SW)   volume = 0.0625
   epoch 23:  16(SW) -> 12(SW)   volume = 0.0625
   epoch 23:  17(SW) -> 12(SW)   volume = 0.0625
   epoch 24:   6(gpu) -> 10(SW)   volume = 0.125
   epoch 24:   6(gpu) -> 13(SW)   volume = 0.125
   epoch 24:   8(SW) ->  1(gpu)   volume = 0.125
   epoch 24:  10(SW) -> 14(SW)   volume = 0.0625
   epoch 24:  10(SW) -> 15(SW)   volume = 0.0625
   epoch 24:  11(SW) ->  0(gpu)   volume = 0.125
   epoch 24:  13(SW) -> 16(SW)   volume = 0.0625
   epoch 24:  13(SW) -> 17(SW)   volume = 0.0625
   epoch 24:  14(SW) ->  8(SW)   volume = 0.0625
   epoch 24:  15(SW) ->  8(SW)   volume = 0.0625
   epoch 24:  16(SW) -> 11(SW)   volume = 0.0625
   epoch 24:  17(SW) -> 11(SW)   volume = 0.0625
   epoch 25:   6(gpu) -> 10(SW)   volume = 0.125
   epoch 25:   6(gpu) -> 13(SW)   volume = 0.125
   epoch 25:   8(SW) ->  0(gpu)   volume = 0.125
   epoch 25:  10(SW) -> 14(SW)   volume = 0.0625
   epoch 25:  10(SW) -> 15(SW)   volume = 0.0625
   epoch 25:  11(SW) ->  1(gpu)   volume = 0.125
   epoch 25:  13(SW) -> 16(SW)   volume = 0.0625
   epoch 25:  13(SW) -> 17(SW)   volume = 0.0625
   epoch 25:  14(SW) ->  8(SW)   volume = 0.0625
   epoch 25:  15(SW) ->  8(SW)   volume = 0.0625
   epoch 25:  16(SW) -> 11(SW)   volume = 0.0625
   epoch 25:  17(SW) -> 11(SW)   volume = 0.0625
   epoch 26:   6(gpu) -> 10(SW)   volume = 0.125
   epoch 26:   6(gpu) -> 13(SW)   volume = 0.125
   epoch 26:   9(SW) ->  3(gpu)   volume = 0.125
   epoch 26:  10(SW) -> 14(SW)   volume = 0.0625
   epoch 26:  10(SW) -> 15(SW)   volume = 0.0625
   epoch 26:  11(SW) ->  0(gpu)   volume = 0.125
   epoch 26:  13(SW) -> 16(SW)   volume = 0.0625
   epoch 26:  13(SW) -> 17(SW)   volume = 0.0625
   epoch 26:  14(SW) ->  9(SW)   volume = 0.0625
   epoch 26:  15(SW) ->  9(SW)   volume = 0.0625
   epoch 26:  16(SW) -> 11(SW)   volume = 0.0625
   epoch 26:  17(SW) -> 11(SW)   volume = 0.0625
   epoch 27:   6(gpu) -> 10(SW)   volume = 0.125
   epoch 27:   6(gpu) -> 13(SW)   volume = 0.125
   epoch 27:   9(SW) ->  2(gpu)   volume = 0.125
   epoch 27:  10(SW) -> 14(SW)   volume = 0.0625
   epoch 27:  10(SW) -> 15(SW)   volume = 0.0625
   epoch 27:  11(SW) ->  1(gpu)   volume = 0.125
   epoch 27:  13(SW) -> 16(SW)   volume = 0.0625
   epoch 27:  13(SW) -> 17(SW)   volume = 0.0625
   epoch 27:  14(SW) ->  9(SW)   volume = 0.0625
   epoch 27:  15(SW) ->  9(SW)   volume = 0.0625
   epoch 27:  16(SW) -> 11(SW)   volume = 0.0625
   epoch 27:  17(SW) -> 11(SW)   volume = 0.0625
   epoch 28:   6(gpu) -> 10(SW)   volume = 0.125
   epoch 28:   6(gpu) -> 13(SW)   volume = 0.125
   epoch 28:   9(SW) ->  2(gpu)   volume = 0.125
   epoch 28:  10(SW) -> 14(SW)   volume = 0.0625
   epoch 28:  10(SW) -> 15(SW)   volume = 0.0625
   epoch 28:  12(SW) ->  2(gpu)   volume = 0.125
   epoch 28:  13(SW) -> 16(SW)   volume = 0.0625
   epoch 28:  13(SW) -> 17(SW)   volume = 0.0625
   epoch 28:  14(SW) ->  9(SW)   volume = 0.0625
   epoch 28:  15(SW) ->  9(SW)   volume = 0.0625
   epoch 28:  16(SW) -> 12(SW)   volume = 0.0625
   epoch 28:  17(SW) -> 12(SW)   volume = 0.0625
   epoch 29:   6(gpu) -> 10(SW)   volume = 0.125
   epoch 29:   6(gpu) -> 13(SW)   volume = 0.125
   epoch 29:   9(SW) ->  3(gpu)   volume = 0.125
   epoch 29:  10(SW) -> 14(SW)   volume = 0.0625
   epoch 29:  10(SW) -> 15(SW)   volume = 0.0625
   epoch 29:  12(SW) ->  2(gpu)   volume = 0.125
   epoch 29:  13(SW) -> 16(SW)   volume = 0.0625
   epoch 29:  13(SW) -> 17(SW)   volume = 0.0625
   epoch 29:  14(SW) ->  9(SW)   volume = 0.0625
   epoch 29:  15(SW) ->  9(SW)   volume = 0.0625
   epoch 29:  16(SW) -> 12(SW)   volume = 0.0625
   epoch 29:  17(SW) -> 12(SW)   volume = 0.0625
   epoch 30:   6(gpu) -> 10(SW)   volume = 0.125
   epoch 30:   6(gpu) -> 13(SW)   volume = 0.125
   epoch 30:   9(SW) ->  3(gpu)   volume = 0.125
   epoch 30:  10(SW) -> 14(SW)   volume = 0.0625
   epoch 30:  10(SW) -> 15(SW)   volume = 0.0625
   epoch 30:  11(SW) ->  0(gpu)   volume = 0.125
   epoch 30:  13(SW) -> 16(SW)   volume = 0.0625
   epoch 30:  13(SW) -> 17(SW)   volume = 0.0625
   epoch 30:  14(SW) ->  9(SW)   volume = 0.0625
   epoch 30:  15(SW) ->  9(SW)   volume = 0.0625
   epoch 30:  16(SW) -> 11(SW)   volume = 0.0625
   epoch 30:  17(SW) -> 11(SW)   volume = 0.0625
   epoch 31:   6(gpu) -> 10(SW)   volume = 0.125
   epoch 31:   6(gpu) -> 13(SW)   volume = 0.125
   epoch 31:   8(SW) ->  1(gpu)   volume = 0.125
   epoch 31:  10(SW) -> 14(SW)   volume = 0.0625
   epoch 31:  10(SW) -> 15(SW)   volume = 0.0625
   epoch 31:  11(SW) ->  1(gpu)   volume = 0.125
   epoch 31:  13(SW) -> 16(SW)   volume = 0.0625
   epoch 31:  13(SW) -> 17(SW)   volume = 0.0625
   epoch 31:  14(SW) ->  8(SW)   volume = 0.0625
   epoch 31:  15(SW) ->  8(SW)   volume = 0.0625
   epoch 31:  16(SW) -> 11(SW)   volume = 0.0625
   epoch 31:  17(SW) -> 11(SW)   volume = 0.0625
   epoch 32:   6(gpu) -> 10(SW)   volume = 0.125
   epoch 32:   6(gpu) -> 13(SW)   volume = 0.125
   epoch 32:   8(SW) ->  1(gpu)   volume = 0.125
   epoch 32:  10(SW) -> 14(SW)   volume = 0.0625
   epoch 32:  10(SW) -> 15(SW)   volume = 0.0625
   epoch 32:  11(SW) ->  0(gpu)   volume = 0.125
   epoch 32:  13(SW) -> 16(SW)   volume = 0.0625
   epoch 32:  13(SW) -> 17(SW)   volume = 0.0625
   epoch 32:  14(SW) ->  8(SW)   volume = 0.0625
   epoch 32:  15(SW) ->  8(SW)   volume = 0.0625
   epoch 32:  16(SW) -> 11(SW)   volume = 0.0625
   epoch 32:  17(SW) -> 11(SW)   volume = 0.0625
   epoch 33:   6(gpu) -> 10(SW)   volume = 0.125
   epoch 33:   6(gpu) -> 13(SW)   volume = 0.125
   epoch 33:   9(SW) ->  2(gpu)   volume = 0.125
   epoch 33:  10(SW) -> 14(SW)   volume = 0.0625
   epoch 33:  10(SW) -> 15(SW)   volume = 0.0625
   epoch 33:  11(SW) ->  1(gpu)   volume = 0.125
   epoch 33:  13(SW) -> 16(SW)   volume = 0.0625
   epoch 33:  13(SW) -> 17(SW)   volume = 0.0625
   epoch 33:  14(SW) ->  9(SW)   volume = 0.0625
   epoch 33:  15(SW) ->  9(SW)   volume = 0.0625
   epoch 33:  16(SW) -> 11(SW)   volume = 0.0625
   epoch 33:  17(SW) -> 11(SW)   volume = 0.0625
   epoch 34:   6(gpu) -> 10(SW)   volume = 0.125
   epoch 34:   6(gpu) -> 13(SW)   volume = 0.125
   epoch 34:  10(SW) ->  7(gpu)   volume = 0.125
   epoch 34:  13(SW) ->  7(gpu)   volume = 0.125
   epoch 35:   6(gpu) -> 10(SW)   volume = 0.125
   epoch 35:   6(gpu) -> 13(SW)   volume = 0.125
   epoch 35:   8(SW) ->  0(gpu)   volume = 0.125
   epoch 35:  10(SW) -> 14(SW)   volume = 0.0625
   epoch 35:  10(SW) -> 15(SW)   volume = 0.0625
   epoch 35:  12(SW) ->  2(gpu)   volume = 0.125
   epoch 35:  13(SW) -> 16(SW)   volume = 0.0625
   epoch 35:  13(SW) -> 17(SW)   volume = 0.0625
   epoch 35:  14(SW) ->  8(SW)   volume = 0.0625
   epoch 35:  15(SW) ->  8(SW)   volume = 0.0625
   epoch 35:  16(SW) -> 12(SW)   volume = 0.0625
   epoch 35:  17(SW) -> 12(SW)   volume = 0.0625
   epoch 36:   6(gpu) -> 10(SW)   volume = 0.125
   epoch 36:   6(gpu) -> 13(SW)   volume = 0.125
   epoch 36:   8(SW) ->  0(gpu)   volume = 0.125
   epoch 36:  10(SW) -> 14(SW)   volume = 0.0625
   epoch 36:  10(SW) -> 15(SW)   volume = 0.0625
   epoch 36:  12(SW) ->  2(gpu)   volume = 0.125
   epoch 36:  13(SW) -> 16(SW)   volume = 0.0625
   epoch 36:  13(SW) -> 17(SW)   volume = 0.0625
   epoch 36:  14(SW) ->  8(SW)   volume = 0.0625
   epoch 36:  15(SW) ->  8(SW)   volume = 0.0625
   epoch 36:  16(SW) -> 12(SW)   volume = 0.0625
   epoch 36:  17(SW) -> 12(SW)   volume = 0.0625
   epoch 37:   6(gpu) -> 10(SW)   volume = 0.125
   epoch 37:   6(gpu) -> 13(SW)   volume = 0.125
   epoch 37:   8(SW) ->  0(gpu)   volume = 0.125
   epoch 37:  10(SW) -> 14(SW)   volume = 0.0625
   epoch 37:  10(SW) -> 15(SW)   volume = 0.0625
   epoch 37:  12(SW) ->  3(gpu)   volume = 0.125
   epoch 37:  13(SW) -> 16(SW)   volume = 0.0625
   epoch 37:  13(SW) -> 17(SW)   volume = 0.0625
   epoch 37:  14(SW) ->  8(SW)   volume = 0.0625
   epoch 37:  15(SW) ->  8(SW)   volume = 0.0625
   epoch 37:  16(SW) -> 12(SW)   volume = 0.0625
   epoch 37:  17(SW) -> 12(SW)   volume = 0.0625
   epoch 38:   6(gpu) -> 10(SW)   volume = 0.125
   epoch 38:   6(gpu) -> 13(SW)   volume = 0.125
   epoch 38:  10(SW) ->  4(gpu)   volume = 0.0625
   epoch 38:  10(SW) ->  5(gpu)   volume = 0.0625
   epoch 38:  13(SW) ->  5(gpu)   volume = 0.125
   epoch 39:   6(gpu) -> 10(SW)   volume = 0.125
   epoch 39:   6(gpu) -> 13(SW)   volume = 0.125
   epoch 39:  10(SW) ->  5(gpu)   volume = 0.125
   epoch 39:  13(SW) ->  4(gpu)   volume = 0.125
   epoch 40:   6(gpu) -> 10(SW)   volume = 0.125
   epoch 40:   6(gpu) -> 13(SW)   volume = 0.125
   epoch 40:  10(SW) ->  5(gpu)   volume = 0.125
   epoch 40:  13(SW) ->  4(gpu)   volume = 0.125
   epoch 41:   6(gpu) -> 10(SW)   volume = 0.125
   epoch 41:   6(gpu) -> 13(SW)   volume = 0.125
   epoch 41:  10(SW) ->  7(gpu)   volume = 0.125
   epoch 41:  13(SW) ->  5(gpu)   volume = 0.125
   epoch 42:   6(gpu) -> 10(SW)   volume = 0.125
   epoch 42:   6(gpu) -> 13(SW)   volume = 0.125
   epoch 42:  10(SW) ->  7(gpu)   volume = 0.125
   epoch 42:  13(SW) ->  5(gpu)   volume = 0.125
   epoch 43:   6(gpu) -> 10(SW)   volume = 0.125
   epoch 43:   6(gpu) -> 13(SW)   volume = 0.125
   epoch 43:  10(SW) ->  5(gpu)   volume = 0.0625
   epoch 43:  10(SW) ->  7(gpu)   volume = 0.0625
   epoch 43:  13(SW) ->  4(gpu)   volume = 0.125

-- source 7 --
   epoch 0:   7(gpu) -> 10(SW)   volume = 0.125
   epoch 0:   7(gpu) -> 13(SW)   volume = 0.125
   epoch 0:  10(SW) ->  4(gpu)   volume = 0.0625
   epoch 0:  10(SW) ->  6(gpu)   volume = 0.0625
   epoch 0:  13(SW) ->  5(gpu)   volume = 0.125
   epoch 1:   7(gpu) -> 10(SW)   volume = 0.125
   epoch 1:   7(gpu) -> 13(SW)   volume = 0.125
   epoch 1:   8(SW) ->  0(gpu)   volume = 0.125
   epoch 1:  10(SW) -> 14(SW)   volume = 0.0625
   epoch 1:  10(SW) -> 15(SW)   volume = 0.0625
   epoch 1:  12(SW) ->  3(gpu)   volume = 0.125
   epoch 1:  13(SW) -> 16(SW)   volume = 0.0625
   epoch 1:  13(SW) -> 17(SW)   volume = 0.0625
   epoch 1:  14(SW) ->  8(SW)   volume = 0.0625
   epoch 1:  15(SW) ->  8(SW)   volume = 0.0625
   epoch 1:  16(SW) -> 12(SW)   volume = 0.0625
   epoch 1:  17(SW) -> 12(SW)   volume = 0.0625
   epoch 2:   7(gpu) -> 10(SW)   volume = 0.125
   epoch 2:   7(gpu) -> 13(SW)   volume = 0.125
   epoch 2:   9(SW) ->  3(gpu)   volume = 0.125
   epoch 2:  10(SW) -> 14(SW)   volume = 0.0625
   epoch 2:  10(SW) -> 15(SW)   volume = 0.0625
   epoch 2:  11(SW) ->  0(gpu)   volume = 0.125
   epoch 2:  13(SW) -> 16(SW)   volume = 0.0625
   epoch 2:  13(SW) -> 17(SW)   volume = 0.0625
   epoch 2:  14(SW) ->  9(SW)   volume = 0.0625
   epoch 2:  15(SW) ->  9(SW)   volume = 0.0625
   epoch 2:  16(SW) -> 11(SW)   volume = 0.0625
   epoch 2:  17(SW) -> 11(SW)   volume = 0.0625
   epoch 3:   7(gpu) -> 10(SW)   volume = 0.125
   epoch 3:   7(gpu) -> 13(SW)   volume = 0.125
   epoch 3:   8(SW) ->  1(gpu)   volume = 0.125
   epoch 3:  10(SW) -> 14(SW)   volume = 0.0625
   epoch 3:  10(SW) -> 15(SW)   volume = 0.0625
   epoch 3:  11(SW) ->  0(gpu)   volume = 0.125
   epoch 3:  13(SW) -> 16(SW)   volume = 0.0625
   epoch 3:  13(SW) -> 17(SW)   volume = 0.0625
   epoch 3:  14(SW) ->  8(SW)   volume = 0.0625
   epoch 3:  15(SW) ->  8(SW)   volume = 0.0625
   epoch 3:  16(SW) -> 11(SW)   volume = 0.0625
   epoch 3:  17(SW) -> 11(SW)   volume = 0.0625
   epoch 4:   7(gpu) -> 10(SW)   volume = 0.125
   epoch 4:   7(gpu) -> 13(SW)   volume = 0.125
   epoch 4:  10(SW) ->  6(gpu)   volume = 0.125
   epoch 4:  13(SW) ->  6(gpu)   volume = 0.125
   epoch 5:   7(gpu) -> 10(SW)   volume = 0.125
   epoch 5:   7(gpu) -> 13(SW)   volume = 0.125
   epoch 5:   9(SW) ->  3(gpu)   volume = 0.125
   epoch 5:  10(SW) -> 14(SW)   volume = 0.0625
   epoch 5:  10(SW) -> 15(SW)   volume = 0.0625
   epoch 5:  12(SW) ->  2(gpu)   volume = 0.125
   epoch 5:  13(SW) -> 16(SW)   volume = 0.0625
   epoch 5:  13(SW) -> 17(SW)   volume = 0.0625
   epoch 5:  14(SW) ->  9(SW)   volume = 0.0625
   epoch 5:  15(SW) ->  9(SW)   volume = 0.0625
   epoch 5:  16(SW) -> 12(SW)   volume = 0.0625
   epoch 5:  17(SW) -> 12(SW)   volume = 0.0625
   epoch 6:   7(gpu) -> 10(SW)   volume = 0.125
   epoch 6:   7(gpu) -> 13(SW)   volume = 0.125
   epoch 6:   9(SW) ->  3(gpu)   volume = 0.125
   epoch 6:  10(SW) -> 14(SW)   volume = 0.0625
   epoch 6:  10(SW) -> 15(SW)   volume = 0.0625
   epoch 6:  11(SW) ->  0(gpu)   volume = 0.125
   epoch 6:  13(SW) -> 16(SW)   volume = 0.0625
   epoch 6:  13(SW) -> 17(SW)   volume = 0.0625
   epoch 6:  14(SW) ->  9(SW)   volume = 0.0625
   epoch 6:  15(SW) ->  9(SW)   volume = 0.0625
   epoch 6:  16(SW) -> 11(SW)   volume = 0.0625
   epoch 6:  17(SW) -> 11(SW)   volume = 0.0625
   epoch 7:   7(gpu) -> 10(SW)   volume = 0.125
   epoch 7:   7(gpu) -> 13(SW)   volume = 0.125
   epoch 7:   9(SW) ->  2(gpu)   volume = 0.125
   epoch 7:  10(SW) -> 14(SW)   volume = 0.0625
   epoch 7:  10(SW) -> 15(SW)   volume = 0.0625
   epoch 7:  11(SW) ->  1(gpu)   volume = 0.125
   epoch 7:  13(SW) -> 16(SW)   volume = 0.0625
   epoch 7:  13(SW) -> 17(SW)   volume = 0.0625
   epoch 7:  14(SW) ->  9(SW)   volume = 0.0625
   epoch 7:  15(SW) ->  9(SW)   volume = 0.0625
   epoch 7:  16(SW) -> 11(SW)   volume = 0.0625
   epoch 7:  17(SW) -> 11(SW)   volume = 0.0625
   epoch 8:   7(gpu) -> 10(SW)   volume = 0.125
   epoch 8:   7(gpu) -> 13(SW)   volume = 0.125
   epoch 8:   9(SW) ->  3(gpu)   volume = 0.125
   epoch 8:  10(SW) -> 14(SW)   volume = 0.0625
   epoch 8:  10(SW) -> 15(SW)   volume = 0.0625
   epoch 8:  11(SW) ->  0(gpu)   volume = 0.125
   epoch 8:  13(SW) -> 16(SW)   volume = 0.0625
   epoch 8:  13(SW) -> 17(SW)   volume = 0.0625
   epoch 8:  14(SW) ->  9(SW)   volume = 0.0625
   epoch 8:  15(SW) ->  9(SW)   volume = 0.0625
   epoch 8:  16(SW) -> 11(SW)   volume = 0.0625
   epoch 8:  17(SW) -> 11(SW)   volume = 0.0625
   epoch 9:   7(gpu) -> 10(SW)   volume = 0.125
   epoch 9:   7(gpu) -> 13(SW)   volume = 0.125
   epoch 9:  10(SW) ->  5(gpu)   volume = 0.125
   epoch 9:  13(SW) ->  4(gpu)   volume = 0.125
   epoch 10:   7(gpu) -> 10(SW)   volume = 0.125
   epoch 10:   7(gpu) -> 13(SW)   volume = 0.125
   epoch 10:   9(SW) ->  2(gpu)   volume = 0.125
   epoch 10:  10(SW) -> 14(SW)   volume = 0.0625
   epoch 10:  10(SW) -> 15(SW)   volume = 0.0625
   epoch 10:  11(SW) ->  1(gpu)   volume = 0.125
   epoch 10:  13(SW) -> 16(SW)   volume = 0.0625
   epoch 10:  13(SW) -> 17(SW)   volume = 0.0625
   epoch 10:  14(SW) ->  9(SW)   volume = 0.0625
   epoch 10:  15(SW) ->  9(SW)   volume = 0.0625
   epoch 10:  16(SW) -> 11(SW)   volume = 0.0625
   epoch 10:  17(SW) -> 11(SW)   volume = 0.0625
   epoch 11:   7(gpu) -> 10(SW)   volume = 0.125
   epoch 11:   7(gpu) -> 13(SW)   volume = 0.125
   epoch 11:   8(SW) ->  1(gpu)   volume = 0.125
   epoch 11:  10(SW) -> 14(SW)   volume = 0.0625
   epoch 11:  10(SW) -> 15(SW)   volume = 0.0625
   epoch 11:  11(SW) ->  0(gpu)   volume = 0.125
   epoch 11:  13(SW) -> 16(SW)   volume = 0.0625
   epoch 11:  13(SW) -> 17(SW)   volume = 0.0625
   epoch 11:  14(SW) ->  8(SW)   volume = 0.0625
   epoch 11:  15(SW) ->  8(SW)   volume = 0.0625
   epoch 11:  16(SW) -> 11(SW)   volume = 0.0625
   epoch 11:  17(SW) -> 11(SW)   volume = 0.0625
   epoch 12:   7(gpu) -> 10(SW)   volume = 0.125
   epoch 12:   7(gpu) -> 13(SW)   volume = 0.125
   epoch 12:   9(SW) ->  2(gpu)   volume = 0.125
   epoch 12:  10(SW) -> 14(SW)   volume = 0.0625
   epoch 12:  10(SW) -> 15(SW)   volume = 0.0625
   epoch 12:  11(SW) ->  1(gpu)   volume = 0.125
   epoch 12:  13(SW) -> 16(SW)   volume = 0.0625
   epoch 12:  13(SW) -> 17(SW)   volume = 0.0625
   epoch 12:  14(SW) ->  9(SW)   volume = 0.0625
   epoch 12:  15(SW) ->  9(SW)   volume = 0.0625
   epoch 12:  16(SW) -> 11(SW)   volume = 0.0625
   epoch 12:  17(SW) -> 11(SW)   volume = 0.0625
   epoch 13:   7(gpu) -> 10(SW)   volume = 0.125
   epoch 13:   7(gpu) -> 13(SW)   volume = 0.125
   epoch 13:   8(SW) ->  1(gpu)   volume = 0.125
   epoch 13:  10(SW) -> 14(SW)   volume = 0.0625
   epoch 13:  10(SW) -> 15(SW)   volume = 0.0625
   epoch 13:  12(SW) ->  3(gpu)   volume = 0.125
   epoch 13:  13(SW) -> 16(SW)   volume = 0.0625
   epoch 13:  13(SW) -> 17(SW)   volume = 0.0625
   epoch 13:  14(SW) ->  8(SW)   volume = 0.0625
   epoch 13:  15(SW) ->  8(SW)   volume = 0.0625
   epoch 13:  16(SW) -> 12(SW)   volume = 0.0625
   epoch 13:  17(SW) -> 12(SW)   volume = 0.0625
   epoch 14:   7(gpu) -> 10(SW)   volume = 0.125
   epoch 14:   7(gpu) -> 13(SW)   volume = 0.125
   epoch 14:   9(SW) ->  2(gpu)   volume = 0.125
   epoch 14:  10(SW) -> 14(SW)   volume = 0.0625
   epoch 14:  10(SW) -> 15(SW)   volume = 0.0625
   epoch 14:  12(SW) ->  2(gpu)   volume = 0.125
   epoch 14:  13(SW) -> 16(SW)   volume = 0.0625
   epoch 14:  13(SW) -> 17(SW)   volume = 0.0625
   epoch 14:  14(SW) ->  9(SW)   volume = 0.0625
   epoch 14:  15(SW) ->  9(SW)   volume = 0.0625
   epoch 14:  16(SW) -> 12(SW)   volume = 0.0625
   epoch 14:  17(SW) -> 12(SW)   volume = 0.0625
   epoch 15:   7(gpu) -> 10(SW)   volume = 0.125
   epoch 15:   7(gpu) -> 13(SW)   volume = 0.125
   epoch 15:  10(SW) ->  4(gpu)   volume = 0.125
   epoch 15:  13(SW) ->  5(gpu)   volume = 0.125
   epoch 16:   7(gpu) -> 10(SW)   volume = 0.125
   epoch 16:   7(gpu) -> 13(SW)   volume = 0.125
   epoch 16:   8(SW) ->  0(gpu)   volume = 0.125
   epoch 16:  10(SW) -> 14(SW)   volume = 0.0625
   epoch 16:  10(SW) -> 15(SW)   volume = 0.0625
   epoch 16:  12(SW) ->  2(gpu)   volume = 0.125
   epoch 16:  13(SW) -> 16(SW)   volume = 0.0625
   epoch 16:  13(SW) -> 17(SW)   volume = 0.0625
   epoch 16:  14(SW) ->  8(SW)   volume = 0.0625
   epoch 16:  15(SW) ->  8(SW)   volume = 0.0625
   epoch 16:  16(SW) -> 12(SW)   volume = 0.0625
   epoch 16:  17(SW) -> 12(SW)   volume = 0.0625
   epoch 17:   7(gpu) -> 10(SW)   volume = 0.125
   epoch 17:   7(gpu) -> 13(SW)   volume = 0.125
   epoch 17:   9(SW) ->  2(gpu)   volume = 0.125
   epoch 17:  10(SW) -> 14(SW)   volume = 0.0625
   epoch 17:  10(SW) -> 15(SW)   volume = 0.0625
   epoch 17:  12(SW) ->  2(gpu)   volume = 0.125
   epoch 17:  13(SW) -> 16(SW)   volume = 0.0625
   epoch 17:  13(SW) -> 17(SW)   volume = 0.0625
   epoch 17:  14(SW) ->  9(SW)   volume = 0.0625
   epoch 17:  15(SW) ->  9(SW)   volume = 0.0625
   epoch 17:  16(SW) -> 12(SW)   volume = 0.0625
   epoch 17:  17(SW) -> 12(SW)   volume = 0.0625
   epoch 18:   7(gpu) -> 10(SW)   volume = 0.125
   epoch 18:   7(gpu) -> 13(SW)   volume = 0.125
   epoch 18:   8(SW) ->  0(gpu)   volume = 0.125
   epoch 18:  10(SW) -> 14(SW)   volume = 0.0625
   epoch 18:  10(SW) -> 15(SW)   volume = 0.0625
   epoch 18:  11(SW) ->  1(gpu)   volume = 0.125
   epoch 18:  13(SW) -> 16(SW)   volume = 0.0625
   epoch 18:  13(SW) -> 17(SW)   volume = 0.0625
   epoch 18:  14(SW) ->  8(SW)   volume = 0.0625
   epoch 18:  15(SW) ->  8(SW)   volume = 0.0625
   epoch 18:  16(SW) -> 11(SW)   volume = 0.0625
   epoch 18:  17(SW) -> 11(SW)   volume = 0.0625
   epoch 19:   7(gpu) -> 10(SW)   volume = 0.125
   epoch 19:   7(gpu) -> 13(SW)   volume = 0.125
   epoch 19:  10(SW) ->  5(gpu)   volume = 0.125
   epoch 19:  13(SW) ->  6(gpu)   volume = 0.125
   epoch 20:   7(gpu) -> 10(SW)   volume = 0.125
   epoch 20:   7(gpu) -> 13(SW)   volume = 0.125
   epoch 20:   9(SW) ->  3(gpu)   volume = 0.125
   epoch 20:  10(SW) -> 14(SW)   volume = 0.0625
   epoch 20:  10(SW) -> 15(SW)   volume = 0.0625
   epoch 20:  11(SW) ->  0(gpu)   volume = 0.125
   epoch 20:  13(SW) -> 16(SW)   volume = 0.0625
   epoch 20:  13(SW) -> 17(SW)   volume = 0.0625
   epoch 20:  14(SW) ->  9(SW)   volume = 0.0625
   epoch 20:  15(SW) ->  9(SW)   volume = 0.0625
   epoch 20:  16(SW) -> 11(SW)   volume = 0.0625
   epoch 20:  17(SW) -> 11(SW)   volume = 0.0625
   epoch 21:   7(gpu) -> 10(SW)   volume = 0.125
   epoch 21:   7(gpu) -> 13(SW)   volume = 0.125
   epoch 21:   8(SW) ->  1(gpu)   volume = 0.125
   epoch 21:  10(SW) -> 14(SW)   volume = 0.0625
   epoch 21:  10(SW) -> 15(SW)   volume = 0.0625
   epoch 21:  12(SW) ->  3(gpu)   volume = 0.125
   epoch 21:  13(SW) -> 16(SW)   volume = 0.0625
   epoch 21:  13(SW) -> 17(SW)   volume = 0.0625
   epoch 21:  14(SW) ->  8(SW)   volume = 0.0625
   epoch 21:  15(SW) ->  8(SW)   volume = 0.0625
   epoch 21:  16(SW) -> 12(SW)   volume = 0.0625
   epoch 21:  17(SW) -> 12(SW)   volume = 0.0625
   epoch 22:   7(gpu) -> 10(SW)   volume = 0.125
   epoch 22:   7(gpu) -> 13(SW)   volume = 0.125
   epoch 22:   9(SW) ->  2(gpu)   volume = 0.125
   epoch 22:  10(SW) -> 14(SW)   volume = 0.0625
   epoch 22:  10(SW) -> 15(SW)   volume = 0.0625
   epoch 22:  11(SW) ->  1(gpu)   volume = 0.125
   epoch 22:  13(SW) -> 16(SW)   volume = 0.0625
   epoch 22:  13(SW) -> 17(SW)   volume = 0.0625
   epoch 22:  14(SW) ->  9(SW)   volume = 0.0625
   epoch 22:  15(SW) ->  9(SW)   volume = 0.0625
   epoch 22:  16(SW) -> 11(SW)   volume = 0.0625
   epoch 22:  17(SW) -> 11(SW)   volume = 0.0625
   epoch 23:   7(gpu) -> 10(SW)   volume = 0.125
   epoch 23:   7(gpu) -> 13(SW)   volume = 0.125
   epoch 23:   9(SW) ->  3(gpu)   volume = 0.125
   epoch 23:  10(SW) -> 14(SW)   volume = 0.0625
   epoch 23:  10(SW) -> 15(SW)   volume = 0.0625
   epoch 23:  12(SW) ->  3(gpu)   volume = 0.125
   epoch 23:  13(SW) -> 16(SW)   volume = 0.0625
   epoch 23:  13(SW) -> 17(SW)   volume = 0.0625
   epoch 23:  14(SW) ->  9(SW)   volume = 0.0625
   epoch 23:  15(SW) ->  9(SW)   volume = 0.0625
   epoch 23:  16(SW) -> 12(SW)   volume = 0.0625
   epoch 23:  17(SW) -> 12(SW)   volume = 0.0625
   epoch 24:   7(gpu) -> 10(SW)   volume = 0.125
   epoch 24:   7(gpu) -> 13(SW)   volume = 0.125
   epoch 24:   9(SW) ->  2(gpu)   volume = 0.125
   epoch 24:  10(SW) -> 14(SW)   volume = 0.0625
   epoch 24:  10(SW) -> 15(SW)   volume = 0.0625
   epoch 24:  11(SW) ->  1(gpu)   volume = 0.125
   epoch 24:  13(SW) -> 16(SW)   volume = 0.0625
   epoch 24:  13(SW) -> 17(SW)   volume = 0.0625
   epoch 24:  14(SW) ->  9(SW)   volume = 0.0625
   epoch 24:  15(SW) ->  9(SW)   volume = 0.0625
   epoch 24:  16(SW) -> 11(SW)   volume = 0.0625
   epoch 24:  17(SW) -> 11(SW)   volume = 0.0625
   epoch 25:   7(gpu) -> 10(SW)   volume = 0.125
   epoch 25:   7(gpu) -> 13(SW)   volume = 0.125
   epoch 25:   8(SW) ->  1(gpu)   volume = 0.125
   epoch 25:  10(SW) -> 14(SW)   volume = 0.0625
   epoch 25:  10(SW) -> 15(SW)   volume = 0.0625
   epoch 25:  11(SW) ->  0(gpu)   volume = 0.125
   epoch 25:  13(SW) -> 16(SW)   volume = 0.0625
   epoch 25:  13(SW) -> 17(SW)   volume = 0.0625
   epoch 25:  14(SW) ->  8(SW)   volume = 0.0625
   epoch 25:  15(SW) ->  8(SW)   volume = 0.0625
   epoch 25:  16(SW) -> 11(SW)   volume = 0.0625
   epoch 25:  17(SW) -> 11(SW)   volume = 0.0625
   epoch 26:   7(gpu) -> 10(SW)   volume = 0.125
   epoch 26:   7(gpu) -> 13(SW)   volume = 0.125
   epoch 26:   9(SW) ->  2(gpu)   volume = 0.125
   epoch 26:  10(SW) -> 14(SW)   volume = 0.0625
   epoch 26:  10(SW) -> 15(SW)   volume = 0.0625
   epoch 26:  11(SW) ->  1(gpu)   volume = 0.125
   epoch 26:  13(SW) -> 16(SW)   volume = 0.0625
   epoch 26:  13(SW) -> 17(SW)   volume = 0.0625
   epoch 26:  14(SW) ->  9(SW)   volume = 0.0625
   epoch 26:  15(SW) ->  9(SW)   volume = 0.0625
   epoch 26:  16(SW) -> 11(SW)   volume = 0.0625
   epoch 26:  17(SW) -> 11(SW)   volume = 0.0625
   epoch 27:   7(gpu) -> 10(SW)   volume = 0.125
   epoch 27:   7(gpu) -> 13(SW)   volume = 0.125
   epoch 27:   8(SW) ->  1(gpu)   volume = 0.125
   epoch 27:  10(SW) -> 14(SW)   volume = 0.0625
   epoch 27:  10(SW) -> 15(SW)   volume = 0.0625
   epoch 27:  12(SW) ->  2(gpu)   volume = 0.125
   epoch 27:  13(SW) -> 16(SW)   volume = 0.0625
   epoch 27:  13(SW) -> 17(SW)   volume = 0.0625
   epoch 27:  14(SW) ->  8(SW)   volume = 0.0625
   epoch 27:  15(SW) ->  8(SW)   volume = 0.0625
   epoch 27:  16(SW) -> 12(SW)   volume = 0.0625
   epoch 27:  17(SW) -> 12(SW)   volume = 0.0625
   epoch 28:   7(gpu) -> 10(SW)   volume = 0.125
   epoch 28:   7(gpu) -> 13(SW)   volume = 0.125
   epoch 28:   8(SW) ->  0(gpu)   volume = 0.125
   epoch 28:  10(SW) -> 14(SW)   volume = 0.0625
   epoch 28:  10(SW) -> 15(SW)   volume = 0.0625
   epoch 28:  11(SW) ->  1(gpu)   volume = 0.125
   epoch 28:  13(SW) -> 16(SW)   volume = 0.0625
   epoch 28:  13(SW) -> 17(SW)   volume = 0.0625
   epoch 28:  14(SW) ->  8(SW)   volume = 0.0625
   epoch 28:  15(SW) ->  8(SW)   volume = 0.0625
   epoch 28:  16(SW) -> 11(SW)   volume = 0.0625
   epoch 28:  17(SW) -> 11(SW)   volume = 0.0625
   epoch 29:   7(gpu) -> 10(SW)   volume = 0.125
   epoch 29:   7(gpu) -> 13(SW)   volume = 0.125
   epoch 29:   8(SW) ->  0(gpu)   volume = 0.125
   epoch 29:  10(SW) -> 14(SW)   volume = 0.0625
   epoch 29:  10(SW) -> 15(SW)   volume = 0.0625
   epoch 29:  12(SW) ->  3(gpu)   volume = 0.125
   epoch 29:  13(SW) -> 16(SW)   volume = 0.0625
   epoch 29:  13(SW) -> 17(SW)   volume = 0.0625
   epoch 29:  14(SW) ->  8(SW)   volume = 0.0625
   epoch 29:  15(SW) ->  8(SW)   volume = 0.0625
   epoch 29:  16(SW) -> 12(SW)   volume = 0.0625
   epoch 29:  17(SW) -> 12(SW)   volume = 0.0625
   epoch 30:   7(gpu) -> 10(SW)   volume = 0.125
   epoch 30:   7(gpu) -> 13(SW)   volume = 0.125
   epoch 30:   8(SW) ->  0(gpu)   volume = 0.125
   epoch 30:  10(SW) -> 14(SW)   volume = 0.0625
   epoch 30:  10(SW) -> 15(SW)   volume = 0.0625
   epoch 30:  12(SW) ->  2(gpu)   volume = 0.125
   epoch 30:  13(SW) -> 16(SW)   volume = 0.0625
   epoch 30:  13(SW) -> 17(SW)   volume = 0.0625
   epoch 30:  14(SW) ->  8(SW)   volume = 0.0625
   epoch 30:  15(SW) ->  8(SW)   volume = 0.0625
   epoch 30:  16(SW) -> 12(SW)   volume = 0.0625
   epoch 30:  17(SW) -> 12(SW)   volume = 0.0625
   epoch 31:   7(gpu) -> 10(SW)   volume = 0.125
   epoch 31:   7(gpu) -> 13(SW)   volume = 0.125
   epoch 31:   8(SW) ->  0(gpu)   volume = 0.125
   epoch 31:  10(SW) -> 14(SW)   volume = 0.0625
   epoch 31:  10(SW) -> 15(SW)   volume = 0.0625
   epoch 31:  12(SW) ->  3(gpu)   volume = 0.125
   epoch 31:  13(SW) -> 16(SW)   volume = 0.0625
   epoch 31:  13(SW) -> 17(SW)   volume = 0.0625
   epoch 31:  14(SW) ->  8(SW)   volume = 0.0625
   epoch 31:  15(SW) ->  8(SW)   volume = 0.0625
   epoch 31:  16(SW) -> 12(SW)   volume = 0.0625
   epoch 31:  17(SW) -> 12(SW)   volume = 0.0625
   epoch 32:   7(gpu) -> 10(SW)   volume = 0.125
   epoch 32:   7(gpu) -> 13(SW)   volume = 0.125
   epoch 32:   8(SW) ->  0(gpu)   volume = 0.125
   epoch 32:  10(SW) -> 14(SW)   volume = 0.0625
   epoch 32:  10(SW) -> 15(SW)   volume = 0.0625
   epoch 32:  12(SW) ->  3(gpu)   volume = 0.125
   epoch 32:  13(SW) -> 16(SW)   volume = 0.0625
   epoch 32:  13(SW) -> 17(SW)   volume = 0.0625
   epoch 32:  14(SW) ->  8(SW)   volume = 0.0625
   epoch 32:  15(SW) ->  8(SW)   volume = 0.0625
   epoch 32:  16(SW) -> 12(SW)   volume = 0.0625
   epoch 32:  17(SW) -> 12(SW)   volume = 0.0625
   epoch 33:   7(gpu) -> 10(SW)   volume = 0.125
   epoch 33:   7(gpu) -> 13(SW)   volume = 0.125
   epoch 33:   8(SW) ->  1(gpu)   volume = 0.125
   epoch 33:  10(SW) -> 14(SW)   volume = 0.0625
   epoch 33:  10(SW) -> 15(SW)   volume = 0.0625
   epoch 33:  12(SW) ->  3(gpu)   volume = 0.125
   epoch 33:  13(SW) -> 16(SW)   volume = 0.0625
   epoch 33:  13(SW) -> 17(SW)   volume = 0.0625
   epoch 33:  14(SW) ->  8(SW)   volume = 0.0625
   epoch 33:  15(SW) ->  8(SW)   volume = 0.0625
   epoch 33:  16(SW) -> 12(SW)   volume = 0.0625
   epoch 33:  17(SW) -> 12(SW)   volume = 0.0625
   epoch 34:   7(gpu) -> 10(SW)   volume = 0.125
   epoch 34:   7(gpu) -> 13(SW)   volume = 0.125
   epoch 34:  10(SW) ->  6(gpu)   volume = 0.125
   epoch 34:  13(SW) ->  6(gpu)   volume = 0.125
   epoch 35:   7(gpu) -> 10(SW)   volume = 0.125
   epoch 35:   7(gpu) -> 13(SW)   volume = 0.125
   epoch 35:   9(SW) ->  3(gpu)   volume = 0.125
   epoch 35:  10(SW) -> 14(SW)   volume = 0.0625
   epoch 35:  10(SW) -> 15(SW)   volume = 0.0625
   epoch 35:  11(SW) ->  1(gpu)   volume = 0.125
   epoch 35:  13(SW) -> 16(SW)   volume = 0.0625
   epoch 35:  13(SW) -> 17(SW)   volume = 0.0625
   epoch 35:  14(SW) ->  9(SW)   volume = 0.0625
   epoch 35:  15(SW) ->  9(SW)   volume = 0.0625
   epoch 35:  16(SW) -> 11(SW)   volume = 0.0625
   epoch 35:  17(SW) -> 11(SW)   volume = 0.0625
   epoch 36:   7(gpu) -> 10(SW)   volume = 0.125
   epoch 36:   7(gpu) -> 13(SW)   volume = 0.125
   epoch 36:   8(SW) ->  0(gpu)   volume = 0.125
   epoch 36:  10(SW) -> 14(SW)   volume = 0.0625
   epoch 36:  10(SW) -> 15(SW)   volume = 0.0625
   epoch 36:  12(SW) ->  2(gpu)   volume = 0.125
   epoch 36:  13(SW) -> 16(SW)   volume = 0.0625
   epoch 36:  13(SW) -> 17(SW)   volume = 0.0625
   epoch 36:  14(SW) ->  8(SW)   volume = 0.0625
   epoch 36:  15(SW) ->  8(SW)   volume = 0.0625
   epoch 36:  16(SW) -> 12(SW)   volume = 0.0625
   epoch 36:  17(SW) -> 12(SW)   volume = 0.0625
   epoch 37:   7(gpu) -> 10(SW)   volume = 0.125
   epoch 37:   7(gpu) -> 13(SW)   volume = 0.125
   epoch 37:   9(SW) ->  3(gpu)   volume = 0.125
   epoch 37:  10(SW) -> 14(SW)   volume = 0.0625
   epoch 37:  10(SW) -> 15(SW)   volume = 0.0625
   epoch 37:  12(SW) ->  2(gpu)   volume = 0.125
   epoch 37:  13(SW) -> 16(SW)   volume = 0.0625
   epoch 37:  13(SW) -> 17(SW)   volume = 0.0625
   epoch 37:  14(SW) ->  9(SW)   volume = 0.0625
   epoch 37:  15(SW) ->  9(SW)   volume = 0.0625
   epoch 37:  16(SW) -> 12(SW)   volume = 0.0625
   epoch 37:  17(SW) -> 12(SW)   volume = 0.0625
   epoch 38:   7(gpu) -> 10(SW)   volume = 0.125
   epoch 38:   7(gpu) -> 13(SW)   volume = 0.125
   epoch 38:  10(SW) ->  5(gpu)   volume = 0.0625
   epoch 38:  10(SW) ->  6(gpu)   volume = 0.0625
   epoch 38:  13(SW) ->  4(gpu)   volume = 0.125
   epoch 39:   7(gpu) -> 10(SW)   volume = 0.125
   epoch 39:   7(gpu) -> 13(SW)   volume = 0.125
   epoch 39:  10(SW) ->  4(gpu)   volume = 0.125
   epoch 39:  13(SW) ->  6(gpu)   volume = 0.125
   epoch 40:   7(gpu) -> 10(SW)   volume = 0.125
   epoch 40:   7(gpu) -> 13(SW)   volume = 0.125
   epoch 40:  10(SW) ->  4(gpu)   volume = 0.125
   epoch 40:  13(SW) ->  5(gpu)   volume = 0.125
   epoch 41:   7(gpu) -> 10(SW)   volume = 0.125
   epoch 41:   7(gpu) -> 13(SW)   volume = 0.125
   epoch 41:  10(SW) ->  6(gpu)   volume = 0.125
   epoch 41:  13(SW) ->  4(gpu)   volume = 0.125
   epoch 42:   7(gpu) -> 10(SW)   volume = 0.125
   epoch 42:   7(gpu) -> 13(SW)   volume = 0.125
   epoch 42:  10(SW) ->  5(gpu)   volume = 0.125
   epoch 42:  13(SW) ->  4(gpu)   volume = 0.125
   epoch 43:   7(gpu) -> 10(SW)   volume = 0.125
   epoch 43:   7(gpu) -> 13(SW)   volume = 0.125
   epoch 43:  10(SW) ->  4(gpu)   volume = 0.0625
   epoch 43:  10(SW) ->  5(gpu)   volume = 0.0625
   epoch 43:  13(SW) ->  5(gpu)   volume = 0.125

------------------------------------------------------------------------------
RAW CONSUMED VARS  T_s_d_k = consumed_at_k[source s][dest d][epoch k]
(volume of source s's demand absorbed AT destination d during epoch k)
------------------------------------------------------------------------------
   dest  0:  from source  1  epoch 0  consumed = 0.5
   dest  0:  from source  1  epoch 1  consumed = 0.25
   dest  0:  from source  1  epoch 2  consumed = 0.375
   dest  0:  from source  1  epoch 4  consumed = 0.5
   dest  0:  from source  1  epoch 9  consumed = 0.5
   dest  0:  from source  1  epoch 17  consumed = 0.125
   dest  0:  from source  1  epoch 19  consumed = 0.5
   dest  0:  from source  1  epoch 21  consumed = 0.25
   dest  0:  from source  1  epoch 34  consumed = 0.5
   dest  0:  from source  1  epoch 39  consumed = 0.5
   dest  0:  from source  2  epoch 3  consumed = 0.125
   dest  0:  from source  2  epoch 5  consumed = 0.25
   dest  0:  from source  2  epoch 7  consumed = 0.25
   dest  0:  from source  2  epoch 8  consumed = 0.25
   dest  0:  from source  2  epoch 10  consumed = 0.375
   dest  0:  from source  2  epoch 11  consumed = 0.125
   dest  0:  from source  2  epoch 12  consumed = 0.125
   dest  0:  from source  2  epoch 13  consumed = 0.125
   dest  0:  from source  2  epoch 14  consumed = 0.125
   dest  0:  from source  2  epoch 15  consumed = 0.25
   dest  0:  from source  2  epoch 16  consumed = 0.125
   dest  0:  from source  2  epoch 20  consumed = 0.125
   dest  0:  from source  2  epoch 23  consumed = 0.375
   dest  0:  from source  2  epoch 24  consumed = 0.125
   dest  0:  from source  2  epoch 26  consumed = 0.125
   dest  0:  from source  2  epoch 29  consumed = 0.25
   dest  0:  from source  2  epoch 30  consumed = 0.125
   dest  0:  from source  2  epoch 31  consumed = 0.125
   dest  0:  from source  2  epoch 35  consumed = 0.25
   dest  0:  from source  2  epoch 37  consumed = 0.125
   dest  0:  from source  2  epoch 38  consumed = 0.25
   dest  0:  from source  3  epoch 3  consumed = 0.125
   dest  0:  from source  3  epoch 5  consumed = 0.25
   dest  0:  from source  3  epoch 6  consumed = 0.125
   dest  0:  from source  3  epoch 7  consumed = 0.125
   dest  0:  from source  3  epoch 12  consumed = 0.125
   dest  0:  from source  3  epoch 13  consumed = 0.125
   dest  0:  from source  3  epoch 14  consumed = 0.25
   dest  0:  from source  3  epoch 15  consumed = 0.25
   dest  0:  from source  3  epoch 16  consumed = 0.125
   dest  0:  from source  3  epoch 18  consumed = 0.125
   dest  0:  from source  3  epoch 20  consumed = 0.125
   dest  0:  from source  3  epoch 22  consumed = 0.25
   dest  0:  from source  3  epoch 24  consumed = 0.125
   dest  0:  from source  3  epoch 25  consumed = 0.25
   dest  0:  from source  3  epoch 27  consumed = 0.125
   dest  0:  from source  3  epoch 28  consumed = 0.125
   dest  0:  from source  3  epoch 29  consumed = 0.125
   dest  0:  from source  3  epoch 31  consumed = 0.125
   dest  0:  from source  3  epoch 32  consumed = 0.25
   dest  0:  from source  3  epoch 33  consumed = 0.25
   dest  0:  from source  3  epoch 35  consumed = 0.125
   dest  0:  from source  3  epoch 36  consumed = 0.125
   dest  0:  from source  3  epoch 37  consumed = 0.125
   dest  0:  from source  3  epoch 38  consumed = 0.25
   dest  0:  from source  4  epoch 10  consumed = 0.125
   dest  0:  from source  4  epoch 11  consumed = 0.125
   dest  0:  from source  4  epoch 12  consumed = 0.25
   dest  0:  from source  4  epoch 13  consumed = 0.125
   dest  0:  from source  4  epoch 16  consumed = 0.125
   dest  0:  from source  4  epoch 17  consumed = 0.125
   dest  0:  from source  4  epoch 20  consumed = 0.125
   dest  0:  from source  4  epoch 23  consumed = 0.125
   dest  0:  from source  4  epoch 27  consumed = 0.25
   dest  0:  from source  4  epoch 31  consumed = 0.125
   dest  0:  from source  4  epoch 33  consumed = 0.25
   dest  0:  from source  4  epoch 36  consumed = 0.125
   dest  0:  from source  4  epoch 37  consumed = 0.125
   dest  0:  from source  5  epoch 1  consumed = 0.125
   dest  0:  from source  5  epoch 6  consumed = 0.125
   dest  0:  from source  5  epoch 8  consumed = 0.125
   dest  0:  from source  5  epoch 17  consumed = 0.125
   dest  0:  from source  5  epoch 18  consumed = 0.25
   dest  0:  from source  5  epoch 21  consumed = 0.125
   dest  0:  from source  5  epoch 22  consumed = 0.25
   dest  0:  from source  5  epoch 24  consumed = 0.125
   dest  0:  from source  5  epoch 26  consumed = 0.25
   dest  0:  from source  5  epoch 27  consumed = 0.125
   dest  0:  from source  5  epoch 28  consumed = 0.25
   dest  0:  from source  5  epoch 30  consumed = 0.125
   dest  0:  from source  6  epoch 3  consumed = 0.125
   dest  0:  from source  6  epoch 6  consumed = 0.125
   dest  0:  from source  6  epoch 7  consumed = 0.125
   dest  0:  from source  6  epoch 11  consumed = 0.125
   dest  0:  from source  6  epoch 13  consumed = 0.125
   dest  0:  from source  6  epoch 14  consumed = 0.125
   dest  0:  from source  6  epoch 17  consumed = 0.125
   dest  0:  from source  6  epoch 21  consumed = 0.125
   dest  0:  from source  6  epoch 24  consumed = 0.125
   dest  0:  from source  6  epoch 25  consumed = 0.125
   dest  0:  from source  6  epoch 26  consumed = 0.125
   dest  0:  from source  6  epoch 30  consumed = 0.125
   dest  0:  from source  6  epoch 32  consumed = 0.125
   dest  0:  from source  6  epoch 35  consumed = 0.125
   dest  0:  from source  6  epoch 36  consumed = 0.125
   dest  0:  from source  6  epoch 37  consumed = 0.125
   dest  0:  from source  7  epoch 1  consumed = 0.125
   dest  0:  from source  7  epoch 2  consumed = 0.125
   dest  0:  from source  7  epoch 3  consumed = 0.125
   dest  0:  from source  7  epoch 6  consumed = 0.125
   dest  0:  from source  7  epoch 8  consumed = 0.125
   dest  0:  from source  7  epoch 11  consumed = 0.125
   dest  0:  from source  7  epoch 16  consumed = 0.125
   dest  0:  from source  7  epoch 18  consumed = 0.125
   dest  0:  from source  7  epoch 20  consumed = 0.125
   dest  0:  from source  7  epoch 25  consumed = 0.125
   dest  0:  from source  7  epoch 28  consumed = 0.125
   dest  0:  from source  7  epoch 29  consumed = 0.125
   dest  0:  from source  7  epoch 30  consumed = 0.125
   dest  0:  from source  7  epoch 31  consumed = 0.125
   dest  0:  from source  7  epoch 32  consumed = 0.125
   dest  0:  from source  7  epoch 36  consumed = 0.125
   dest  1:  from source  0  epoch 0  consumed = 0.5
   dest  1:  from source  0  epoch 1  consumed = 0.125
   dest  1:  from source  0  epoch 2  consumed = 0.375
   dest  1:  from source  0  epoch 4  consumed = 0.5
   dest  1:  from source  0  epoch 9  consumed = 0.5
   dest  1:  from source  0  epoch 17  consumed = 0.25
   dest  1:  from source  0  epoch 19  consumed = 0.5
   dest  1:  from source  0  epoch 21  consumed = 0.25
   dest  1:  from source  0  epoch 34  consumed = 0.5
   dest  1:  from source  0  epoch 39  consumed = 0.5
   dest  1:  from source  2  epoch 3  consumed = 0.25
   dest  1:  from source  2  epoch 5  consumed = 0.125
   dest  1:  from source  2  epoch 6  consumed = 0.375
   dest  1:  from source  2  epoch 7  consumed = 0.125
   dest  1:  from source  2  epoch 8  consumed = 0.125
   dest  1:  from source  2  epoch 10  consumed = 0.125
   dest  1:  from source  2  epoch 13  consumed = 0.125
   dest  1:  from source  2  epoch 14  consumed = 0.25
   dest  1:  from source  2  epoch 15  consumed = 0.25
   dest  1:  from source  2  epoch 16  consumed = 0.125
   dest  1:  from source  2  epoch 18  consumed = 0.25
   dest  1:  from source  2  epoch 22  consumed = 0.125
   dest  1:  from source  2  epoch 23  consumed = 0.125
   dest  1:  from source  2  epoch 24  consumed = 0.125
   dest  1:  from source  2  epoch 25  consumed = 0.125
   dest  1:  from source  2  epoch 26  consumed = 0.125
   dest  1:  from source  2  epoch 28  consumed = 0.125
   dest  1:  from source  2  epoch 29  consumed = 0.125
   dest  1:  from source  2  epoch 30  consumed = 0.125
   dest  1:  from source  2  epoch 31  consumed = 0.125
   dest  1:  from source  2  epoch 33  consumed = 0.125
   dest  1:  from source  2  epoch 36  consumed = 0.25
   dest  1:  from source  2  epoch 37  consumed = 0.125
   dest  1:  from source  2  epoch 38  consumed = 0.25
   dest  1:  from source  3  epoch 8  consumed = 0.25
   dest  1:  from source  3  epoch 10  consumed = 0.125
   dest  1:  from source  3  epoch 11  consumed = 0.25
   dest  1:  from source  3  epoch 12  consumed = 0.125
   dest  1:  from source  3  epoch 15  consumed = 0.25
   dest  1:  from source  3  epoch 18  consumed = 0.125
   dest  1:  from source  3  epoch 20  consumed = 0.25
   dest  1:  from source  3  epoch 22  consumed = 0.125
   dest  1:  from source  3  epoch 23  consumed = 0.125
   dest  1:  from source  3  epoch 25  consumed = 0.125
   dest  1:  from source  3  epoch 26  consumed = 0.125
   dest  1:  from source  3  epoch 27  consumed = 0.25
   dest  1:  from source  3  epoch 28  consumed = 0.125
   dest  1:  from source  3  epoch 29  consumed = 0.125
   dest  1:  from source  3  epoch 30  consumed = 0.375
   dest  1:  from source  3  epoch 31  consumed = 0.125
   dest  1:  from source  3  epoch 32  consumed = 0.125
   dest  1:  from source  3  epoch 33  consumed = 0.125
   dest  1:  from source  3  epoch 35  consumed = 0.125
   dest  1:  from source  3  epoch 36  consumed = 0.25
   dest  1:  from source  3  epoch 37  consumed = 0.25
   dest  1:  from source  3  epoch 38  consumed = 0.25
   dest  1:  from source  4  epoch 1  consumed = 0.125
   dest  1:  from source  4  epoch 2  consumed = 0.125
   dest  1:  from source  4  epoch 5  consumed = 0.125
   dest  1:  from source  4  epoch 6  consumed = 0.125
   dest  1:  from source  4  epoch 8  consumed = 0.125
   dest  1:  from source  4  epoch 11  consumed = 0.125
   dest  1:  from source  4  epoch 13  consumed = 0.125
   dest  1:  from source  4  epoch 14  consumed = 0.125
   dest  1:  from source  4  epoch 17  consumed = 0.125
   dest  1:  from source  4  epoch 22  consumed = 0.125
   dest  1:  from source  4  epoch 24  consumed = 0.125
   dest  1:  from source  4  epoch 26  consumed = 0.125
   dest  1:  from source  4  epoch 28  consumed = 0.125
   dest  1:  from source  4  epoch 32  consumed = 0.125
   dest  1:  from source  4  epoch 35  consumed = 0.125
   dest  1:  from source  4  epoch 37  consumed = 0.125
   dest  1:  from source  5  epoch 5  consumed = 0.25
   dest  1:  from source  5  epoch 7  consumed = 0.125
   dest  1:  from source  5  epoch 10  consumed = 0.125
   dest  1:  from source  5  epoch 12  consumed = 0.125
   dest  1:  from source  5  epoch 13  consumed = 0.125
   dest  1:  from source  5  epoch 14  consumed = 0.125
   dest  1:  from source  5  epoch 16  consumed = 0.25
   dest  1:  from source  5  epoch 21  consumed = 0.125
   dest  1:  from source  5  epoch 23  consumed = 0.25
   dest  1:  from source  5  epoch 29  consumed = 0.25
   dest  1:  from source  5  epoch 32  consumed = 0.125
   dest  1:  from source  5  epoch 35  consumed = 0.125
   dest  1:  from source  6  epoch 1  consumed = 0.25
   dest  1:  from source  6  epoch 3  consumed = 0.125
   dest  1:  from source  6  epoch 7  consumed = 0.125
   dest  1:  from source  6  epoch 12  consumed = 0.125
   dest  1:  from source  6  epoch 16  consumed = 0.125
   dest  1:  from source  6  epoch 17  consumed = 0.125
   dest  1:  from source  6  epoch 20  consumed = 0.25
   dest  1:  from source  6  epoch 24  consumed = 0.125
   dest  1:  from source  6  epoch 25  consumed = 0.125
   dest  1:  from source  6  epoch 27  consumed = 0.125
   dest  1:  from source  6  epoch 31  consumed = 0.25
   dest  1:  from source  6  epoch 32  consumed = 0.125
   dest  1:  from source  6  epoch 33  consumed = 0.125
   dest  1:  from source  7  epoch 3  consumed = 0.125
   dest  1:  from source  7  epoch 7  consumed = 0.125
   dest  1:  from source  7  epoch 10  consumed = 0.125
   dest  1:  from source  7  epoch 11  consumed = 0.125
   dest  1:  from source  7  epoch 12  consumed = 0.125
   dest  1:  from source  7  epoch 13  consumed = 0.125
   dest  1:  from source  7  epoch 18  consumed = 0.125
   dest  1:  from source  7  epoch 21  consumed = 0.125
   dest  1:  from source  7  epoch 22  consumed = 0.125
   dest  1:  from source  7  epoch 24  consumed = 0.125
   dest  1:  from source  7  epoch 25  consumed = 0.125
   dest  1:  from source  7  epoch 26  consumed = 0.125
   dest  1:  from source  7  epoch 27  consumed = 0.125
   dest  1:  from source  7  epoch 28  consumed = 0.125
   dest  1:  from source  7  epoch 33  consumed = 0.125
   dest  1:  from source  7  epoch 35  consumed = 0.125
   dest  2:  from source  0  epoch 3  consumed = 0.125
   dest  2:  from source  0  epoch 6  consumed = 0.125
   dest  2:  from source  0  epoch 7  consumed = 0.125
   dest  2:  from source  0  epoch 8  consumed = 0.125
   dest  2:  from source  0  epoch 10  consumed = 0.125
   dest  2:  from source  0  epoch 11  consumed = 0.25
   dest  2:  from source  0  epoch 13  consumed = 0.25
   dest  2:  from source  0  epoch 14  consumed = 0.25
   dest  2:  from source  0  epoch 15  consumed = 0.375
   dest  2:  from source  0  epoch 20  consumed = 0.125
   dest  2:  from source  0  epoch 23  consumed = 0.25
   dest  2:  from source  0  epoch 25  consumed = 0.125
   dest  2:  from source  0  epoch 26  consumed = 0.25
   dest  2:  from source  0  epoch 27  consumed = 0.125
   dest  2:  from source  0  epoch 28  consumed = 0.25
   dest  2:  from source  0  epoch 30  consumed = 0.25
   dest  2:  from source  0  epoch 31  consumed = 0.125
   dest  2:  from source  0  epoch 32  consumed = 0.25
   dest  2:  from source  0  epoch 37  consumed = 0.25
   dest  2:  from source  0  epoch 38  consumed = 0.25
   dest  2:  from source  1  epoch 3  consumed = 0.125
   dest  2:  from source  1  epoch 5  consumed = 0.25
   dest  2:  from source  1  epoch 6  consumed = 0.25
   dest  2:  from source  1  epoch 7  consumed = 0.125
   dest  2:  from source  1  epoch 8  consumed = 0.125
   dest  2:  from source  1  epoch 12  consumed = 0.25
   dest  2:  from source  1  epoch 15  consumed = 0.125
   dest  2:  from source  1  epoch 16  consumed = 0.25
   dest  2:  from source  1  epoch 18  consumed = 0.25
   dest  2:  from source  1  epoch 20  consumed = 0.125
   dest  2:  from source  1  epoch 22  consumed = 0.25
   dest  2:  from source  1  epoch 24  consumed = 0.125
   dest  2:  from source  1  epoch 25  consumed = 0.125
   dest  2:  from source  1  epoch 26  consumed = 0.125
   dest  2:  from source  1  epoch 27  consumed = 0.125
   dest  2:  from source  1  epoch 29  consumed = 0.125
   dest  2:  from source  1  epoch 31  consumed = 0.125
   dest  2:  from source  1  epoch 32  consumed = 0.125
   dest  2:  from source  1  epoch 33  consumed = 0.25
   dest  2:  from source  1  epoch 35  consumed = 0.375
   dest  2:  from source  1  epoch 36  consumed = 0.125
   dest  2:  from source  1  epoch 38  consumed = 0.25
   dest  2:  from source  3  epoch 0  consumed = 0.5
   dest  2:  from source  3  epoch 1  consumed = 0.375
   dest  2:  from source  3  epoch 2  consumed = 0.125
   dest  2:  from source  3  epoch 4  consumed = 0.5
   dest  2:  from source  3  epoch 9  consumed = 0.5
   dest  2:  from source  3  epoch 17  consumed = 0.25
   dest  2:  from source  3  epoch 19  consumed = 0.5
   dest  2:  from source  3  epoch 21  consumed = 0.25
   dest  2:  from source  3  epoch 34  consumed = 0.5
   dest  2:  from source  3  epoch 39  consumed = 0.5
   dest  2:  from source  4  epoch 1  consumed = 0.125
   dest  2:  from source  4  epoch 2  consumed = 0.125
   dest  2:  from source  4  epoch 3  consumed = 0.125
   dest  2:  from source  4  epoch 5  consumed = 0.125
   dest  2:  from source  4  epoch 10  consumed = 0.125
   dest  2:  from source  4  epoch 18  consumed = 0.125
   dest  2:  from source  4  epoch 21  consumed = 0.25
   dest  2:  from source  4  epoch 23  consumed = 0.125
   dest  2:  from source  4  epoch 24  consumed = 0.125
   dest  2:  from source  4  epoch 25  consumed = 0.125
   dest  2:  from source  4  epoch 29  consumed = 0.25
   dest  2:  from source  4  epoch 31  consumed = 0.125
   dest  2:  from source  4  epoch 32  consumed = 0.125
   dest  2:  from source  4  epoch 36  consumed = 0.125
   dest  2:  from source  5  epoch 2  consumed = 0.25
   dest  2:  from source  5  epoch 3  consumed = 0.125
   dest  2:  from source  5  epoch 6  consumed = 0.125
   dest  2:  from source  5  epoch 7  consumed = 0.125
   dest  2:  from source  5  epoch 11  consumed = 0.25
   dest  2:  from source  5  epoch 13  consumed = 0.125
   dest  2:  from source  5  epoch 20  consumed = 0.25
   dest  2:  from source  5  epoch 24  consumed = 0.125
   dest  2:  from source  5  epoch 25  consumed = 0.125
   dest  2:  from source  5  epoch 30  consumed = 0.125
   dest  2:  from source  5  epoch 31  consumed = 0.125
   dest  2:  from source  5  epoch 33  consumed = 0.125
   dest  2:  from source  5  epoch 37  consumed = 0.125
   dest  2:  from source  6  epoch 8  consumed = 0.25
   dest  2:  from source  6  epoch 10  consumed = 0.125
   dest  2:  from source  6  epoch 12  consumed = 0.125
   dest  2:  from source  6  epoch 13  consumed = 0.125
   dest  2:  from source  6  epoch 16  consumed = 0.125
   dest  2:  from source  6  epoch 18  consumed = 0.125
   dest  2:  from source  6  epoch 22  consumed = 0.125
   dest  2:  from source  6  epoch 23  consumed = 0.125
   dest  2:  from source  6  epoch 27  consumed = 0.125
   dest  2:  from source  6  epoch 28  consumed = 0.25
   dest  2:  from source  6  epoch 29  consumed = 0.125
   dest  2:  from source  6  epoch 33  consumed = 0.125
   dest  2:  from source  6  epoch 35  consumed = 0.125
   dest  2:  from source  6  epoch 36  consumed = 0.125
   dest  2:  from source  7  epoch 5  consumed = 0.125
   dest  2:  from source  7  epoch 7  consumed = 0.125
   dest  2:  from source  7  epoch 10  consumed = 0.125
   dest  2:  from source  7  epoch 12  consumed = 0.125
   dest  2:  from source  7  epoch 14  consumed = 0.25
   dest  2:  from source  7  epoch 16  consumed = 0.125
   dest  2:  from source  7  epoch 17  consumed = 0.25
   dest  2:  from source  7  epoch 22  consumed = 0.125
   dest  2:  from source  7  epoch 24  consumed = 0.125
   dest  2:  from source  7  epoch 26  consumed = 0.125
   dest  2:  from source  7  epoch 27  consumed = 0.125
   dest  2:  from source  7  epoch 30  consumed = 0.125
   dest  2:  from source  7  epoch 36  consumed = 0.125
   dest  2:  from source  7  epoch 37  consumed = 0.125
   dest  3:  from source  0  epoch 5  consumed = 0.125
   dest  3:  from source  0  epoch 7  consumed = 0.25
   dest  3:  from source  0  epoch 10  consumed = 0.125
   dest  3:  from source  0  epoch 11  consumed = 0.125
   dest  3:  from source  0  epoch 12  consumed = 0.25
   dest  3:  from source  0  epoch 14  consumed = 0.125
   dest  3:  from source  0  epoch 15  consumed = 0.125
   dest  3:  from source  0  epoch 16  consumed = 0.375
   dest  3:  from source  0  epoch 18  consumed = 0.125
   dest  3:  from source  0  epoch 20  consumed = 0.25
   dest  3:  from source  0  epoch 23  consumed = 0.125
   dest  3:  from source  0  epoch 24  consumed = 0.5
   dest  3:  from source  0  epoch 25  consumed = 0.125
   dest  3:  from source  0  epoch 27  consumed = 0.125
   dest  3:  from source  0  epoch 29  consumed = 0.25
   dest  3:  from source  0  epoch 32  consumed = 0.125
   dest  3:  from source  0  epoch 33  consumed = 0.125
   dest  3:  from source  0  epoch 35  consumed = 0.125
   dest  3:  from source  0  epoch 36  consumed = 0.25
   dest  3:  from source  0  epoch 37  consumed = 0.125
   dest  3:  from source  0  epoch 38  consumed = 0.25
   dest  3:  from source  1  epoch 3  consumed = 0.25
   dest  3:  from source  1  epoch 6  consumed = 0.125
   dest  3:  from source  1  epoch 8  consumed = 0.125
   dest  3:  from source  1  epoch 10  consumed = 0.125
   dest  3:  from source  1  epoch 11  consumed = 0.25
   dest  3:  from source  1  epoch 12  consumed = 0.125
   dest  3:  from source  1  epoch 13  consumed = 0.375
   dest  3:  from source  1  epoch 15  consumed = 0.375
   dest  3:  from source  1  epoch 18  consumed = 0.125
   dest  3:  from source  1  epoch 22  consumed = 0.25
   dest  3:  from source  1  epoch 25  consumed = 0.125
   dest  3:  from source  1  epoch 26  consumed = 0.25
   dest  3:  from source  1  epoch 27  consumed = 0.25
   dest  3:  from source  1  epoch 28  consumed = 0.375
   dest  3:  from source  1  epoch 30  consumed = 0.125
   dest  3:  from source  1  epoch 31  consumed = 0.25
   dest  3:  from source  1  epoch 32  consumed = 0.125
   dest  3:  from source  1  epoch 33  consumed = 0.125
   dest  3:  from source  1  epoch 38  consumed = 0.25
   dest  3:  from source  2  epoch 0  consumed = 0.5
   dest  3:  from source  2  epoch 1  consumed = 0.25
   dest  3:  from source  2  epoch 2  consumed = 0.125
   dest  3:  from source  2  epoch 4  consumed = 0.5
   dest  3:  from source  2  epoch 9  consumed = 0.5
   dest  3:  from source  2  epoch 17  consumed = 0.375
   dest  3:  from source  2  epoch 19  consumed = 0.5
   dest  3:  from source  2  epoch 21  consumed = 0.25
   dest  3:  from source  2  epoch 34  consumed = 0.5
   dest  3:  from source  2  epoch 39  consumed = 0.5
   dest  3:  from source  4  epoch 3  consumed = 0.125
   dest  3:  from source  4  epoch 6  consumed = 0.125
   dest  3:  from source  4  epoch 7  consumed = 0.25
   dest  3:  from source  4  epoch 8  consumed = 0.125
   dest  3:  from source  4  epoch 14  consumed = 0.125
   dest  3:  from source  4  epoch 16  consumed = 0.125
   dest  3:  from source  4  epoch 18  consumed = 0.125
   dest  3:  from source  4  epoch 20  consumed = 0.125
   dest  3:  from source  4  epoch 22  consumed = 0.125
   dest  3:  from source  4  epoch 25  consumed = 0.125
   dest  3:  from source  4  epoch 26  consumed = 0.125
   dest  3:  from source  4  epoch 28  consumed = 0.125
   dest  3:  from source  4  epoch 30  consumed = 0.25
   dest  3:  from source  4  epoch 35  consumed = 0.125
   dest  3:  from source  5  epoch 1  consumed = 0.125
   dest  3:  from source  5  epoch 3  consumed = 0.125
   dest  3:  from source  5  epoch 8  consumed = 0.125
   dest  3:  from source  5  epoch 10  consumed = 0.125
   dest  3:  from source  5  epoch 12  consumed = 0.125
   dest  3:  from source  5  epoch 14  consumed = 0.125
   dest  3:  from source  5  epoch 17  consumed = 0.125
   dest  3:  from source  5  epoch 25  consumed = 0.125
   dest  3:  from source  5  epoch 27  consumed = 0.125
   dest  3:  from source  5  epoch 31  consumed = 0.125
   dest  3:  from source  5  epoch 32  consumed = 0.125
   dest  3:  from source  5  epoch 33  consumed = 0.125
   dest  3:  from source  5  epoch 35  consumed = 0.125
   dest  3:  from source  5  epoch 36  consumed = 0.25
   dest  3:  from source  5  epoch 37  consumed = 0.125
   dest  3:  from source  6  epoch 2  consumed = 0.25
   dest  3:  from source  6  epoch 5  consumed = 0.25
   dest  3:  from source  6  epoch 6  consumed = 0.125
   dest  3:  from source  6  epoch 10  consumed = 0.125
   dest  3:  from source  6  epoch 11  consumed = 0.125
   dest  3:  from source  6  epoch 14  consumed = 0.125
   dest  3:  from source  6  epoch 18  consumed = 0.125
   dest  3:  from source  6  epoch 21  consumed = 0.125
   dest  3:  from source  6  epoch 22  consumed = 0.125
   dest  3:  from source  6  epoch 23  consumed = 0.125
   dest  3:  from source  6  epoch 26  consumed = 0.125
   dest  3:  from source  6  epoch 29  consumed = 0.125
   dest  3:  from source  6  epoch 30  consumed = 0.125
   dest  3:  from source  6  epoch 37  consumed = 0.125
   dest  3:  from source  7  epoch 1  consumed = 0.125
   dest  3:  from source  7  epoch 2  consumed = 0.125
   dest  3:  from source  7  epoch 5  consumed = 0.125
   dest  3:  from source  7  epoch 6  consumed = 0.125
   dest  3:  from source  7  epoch 8  consumed = 0.125
   dest  3:  from source  7  epoch 13  consumed = 0.125
   dest  3:  from source  7  epoch 20  consumed = 0.125
   dest  3:  from source  7  epoch 21  consumed = 0.125
   dest  3:  from source  7  epoch 23  consumed = 0.25
   dest  3:  from source  7  epoch 29  consumed = 0.125
   dest  3:  from source  7  epoch 31  consumed = 0.125
   dest  3:  from source  7  epoch 32  consumed = 0.125
   dest  3:  from source  7  epoch 33  consumed = 0.125
   dest  3:  from source  7  epoch 35  consumed = 0.125
   dest  3:  from source  7  epoch 37  consumed = 0.125
   dest  4:  from source  0  epoch 1  consumed = 0.125
   dest  4:  from source  0  epoch 2  consumed = 0.125
   dest  4:  from source  0  epoch 3  consumed = 0.125
   dest  4:  from source  0  epoch 6  consumed = 0.125
   dest  4:  from source  0  epoch 8  consumed = 0.25
   dest  4:  from source  0  epoch 12  consumed = 0.125
   dest  4:  from source  0  epoch 13  consumed = 0.125
   dest  4:  from source  0  epoch 14  consumed = 0.125
   dest  4:  from source  0  epoch 22  consumed = 0.125
   dest  4:  from source  0  epoch 27  consumed = 0.125
   dest  4:  from source  0  epoch 28  consumed = 0.125
   dest  4:  from source  0  epoch 30  consumed = 0.125
   dest  4:  from source  0  epoch 31  consumed = 0.125
   dest  4:  from source  0  epoch 33  consumed = 0.125
   dest  4:  from source  0  epoch 35  consumed = 0.125
   dest  4:  from source  1  epoch 5  consumed = 0.25
   dest  4:  from source  1  epoch 7  consumed = 0.125
   dest  4:  from source  1  epoch 10  consumed = 0.25
   dest  4:  from source  1  epoch 16  consumed = 0.125
   dest  4:  from source  1  epoch 17  consumed = 0.125
   dest  4:  from source  1  epoch 20  consumed = 0.125
   dest  4:  from source  1  epoch 23  consumed = 0.125
   dest  4:  from source  1  epoch 24  consumed = 0.125
   dest  4:  from source  1  epoch 25  consumed = 0.125
   dest  4:  from source  1  epoch 29  consumed = 0.125
   dest  4:  from source  1  epoch 32  consumed = 0.125
   dest  4:  from source  1  epoch 36  consumed = 0.125
   dest  4:  from source  1  epoch 37  consumed = 0.25
   dest  4:  from source  2  epoch 1  consumed = 0.125
   dest  4:  from source  2  epoch 2  consumed = 0.125
   dest  4:  from source  2  epoch 3  consumed = 0.125
   dest  4:  from source  2  epoch 11  consumed = 0.125
   dest  4:  from source  2  epoch 13  consumed = 0.125
   dest  4:  from source  2  epoch 14  consumed = 0.125
   dest  4:  from source  2  epoch 16  consumed = 0.125
   dest  4:  from source  2  epoch 18  consumed = 0.25
   dest  4:  from source  2  epoch 20  consumed = 0.125
   dest  4:  from source  2  epoch 21  consumed = 0.125
   dest  4:  from source  2  epoch 22  consumed = 0.125
   dest  4:  from source  2  epoch 25  consumed = 0.125
   dest  4:  from source  2  epoch 26  consumed = 0.125
   dest  4:  from source  2  epoch 27  consumed = 0.125
   dest  4:  from source  2  epoch 32  consumed = 0.125
   dest  4:  from source  3  epoch 6  consumed = 0.125
   dest  4:  from source  3  epoch 7  consumed = 0.125
   dest  4:  from source  3  epoch 11  consumed = 0.125
   dest  4:  from source  3  epoch 12  consumed = 0.125
   dest  4:  from source  3  epoch 17  consumed = 0.125
   dest  4:  from source  3  epoch 21  consumed = 0.125
   dest  4:  from source  3  epoch 23  consumed = 0.125
   dest  4:  from source  3  epoch 24  consumed = 0.125
   dest  4:  from source  3  epoch 26  consumed = 0.125
   dest  4:  from source  3  epoch 28  consumed = 0.125
   dest  4:  from source  3  epoch 29  consumed = 0.125
   dest  4:  from source  3  epoch 30  consumed = 0.125
   dest  4:  from source  3  epoch 31  consumed = 0.125
   dest  4:  from source  3  epoch 33  consumed = 0.125
   dest  4:  from source  3  epoch 35  consumed = 0.125
   dest  4:  from source  3  epoch 36  consumed = 0.125
   dest  4:  from source  5  epoch 4  consumed = 0.125
   dest  4:  from source  5  epoch 15  consumed = 0.125
   dest  4:  from source  5  epoch 19  consumed = 0.125
   dest  4:  from source  5  epoch 34  consumed = 0.25
   dest  4:  from source  5  epoch 38  consumed = 0.0625
   dest  4:  from source  5  epoch 41  consumed = 0.125
   dest  4:  from source  5  epoch 42  consumed = 0.125
   dest  4:  from source  5  epoch 43  consumed = 0.0625
   dest  4:  from source  6  epoch 0  consumed = 0.1875
   dest  4:  from source  6  epoch 4  consumed = 0.125
   dest  4:  from source  6  epoch 9  consumed = 0.125
   dest  4:  from source  6  epoch 19  consumed = 0.125
   dest  4:  from source  6  epoch 38  consumed = 0.0625
   dest  4:  from source  6  epoch 39  consumed = 0.125
   dest  4:  from source  6  epoch 40  consumed = 0.125
   dest  4:  from source  6  epoch 43  consumed = 0.125
   dest  4:  from source  7  epoch 0  consumed = 0.0625
   dest  4:  from source  7  epoch 9  consumed = 0.125
   dest  4:  from source  7  epoch 15  consumed = 0.125
   dest  4:  from source  7  epoch 38  consumed = 0.125
   dest  4:  from source  7  epoch 39  consumed = 0.125
   dest  4:  from source  7  epoch 40  consumed = 0.125
   dest  4:  from source  7  epoch 41  consumed = 0.125
   dest  4:  from source  7  epoch 42  consumed = 0.125
   dest  4:  from source  7  epoch 43  consumed = 0.0625
   dest  5:  from source  0  epoch 3  consumed = 0.125
   dest  5:  from source  0  epoch 6  consumed = 0.25
   dest  5:  from source  0  epoch 7  consumed = 0.125
   dest  5:  from source  0  epoch 8  consumed = 0.125
   dest  5:  from source  0  epoch 18  consumed = 0.25
   dest  5:  from source  0  epoch 21  consumed = 0.125
   dest  5:  from source  0  epoch 22  consumed = 0.125
   dest  5:  from source  0  epoch 25  consumed = 0.125
   dest  5:  from source  0  epoch 26  consumed = 0.125
   dest  5:  from source  0  epoch 28  consumed = 0.125
   dest  5:  from source  0  epoch 29  consumed = 0.125
   dest  5:  from source  0  epoch 30  consumed = 0.125
   dest  5:  from source  0  epoch 36  consumed = 0.125
   dest  5:  from source  0  epoch 37  consumed = 0.125
   dest  5:  from source  1  epoch 1  consumed = 0.125
   dest  5:  from source  1  epoch 2  consumed = 0.125
   dest  5:  from source  1  epoch 3  consumed = 0.125
   dest  5:  from source  1  epoch 8  consumed = 0.125
   dest  5:  from source  1  epoch 11  consumed = 0.125
   dest  5:  from source  1  epoch 12  consumed = 0.125
   dest  5:  from source  1  epoch 14  consumed = 0.25
   dest  5:  from source  1  epoch 17  consumed = 0.125
   dest  5:  from source  1  epoch 20  consumed = 0.125
   dest  5:  from source  1  epoch 23  consumed = 0.125
   dest  5:  from source  1  epoch 24  consumed = 0.125
   dest  5:  from source  1  epoch 27  consumed = 0.125
   dest  5:  from source  1  epoch 28  consumed = 0.125
   dest  5:  from source  1  epoch 35  consumed = 0.125
   dest  5:  from source  1  epoch 36  consumed = 0.125
   dest  5:  from source  2  epoch 2  consumed = 0.125
   dest  5:  from source  2  epoch 5  consumed = 0.125
   dest  5:  from source  2  epoch 7  consumed = 0.125
   dest  5:  from source  2  epoch 11  consumed = 0.125
   dest  5:  from source  2  epoch 12  consumed = 0.125
   dest  5:  from source  2  epoch 20  consumed = 0.125
   dest  5:  from source  2  epoch 21  consumed = 0.125
   dest  5:  from source  2  epoch 22  consumed = 0.125
   dest  5:  from source  2  epoch 24  consumed = 0.125
   dest  5:  from source  2  epoch 27  consumed = 0.125
   dest  5:  from source  2  epoch 30  consumed = 0.125
   dest  5:  from source  2  epoch 31  consumed = 0.125
   dest  5:  from source  2  epoch 32  consumed = 0.125
   dest  5:  from source  2  epoch 33  consumed = 0.25
   dest  5:  from source  2  epoch 35  consumed = 0.125
   dest  5:  from source  3  epoch 1  consumed = 0.125
   dest  5:  from source  3  epoch 5  consumed = 0.125
   dest  5:  from source  3  epoch 10  consumed = 0.25
   dest  5:  from source  3  epoch 13  consumed = 0.25
   dest  5:  from source  3  epoch 16  consumed = 0.25
   dest  5:  from source  3  epoch 17  consumed = 0.125
   dest  5:  from source  3  epoch 23  consumed = 0.125
   dest  5:  from source  3  epoch 25  consumed = 0.125
   dest  5:  from source  3  epoch 26  consumed = 0.125
   dest  5:  from source  3  epoch 29  consumed = 0.125
   dest  5:  from source  3  epoch 31  consumed = 0.125
   dest  5:  from source  3  epoch 32  consumed = 0.125
   dest  5:  from source  3  epoch 37  consumed = 0.125
   dest  5:  from source  4  epoch 0  consumed = 0.125
   dest  5:  from source  4  epoch 4  consumed = 0.25
   dest  5:  from source  4  epoch 9  consumed = 0.125
   dest  5:  from source  4  epoch 34  consumed = 0.25
   dest  5:  from source  4  epoch 39  consumed = 0.125
   dest  5:  from source  4  epoch 41  consumed = 0.125
   dest  5:  from source  6  epoch 15  consumed = 0.125
   dest  5:  from source  6  epoch 19  consumed = 0.125
   dest  5:  from source  6  epoch 38  consumed = 0.1875
   dest  5:  from source  6  epoch 39  consumed = 0.125
   dest  5:  from source  6  epoch 40  consumed = 0.125
   dest  5:  from source  6  epoch 41  consumed = 0.125
   dest  5:  from source  6  epoch 42  consumed = 0.125
   dest  5:  from source  6  epoch 43  consumed = 0.0625
   dest  5:  from source  7  epoch 0  consumed = 0.125
   dest  5:  from source  7  epoch 9  consumed = 0.125
   dest  5:  from source  7  epoch 15  consumed = 0.125
   dest  5:  from source  7  epoch 19  consumed = 0.125
   dest  5:  from source  7  epoch 38  consumed = 0.0625
   dest  5:  from source  7  epoch 40  consumed = 0.125
   dest  5:  from source  7  epoch 42  consumed = 0.125
   dest  5:  from source  7  epoch 43  consumed = 0.1875
   dest  6:  from source  0  epoch 1  consumed = 0.125
   dest  6:  from source  0  epoch 5  consumed = 0.125
   dest  6:  from source  0  epoch 11  consumed = 0.125
   dest  6:  from source  0  epoch 13  consumed = 0.125
   dest  6:  from source  0  epoch 16  consumed = 0.125
   dest  6:  from source  0  epoch 17  consumed = 0.25
   dest  6:  from source  0  epoch 20  consumed = 0.125
   dest  6:  from source  0  epoch 21  consumed = 0.125
   dest  6:  from source  0  epoch 22  consumed = 0.125
   dest  6:  from source  0  epoch 25  consumed = 0.125
   dest  6:  from source  0  epoch 27  consumed = 0.125
   dest  6:  from source  0  epoch 29  consumed = 0.125
   dest  6:  from source  0  epoch 31  consumed = 0.125
   dest  6:  from source  0  epoch 32  consumed = 0.125
   dest  6:  from source  0  epoch 35  consumed = 0.125
   dest  6:  from source  1  epoch 7  consumed = 0.25
   dest  6:  from source  1  epoch 10  consumed = 0.125
   dest  6:  from source  1  epoch 11  consumed = 0.125
   dest  6:  from source  1  epoch 16  consumed = 0.125
   dest  6:  from source  1  epoch 18  consumed = 0.125
   dest  6:  from source  1  epoch 21  consumed = 0.125
   dest  6:  from source  1  epoch 23  consumed = 0.25
   dest  6:  from source  1  epoch 24  consumed = 0.125
   dest  6:  from source  1  epoch 29  consumed = 0.125
   dest  6:  from source  1  epoch 30  consumed = 0.25
   dest  6:  from source  1  epoch 31  consumed = 0.125
   dest  6:  from source  1  epoch 33  consumed = 0.125
   dest  6:  from source  1  epoch 36  consumed = 0.125
   dest  6:  from source  2  epoch 1  consumed = 0.125
   dest  6:  from source  2  epoch 2  consumed = 0.125
   dest  6:  from source  2  epoch 6  consumed = 0.125
   dest  6:  from source  2  epoch 12  consumed = 0.125
   dest  6:  from source  2  epoch 13  consumed = 0.125
   dest  6:  from source  2  epoch 24  consumed = 0.125
   dest  6:  from source  2  epoch 25  consumed = 0.125
   dest  6:  from source  2  epoch 26  consumed = 0.125
   dest  6:  from source  2  epoch 27  consumed = 0.125
   dest  6:  from source  2  epoch 28  consumed = 0.25
   dest  6:  from source  2  epoch 32  consumed = 0.125
   dest  6:  from source  2  epoch 33  consumed = 0.125
   dest  6:  from source  2  epoch 36  consumed = 0.125
   dest  6:  from source  2  epoch 37  consumed = 0.25
   dest  6:  from source  3  epoch 2  consumed = 0.125
   dest  6:  from source  3  epoch 3  consumed = 0.25
   dest  6:  from source  3  epoch 5  consumed = 0.125
   dest  6:  from source  3  epoch 6  consumed = 0.125
   dest  6:  from source  3  epoch 8  consumed = 0.25
   dest  6:  from source  3  epoch 10  consumed = 0.125
   dest  6:  from source  3  epoch 12  consumed = 0.125
   dest  6:  from source  3  epoch 14  consumed = 0.25
   dest  6:  from source  3  epoch 18  consumed = 0.125
   dest  6:  from source  3  epoch 20  consumed = 0.125
   dest  6:  from source  3  epoch 22  consumed = 0.125
   dest  6:  from source  3  epoch 26  consumed = 0.125
   dest  6:  from source  3  epoch 35  consumed = 0.125
   dest  6:  from source  4  epoch 15  consumed = 0.25
   dest  6:  from source  4  epoch 39  consumed = 0.125
   dest  6:  from source  4  epoch 41  consumed = 0.125
   dest  6:  from source  4  epoch 42  consumed = 0.25
   dest  6:  from source  4  epoch 43  consumed = 0.25
   dest  6:  from source  5  epoch 0  consumed = 0.1875
   dest  6:  from source  5  epoch 9  consumed = 0.25
   dest  6:  from source  5  epoch 19  consumed = 0.125
   dest  6:  from source  5  epoch 38  consumed = 0.1875
   dest  6:  from source  5  epoch 40  consumed = 0.25
   dest  6:  from source  7  epoch 0  consumed = 0.0625
   dest  6:  from source  7  epoch 4  consumed = 0.25
   dest  6:  from source  7  epoch 19  consumed = 0.125
   dest  6:  from source  7  epoch 34  consumed = 0.25
   dest  6:  from source  7  epoch 38  consumed = 0.0625
   dest  6:  from source  7  epoch 39  consumed = 0.125
   dest  6:  from source  7  epoch 41  consumed = 0.125
   dest  7:  from source  0  epoch 1  consumed = 0.125
   dest  7:  from source  0  epoch 3  consumed = 0.125
   dest  7:  from source  0  epoch 5  consumed = 0.25
   dest  7:  from source  0  epoch 10  consumed = 0.25
   dest  7:  from source  0  epoch 12  consumed = 0.125
   dest  7:  from source  0  epoch 18  consumed = 0.125
   dest  7:  from source  0  epoch 22  consumed = 0.125
   dest  7:  from source  0  epoch 23  consumed = 0.125
   dest  7:  from source  0  epoch 26  consumed = 0.125
   dest  7:  from source  0  epoch 31  consumed = 0.125
   dest  7:  from source  0  epoch 33  consumed = 0.25
   dest  7:  from source  0  epoch 35  consumed = 0.125
   dest  7:  from source  0  epoch 36  consumed = 0.125
   dest  7:  from source  1  epoch 1  consumed = 0.125
   dest  7:  from source  1  epoch 6  consumed = 0.125
   dest  7:  from source  1  epoch 8  consumed = 0.125
   dest  7:  from source  1  epoch 13  consumed = 0.125
   dest  7:  from source  1  epoch 14  consumed = 0.25
   dest  7:  from source  1  epoch 17  consumed = 0.125
   dest  7:  from source  1  epoch 20  consumed = 0.125
   dest  7:  from source  1  epoch 21  consumed = 0.125
   dest  7:  from source  1  epoch 25  consumed = 0.125
   dest  7:  from source  1  epoch 26  consumed = 0.125
   dest  7:  from source  1  epoch 29  consumed = 0.125
   dest  7:  from source  1  epoch 30  consumed = 0.125
   dest  7:  from source  1  epoch 32  consumed = 0.125
   dest  7:  from source  1  epoch 37  consumed = 0.25
   dest  7:  from source  2  epoch 8  consumed = 0.125
   dest  7:  from source  2  epoch 11  consumed = 0.125
   dest  7:  from source  2  epoch 12  consumed = 0.125
   dest  7:  from source  2  epoch 16  consumed = 0.125
   dest  7:  from source  2  epoch 17  consumed = 0.125
   dest  7:  from source  2  epoch 20  consumed = 0.125
   dest  7:  from source  2  epoch 22  consumed = 0.125
   dest  7:  from source  2  epoch 25  consumed = 0.125
   dest  7:  from source  2  epoch 27  consumed = 0.125
   dest  7:  from source  2  epoch 28  consumed = 0.125
   dest  7:  from source  2  epoch 29  consumed = 0.125
   dest  7:  from source  2  epoch 30  consumed = 0.125
   dest  7:  from source  2  epoch 31  consumed = 0.125
   dest  7:  from source  2  epoch 32  consumed = 0.125
   dest  7:  from source  2  epoch 35  consumed = 0.125
   dest  7:  from source  2  epoch 36  consumed = 0.125
   dest  7:  from source  3  epoch 2  consumed = 0.25
   dest  7:  from source  3  epoch 3  consumed = 0.125
   dest  7:  from source  3  epoch 6  consumed = 0.125
   dest  7:  from source  3  epoch 7  consumed = 0.25
   dest  7:  from source  3  epoch 11  consumed = 0.125
   dest  7:  from source  3  epoch 13  consumed = 0.125
   dest  7:  from source  3  epoch 16  consumed = 0.125
   dest  7:  from source  3  epoch 18  consumed = 0.125
   dest  7:  from source  3  epoch 21  consumed = 0.125
   dest  7:  from source  3  epoch 23  consumed = 0.125
   dest  7:  from source  3  epoch 24  consumed = 0.25
   dest  7:  from source  3  epoch 27  consumed = 0.125
   dest  7:  from source  3  epoch 28  consumed = 0.125
   dest  7:  from source  4  epoch 0  consumed = 0.125
   dest  7:  from source  4  epoch 9  consumed = 0.125
   dest  7:  from source  4  epoch 19  consumed = 0.25
   dest  7:  from source  4  epoch 38  consumed = 0.25
   dest  7:  from source  4  epoch 40  consumed = 0.25
   dest  7:  from source  5  epoch 0  consumed = 0.0625
   dest  7:  from source  5  epoch 4  consumed = 0.125
   dest  7:  from source  5  epoch 15  consumed = 0.125
   dest  7:  from source  5  epoch 39  consumed = 0.25
   dest  7:  from source  5  epoch 41  consumed = 0.125
   dest  7:  from source  5  epoch 42  consumed = 0.125
   dest  7:  from source  5  epoch 43  consumed = 0.1875
   dest  7:  from source  6  epoch 0  consumed = 0.0625
   dest  7:  from source  6  epoch 4  consumed = 0.125
   dest  7:  from source  6  epoch 9  consumed = 0.125
   dest  7:  from source  6  epoch 15  consumed = 0.125
   dest  7:  from source  6  epoch 34  consumed = 0.25
   dest  7:  from source  6  epoch 41  consumed = 0.125
   dest  7:  from source  6  epoch 42  consumed = 0.125
   dest  7:  from source  6  epoch 43  consumed = 0.0625
==============================================================================

Schedule written to Schedules/dual_plane_clustered_alltoall_coarse.json
[flat] network pacing: every paced send is pinned to its coarse epoch, by one of the GPU's own sends completing (P2) or by a delivery arriving at it (P3)
Schedule written to Schedules/dual_plane_clustered_alltoall_flat.json
