Processing ./.
  Installing build dependencies: started
  Installing build dependencies: finished with status 'done'
  Getting requirements to build wheel: started
  Getting requirements to build wheel: finished with status 'done'
  Preparing metadata (pyproject.toml): started
  Preparing metadata (pyproject.toml): finished with status 'done'
Requirement already satisfied: dataclasses in /data/commit/graphit/wangyj05/miniconda3/envs/teccl/lib/python3.14t/site-packages (from teccl==1.0.0) (0.6)
Requirement already satisfied: argcomplete in /data/commit/graphit/wangyj05/miniconda3/envs/teccl/lib/python3.14t/site-packages (from teccl==1.0.0) (3.6.3)
Requirement already satisfied: gurobipy in /data/commit/graphit/wangyj05/miniconda3/envs/teccl/lib/python3.14t/site-packages (from teccl==1.0.0) (13.0.2)
Requirement already satisfied: numpy in /data/commit/graphit/wangyj05/miniconda3/envs/teccl/lib/python3.14t/site-packages (from teccl==1.0.0) (2.4.6)
Requirement already satisfied: seaborn in /data/commit/graphit/wangyj05/miniconda3/envs/teccl/lib/python3.14t/site-packages (from teccl==1.0.0) (0.13.2)
Requirement already satisfied: pandas>=1.2 in /data/commit/graphit/wangyj05/miniconda3/envs/teccl/lib/python3.14t/site-packages (from seaborn->teccl==1.0.0) (3.0.3)
Requirement already satisfied: matplotlib!=3.6.1,>=3.4 in /data/commit/graphit/wangyj05/miniconda3/envs/teccl/lib/python3.14t/site-packages (from seaborn->teccl==1.0.0) (3.11.0)
Requirement already satisfied: contourpy>=1.0.1 in /data/commit/graphit/wangyj05/miniconda3/envs/teccl/lib/python3.14t/site-packages (from matplotlib!=3.6.1,>=3.4->seaborn->teccl==1.0.0) (1.3.3)
Requirement already satisfied: cycler>=0.10 in /data/commit/graphit/wangyj05/miniconda3/envs/teccl/lib/python3.14t/site-packages (from matplotlib!=3.6.1,>=3.4->seaborn->teccl==1.0.0) (0.12.1)
Requirement already satisfied: fonttools>=4.22.0 in /data/commit/graphit/wangyj05/miniconda3/envs/teccl/lib/python3.14t/site-packages (from matplotlib!=3.6.1,>=3.4->seaborn->teccl==1.0.0) (4.63.0)
Requirement already satisfied: kiwisolver>=1.3.1 in /data/commit/graphit/wangyj05/miniconda3/envs/teccl/lib/python3.14t/site-packages (from matplotlib!=3.6.1,>=3.4->seaborn->teccl==1.0.0) (1.5.0)
Requirement already satisfied: packaging>=20.0 in /data/commit/graphit/wangyj05/miniconda3/envs/teccl/lib/python3.14t/site-packages (from matplotlib!=3.6.1,>=3.4->seaborn->teccl==1.0.0) (26.2)
Requirement already satisfied: pillow>=9 in /data/commit/graphit/wangyj05/miniconda3/envs/teccl/lib/python3.14t/site-packages (from matplotlib!=3.6.1,>=3.4->seaborn->teccl==1.0.0) (12.2.0)
Requirement already satisfied: pyparsing>=3 in /data/commit/graphit/wangyj05/miniconda3/envs/teccl/lib/python3.14t/site-packages (from matplotlib!=3.6.1,>=3.4->seaborn->teccl==1.0.0) (3.3.2)
Requirement already satisfied: python-dateutil>=2.7 in /data/commit/graphit/wangyj05/miniconda3/envs/teccl/lib/python3.14t/site-packages (from matplotlib!=3.6.1,>=3.4->seaborn->teccl==1.0.0) (2.9.0.post0)
Requirement already satisfied: six>=1.5 in /data/commit/graphit/wangyj05/miniconda3/envs/teccl/lib/python3.14t/site-packages (from python-dateutil>=2.7->matplotlib!=3.6.1,>=3.4->seaborn->teccl==1.0.0) (1.17.0)
Building wheels for collected packages: teccl
  Building wheel for teccl (pyproject.toml): started
  Building wheel for teccl (pyproject.toml): finished with status 'done'
  Created wheel for teccl: filename=teccl-1.0.0-py3-none-any.whl size=71066 sha256=05be5d3f31704df3e8f286e3ef69e49a765dbaa16669e6b1b0739ce5c16aba6a
  Stored in directory: /tmp/home/wangyj05/.cache/pip/wheels/2d/31/f1/88ef48e0a336b237a128de3fcf8e52662d1ed0bfbd5a678f6e
Successfully built teccl
Installing collected packages: teccl
  Attempting uninstall: teccl
    Found existing installation: teccl 1.0.0
    Uninstalling teccl-1.0.0:
      Successfully uninstalled teccl-1.0.0
Successfully installed teccl-1.0.0
coarse topology: 44 nodes (32 hosts + 12 switches), num_sub_chunks=1, epoch_multiplier=1, which=lp

=== LP (switch_copy=False, unicast) ===
Set parameter WLSAccessID
Set parameter WLSSecret
Set parameter LicenseID to value 2766017
Academic license 2766017 - for non-commercial use only - registered to wa___@mit.edu
Set parameter LogFile to value "Logs/ALLGATHER_LP_RailOptimizedSpineLeaf_coarse_44-nodes_1-chunks_40-epochs_22.000769999999996-epoch_duration_ObjectiveType.PAPER.log"
Set parameter LogToConsole to value 0
Set parameter LogFile to value "Logs/ALLGATHER_LP_RailOptimizedSpineLeaf_coarse_44-nodes_1-chunks_14-epochs_0.02-epoch_duration_ObjectiveType.PAPER.log"
Set parameter LogToConsole to value 0

==============================================================================
RAW LP FLOW VARS  f_s_i_j_k = flow[source s][link i->j][epoch k]
(continuous volume, summed over all of source s's chunks; not yet per-chunk)
==============================================================================

-- source 0 --
   epoch 0:   0(gpu) -> 32(SW)   volume = 1.0
   epoch 0:   0(gpu) -> 33(SW)   volume = 1.0
   epoch 0:   0(gpu) -> 34(SW)   volume = 1.0
   epoch 0:   0(gpu) -> 35(SW)   volume = 1.0
   epoch 0:   0(gpu) -> 36(SW)   volume = 1.0
   epoch 0:   0(gpu) -> 37(SW)   volume = 1.0
   epoch 0:   0(gpu) -> 38(SW)   volume = 1.0
   epoch 0:   0(gpu) -> 39(SW)   volume = 1.0
   epoch 0:  32(SW) -> 13(gpu)   volume = 0.112851
   epoch 0:  32(SW) -> 24(gpu)   volume = 0.822232
   epoch 0:  32(SW) -> 27(gpu)   volume = 0.064917
   epoch 0:  33(SW) ->  4(gpu)   volume = 0.00666
   epoch 0:  33(SW) -> 10(gpu)   volume = 0.391007
   epoch 0:  33(SW) -> 13(gpu)   volume = 0.255447
   epoch 0:  33(SW) -> 22(gpu)   volume = 0.346886
   epoch 0:  34(SW) -> 10(gpu)   volume = 0.150173
   epoch 0:  34(SW) -> 15(gpu)   volume = 0.536299
   epoch 0:  34(SW) -> 27(gpu)   volume = 0.313528
   epoch 0:  35(SW) ->  5(gpu)   volume = 0.043145
   epoch 0:  35(SW) ->  7(gpu)   volume = 0.013894
   epoch 0:  35(SW) ->  9(gpu)   volume = 0.052331
   epoch 0:  35(SW) -> 15(gpu)   volume = 0.463701
   epoch 0:  35(SW) -> 27(gpu)   volume = 0.426929
   epoch 0:  36(SW) ->  7(gpu)   volume = 0.214206
   epoch 0:  36(SW) ->  8(gpu)   volume = 0.154092
   epoch 0:  36(SW) -> 13(gpu)   volume = 0.631702
   epoch 0:  37(SW) ->  8(gpu)   volume = 0.730303
   epoch 0:  37(SW) -> 16(gpu)   volume = 0.269697
   epoch 0:  38(SW) ->  9(gpu)   volume = 0.365668
   epoch 0:  38(SW) -> 16(gpu)   volume = 0.634332
   epoch 0:  39(SW) ->  5(gpu)   volume = 0.035274
   epoch 0:  39(SW) ->  8(gpu)   volume = 0.005782
   epoch 0:  39(SW) -> 10(gpu)   volume = 0.45882
   epoch 0:  39(SW) -> 16(gpu)   volume = 0.095971
   epoch 0:  39(SW) -> 18(gpu)   volume = 0.108597
   epoch 0:  39(SW) -> 21(gpu)   volume = 0.10093
   epoch 0:  39(SW) -> 27(gpu)   volume = 0.194625
   epoch 1:   0(gpu) -> 32(SW)   volume = 1.0
   epoch 1:   0(gpu) -> 33(SW)   volume = 1.0
   epoch 1:   0(gpu) -> 34(SW)   volume = 1.0
   epoch 1:   0(gpu) -> 35(SW)   volume = 1.0
   epoch 1:   0(gpu) -> 36(SW)   volume = 1.0
   epoch 1:   0(gpu) -> 37(SW)   volume = 1.0
   epoch 1:   0(gpu) -> 38(SW)   volume = 1.0
   epoch 1:   0(gpu) -> 39(SW)   volume = 1.0
   epoch 1:  32(SW) ->  8(gpu)   volume = 0.014685
   epoch 1:  32(SW) -> 11(gpu)   volume = 0.51177
   epoch 1:  32(SW) -> 14(gpu)   volume = 0.197684
   epoch 1:  32(SW) -> 19(gpu)   volume = 0.002528
   epoch 1:  32(SW) -> 30(gpu)   volume = 0.273333
   epoch 1:  33(SW) -> 14(gpu)   volume = 0.132998
   epoch 1:  33(SW) -> 17(gpu)   volume = 0.308668
   epoch 1:  33(SW) -> 18(gpu)   volume = 0.364852
   epoch 1:  33(SW) -> 25(gpu)   volume = 0.193482
   epoch 1:  34(SW) ->  1(gpu)   volume = 0.53394
   epoch 1:  34(SW) -> 11(gpu)   volume = 0.314286
   epoch 1:  34(SW) -> 18(gpu)   volume = 0.151774
   epoch 1:  35(SW) ->  8(gpu)   volume = 0.095138
   epoch 1:  35(SW) -> 14(gpu)   volume = 0.441218
   epoch 1:  35(SW) -> 28(gpu)   volume = 0.463644
   epoch 1:  36(SW) ->  7(gpu)   volume = 0.7719
   epoch 1:  36(SW) -> 14(gpu)   volume = 0.2281
   epoch 1:  37(SW) -> 17(gpu)   volume = 0.691332
   epoch 1:  37(SW) -> 30(gpu)   volume = 0.308668
   epoch 1:  38(SW) -> 11(gpu)   volume = 0.173944
   epoch 1:  38(SW) -> 12(gpu)   volume = 0.019538
   epoch 1:  38(SW) -> 25(gpu)   volume = 0.806518
   epoch 1:  39(SW) ->  9(gpu)   volume = 0.582001
   epoch 1:  39(SW) -> 30(gpu)   volume = 0.417999
   epoch 2:   0(gpu) -> 32(SW)   volume = 1.0
   epoch 2:   0(gpu) -> 33(SW)   volume = 1.0
   epoch 2:   0(gpu) -> 34(SW)   volume = 1.0
   epoch 2:   0(gpu) -> 35(SW)   volume = 1.0
   epoch 2:   0(gpu) -> 36(SW)   volume = 1.0
   epoch 2:   0(gpu) -> 37(SW)   volume = 1.0
   epoch 2:   0(gpu) -> 38(SW)   volume = 1.0
   epoch 2:   0(gpu) -> 39(SW)   volume = 1.0
   epoch 2:  32(SW) ->  5(gpu)   volume = 0.921581
   epoch 2:  32(SW) -> 22(gpu)   volume = 0.078419
   epoch 2:  33(SW) ->  4(gpu)   volume = 0.99334
   epoch 2:  33(SW) -> 21(gpu)   volume = 0.00666
   epoch 2:  34(SW) -> 18(gpu)   volume = 0.057643
   epoch 2:  34(SW) -> 22(gpu)   volume = 0.085326
   epoch 2:  34(SW) -> 28(gpu)   volume = 0.536356
   epoch 2:  34(SW) -> 31(gpu)   volume = 0.320675
   epoch 2:  35(SW) ->  1(gpu)   volume = 0.46606
   epoch 2:  35(SW) -> 12(gpu)   volume = 0.113581
   epoch 2:  35(SW) -> 23(gpu)   volume = 0.054546
   epoch 2:  35(SW) -> 31(gpu)   volume = 0.365814
   epoch 2:  36(SW) -> 21(gpu)   volume = 0.686489
   epoch 2:  36(SW) -> 31(gpu)   volume = 0.313511
   epoch 2:  37(SW) ->  3(gpu)   volume = 0.757222
   epoch 2:  37(SW) -> 22(gpu)   volume = 0.242778
   epoch 2:  38(SW) ->  6(gpu)   volume = 0.612591
   epoch 2:  38(SW) -> 12(gpu)   volume = 0.184015
   epoch 2:  38(SW) -> 21(gpu)   volume = 0.203393
   epoch 2:  39(SW) -> 22(gpu)   volume = 0.057481
   epoch 2:  39(SW) -> 23(gpu)   volume = 0.942519
   epoch 3:   0(gpu) -> 32(SW)   volume = 1.0
   epoch 3:   0(gpu) -> 33(SW)   volume = 1.0
   epoch 3:   0(gpu) -> 34(SW)   volume = 1.0
   epoch 3:   0(gpu) -> 35(SW)   volume = 1.0
   epoch 3:   0(gpu) -> 37(SW)   volume = 1.0
   epoch 3:   0(gpu) -> 38(SW)   volume = 1.0
   epoch 3:   0(gpu) -> 39(SW)   volume = 1.0
   epoch 3:  32(SW) ->  2(gpu)   volume = 1.0
   epoch 3:  33(SW) -> 26(gpu)   volume = 1.0
   epoch 3:  34(SW) -> 19(gpu)   volume = 0.997472
   epoch 3:  34(SW) -> 21(gpu)   volume = 0.002528
   epoch 3:  35(SW) -> 22(gpu)   volume = 0.18911
   epoch 3:  35(SW) -> 23(gpu)   volume = 0.002935
   epoch 3:  35(SW) -> 24(gpu)   volume = 0.177768
   epoch 3:  35(SW) -> 29(gpu)   volume = 0.630186
   epoch 3:  37(SW) -> 20(gpu)   volume = 1.0
   epoch 3:  38(SW) ->  3(gpu)   volume = 0.242778
   epoch 3:  38(SW) ->  6(gpu)   volume = 0.387409
   epoch 3:  38(SW) -> 29(gpu)   volume = 0.369814
   epoch 3:  39(SW) -> 12(gpu)   volume = 0.682866
   epoch 3:  39(SW) -> 18(gpu)   volume = 0.317134

-- source 1 --
   epoch 0:   1(gpu) -> 32(SW)   volume = 1.0
   epoch 0:   1(gpu) -> 33(SW)   volume = 1.0
   epoch 0:   1(gpu) -> 34(SW)   volume = 1.0
   epoch 0:   1(gpu) -> 35(SW)   volume = 1.0
   epoch 0:   1(gpu) -> 36(SW)   volume = 1.0
   epoch 0:   1(gpu) -> 37(SW)   volume = 1.0
   epoch 0:   1(gpu) -> 38(SW)   volume = 1.0
   epoch 0:   1(gpu) -> 39(SW)   volume = 1.0
   epoch 0:  32(SW) ->  5(gpu)   volume = 0.099511
   epoch 0:  32(SW) -> 11(gpu)   volume = 0.426339
   epoch 0:  32(SW) -> 27(gpu)   volume = 0.47415
   epoch 0:  33(SW) ->  3(gpu)   volume = 1.0
   epoch 0:  34(SW) ->  0(gpu)   volume = 1.0
   epoch 0:  35(SW) ->  4(gpu)   volume = 0.904265
   epoch 0:  35(SW) -> 31(gpu)   volume = 0.095735
   epoch 0:  36(SW) ->  8(gpu)   volume = 0.141215
   epoch 0:  36(SW) -> 31(gpu)   volume = 0.858785
   epoch 0:  37(SW) ->  4(gpu)   volume = 0.095735
   epoch 0:  37(SW) -> 11(gpu)   volume = 0.001335
   epoch 0:  37(SW) -> 28(gpu)   volume = 0.902929
   epoch 0:  38(SW) ->  5(gpu)   volume = 0.662729
   epoch 0:  38(SW) ->  9(gpu)   volume = 0.009941
   epoch 0:  38(SW) -> 11(gpu)   volume = 0.184779
   epoch 0:  38(SW) -> 28(gpu)   volume = 0.097071
   epoch 0:  38(SW) -> 31(gpu)   volume = 0.04548
   epoch 0:  39(SW) -> 24(gpu)   volume = 1.0
   epoch 1:   1(gpu) -> 32(SW)   volume = 1.0
   epoch 1:   1(gpu) -> 33(SW)   volume = 1.0
   epoch 1:   1(gpu) -> 34(SW)   volume = 1.0
   epoch 1:   1(gpu) -> 35(SW)   volume = 1.0
   epoch 1:   1(gpu) -> 36(SW)   volume = 1.0
   epoch 1:   1(gpu) -> 37(SW)   volume = 1.0
   epoch 1:   1(gpu) -> 38(SW)   volume = 1.0
   epoch 1:   1(gpu) -> 39(SW)   volume = 1.0
   epoch 1:  32(SW) -> 15(gpu)   volume = 1.0
   epoch 1:  33(SW) ->  8(gpu)   volume = 0.412034
   epoch 1:  33(SW) -> 20(gpu)   volume = 0.058114
   epoch 1:  33(SW) -> 29(gpu)   volume = 0.529852
   epoch 1:  34(SW) -> 17(gpu)   volume = 1.0
   epoch 1:  35(SW) -> 26(gpu)   volume = 1.0
   epoch 1:  36(SW) ->  2(gpu)   volume = 1.0
   epoch 1:  37(SW) -> 25(gpu)   volume = 1.0
   epoch 1:  38(SW) -> 20(gpu)   volume = 0.909037
   epoch 1:  38(SW) -> 29(gpu)   volume = 0.090963
   epoch 1:  39(SW) ->  8(gpu)   volume = 0.011513
   epoch 1:  39(SW) -> 12(gpu)   volume = 0.794483
   epoch 1:  39(SW) -> 20(gpu)   volume = 0.032849
   epoch 1:  39(SW) -> 30(gpu)   volume = 0.161156
   epoch 2:   1(gpu) -> 32(SW)   volume = 1.0
   epoch 2:   1(gpu) -> 33(SW)   volume = 1.0
   epoch 2:   1(gpu) -> 34(SW)   volume = 1.0
   epoch 2:   1(gpu) -> 35(SW)   volume = 1.0
   epoch 2:   1(gpu) -> 36(SW)   volume = 1.0
   epoch 2:   1(gpu) -> 37(SW)   volume = 1.0
   epoch 2:   1(gpu) -> 38(SW)   volume = 1.0
   epoch 2:   1(gpu) -> 39(SW)   volume = 1.0
   epoch 2:  32(SW) ->  5(gpu)   volume = 0.004144
   epoch 2:  32(SW) -> 14(gpu)   volume = 0.031417
   epoch 2:  32(SW) -> 18(gpu)   volume = 0.964439
   epoch 2:  33(SW) -> 14(gpu)   volume = 0.577276
   epoch 2:  33(SW) -> 16(gpu)   volume = 0.422724
   epoch 2:  34(SW) ->  5(gpu)   volume = 0.197093
   epoch 2:  34(SW) ->  9(gpu)   volume = 0.040418
   epoch 2:  34(SW) -> 12(gpu)   volume = 0.030996
   epoch 2:  34(SW) -> 14(gpu)   volume = 0.205644
   epoch 2:  34(SW) -> 27(gpu)   volume = 0.52585
   epoch 2:  35(SW) ->  9(gpu)   volume = 0.949642
   epoch 2:  35(SW) -> 23(gpu)   volume = 0.050358
   epoch 2:  36(SW) ->  7(gpu)   volume = 1.0
   epoch 2:  37(SW) ->  8(gpu)   volume = 0.050358
   epoch 2:  37(SW) -> 23(gpu)   volume = 0.949642
   epoch 2:  38(SW) ->  5(gpu)   volume = 0.036523
   epoch 2:  38(SW) ->  6(gpu)   volume = 0.02985
   epoch 2:  38(SW) ->  8(gpu)   volume = 0.110852
   epoch 2:  38(SW) -> 11(gpu)   volume = 0.209001
   epoch 2:  38(SW) -> 18(gpu)   volume = 0.035561
   epoch 2:  38(SW) -> 22(gpu)   volume = 0.057481
   epoch 2:  38(SW) -> 29(gpu)   volume = 0.379185
   epoch 2:  38(SW) -> 30(gpu)   volume = 0.141548
   epoch 2:  39(SW) -> 12(gpu)   volume = 0.057481
   epoch 2:  39(SW) -> 22(gpu)   volume = 0.942519
   epoch 3:   1(gpu) -> 32(SW)   volume = 1.0
   epoch 3:   1(gpu) -> 33(SW)   volume = 1.0
   epoch 3:   1(gpu) -> 34(SW)   volume = 1.0
   epoch 3:   1(gpu) -> 35(SW)   volume = 1.0
   epoch 3:   1(gpu) -> 36(SW)   volume = 1.0
   epoch 3:   1(gpu) -> 38(SW)   volume = 1.0
   epoch 3:   1(gpu) -> 39(SW)   volume = 1.0
   epoch 3:  32(SW) ->  8(gpu)   volume = 0.244179
   epoch 3:  32(SW) -> 21(gpu)   volume = 0.755821
   epoch 3:  33(SW) -> 13(gpu)   volume = 1.0
   epoch 3:  34(SW) -> 10(gpu)   volume = 0.117041
   epoch 3:  34(SW) -> 14(gpu)   volume = 0.185663
   epoch 3:  34(SW) -> 30(gpu)   volume = 0.697296
   epoch 3:  35(SW) -> 10(gpu)   volume = 0.882959
   epoch 3:  35(SW) -> 12(gpu)   volume = 0.117041
   epoch 3:  36(SW) -> 11(gpu)   volume = 0.178545
   epoch 3:  36(SW) -> 16(gpu)   volume = 0.577276
   epoch 3:  36(SW) -> 21(gpu)   volume = 0.244179
   epoch 3:  38(SW) -> 19(gpu)   volume = 1.0
   epoch 3:  39(SW) ->  6(gpu)   volume = 0.97015
   epoch 3:  39(SW) ->  8(gpu)   volume = 0.02985

-- source 2 --
   epoch 0:   2(gpu) -> 32(SW)   volume = 1.0
   epoch 0:   2(gpu) -> 33(SW)   volume = 1.0
   epoch 0:   2(gpu) -> 34(SW)   volume = 1.0
   epoch 0:   2(gpu) -> 35(SW)   volume = 1.0
   epoch 0:   2(gpu) -> 36(SW)   volume = 1.0
   epoch 0:   2(gpu) -> 37(SW)   volume = 1.0
   epoch 0:   2(gpu) -> 38(SW)   volume = 1.0
   epoch 0:   2(gpu) -> 39(SW)   volume = 1.0
   epoch 0:  32(SW) -> 18(gpu)   volume = 0.010189
   epoch 0:  32(SW) -> 31(gpu)   volume = 0.989811
   epoch 0:  33(SW) -> 12(gpu)   volume = 0.012955
   epoch 0:  33(SW) -> 13(gpu)   volume = 0.313169
   epoch 0:  33(SW) -> 14(gpu)   volume = 0.118338
   epoch 0:  33(SW) -> 15(gpu)   volume = 0.055187
   epoch 0:  33(SW) -> 18(gpu)   volume = 0.035561
   epoch 0:  33(SW) -> 23(gpu)   volume = 0.464789
   epoch 0:  34(SW) ->  9(gpu)   volume = 0.405191
   epoch 0:  34(SW) -> 15(gpu)   volume = 0.406496
   epoch 0:  34(SW) -> 18(gpu)   volume = 0.188312
   epoch 0:  35(SW) -> 15(gpu)   volume = 0.03295
   epoch 0:  35(SW) -> 19(gpu)   volume = 0.96705
   epoch 0:  36(SW) -> 14(gpu)   volume = 0.295307
   epoch 0:  36(SW) -> 18(gpu)   volume = 0.704693
   epoch 0:  37(SW) -> 22(gpu)   volume = 1.0
   epoch 0:  38(SW) ->  7(gpu)   volume = 0.046586
   epoch 0:  38(SW) ->  8(gpu)   volume = 0.050554
   epoch 0:  38(SW) ->  9(gpu)   volume = 0.005724
   epoch 0:  38(SW) -> 18(gpu)   volume = 0.023683
   epoch 0:  38(SW) -> 23(gpu)   volume = 0.000382
   epoch 0:  38(SW) -> 25(gpu)   volume = 0.014359
   epoch 0:  38(SW) -> 27(gpu)   volume = 0.848524
   epoch 0:  38(SW) -> 31(gpu)   volume = 0.010189
   epoch 0:  39(SW) ->  7(gpu)   volume = 0.953414
   epoch 0:  39(SW) -> 14(gpu)   volume = 0.009024
   epoch 0:  39(SW) -> 18(gpu)   volume = 0.037562
   epoch 1:   2(gpu) -> 32(SW)   volume = 1.0
   epoch 1:   2(gpu) -> 33(SW)   volume = 1.0
   epoch 1:   2(gpu) -> 34(SW)   volume = 1.0
   epoch 1:   2(gpu) -> 35(SW)   volume = 1.0
   epoch 1:   2(gpu) -> 36(SW)   volume = 1.0
   epoch 1:   2(gpu) -> 37(SW)   volume = 1.0
   epoch 1:   2(gpu) -> 38(SW)   volume = 1.0
   epoch 1:   2(gpu) -> 39(SW)   volume = 1.0
   epoch 1:  32(SW) ->  1(gpu)   volume = 0.157795
   epoch 1:  32(SW) ->  9(gpu)   volume = 0.589085
   epoch 1:  32(SW) -> 28(gpu)   volume = 0.253119
   epoch 1:  33(SW) ->  1(gpu)   volume = 0.081359
   epoch 1:  33(SW) -> 16(gpu)   volume = 0.060926
   epoch 1:  33(SW) -> 20(gpu)   volume = 0.084792
   epoch 1:  33(SW) -> 28(gpu)   volume = 0.746881
   epoch 1:  33(SW) -> 30(gpu)   volume = 0.026042
   epoch 1:  34(SW) -> 26(gpu)   volume = 0.048216
   epoch 1:  34(SW) -> 30(gpu)   volume = 0.951784
   epoch 1:  35(SW) -> 10(gpu)   volume = 0.700152
   epoch 1:  35(SW) -> 11(gpu)   volume = 0.15163
   epoch 1:  35(SW) -> 12(gpu)   volume = 0.148217
   epoch 1:  36(SW) ->  0(gpu)   volume = 1.0
   epoch 1:  37(SW) ->  3(gpu)   volume = 0.188807
   epoch 1:  37(SW) -> 14(gpu)   volume = 0.11216
   epoch 1:  37(SW) -> 16(gpu)   volume = 0.666084
   epoch 1:  37(SW) -> 19(gpu)   volume = 0.03295
   epoch 1:  38(SW) -> 14(gpu)   volume = 0.465172
   epoch 1:  38(SW) -> 23(gpu)   volume = 0.534828
   epoch 1:  39(SW) -> 24(gpu)   volume = 1.0
   epoch 2:   2(gpu) -> 32(SW)   volume = 1.0
   epoch 2:   2(gpu) -> 33(SW)   volume = 1.0
   epoch 2:   2(gpu) -> 34(SW)   volume = 1.0
   epoch 2:   2(gpu) -> 35(SW)   volume = 1.0
   epoch 2:   2(gpu) -> 36(SW)   volume = 1.0
   epoch 2:   2(gpu) -> 37(SW)   volume = 1.0
   epoch 2:   2(gpu) -> 38(SW)   volume = 1.0
   epoch 2:   2(gpu) -> 39(SW)   volume = 1.0
   epoch 2:  32(SW) -> 17(gpu)   volume = 1.0
   epoch 2:  33(SW) ->  5(gpu)   volume = 0.507272
   epoch 2:  33(SW) -> 16(gpu)   volume = 0.191305
   epoch 2:  33(SW) -> 25(gpu)   volume = 0.085175
   epoch 2:  33(SW) -> 29(gpu)   volume = 0.216248
   epoch 2:  34(SW) ->  4(gpu)   volume = 0.283549
   epoch 2:  34(SW) -> 21(gpu)   volume = 0.344428
   epoch 2:  34(SW) -> 26(gpu)   volume = 0.07337
   epoch 2:  34(SW) -> 29(gpu)   volume = 0.276479
   epoch 2:  34(SW) -> 30(gpu)   volume = 0.022173
   epoch 2:  34(SW) -> 41(SW)   volume = 1e-06
   epoch 2:  35(SW) ->  5(gpu)   volume = 0.492728
   epoch 2:  35(SW) -> 29(gpu)   volume = 0.507273
   epoch 2:  35(SW) -> 41(SW)   volume = -1e-06
   epoch 2:  36(SW) ->  8(gpu)   volume = 0.949446
   epoch 2:  36(SW) -> 15(gpu)   volume = 0.050554
   epoch 2:  37(SW) -> 13(gpu)   volume = 0.581529
   epoch 2:  37(SW) -> 21(gpu)   volume = 0.418471
   epoch 2:  38(SW) ->  4(gpu)   volume = 0.716451
   epoch 2:  38(SW) -> 12(gpu)   volume = 0.283549
   epoch 2:  39(SW) -> 11(gpu)   volume = 0.84837
   epoch 2:  39(SW) -> 13(gpu)   volume = 0.091941
   epoch 2:  39(SW) -> 16(gpu)   volume = 0.059689
   epoch 3:   2(gpu) -> 32(SW)   volume = 1.0
   epoch 3:   2(gpu) -> 33(SW)   volume = 1.0
   epoch 3:   2(gpu) -> 34(SW)   volume = 1.0
   epoch 3:   2(gpu) -> 35(SW)   volume = 0.913239
   epoch 3:   2(gpu) -> 36(SW)   volume = 1.0
   epoch 3:   2(gpu) -> 37(SW)   volume = 1.0
   epoch 3:   2(gpu) -> 38(SW)   volume = 0.086761
   epoch 3:   2(gpu) -> 39(SW)   volume = 1.0
   epoch 3:  32(SW) -> 10(gpu)   volume = 0.299848
   epoch 3:  32(SW) -> 15(gpu)   volume = 0.012898
   epoch 3:  32(SW) -> 16(gpu)   volume = 0.021996
   epoch 3:  32(SW) -> 25(gpu)   volume = 0.513782
   epoch 3:  32(SW) -> 27(gpu)   volume = 0.151476
   epoch 3:  33(SW) -> 20(gpu)   volume = 0.915208
   epoch 3:  33(SW) -> 25(gpu)   volume = 0.084792
   epoch 3:  34(SW) -> 12(gpu)   volume = 0.555278
   epoch 3:  34(SW) -> 21(gpu)   volume = 0.237101
   epoch 3:  34(SW) -> 26(gpu)   volume = 0.207621
   epoch 3:  35(SW) -> 13(gpu)   volume = 0.013361
   epoch 3:  35(SW) -> 15(gpu)   volume = 0.441914
   epoch 3:  35(SW) -> 26(gpu)   volume = 0.457963
   epoch 3:  36(SW) ->  6(gpu)   volume = 1.0
   epoch 3:  37(SW) ->  3(gpu)   volume = 0.811193
   epoch 3:  37(SW) -> 25(gpu)   volume = 0.188807
   epoch 3:  38(SW) -> 25(gpu)   volume = 0.086761
   epoch 3:  39(SW) ->  1(gpu)   volume = 0.760846
   epoch 3:  39(SW) -> 25(gpu)   volume = 0.026324
   epoch 3:  39(SW) -> 26(gpu)   volume = 0.212831

-- source 3 --
   epoch 0:   3(gpu) -> 32(SW)   volume = 1.0
   epoch 0:   3(gpu) -> 33(SW)   volume = 1.0
   epoch 0:   3(gpu) -> 34(SW)   volume = 1.0
   epoch 0:   3(gpu) -> 35(SW)   volume = 1.0
   epoch 0:   3(gpu) -> 36(SW)   volume = 1.0
   epoch 0:   3(gpu) -> 37(SW)   volume = 1.0
   epoch 0:   3(gpu) -> 38(SW)   volume = 1.0
   epoch 0:   3(gpu) -> 39(SW)   volume = 1.0
   epoch 0:  32(SW) ->  2(gpu)   volume = 0.118338
   epoch 0:  32(SW) ->  4(gpu)   volume = 0.663767
   epoch 0:  32(SW) -> 19(gpu)   volume = 0.217895
   epoch 0:  33(SW) ->  1(gpu)   volume = 0.118338
   epoch 0:  33(SW) ->  2(gpu)   volume = 0.881662
   epoch 0:  34(SW) -> 23(gpu)   volume = 1.0
   epoch 0:  35(SW) ->  8(gpu)   volume = 0.066223
   epoch 0:  35(SW) -> 11(gpu)   volume = 0.916264
   epoch 0:  35(SW) -> 19(gpu)   volume = 0.017513
   epoch 0:  36(SW) ->  9(gpu)   volume = 1.0
   epoch 0:  37(SW) -> 26(gpu)   volume = 1.0
   epoch 0:  38(SW) -> 12(gpu)   volume = 1.0
   epoch 0:  39(SW) ->  1(gpu)   volume = 0.580915
   epoch 0:  39(SW) ->  4(gpu)   volume = 0.336233
   epoch 0:  39(SW) -> 11(gpu)   volume = 0.082852
   epoch 1:   3(gpu) -> 32(SW)   volume = 1.0
   epoch 1:   3(gpu) -> 33(SW)   volume = 1.0
   epoch 1:   3(gpu) -> 34(SW)   volume = 1.0
   epoch 1:   3(gpu) -> 35(SW)   volume = 1.0
   epoch 1:   3(gpu) -> 36(SW)   volume = 1.0
   epoch 1:   3(gpu) -> 37(SW)   volume = 1.0
   epoch 1:   3(gpu) -> 38(SW)   volume = 1.0
   epoch 1:   3(gpu) -> 39(SW)   volume = 1.0
   epoch 1:  32(SW) ->  7(gpu)   volume = 0.005946
   epoch 1:  32(SW) -> 20(gpu)   volume = 0.032849
   epoch 1:  32(SW) -> 21(gpu)   volume = 0.107086
   epoch 1:  32(SW) -> 24(gpu)   volume = 0.127452
   epoch 1:  32(SW) -> 30(gpu)   volume = 0.726667
   epoch 1:  33(SW) ->  1(gpu)   volume = 0.300748
   epoch 1:  33(SW) -> 15(gpu)   volume = 0.699252
   epoch 1:  34(SW) -> 10(gpu)   volume = 0.891354
   epoch 1:  34(SW) -> 15(gpu)   volume = 0.044843
   epoch 1:  34(SW) -> 31(gpu)   volume = 0.063803
   epoch 1:  35(SW) -> 24(gpu)   volume = 0.870281
   epoch 1:  35(SW) -> 30(gpu)   volume = 0.129719
   epoch 1:  36(SW) -> 15(gpu)   volume = 0.107086
   epoch 1:  36(SW) -> 21(gpu)   volume = 0.892914
   epoch 1:  37(SW) ->  7(gpu)   volume = 0.891354
   epoch 1:  37(SW) -> 10(gpu)   volume = 0.108646
   epoch 1:  38(SW) ->  0(gpu)   volume = 0.921549
   epoch 1:  38(SW) -> 15(gpu)   volume = 0.078451
   epoch 1:  39(SW) ->  0(gpu)   volume = 0.032849
   epoch 1:  39(SW) -> 20(gpu)   volume = 0.967151
   epoch 2:   3(gpu) -> 32(SW)   volume = 1.0
   epoch 2:   3(gpu) -> 33(SW)   volume = 1.0
   epoch 2:   3(gpu) -> 34(SW)   volume = 1.0
   epoch 2:   3(gpu) -> 35(SW)   volume = 1.0
   epoch 2:   3(gpu) -> 36(SW)   volume = 1.0
   epoch 2:   3(gpu) -> 37(SW)   volume = 1.0
   epoch 2:   3(gpu) -> 38(SW)   volume = 1.0
   epoch 2:   3(gpu) -> 39(SW)   volume = 1.0
   epoch 2:  32(SW) ->  6(gpu)   volume = 0.235408
   epoch 2:  32(SW) -> 19(gpu)   volume = 0.764592
   epoch 2:  33(SW) ->  5(gpu)   volume = 0.197093
   epoch 2:  33(SW) -> 29(gpu)   volume = 0.783752
   epoch 2:  33(SW) -> 30(gpu)   volume = 0.019155
   epoch 2:  34(SW) ->  5(gpu)   volume = 0.802907
   epoch 2:  34(SW) -> 15(gpu)   volume = 0.070367
   epoch 2:  34(SW) -> 24(gpu)   volume = 0.002267
   epoch 2:  34(SW) -> 30(gpu)   volume = 0.124458
   epoch 2:  35(SW) ->  7(gpu)   volume = 0.066223
   epoch 2:  35(SW) ->  8(gpu)   volume = 0.933777
   epoch 2:  36(SW) -> 14(gpu)   volume = 1.0
   epoch 2:  37(SW) ->  6(gpu)   volume = 0.662122
   epoch 2:  37(SW) -> 18(gpu)   volume = 0.223764
   epoch 2:  37(SW) -> 28(gpu)   volume = 0.10247
   epoch 2:  37(SW) -> 29(gpu)   volume = 0.011644
   epoch 2:  38(SW) ->  6(gpu)   volume = 0.10247
   epoch 2:  38(SW) -> 28(gpu)   volume = 0.89753
   epoch 2:  39(SW) -> 25(gpu)   volume = 1.0
   epoch 3:   3(gpu) -> 32(SW)   volume = 1.0
   epoch 3:   3(gpu) -> 33(SW)   volume = 1.0
   epoch 3:   3(gpu) -> 34(SW)   volume = 1.0
   epoch 3:   3(gpu) -> 35(SW)   volume = 1.0
   epoch 3:   3(gpu) -> 36(SW)   volume = 1.0
   epoch 3:   3(gpu) -> 38(SW)   volume = 1.0
   epoch 3:   3(gpu) -> 39(SW)   volume = 1.0
   epoch 3:  32(SW) ->  0(gpu)   volume = 0.045603
   epoch 3:  32(SW) ->  7(gpu)   volume = 0.036477
   epoch 3:  32(SW) -> 11(gpu)   volume = 0.000883
   epoch 3:  32(SW) -> 17(gpu)   volume = 0.322507
   epoch 3:  32(SW) -> 27(gpu)   volume = 0.389927
   epoch 3:  32(SW) -> 29(gpu)   volume = 0.204603
   epoch 3:  33(SW) -> 18(gpu)   volume = 0.226441
   epoch 3:  33(SW) -> 27(gpu)   volume = 0.610073
   epoch 3:  33(SW) -> 31(gpu)   volume = 0.163485
   epoch 3:  34(SW) -> 16(gpu)   volume = 1.0
   epoch 3:  35(SW) -> 13(gpu)   volume = 0.227288
   epoch 3:  35(SW) -> 31(gpu)   volume = 0.772712
   epoch 3:  36(SW) -> 22(gpu)   volume = 1.0
   epoch 3:  38(SW) -> 13(gpu)   volume = 0.772712
   epoch 3:  38(SW) -> 18(gpu)   volume = 0.227288
   epoch 3:  39(SW) -> 17(gpu)   volume = 0.677493
   epoch 3:  39(SW) -> 18(gpu)   volume = 0.322507

-- source 4 --
   epoch 0:   4(gpu) -> 32(SW)   volume = 1.0
   epoch 0:   4(gpu) -> 33(SW)   volume = 1.0
   epoch 0:   4(gpu) -> 34(SW)   volume = 1.0
   epoch 0:   4(gpu) -> 35(SW)   volume = 1.0
   epoch 0:   4(gpu) -> 36(SW)   volume = 1.0
   epoch 0:   4(gpu) -> 37(SW)   volume = 1.0
   epoch 0:   4(gpu) -> 38(SW)   volume = 1.0
   epoch 0:   4(gpu) -> 39(SW)   volume = 1.0
   epoch 0:  32(SW) ->  6(gpu)   volume = 0.004104
   epoch 0:  32(SW) ->  8(gpu)   volume = 0.363336
   epoch 0:  32(SW) -> 25(gpu)   volume = 0.63256
   epoch 0:  33(SW) ->  6(gpu)   volume = 0.289845
   epoch 0:  33(SW) -> 20(gpu)   volume = 0.710155
   epoch 0:  34(SW) ->  7(gpu)   volume = 0.160091
   epoch 0:  34(SW) -> 14(gpu)   volume = 0.009024
   epoch 0:  34(SW) -> 20(gpu)   volume = 0.231191
   epoch 0:  34(SW) -> 26(gpu)   volume = 0.599695
   epoch 0:  35(SW) ->  0(gpu)   volume = 0.156558
   epoch 0:  35(SW) ->  1(gpu)   volume = 0.172791
   epoch 0:  35(SW) ->  6(gpu)   volume = 0.226994
   epoch 0:  35(SW) -> 25(gpu)   volume = 0.36744
   epoch 0:  35(SW) -> 26(gpu)   volume = 0.076217
   epoch 0:  36(SW) ->  0(gpu)   volume = 0.843442
   epoch 0:  36(SW) ->  6(gpu)   volume = 0.156558
   epoch 0:  37(SW) -> 13(gpu)   volume = 1.0
   epoch 0:  38(SW) ->  6(gpu)   volume = 0.322499
   epoch 0:  38(SW) -> 18(gpu)   volume = 0.677501
   epoch 0:  39(SW) ->  2(gpu)   volume = 0.009024
   epoch 0:  39(SW) -> 14(gpu)   volume = 0.990976
   epoch 1:   4(gpu) -> 32(SW)   volume = 1.0
   epoch 1:   4(gpu) -> 33(SW)   volume = 1.0
   epoch 1:   4(gpu) -> 34(SW)   volume = 1.0
   epoch 1:   4(gpu) -> 35(SW)   volume = 1.0
   epoch 1:   4(gpu) -> 36(SW)   volume = 1.0
   epoch 1:   4(gpu) -> 37(SW)   volume = 1.0
   epoch 1:   4(gpu) -> 38(SW)   volume = 1.0
   epoch 1:   4(gpu) -> 39(SW)   volume = 1.0
   epoch 1:  32(SW) -> 29(gpu)   volume = 1.0
   epoch 1:  33(SW) -> 24(gpu)   volume = 1.0
   epoch 1:  34(SW) ->  3(gpu)   volume = 0.084956
   epoch 1:  34(SW) ->  5(gpu)   volume = 0.429815
   epoch 1:  34(SW) -> 20(gpu)   volume = 0.058654
   epoch 1:  34(SW) -> 26(gpu)   volume = 0.324089
   epoch 1:  34(SW) -> 31(gpu)   volume = 0.102486
   epoch 1:  35(SW) -> 12(gpu)   volume = 0.053817
   epoch 1:  35(SW) -> 28(gpu)   volume = 0.014278
   epoch 1:  35(SW) -> 30(gpu)   volume = 0.034391
   epoch 1:  35(SW) -> 31(gpu)   volume = 0.897514
   epoch 1:  36(SW) ->  3(gpu)   volume = 0.313566
   epoch 1:  36(SW) ->  5(gpu)   volume = 0.570185
   epoch 1:  36(SW) -> 28(gpu)   volume = 0.116249
   epoch 1:  37(SW) ->  3(gpu)   volume = 0.186142
   epoch 1:  37(SW) -> 15(gpu)   volume = 0.813858
   epoch 1:  38(SW) ->  3(gpu)   volume = 0.034391
   epoch 1:  38(SW) -> 30(gpu)   volume = 0.965609
   epoch 1:  39(SW) -> 16(gpu)   volume = 1.0
   epoch 2:   4(gpu) -> 32(SW)   volume = 1.0
   epoch 2:   4(gpu) -> 33(SW)   volume = 1.0
   epoch 2:   4(gpu) -> 34(SW)   volume = 1.0
   epoch 2:   4(gpu) -> 35(SW)   volume = 1.0
   epoch 2:   4(gpu) -> 36(SW)   volume = 1.0
   epoch 2:   4(gpu) -> 37(SW)   volume = 1.0
   epoch 2:   4(gpu) -> 38(SW)   volume = 1.0
   epoch 2:   4(gpu) -> 39(SW)   volume = 1.0
   epoch 2:  32(SW) ->  3(gpu)   volume = 0.139192
   epoch 2:  32(SW) ->  7(gpu)   volume = 0.04753
   epoch 2:  32(SW) -> 10(gpu)   volume = 0.813278
   epoch 2:  33(SW) -> 23(gpu)   volume = 1.0
   epoch 2:  34(SW) ->  9(gpu)   volume = 0.025256
   epoch 2:  34(SW) -> 10(gpu)   volume = 0.060154
   epoch 2:  34(SW) -> 17(gpu)   volume = -8.4e-05
   epoch 2:  34(SW) -> 22(gpu)   volume = 0.914674
   epoch 2:  35(SW) ->  2(gpu)   volume = 0.066223
   epoch 2:  35(SW) -> 17(gpu)   volume = 0.017972
   epoch 2:  35(SW) -> 21(gpu)   volume = 0.915805
   epoch 2:  36(SW) ->  2(gpu)   volume = 0.01829
   epoch 2:  36(SW) -> 10(gpu)   volume = 0.031379
   epoch 2:  36(SW) -> 19(gpu)   volume = 0.802614
   epoch 2:  36(SW) -> 21(gpu)   volume = 0.084195
   epoch 2:  36(SW) -> 28(gpu)   volume = 0.063522
   epoch 2:  37(SW) ->  1(gpu)   volume = 0.023588
   epoch 2:  37(SW) ->  3(gpu)   volume = 0.241753
   epoch 2:  37(SW) ->  8(gpu)   volume = 0.636664
   epoch 2:  37(SW) -> 15(gpu)   volume = 0.011661
   epoch 2:  37(SW) -> 22(gpu)   volume = 0.085326
   epoch 2:  37(SW) -> 27(gpu)   volume = 0.001008
   epoch 2:  38(SW) ->  1(gpu)   volume = 0.803621
   epoch 2:  38(SW) -> 27(gpu)   volume = 0.196379
   epoch 2:  39(SW) -> 19(gpu)   volume = 0.197386
   epoch 2:  39(SW) -> 27(gpu)   volume = 0.802614
   epoch 3:   4(gpu) -> 32(SW)   volume = 0.709417
   epoch 3:   4(gpu) -> 33(SW)   volume = 0.959458
   epoch 3:   4(gpu) -> 34(SW)   volume = 0.538746
   epoch 3:   4(gpu) -> 35(SW)   volume = 0.792379
   epoch 3:   4(gpu) -> 36(SW)   volume = 1.0
   epoch 3:   4(gpu) -> 37(SW)   volume = 1.0
   epoch 3:   4(gpu) -> 38(SW)   volume = 1.0
   epoch 3:   4(gpu) -> 39(SW)   volume = 1.0
   epoch 3:  32(SW) -> 10(gpu)   volume = 0.031924
   epoch 3:  32(SW) -> 17(gpu)   volume = 0.677493
   epoch 3:  33(SW) -> 12(gpu)   volume = 0.946183
   epoch 3:  33(SW) -> 17(gpu)   volume = 0.013274
   epoch 3:  34(SW) -> 11(gpu)   volume = 0.538746
   epoch 3:  35(SW) ->  7(gpu)   volume = 0.792379
   epoch 3:  36(SW) ->  2(gpu)   volume = 0.211677
   epoch 3:  36(SW) -> 15(gpu)   volume = 0.174481
   epoch 3:  36(SW) -> 17(gpu)   volume = 0.291344
   epoch 3:  36(SW) -> 18(gpu)   volume = 0.322499
   epoch 3:  37(SW) ->  9(gpu)   volume = 0.780695
   epoch 3:  37(SW) -> 11(gpu)   volume = 0.219305
   epoch 3:  38(SW) ->  9(gpu)   volume = 0.194049
   epoch 3:  38(SW) -> 28(gpu)   volume = 0.805951
   epoch 3:  39(SW) ->  2(gpu)   volume = 0.694786
   epoch 3:  39(SW) -> 10(gpu)   volume = 0.063265
   epoch 3:  39(SW) -> 11(gpu)   volume = 0.241949

-- source 5 --
   epoch 0:   5(gpu) -> 32(SW)   volume = 1.0
   epoch 0:   5(gpu) -> 33(SW)   volume = 1.0
   epoch 0:   5(gpu) -> 34(SW)   volume = 1.0
   epoch 0:   5(gpu) -> 35(SW)   volume = 1.0
   epoch 0:   5(gpu) -> 36(SW)   volume = 1.0
   epoch 0:   5(gpu) -> 37(SW)   volume = 1.0
   epoch 0:   5(gpu) -> 38(SW)   volume = 1.0
   epoch 0:   5(gpu) -> 39(SW)   volume = 1.0
   epoch 0:  32(SW) -> 12(gpu)   volume = 0.156795
   epoch 0:  32(SW) -> 15(gpu)   volume = 0.222424
   epoch 0:  32(SW) -> 20(gpu)   volume = 0.620781
   epoch 0:  33(SW) -> 28(gpu)   volume = 1.0
   epoch 0:  34(SW) -> 25(gpu)   volume = 1.0
   epoch 0:  35(SW) ->  1(gpu)   volume = 0.176358
   epoch 0:  35(SW) ->  6(gpu)   volume = 0.441376
   epoch 0:  35(SW) -> 12(gpu)   volume = 0.382266
   epoch 0:  36(SW) -> 17(gpu)   volume = 1.0
   epoch 0:  37(SW) ->  7(gpu)   volume = 0.232591
   epoch 0:  37(SW) -> 15(gpu)   volume = 0.035274
   epoch 0:  37(SW) -> 24(gpu)   volume = 0.732134
   epoch 0:  38(SW) ->  1(gpu)   volume = 0.823642
   epoch 0:  38(SW) ->  7(gpu)   volume = 0.002609
   epoch 0:  38(SW) -> 15(gpu)   volume = 0.173749
   epoch 0:  39(SW) ->  3(gpu)   volume = 0.159842
   epoch 0:  39(SW) -> 12(gpu)   volume = 0.460939
   epoch 0:  39(SW) -> 20(gpu)   volume = 0.379219
   epoch 1:   5(gpu) -> 32(SW)   volume = 1.0
   epoch 1:   5(gpu) -> 33(SW)   volume = 1.0
   epoch 1:   5(gpu) -> 34(SW)   volume = 1.0
   epoch 1:   5(gpu) -> 35(SW)   volume = 1.0
   epoch 1:   5(gpu) -> 36(SW)   volume = 1.0
   epoch 1:   5(gpu) -> 37(SW)   volume = 1.0
   epoch 1:   5(gpu) -> 38(SW)   volume = 1.0
   epoch 1:   5(gpu) -> 39(SW)   volume = 1.0
   epoch 1:  32(SW) ->  4(gpu)   volume = 0.002259
   epoch 1:  32(SW) ->  8(gpu)   volume = 0.985315
   epoch 1:  32(SW) -> 16(gpu)   volume = 0.012426
   epoch 1:  33(SW) ->  2(gpu)   volume = 1.0
   epoch 1:  34(SW) ->  8(gpu)   volume = 0.014685
   epoch 1:  34(SW) -> 22(gpu)   volume = 0.985315
   epoch 1:  35(SW) -> 10(gpu)   volume = 0.299848
   epoch 1:  35(SW) -> 11(gpu)   volume = 0.700152
   epoch 1:  36(SW) -> 13(gpu)   volume = 0.064195
   epoch 1:  36(SW) -> 27(gpu)   volume = 0.935805
   epoch 1:  37(SW) ->  6(gpu)   volume = 0.558624
   epoch 1:  37(SW) ->  9(gpu)   volume = 0.016314
   epoch 1:  37(SW) -> 10(gpu)   volume = 0.035216
   epoch 1:  37(SW) -> 11(gpu)   volume = 0.036775
   epoch 1:  37(SW) -> 16(gpu)   volume = 0.333916
   epoch 1:  37(SW) -> 30(gpu)   volume = 0.019155
   epoch 1:  38(SW) -> 10(gpu)   volume = 0.664936
   epoch 1:  38(SW) -> 16(gpu)   volume = 0.335064
   epoch 1:  39(SW) -> 11(gpu)   volume = 0.263072
   epoch 1:  39(SW) -> 13(gpu)   volume = 0.722242
   epoch 1:  39(SW) -> 22(gpu)   volume = 0.014685
   epoch 2:   5(gpu) -> 32(SW)   volume = 1.0
   epoch 2:   5(gpu) -> 33(SW)   volume = 1.0
   epoch 2:   5(gpu) -> 34(SW)   volume = 1.0
   epoch 2:   5(gpu) -> 35(SW)   volume = 1.0
   epoch 2:   5(gpu) -> 36(SW)   volume = 1.0
   epoch 2:   5(gpu) -> 37(SW)   volume = 1.0
   epoch 2:   5(gpu) -> 38(SW)   volume = 1.0
   epoch 2:   5(gpu) -> 39(SW)   volume = 1.0
   epoch 2:  32(SW) -> 23(gpu)   volume = 1.0
   epoch 2:  33(SW) -> 21(gpu)   volume = 0.019155
   epoch 2:  33(SW) -> 30(gpu)   volume = 0.980845
   epoch 2:  34(SW) ->  3(gpu)   volume = 0.840158
   epoch 2:  34(SW) ->  9(gpu)   volume = 0.159842
   epoch 2:  35(SW) ->  4(gpu)   volume = 0.232045
   epoch 2:  35(SW) ->  7(gpu)   volume = 0.03779
   epoch 2:  35(SW) -> 16(gpu)   volume = 0.011783
   epoch 2:  35(SW) -> 21(gpu)   volume = 0.084195
   epoch 2:  35(SW) -> 31(gpu)   volume = 0.634186
   epoch 2:  36(SW) -> 26(gpu)   volume = 0.907177
   epoch 2:  36(SW) -> 31(gpu)   volume = 0.092823
   epoch 2:  37(SW) -> 16(gpu)   volume = 0.306811
   epoch 2:  37(SW) -> 21(gpu)   volume = 0.581529
   epoch 2:  37(SW) -> 29(gpu)   volume = 0.11166
   epoch 2:  38(SW) ->  9(gpu)   volume = 0.732134
   epoch 2:  38(SW) -> 24(gpu)   volume = 0.267866
   epoch 2:  39(SW) ->  4(gpu)   volume = 0.391323
   epoch 2:  39(SW) -> 19(gpu)   volume = 0.293556
   epoch 2:  39(SW) -> 21(gpu)   volume = 0.315121
   epoch 3:   5(gpu) -> 32(SW)   volume = 0.018837
   epoch 3:   5(gpu) -> 33(SW)   volume = 1.0
   epoch 3:   5(gpu) -> 34(SW)   volume = 1.0
   epoch 3:   5(gpu) -> 35(SW)   volume = 1.0
   epoch 3:   5(gpu) -> 36(SW)   volume = 1.0
   epoch 3:   5(gpu) -> 37(SW)   volume = 1.0
   epoch 3:   5(gpu) -> 38(SW)   volume = 1.0
   epoch 3:   5(gpu) -> 39(SW)   volume = 0.981163
   epoch 3:  32(SW) ->  0(gpu)   volume = 0.018837
   epoch 3:  33(SW) ->  7(gpu)   volume = 0.72701
   epoch 3:  33(SW) -> 31(gpu)   volume = 0.27299
   epoch 3:  34(SW) ->  0(gpu)   volume = 0.901169
   epoch 3:  34(SW) ->  4(gpu)   volume = 0.098831
   epoch 3:  35(SW) ->  0(gpu)   volume = 0.079994
   epoch 3:  35(SW) -> 13(gpu)   volume = 0.213563
   epoch 3:  35(SW) -> 19(gpu)   volume = 0.706444
   epoch 3:  36(SW) -> 14(gpu)   volume = 0.907177
   epoch 3:  36(SW) -> 26(gpu)   volume = 0.092823
   epoch 3:  37(SW) -> 18(gpu)   volume = 0.935805
   epoch 3:  37(SW) -> 27(gpu)   volume = 0.064195
   epoch 3:  38(SW) ->  4(gpu)   volume = 0.275542
   epoch 3:  38(SW) ->  9(gpu)   volume = 0.09171
   epoch 3:  38(SW) -> 15(gpu)   volume = 0.568553
   epoch 3:  38(SW) -> 18(gpu)   volume = 0.064195
   epoch 3:  39(SW) -> 14(gpu)   volume = 0.092823
   epoch 3:  39(SW) -> 29(gpu)   volume = 0.88834

-- source 6 --
   epoch 0:   6(gpu) -> 32(SW)   volume = 1.0
   epoch 0:   6(gpu) -> 33(SW)   volume = 1.0
   epoch 0:   6(gpu) -> 34(SW)   volume = 1.0
   epoch 0:   6(gpu) -> 35(SW)   volume = 1.0
   epoch 0:   6(gpu) -> 36(SW)   volume = 1.0
   epoch 0:   6(gpu) -> 37(SW)   volume = 1.0
   epoch 0:   6(gpu) -> 38(SW)   volume = 1.0
   epoch 0:   6(gpu) -> 39(SW)   volume = 1.0
   epoch 0:  32(SW) ->  8(gpu)   volume = 0.42508
   epoch 0:  32(SW) -> 13(gpu)   volume = 0.564731
   epoch 0:  32(SW) -> 31(gpu)   volume = 0.010189
   epoch 0:  33(SW) -> 29(gpu)   volume = 0.997913
   epoch 0:  33(SW) -> 31(gpu)   volume = 0.002087
   epoch 0:  34(SW) ->  5(gpu)   volume = 0.11514
   epoch 0:  34(SW) ->  8(gpu)   volume = 0.314836
   epoch 0:  34(SW) -> 10(gpu)   volume = 0.526631
   epoch 0:  34(SW) -> 31(gpu)   volume = 0.043394
   epoch 0:  35(SW) ->  7(gpu)   volume = 0.733085
   epoch 0:  35(SW) -> 30(gpu)   volume = 0.266915
   epoch 0:  36(SW) -> 12(gpu)   volume = 1.0
   epoch 0:  37(SW) ->  2(gpu)   volume = 0.411043
   epoch 0:  37(SW) -> 23(gpu)   volume = 0.328873
   epoch 0:  37(SW) -> 25(gpu)   volume = 0.260084
   epoch 0:  38(SW) -> 28(gpu)   volume = 0.055669
   epoch 0:  38(SW) -> 31(gpu)   volume = 0.944331
   epoch 0:  39(SW) ->  8(gpu)   volume = 0.260084
   epoch 0:  39(SW) -> 25(gpu)   volume = 0.739916
   epoch 1:   6(gpu) -> 32(SW)   volume = 1.0
   epoch 1:   6(gpu) -> 33(SW)   volume = 1.0
   epoch 1:   6(gpu) -> 34(SW)   volume = 1.0
   epoch 1:   6(gpu) -> 35(SW)   volume = 1.0
   epoch 1:   6(gpu) -> 36(SW)   volume = 1.0
   epoch 1:   6(gpu) -> 37(SW)   volume = 1.0
   epoch 1:   6(gpu) -> 38(SW)   volume = 1.0
   epoch 1:   6(gpu) -> 39(SW)   volume = 1.0
   epoch 1:  32(SW) ->  0(gpu)   volume = 1.0
   epoch 1:  33(SW) ->  3(gpu)   volume = 0.433484
   epoch 1:  33(SW) ->  9(gpu)   volume = 0.516158
   epoch 1:  33(SW) -> 20(gpu)   volume = 0.050358
   epoch 1:  34(SW) ->  9(gpu)   volume = 0.252113
   epoch 1:  34(SW) -> 19(gpu)   volume = 0.747887
   epoch 1:  35(SW) ->  1(gpu)   volume = 1.0
   epoch 1:  36(SW) -> 18(gpu)   volume = 1.0
   epoch 1:  37(SW) ->  3(gpu)   volume = 0.566516
   epoch 1:  37(SW) ->  9(gpu)   volume = 0.181371
   epoch 1:  37(SW) -> 19(gpu)   volume = 0.252113
   epoch 1:  38(SW) -> 24(gpu)   volume = 1.0
   epoch 1:  39(SW) -> 15(gpu)   volume = 1.0
   epoch 2:   6(gpu) -> 32(SW)   volume = 1.0
   epoch 2:   6(gpu) -> 33(SW)   volume = 1.0
   epoch 2:   6(gpu) -> 34(SW)   volume = 1.0
   epoch 2:   6(gpu) -> 35(SW)   volume = 1.0
   epoch 2:   6(gpu) -> 36(SW)   volume = 1.0
   epoch 2:   6(gpu) -> 37(SW)   volume = 1.0
   epoch 2:   6(gpu) -> 38(SW)   volume = 1.0
   epoch 2:   6(gpu) -> 39(SW)   volume = 1.0
   epoch 2:  32(SW) ->  2(gpu)   volume = 0.525435
   epoch 2:  32(SW) -> 11(gpu)   volume = 0.287521
   epoch 2:  32(SW) -> 21(gpu)   volume = 0.187044
   epoch 2:  33(SW) -> 22(gpu)   volume = 1.0
   epoch 2:  34(SW) -> 13(gpu)   volume = 0.435269
   epoch 2:  34(SW) -> 21(gpu)   volume = 0.512809
   epoch 2:  34(SW) -> 27(gpu)   volume = 0.051922
   epoch 2:  35(SW) ->  7(gpu)   volume = 0.031507
   epoch 2:  35(SW) ->  9(gpu)   volume = 0.050358
   epoch 2:  35(SW) -> 14(gpu)   volume = 0.235425
   epoch 2:  35(SW) -> 23(gpu)   volume = 0.671127
   epoch 2:  35(SW) -> 27(gpu)   volume = 0.011583
   epoch 2:  36(SW) ->  2(gpu)   volume = 0.063522
   epoch 2:  36(SW) -> 27(gpu)   volume = 0.936478
   epoch 2:  37(SW) ->  7(gpu)   volume = 0.235408
   epoch 2:  37(SW) -> 14(gpu)   volume = 0.764575
   epoch 2:  37(SW) -> 27(gpu)   volume = 1.7e-05
   epoch 2:  38(SW) -> 16(gpu)   volume = 1.0
   epoch 2:  39(SW) -> 17(gpu)   volume = 1.0
   epoch 3:   6(gpu) -> 32(SW)   volume = 1.0
   epoch 3:   6(gpu) -> 33(SW)   volume = 1.0
   epoch 3:   6(gpu) -> 34(SW)   volume = 1.0
   epoch 3:   6(gpu) -> 35(SW)   volume = 1.0
   epoch 3:   6(gpu) -> 36(SW)   volume = 1.0
   epoch 3:   6(gpu) -> 38(SW)   volume = 1.0
   epoch 3:   6(gpu) -> 39(SW)   volume = 1.0
   epoch 3:  32(SW) ->  5(gpu)   volume = 0.88486
   epoch 3:  32(SW) -> 21(gpu)   volume = 0.11514
   epoch 3:  33(SW) -> 10(gpu)   volume = 0.185849
   epoch 3:  33(SW) -> 20(gpu)   volume = 0.07898
   epoch 3:  33(SW) -> 29(gpu)   volume = 0.002087
   epoch 3:  33(SW) -> 30(gpu)   volume = 0.733085
   epoch 3:  34(SW) -> 20(gpu)   volume = 0.870662
   epoch 3:  34(SW) -> 21(gpu)   volume = 0.129338
   epoch 3:  35(SW) -> 21(gpu)   volume = 0.055669
   epoch 3:  35(SW) -> 28(gpu)   volume = 0.944331
   epoch 3:  36(SW) ->  4(gpu)   volume = 1.0
   epoch 3:  38(SW) -> 26(gpu)   volume = 1.0
   epoch 3:  39(SW) -> 10(gpu)   volume = 0.287521
   epoch 3:  39(SW) -> 11(gpu)   volume = 0.712479

-- source 7 --
   epoch 0:   7(gpu) -> 32(SW)   volume = 1.0
   epoch 0:   7(gpu) -> 33(SW)   volume = 1.0
   epoch 0:   7(gpu) -> 34(SW)   volume = 1.0
   epoch 0:   7(gpu) -> 35(SW)   volume = 1.0
   epoch 0:   7(gpu) -> 36(SW)   volume = 1.0
   epoch 0:   7(gpu) -> 37(SW)   volume = 1.0
   epoch 0:   7(gpu) -> 38(SW)   volume = 1.0
   epoch 0:   7(gpu) -> 39(SW)   volume = 1.0
   epoch 0:  32(SW) ->  0(gpu)   volume = 0.156558
   epoch 0:  32(SW) -> 10(gpu)   volume = 0.754275
   epoch 0:  32(SW) -> 28(gpu)   volume = 0.089167
   epoch 0:  33(SW) ->  0(gpu)   volume = 0.541456
   epoch 0:  33(SW) ->  1(gpu)   volume = 0.458544
   epoch 0:  34(SW) ->  4(gpu)   volume = 0.339464
   epoch 0:  34(SW) -> 28(gpu)   volume = 0.660536
   epoch 0:  35(SW) ->  0(gpu)   volume = 0.301986
   epoch 0:  35(SW) -> 16(gpu)   volume = 0.405398
   epoch 0:  35(SW) -> 23(gpu)   volume = 0.291591
   epoch 0:  35(SW) -> 31(gpu)   volume = 0.001025
   epoch 0:  36(SW) ->  1(gpu)   volume = 0.540325
   epoch 0:  36(SW) -> 16(gpu)   volume = 0.459675
   epoch 0:  37(SW) -> 20(gpu)   volume = 1.0
   epoch 0:  38(SW) ->  3(gpu)   volume = 0.288733
   epoch 0:  38(SW) -> 16(gpu)   volume = 0.134926
   epoch 0:  38(SW) -> 22(gpu)   volume = 0.552723
   epoch 0:  38(SW) -> 28(gpu)   volume = 0.023618
   epoch 0:  39(SW) ->  1(gpu)   volume = 0.001131
   epoch 0:  39(SW) ->  4(gpu)   volume = 0.660536
   epoch 0:  39(SW) -> 10(gpu)   volume = 0.201063
   epoch 0:  39(SW) -> 15(gpu)   volume = 0.13727
   epoch 1:   7(gpu) -> 32(SW)   volume = 1.0
   epoch 1:   7(gpu) -> 33(SW)   volume = 1.0
   epoch 1:   7(gpu) -> 34(SW)   volume = 1.0
   epoch 1:   7(gpu) -> 35(SW)   volume = 1.0
   epoch 1:   7(gpu) -> 36(SW)   volume = 1.0
   epoch 1:   7(gpu) -> 37(SW)   volume = 1.0
   epoch 1:   7(gpu) -> 38(SW)   volume = 1.0
   epoch 1:   7(gpu) -> 39(SW)   volume = 1.0
   epoch 1:  32(SW) -> 11(gpu)   volume = 0.360549
   epoch 1:  32(SW) -> 23(gpu)   volume = 0.524535
   epoch 1:  32(SW) -> 26(gpu)   volume = 0.114916
   epoch 1:  33(SW) -> 13(gpu)   volume = 0.130917
   epoch 1:  33(SW) -> 25(gpu)   volume = 0.026324
   epoch 1:  33(SW) -> 26(gpu)   volume = 0.84276
   epoch 1:  34(SW) -> 24(gpu)   volume = 1.0
   epoch 1:  35(SW) ->  6(gpu)   volume = 0.744498
   epoch 1:  35(SW) -> 11(gpu)   volume = 0.148217
   epoch 1:  35(SW) -> 23(gpu)   volume = 0.001069
   epoch 1:  35(SW) -> 30(gpu)   volume = 0.106215
   epoch 1:  36(SW) ->  6(gpu)   volume = 0.255502
   epoch 1:  36(SW) ->  9(gpu)   volume = 0.053131
   epoch 1:  36(SW) -> 11(gpu)   volume = 0.491233
   epoch 1:  36(SW) -> 26(gpu)   volume = 0.042325
   epoch 1:  36(SW) -> 29(gpu)   volume = 0.15781
   epoch 1:  37(SW) ->  2(gpu)   volume = 1.0
   epoch 1:  38(SW) -> 21(gpu)   volume = 1.0
   epoch 1:  39(SW) -> 10(gpu)   volume = 0.044662
   epoch 1:  39(SW) -> 23(gpu)   volume = 0.113148
   epoch 1:  39(SW) -> 29(gpu)   volume = 0.84219
   epoch 2:   7(gpu) -> 32(SW)   volume = 1.0
   epoch 2:   7(gpu) -> 33(SW)   volume = 1.0
   epoch 2:   7(gpu) -> 34(SW)   volume = 1.0
   epoch 2:   7(gpu) -> 35(SW)   volume = 1.0
   epoch 2:   7(gpu) -> 36(SW)   volume = 1.0
   epoch 2:   7(gpu) -> 37(SW)   volume = 1.0
   epoch 2:   7(gpu) -> 38(SW)   volume = 1.0
   epoch 2:   7(gpu) -> 39(SW)   volume = 1.0
   epoch 2:  32(SW) ->  3(gpu)   volume = 0.456525
   epoch 2:  32(SW) -> 15(gpu)   volume = 0.543475
   epoch 2:  33(SW) ->  3(gpu)   volume = 0.181943
   epoch 2:  33(SW) -> 15(gpu)   volume = 0.055669
   epoch 2:  33(SW) -> 17(gpu)   volume = -8.4e-05
   epoch 2:  33(SW) -> 18(gpu)   volume = 0.762472
   epoch 2:  34(SW) -> 15(gpu)   volume = -8.4e-05
   epoch 2:  34(SW) -> 17(gpu)   volume = 1.000084
   epoch 2:  35(SW) ->  3(gpu)   volume = 0.045451
   epoch 2:  35(SW) ->  5(gpu)   volume = 0.507272
   epoch 2:  35(SW) -> 22(gpu)   volume = 0.447277
   epoch 2:  36(SW) -> 12(gpu)   volume = 1.0
   epoch 2:  37(SW) ->  3(gpu)   volume = 0.001025
   epoch 2:  37(SW) -> 27(gpu)   volume = 0.998975
   epoch 2:  38(SW) -> 13(gpu)   volume = 0.869083
   epoch 2:  38(SW) -> 18(gpu)   volume = 0.130917
   epoch 2:  39(SW) -> 27(gpu)   volume = 0.001025
   epoch 2:  39(SW) -> 31(gpu)   volume = 0.998975
   epoch 3:   7(gpu) -> 32(SW)   volume = 1.0
   epoch 3:   7(gpu) -> 33(SW)   volume = 1.0
   epoch 3:   7(gpu) -> 35(SW)   volume = 1.0
   epoch 3:   7(gpu) -> 36(SW)   volume = 1.0
   epoch 3:   7(gpu) -> 37(SW)   volume = 1.0
   epoch 3:   7(gpu) -> 38(SW)   volume = 1.0
   epoch 3:   7(gpu) -> 39(SW)   volume = 1.0
   epoch 3:  32(SW) -> 19(gpu)   volume = 1.0
   epoch 3:  33(SW) -> 14(gpu)   volume = 1.0
   epoch 3:  35(SW) ->  9(gpu)   volume = 0.840654
   epoch 3:  35(SW) -> 18(gpu)   volume = 0.106612
   epoch 3:  35(SW) -> 28(gpu)   volume = 0.052734
   epoch 3:  36(SW) ->  8(gpu)   volume = 1.0
   epoch 3:  37(SW) ->  9(gpu)   volume = 0.106215
   epoch 3:  37(SW) -> 30(gpu)   volume = 0.893785
   epoch 3:  38(SW) ->  5(gpu)   volume = 0.492728
   epoch 3:  38(SW) -> 15(gpu)   volume = 0.26367
   epoch 3:  38(SW) -> 23(gpu)   volume = 0.069656
   epoch 3:  38(SW) -> 28(gpu)   volume = 0.173946
   epoch 3:  39(SW) ->  3(gpu)   volume = 0.026324
   epoch 3:  39(SW) -> 25(gpu)   volume = 0.973676

-- source 8 --
   epoch 0:   8(gpu) -> 32(SW)   volume = 1.0
   epoch 0:   8(gpu) -> 33(SW)   volume = 1.0
   epoch 0:   8(gpu) -> 34(SW)   volume = 1.0
   epoch 0:   8(gpu) -> 35(SW)   volume = 1.0
   epoch 0:   8(gpu) -> 36(SW)   volume = 1.0
   epoch 0:   8(gpu) -> 37(SW)   volume = 1.0
   epoch 0:   8(gpu) -> 38(SW)   volume = 1.0
   epoch 0:   8(gpu) -> 39(SW)   volume = 1.0
   epoch 0:  32(SW) ->  2(gpu)   volume = 0.585038
   epoch 0:  32(SW) -> 11(gpu)   volume = 0.291341
   epoch 0:  32(SW) -> 28(gpu)   volume = 0.123621
   epoch 0:  33(SW) ->  2(gpu)   volume = 0.118338
   epoch 0:  33(SW) -> 14(gpu)   volume = 0.881662
   epoch 0:  34(SW) ->  2(gpu)   volume = 0.296624
   epoch 0:  34(SW) -> 17(gpu)   volume = 0.703376
   epoch 0:  35(SW) ->  1(gpu)   volume = 0.048389
   epoch 0:  35(SW) -> 22(gpu)   volume = 0.951611
   epoch 0:  36(SW) -> 15(gpu)   volume = 1.0
   epoch 0:  37(SW) ->  5(gpu)   volume = 0.654986
   epoch 0:  37(SW) -> 17(gpu)   volume = 0.296624
   epoch 0:  37(SW) -> 25(gpu)   volume = 0.048389
   epoch 0:  38(SW) -> 22(gpu)   volume = 0.048389
   epoch 0:  38(SW) -> 25(gpu)   volume = 0.951611
   epoch 0:  39(SW) -> 31(gpu)   volume = 1.0
   epoch 1:   8(gpu) -> 32(SW)   volume = 1.0
   epoch 1:   8(gpu) -> 33(SW)   volume = 1.0
   epoch 1:   8(gpu) -> 34(SW)   volume = 1.0
   epoch 1:   8(gpu) -> 35(SW)   volume = 1.0
   epoch 1:   8(gpu) -> 36(SW)   volume = 1.0
   epoch 1:   8(gpu) -> 37(SW)   volume = 1.0
   epoch 1:   8(gpu) -> 38(SW)   volume = 1.0
   epoch 1:   8(gpu) -> 39(SW)   volume = 1.0
   epoch 1:  32(SW) ->  4(gpu)   volume = 0.345014
   epoch 1:  32(SW) -> 12(gpu)   volume = 0.259138
   epoch 1:  32(SW) -> 19(gpu)   volume = 0.002865
   epoch 1:  32(SW) -> 21(gpu)   volume = 0.392984
   epoch 1:  33(SW) ->  0(gpu)   volume = 1.0
   epoch 1:  34(SW) -> 27(gpu)   volume = 1.0
   epoch 1:  35(SW) -> 21(gpu)   volume = 0.001069
   epoch 1:  35(SW) -> 23(gpu)   volume = 0.998931
   epoch 1:  36(SW) ->  1(gpu)   volume = 0.335064
   epoch 1:  36(SW) ->  9(gpu)   volume = 0.664936
   epoch 1:  37(SW) ->  1(gpu)   volume = 0.023852
   epoch 1:  37(SW) -> 18(gpu)   volume = 0.058969
   epoch 1:  37(SW) -> 20(gpu)   volume = 0.76149
   epoch 1:  37(SW) -> 21(gpu)   volume = 0.15462
   epoch 1:  37(SW) -> 23(gpu)   volume = 0.001069
   epoch 1:  38(SW) ->  9(gpu)   volume = 0.335064
   epoch 1:  38(SW) -> 16(gpu)   volume = 0.664936
   epoch 1:  39(SW) -> 18(gpu)   volume = 0.548673
   epoch 1:  39(SW) -> 21(gpu)   volume = 0.451327
   epoch 2:   8(gpu) -> 32(SW)   volume = 1.0
   epoch 2:   8(gpu) -> 33(SW)   volume = 1.0
   epoch 2:   8(gpu) -> 34(SW)   volume = 1.0
   epoch 2:   8(gpu) -> 35(SW)   volume = 1.0
   epoch 2:   8(gpu) -> 36(SW)   volume = 1.0
   epoch 2:   8(gpu) -> 37(SW)   volume = 1.0
   epoch 2:   8(gpu) -> 38(SW)   volume = 1.0
   epoch 2:   8(gpu) -> 39(SW)   volume = 1.0
   epoch 2:  32(SW) -> 19(gpu)   volume = 0.157466
   epoch 2:  32(SW) -> 24(gpu)   volume = 0.842534
   epoch 2:  33(SW) ->  1(gpu)   volume = 0.00666
   epoch 2:  33(SW) -> 14(gpu)   volume = 0.118338
   epoch 2:  33(SW) -> 16(gpu)   volume = 0.035333
   epoch 2:  33(SW) -> 19(gpu)   volume = 0.839669
   epoch 2:  34(SW) ->  1(gpu)   volume = 0.142763
   epoch 2:  34(SW) -> 12(gpu)   volume = 0.740862
   epoch 2:  34(SW) -> 13(gpu)   volume = 0.116375
   epoch 2:  35(SW) ->  1(gpu)   volume = 0.188209
   epoch 2:  35(SW) -> 11(gpu)   volume = 0.585174
   epoch 2:  35(SW) -> 16(gpu)   volume = 0.226616
   epoch 2:  36(SW) -> 30(gpu)   volume = 1.0
   epoch 2:  37(SW) -> 24(gpu)   volume = 0.123621
   epoch 2:  37(SW) -> 28(gpu)   volume = 0.876379
   epoch 2:  38(SW) -> 10(gpu)   volume = 1.0
   epoch 2:  39(SW) -> 26(gpu)   volume = 1.0
   epoch 3:   8(gpu) -> 32(SW)   volume = 1.0
   epoch 3:   8(gpu) -> 33(SW)   volume = 1.0
   epoch 3:   8(gpu) -> 34(SW)   volume = 1.0
   epoch 3:   8(gpu) -> 36(SW)   volume = 1.0
   epoch 3:   8(gpu) -> 37(SW)   volume = 1.0
   epoch 3:   8(gpu) -> 38(SW)   volume = 1.0
   epoch 3:   8(gpu) -> 39(SW)   volume = 1.0
   epoch 3:  32(SW) ->  1(gpu)   volume = 0.255063
   epoch 3:  32(SW) ->  7(gpu)   volume = 0.671822
   epoch 3:  32(SW) -> 16(gpu)   volume = 0.073114
   epoch 3:  33(SW) ->  6(gpu)   volume = 1.0
   epoch 3:  34(SW) ->  3(gpu)   volume = 0.272355
   epoch 3:  34(SW) ->  7(gpu)   volume = 0.328178
   epoch 3:  34(SW) -> 11(gpu)   volume = 0.007109
   epoch 3:  34(SW) -> 18(gpu)   volume = 0.392358
   epoch 3:  36(SW) -> 29(gpu)   volume = 1.0
   epoch 3:  37(SW) -> 11(gpu)   volume = 0.116375
   epoch 3:  37(SW) -> 13(gpu)   volume = 0.883625
   epoch 3:  38(SW) ->  3(gpu)   volume = 0.727645
   epoch 3:  38(SW) -> 20(gpu)   volume = 0.23851
   epoch 3:  38(SW) -> 24(gpu)   volume = 0.033845
   epoch 3:  39(SW) ->  4(gpu)   volume = 0.654986
   epoch 3:  39(SW) ->  5(gpu)   volume = 0.345014

-- source 9 --
   epoch 0:   9(gpu) -> 32(SW)   volume = 1.0
   epoch 0:   9(gpu) -> 33(SW)   volume = 1.0
   epoch 0:   9(gpu) -> 34(SW)   volume = 1.0
   epoch 0:   9(gpu) -> 35(SW)   volume = 1.0
   epoch 0:   9(gpu) -> 36(SW)   volume = 1.0
   epoch 0:   9(gpu) -> 37(SW)   volume = 1.0
   epoch 0:   9(gpu) -> 38(SW)   volume = 1.0
   epoch 0:   9(gpu) -> 39(SW)   volume = 1.0
   epoch 0:  32(SW) ->  8(gpu)   volume = 0.010145
   epoch 0:  32(SW) -> 21(gpu)   volume = 0.989855
   epoch 0:  33(SW) -> 10(gpu)   volume = 0.189695
   epoch 0:  33(SW) -> 16(gpu)   volume = 0.808219
   epoch 0:  33(SW) -> 29(gpu)   volume = 0.002087
   epoch 0:  34(SW) ->  6(gpu)   volume = 0.272432
   epoch 0:  34(SW) -> 10(gpu)   volume = 0.323196
   epoch 0:  34(SW) -> 14(gpu)   volume = 0.107747
   epoch 0:  34(SW) -> 17(gpu)   volume = 0.296624
   epoch 0:  35(SW) -> 12(gpu)   volume = 0.617734
   epoch 0:  35(SW) -> 17(gpu)   volume = 0.382266
   epoch 0:  36(SW) -> 28(gpu)   volume = 1.0
   epoch 0:  37(SW) -> 12(gpu)   volume = 0.381367
   epoch 0:  37(SW) -> 14(gpu)   volume = 0.608488
   epoch 0:  37(SW) -> 21(gpu)   volume = 0.010145
   epoch 0:  38(SW) -> 10(gpu)   volume = 0.487109
   epoch 0:  38(SW) -> 16(gpu)   volume = 0.191781
   epoch 0:  38(SW) -> 17(gpu)   volume = 0.32111
   epoch 0:  39(SW) -> 18(gpu)   volume = 0.03633
   epoch 0:  39(SW) -> 23(gpu)   volume = 0.96367
   epoch 1:   9(gpu) -> 32(SW)   volume = 1.0
   epoch 1:   9(gpu) -> 33(SW)   volume = 1.0
   epoch 1:   9(gpu) -> 34(SW)   volume = 1.0
   epoch 1:   9(gpu) -> 35(SW)   volume = 1.0
   epoch 1:   9(gpu) -> 36(SW)   volume = 1.0
   epoch 1:   9(gpu) -> 37(SW)   volume = 1.0
   epoch 1:   9(gpu) -> 38(SW)   volume = 1.0
   epoch 1:   9(gpu) -> 39(SW)   volume = 1.0
   epoch 1:  32(SW) -> 13(gpu)   volume = 1.0
   epoch 1:  33(SW) ->  7(gpu)   volume = 1.0
   epoch 1:  34(SW) ->  2(gpu)   volume = 1.0
   epoch 1:  35(SW) -> 15(gpu)   volume = 1.0
   epoch 1:  36(SW) ->  5(gpu)   volume = 0.042325
   epoch 1:  36(SW) -> 26(gpu)   volume = 0.957675
   epoch 1:  37(SW) ->  3(gpu)   volume = 0.058535
   epoch 1:  37(SW) -> 18(gpu)   volume = 0.065815
   epoch 1:  37(SW) -> 19(gpu)   volume = 0.194859
   epoch 1:  37(SW) -> 22(gpu)   volume = 0.136301
   epoch 1:  37(SW) -> 26(gpu)   volume = 0.042325
   epoch 1:  37(SW) -> 31(gpu)   volume = 0.502165
   epoch 1:  38(SW) -> 27(gpu)   volume = 1.0
   epoch 1:  39(SW) ->  5(gpu)   volume = 0.136301
   epoch 1:  39(SW) -> 22(gpu)   volume = 0.863699
   epoch 2:   9(gpu) -> 32(SW)   volume = 1.0
   epoch 2:   9(gpu) -> 33(SW)   volume = 1.0
   epoch 2:   9(gpu) -> 34(SW)   volume = 1.0
   epoch 2:   9(gpu) -> 35(SW)   volume = 1.0
   epoch 2:   9(gpu) -> 36(SW)   volume = 1.0
   epoch 2:   9(gpu) -> 37(SW)   volume = 1.0
   epoch 2:   9(gpu) -> 38(SW)   volume = 1.0
   epoch 2:   9(gpu) -> 39(SW)   volume = 1.0
   epoch 2:  32(SW) ->  1(gpu)   volume = 0.803621
   epoch 2:  32(SW) ->  5(gpu)   volume = 0.074275
   epoch 2:  32(SW) -> 11(gpu)   volume = 0.122103
   epoch 2:  33(SW) ->  0(gpu)   volume = 1.0
   epoch 2:  34(SW) -> 18(gpu)   volume = 0.811381
   epoch 2:  34(SW) -> 30(gpu)   volume = 0.188619
   epoch 2:  35(SW) -> 20(gpu)   volume = 1.0
   epoch 2:  36(SW) -> 25(gpu)   volume = 1.0
   epoch 2:  37(SW) ->  6(gpu)   volume = 0.10247
   epoch 2:  37(SW) ->  8(gpu)   volume = 0.019704
   epoch 2:  37(SW) -> 11(gpu)   volume = 0.683038
   epoch 2:  37(SW) -> 12(gpu)   volume = 0.000899
   epoch 2:  37(SW) -> 30(gpu)   volume = 0.193889
   epoch 2:  38(SW) ->  1(gpu)   volume = 0.196379
   epoch 2:  38(SW) -> 18(gpu)   volume = 0.027937
   epoch 2:  38(SW) -> 24(gpu)   volume = 0.158191
   epoch 2:  38(SW) -> 30(gpu)   volume = 0.617493
   epoch 2:  39(SW) ->  4(gpu)   volume = 0.11514
   epoch 2:  39(SW) ->  5(gpu)   volume = 0.03574
   epoch 2:  39(SW) -> 14(gpu)   volume = 0.050717
   epoch 2:  39(SW) -> 23(gpu)   volume = 0.03633
   epoch 2:  39(SW) -> 24(gpu)   volume = 0.205644
   epoch 2:  39(SW) -> 29(gpu)   volume = 0.556429
   epoch 3:   9(gpu) -> 32(SW)   volume = 1.0
   epoch 3:   9(gpu) -> 33(SW)   volume = 1.0
   epoch 3:   9(gpu) -> 34(SW)   volume = 1.0
   epoch 3:   9(gpu) -> 35(SW)   volume = 1.0
   epoch 3:   9(gpu) -> 36(SW)   volume = 1.0
   epoch 3:   9(gpu) -> 37(SW)   volume = 1.0
   epoch 3:   9(gpu) -> 39(SW)   volume = 1.0
   epoch 3:  32(SW) ->  4(gpu)   volume = 0.88486
   epoch 3:  32(SW) ->  5(gpu)   volume = 0.11514
   epoch 3:  33(SW) ->  5(gpu)   volume = 0.502165
   epoch 3:  33(SW) -> 31(gpu)   volume = 0.497835
   epoch 3:  34(SW) ->  5(gpu)   volume = 0.064204
   epoch 3:  34(SW) -> 14(gpu)   volume = 0.233049
   epoch 3:  34(SW) -> 24(gpu)   volume = 0.261263
   epoch 3:  34(SW) -> 29(gpu)   volume = 0.441484
   epoch 3:  35(SW) ->  3(gpu)   volume = 0.941465
   epoch 3:  35(SW) -> 18(gpu)   volume = 0.058535
   epoch 3:  36(SW) -> 11(gpu)   volume = 0.194859
   epoch 3:  36(SW) -> 19(gpu)   volume = 0.805141
   epoch 3:  37(SW) ->  6(gpu)   volume = 0.625097
   epoch 3:  37(SW) -> 24(gpu)   volume = 0.374903
   epoch 3:  39(SW) ->  5(gpu)   volume = 0.02985
   epoch 3:  39(SW) ->  8(gpu)   volume = 0.97015

-- source 10 --
   epoch 0:  10(gpu) -> 32(SW)   volume = 1.0
   epoch 0:  10(gpu) -> 33(SW)   volume = 1.0
   epoch 0:  10(gpu) -> 34(SW)   volume = 1.0
   epoch 0:  10(gpu) -> 35(SW)   volume = 1.0
   epoch 0:  10(gpu) -> 36(SW)   volume = 1.0
   epoch 0:  10(gpu) -> 37(SW)   volume = 1.0
   epoch 0:  10(gpu) -> 38(SW)   volume = 1.0
   epoch 0:  10(gpu) -> 39(SW)   volume = 1.0
   epoch 0:  32(SW) -> 23(gpu)   volume = 0.436535
   epoch 0:  32(SW) -> 28(gpu)   volume = 0.563465
   epoch 0:  33(SW) ->  6(gpu)   volume = 0.002087
   epoch 0:  33(SW) -> 31(gpu)   volume = 0.997913
   epoch 0:  34(SW) ->  3(gpu)   volume = 0.165472
   epoch 0:  34(SW) ->  6(gpu)   volume = 0.094758
   epoch 0:  34(SW) -> 26(gpu)   volume = 0.400305
   epoch 0:  34(SW) -> 28(gpu)   volume = 0.339464
   epoch 0:  35(SW) -> 18(gpu)   volume = 0.997913
   epoch 0:  35(SW) -> 31(gpu)   volume = 0.002087
   epoch 0:  36(SW) ->  4(gpu)   volume = 0.391512
   epoch 0:  36(SW) -> 14(gpu)   volume = 0.608488
   epoch 0:  37(SW) ->  6(gpu)   volume = 0.511417
   epoch 0:  37(SW) -> 14(gpu)   volume = 0.391512
   epoch 0:  37(SW) -> 28(gpu)   volume = 0.097071
   epoch 0:  38(SW) ->  3(gpu)   volume = 0.711267
   epoch 0:  38(SW) ->  9(gpu)   volume = 0.288733
   epoch 0:  39(SW) ->  6(gpu)   volume = 0.361889
   epoch 0:  39(SW) -> 18(gpu)   volume = 0.002087
   epoch 0:  39(SW) -> 23(gpu)   volume = 0.03633
   epoch 0:  39(SW) -> 26(gpu)   volume = 0.599695
   epoch 1:  10(gpu) -> 32(SW)   volume = 1.0
   epoch 1:  10(gpu) -> 33(SW)   volume = 1.0
   epoch 1:  10(gpu) -> 34(SW)   volume = 1.0
   epoch 1:  10(gpu) -> 35(SW)   volume = 1.0
   epoch 1:  10(gpu) -> 36(SW)   volume = 1.0
   epoch 1:  10(gpu) -> 37(SW)   volume = 1.0
   epoch 1:  10(gpu) -> 38(SW)   volume = 1.0
   epoch 1:  10(gpu) -> 39(SW)   volume = 1.0
   epoch 1:  32(SW) ->  2(gpu)   volume = 0.937668
   epoch 1:  32(SW) -> 21(gpu)   volume = 0.048816
   epoch 1:  32(SW) -> 25(gpu)   volume = 0.013516
   epoch 1:  33(SW) -> 21(gpu)   volume = 0.615989
   epoch 1:  33(SW) -> 29(gpu)   volume = 0.335194
   epoch 1:  33(SW) -> 30(gpu)   volume = 0.048816
   epoch 1:  34(SW) -> 16(gpu)   volume = 1.0
   epoch 1:  35(SW) -> 21(gpu)   volume = 0.335194
   epoch 1:  35(SW) -> 29(gpu)   volume = 0.664806
   epoch 1:  36(SW) ->  9(gpu)   volume = 0.259378
   epoch 1:  36(SW) -> 25(gpu)   volume = 0.740622
   epoch 1:  37(SW) -> 13(gpu)   volume = 1.0
   epoch 1:  38(SW) ->  2(gpu)   volume = 0.062332
   epoch 1:  38(SW) ->  4(gpu)   volume = 0.592178
   epoch 1:  38(SW) -> 19(gpu)   volume = 0.34549
   epoch 1:  39(SW) -> 19(gpu)   volume = 0.65451
   epoch 1:  39(SW) -> 23(gpu)   volume = 0.302786
   epoch 1:  39(SW) -> 27(gpu)   volume = 0.042703
   epoch 2:  10(gpu) -> 32(SW)   volume = 1.0
   epoch 2:  10(gpu) -> 33(SW)   volume = 1.0
   epoch 2:  10(gpu) -> 34(SW)   volume = 1.0
   epoch 2:  10(gpu) -> 35(SW)   volume = 1.0
   epoch 2:  10(gpu) -> 36(SW)   volume = 1.0
   epoch 2:  10(gpu) -> 37(SW)   volume = 1.0
   epoch 2:  10(gpu) -> 38(SW)   volume = 1.0
   epoch 2:  10(gpu) -> 39(SW)   volume = 1.0
   epoch 2:  32(SW) ->  7(gpu)   volume = 0.00198
   epoch 2:  32(SW) ->  9(gpu)   volume = 0.025304
   epoch 2:  32(SW) -> 12(gpu)   volume = 0.232642
   epoch 2:  32(SW) -> 20(gpu)   volume = 0.740074
   epoch 2:  33(SW) ->  7(gpu)   volume = 0.99802
   epoch 2:  33(SW) ->  8(gpu)   volume = 0.00198
   epoch 2:  34(SW) ->  9(gpu)   volume = 0.316962
   epoch 2:  34(SW) -> 11(gpu)   volume = 0.683038
   epoch 2:  35(SW) -> 12(gpu)   volume = 0.633021
   epoch 2:  35(SW) -> 15(gpu)   volume = 0.271669
   epoch 2:  35(SW) -> 23(gpu)   volume = 0.09531
   epoch 2:  36(SW) ->  5(gpu)   volume = 1.0
   epoch 2:  37(SW) ->  8(gpu)   volume = 0.049152
   epoch 2:  37(SW) -> 11(gpu)   volume = 0.316962
   epoch 2:  37(SW) -> 12(gpu)   volume = 0.134336
   epoch 2:  37(SW) -> 24(gpu)   volume = 0.49955
   epoch 2:  38(SW) ->  9(gpu)   volume = 0.109623
   epoch 2:  38(SW) -> 22(gpu)   volume = 0.389927
   epoch 2:  38(SW) -> 24(gpu)   volume = 0.50045
   epoch 2:  39(SW) ->  0(gpu)   volume = 1.0
   epoch 3:  10(gpu) -> 32(SW)   volume = 1.0
   epoch 3:  10(gpu) -> 33(SW)   volume = 1.0
   epoch 3:  10(gpu) -> 34(SW)   volume = 1.0
   epoch 3:  10(gpu) -> 35(SW)   volume = 1.0
   epoch 3:  10(gpu) -> 37(SW)   volume = 1.0
   epoch 3:  10(gpu) -> 38(SW)   volume = 1.0
   epoch 3:  10(gpu) -> 39(SW)   volume = 1.0
   epoch 3:  32(SW) ->  8(gpu)   volume = 0.625099
   epoch 3:  32(SW) -> 23(gpu)   volume = 0.129038
   epoch 3:  32(SW) -> 25(gpu)   volume = 0.245862
   epoch 3:  33(SW) -> 22(gpu)   volume = 0.610073
   epoch 3:  33(SW) -> 27(gpu)   volume = 0.389927
   epoch 3:  34(SW) ->  3(gpu)   volume = 0.123261
   epoch 3:  34(SW) ->  4(gpu)   volume = 0.016309
   epoch 3:  34(SW) ->  8(gpu)   volume = 0.132099
   epoch 3:  34(SW) -> 15(gpu)   volume = 0.728331
   epoch 3:  35(SW) -> 17(gpu)   volume = 1.0
   epoch 3:  37(SW) ->  1(gpu)   volume = 1.0
   epoch 3:  38(SW) ->  8(gpu)   volume = 0.191671
   epoch 3:  38(SW) -> 27(gpu)   volume = 0.56737
   epoch 3:  38(SW) -> 30(gpu)   volume = 0.240959
   epoch 3:  39(SW) ->  6(gpu)   volume = 0.02985
   epoch 3:  39(SW) -> 20(gpu)   volume = 0.259926
   epoch 3:  39(SW) -> 30(gpu)   volume = 0.710224

-- source 11 --
   epoch 0:  11(gpu) -> 32(SW)   volume = 1.0
   epoch 0:  11(gpu) -> 33(SW)   volume = 1.0
   epoch 0:  11(gpu) -> 34(SW)   volume = 1.0
   epoch 0:  11(gpu) -> 35(SW)   volume = 1.0
   epoch 0:  11(gpu) -> 36(SW)   volume = 1.0
   epoch 0:  11(gpu) -> 37(SW)   volume = 1.0
   epoch 0:  11(gpu) -> 38(SW)   volume = 1.0
   epoch 0:  11(gpu) -> 39(SW)   volume = 1.0
   epoch 0:  32(SW) ->  6(gpu)   volume = 0.995896
   epoch 0:  32(SW) -> 12(gpu)   volume = 0.004104
   epoch 0:  33(SW) -> 10(gpu)   volume = 0.156374
   epoch 0:  33(SW) -> 12(gpu)   volume = 0.843626
   epoch 0:  34(SW) -> 12(gpu)   volume = 0.043867
   epoch 0:  34(SW) -> 22(gpu)   volume = 0.956133
   epoch 0:  35(SW) ->  5(gpu)   volume = 0.956855
   epoch 0:  35(SW) -> 30(gpu)   volume = 0.043145
   epoch 0:  36(SW) ->  4(gpu)   volume = 0.388133
   epoch 0:  36(SW) ->  6(gpu)   volume = 0.004104
   epoch 0:  36(SW) ->  7(gpu)   volume = 0.565439
   epoch 0:  36(SW) -> 26(gpu)   volume = 0.042325
   epoch 0:  37(SW) ->  7(gpu)   volume = 0.22047
   epoch 0:  37(SW) -> 12(gpu)   volume = 0.108403
   epoch 0:  37(SW) -> 30(gpu)   volume = 0.671127
   epoch 0:  38(SW) ->  4(gpu)   volume = 0.136009
   epoch 0:  38(SW) ->  7(gpu)   volume = 0.214091
   epoch 0:  38(SW) -> 10(gpu)   volume = 0.02154
   epoch 0:  38(SW) -> 20(gpu)   volume = 0.37989
   epoch 0:  38(SW) -> 30(gpu)   volume = 0.248469
   epoch 0:  39(SW) ->  1(gpu)   volume = 0.039773
   epoch 0:  39(SW) -> 10(gpu)   volume = 0.340117
   epoch 0:  39(SW) -> 20(gpu)   volume = 0.62011
   epoch 1:  11(gpu) -> 32(SW)   volume = 1.0
   epoch 1:  11(gpu) -> 33(SW)   volume = 1.0
   epoch 1:  11(gpu) -> 34(SW)   volume = 1.0
   epoch 1:  11(gpu) -> 35(SW)   volume = 1.0
   epoch 1:  11(gpu) -> 36(SW)   volume = 1.0
   epoch 1:  11(gpu) -> 37(SW)   volume = 1.0
   epoch 1:  11(gpu) -> 38(SW)   volume = 1.0
   epoch 1:  11(gpu) -> 39(SW)   volume = 1.0
   epoch 1:  32(SW) ->  2(gpu)   volume = 0.062332
   epoch 1:  32(SW) ->  3(gpu)   volume = 0.267524
   epoch 1:  32(SW) ->  5(gpu)   volume = 0.043145
   epoch 1:  32(SW) -> 10(gpu)   volume = 0.003562
   epoch 1:  32(SW) -> 17(gpu)   volume = -8.3e-05
   epoch 1:  32(SW) -> 19(gpu)   volume = 0.049911
   epoch 1:  32(SW) -> 27(gpu)   volume = 0.055486
   epoch 1:  32(SW) -> 28(gpu)   volume = 0.518125
   epoch 1:  33(SW) -> 10(gpu)   volume = 1e-06
   epoch 1:  33(SW) -> 25(gpu)   volume = -1e-06
   epoch 1:  33(SW) -> 31(gpu)   volume = 1.0
   epoch 1:  34(SW) -> 14(gpu)   volume = 1.0
   epoch 1:  35(SW) ->  9(gpu)   volume = 0.499028
   epoch 1:  35(SW) -> 28(gpu)   volume = 0.481875
   epoch 1:  35(SW) -> 30(gpu)   volume = 0.019096
   epoch 1:  36(SW) -> 24(gpu)   volume = 1.0
   epoch 1:  37(SW) -> 10(gpu)   volume = 0.024161
   epoch 1:  37(SW) -> 26(gpu)   volume = 0.957675
   epoch 1:  37(SW) -> 30(gpu)   volume = 0.018163
   epoch 1:  38(SW) ->  3(gpu)   volume = 0.732476
   epoch 1:  38(SW) -> 10(gpu)   volume = 0.267524
   epoch 1:  39(SW) ->  2(gpu)   volume = 0.004064
   epoch 1:  39(SW) ->  9(gpu)   volume = 0.051422
   epoch 1:  39(SW) -> 27(gpu)   volume = 0.944514
   epoch 2:  11(gpu) -> 32(SW)   volume = 1.0
   epoch 2:  11(gpu) -> 33(SW)   volume = 1.0
   epoch 2:  11(gpu) -> 34(SW)   volume = 1.0
   epoch 2:  11(gpu) -> 35(SW)   volume = 1.0
   epoch 2:  11(gpu) -> 36(SW)   volume = 1.0
   epoch 2:  11(gpu) -> 37(SW)   volume = 1.0
   epoch 2:  11(gpu) -> 38(SW)   volume = 1.0
   epoch 2:  11(gpu) -> 39(SW)   volume = 1.0
   epoch 2:  32(SW) -> 10(gpu)   volume = 0.186722
   epoch 2:  32(SW) -> 19(gpu)   volume = 0.000322
   epoch 2:  32(SW) -> 21(gpu)   volume = 0.812956
   epoch 2:  33(SW) ->  2(gpu)   volume = -8.3e-05
   epoch 2:  33(SW) -> 17(gpu)   volume = 1.000083
   epoch 2:  34(SW) -> 23(gpu)   volume = 0.276479
   epoch 2:  34(SW) -> 29(gpu)   volume = 0.723521
   epoch 2:  35(SW) -> 10(gpu)   volume = -1e-06
   epoch 2:  35(SW) -> 25(gpu)   volume = 1.000001
   epoch 2:  36(SW) -> 16(gpu)   volume = 1.0
   epoch 2:  37(SW) ->  8(gpu)   volume = 0.050233
   epoch 2:  37(SW) -> 19(gpu)   volume = 0.949767
   epoch 2:  38(SW) ->  8(gpu)   volume = 0.889148
   epoch 2:  38(SW) -> 15(gpu)   volume = 0.038251
   epoch 2:  38(SW) -> 18(gpu)   volume = 0.028734
   epoch 2:  38(SW) -> 22(gpu)   volume = 0.043867
   epoch 2:  39(SW) ->  4(gpu)   volume = 0.475858
   epoch 2:  39(SW) ->  8(gpu)   volume = 0.060619
   epoch 2:  39(SW) -> 21(gpu)   volume = 0.187044
   epoch 2:  39(SW) -> 29(gpu)   volume = 0.276479
   epoch 3:  11(gpu) -> 32(SW)   volume = 1.0
   epoch 3:  11(gpu) -> 33(SW)   volume = 1.0
   epoch 3:  11(gpu) -> 35(SW)   volume = 1.0
   epoch 3:  11(gpu) -> 36(SW)   volume = 1.0
   epoch 3:  11(gpu) -> 37(SW)   volume = 1.0
   epoch 3:  11(gpu) -> 38(SW)   volume = 1.0
   epoch 3:  11(gpu) -> 39(SW)   volume = 1.0
   epoch 3:  32(SW) -> 13(gpu)   volume = 1.0
   epoch 3:  33(SW) ->  1(gpu)   volume = 0.960227
   epoch 3:  33(SW) -> 15(gpu)   volume = 0.039773
   epoch 3:  35(SW) ->  0(gpu)   volume = 0.305214
   epoch 3:  35(SW) -> 18(gpu)   volume = 0.694786
   epoch 3:  36(SW) ->  2(gpu)   volume = 0.55045
   epoch 3:  36(SW) ->  9(gpu)   volume = 0.44955
   epoch 3:  37(SW) ->  2(gpu)   volume = 0.078024
   epoch 3:  37(SW) -> 15(gpu)   volume = 0.921976
   epoch 3:  38(SW) -> 18(gpu)   volume = 0.276479
   epoch 3:  38(SW) -> 23(gpu)   volume = 0.723521
   epoch 3:  39(SW) ->  0(gpu)   volume = 0.694786
   epoch 3:  39(SW) ->  2(gpu)   volume = 0.305214

-- source 12 --
   epoch 0:  12(gpu) -> 32(SW)   volume = 1.0
   epoch 0:  12(gpu) -> 33(SW)   volume = 1.0
   epoch 0:  12(gpu) -> 34(SW)   volume = 1.0
   epoch 0:  12(gpu) -> 35(SW)   volume = 1.0
   epoch 0:  12(gpu) -> 36(SW)   volume = 1.0
   epoch 0:  12(gpu) -> 37(SW)   volume = 1.0
   epoch 0:  12(gpu) -> 38(SW)   volume = 1.0
   epoch 0:  12(gpu) -> 39(SW)   volume = 1.0
   epoch 0:  32(SW) ->  7(gpu)   volume = 0.441376
   epoch 0:  32(SW) -> 17(gpu)   volume = 0.382266
   epoch 0:  32(SW) -> 28(gpu)   volume = 0.176358
   epoch 0:  33(SW) -> 26(gpu)   volume = 1.0
   epoch 0:  34(SW) -> 19(gpu)   volume = 0.082002
   epoch 0:  34(SW) -> 21(gpu)   volume = 0.917998
   epoch 0:  35(SW) ->  1(gpu)   volume = 0.382266
   epoch 0:  35(SW) -> 17(gpu)   volume = 0.617734
   epoch 0:  36(SW) ->  1(gpu)   volume = 0.149027
   epoch 0:  36(SW) ->  6(gpu)   volume = 0.477449
   epoch 0:  36(SW) -> 24(gpu)   volume = 0.373524
   epoch 0:  37(SW) -> 16(gpu)   volume = 0.082002
   epoch 0:  37(SW) -> 19(gpu)   volume = 0.917998
   epoch 0:  38(SW) ->  1(gpu)   volume = 0.176358
   epoch 0:  38(SW) -> 28(gpu)   volume = 0.823642
   epoch 0:  39(SW) ->  1(gpu)   volume = 0.095971
   epoch 0:  39(SW) -> 16(gpu)   volume = 0.904029
   epoch 1:  12(gpu) -> 32(SW)   volume = 1.0
   epoch 1:  12(gpu) -> 33(SW)   volume = 1.0
   epoch 1:  12(gpu) -> 34(SW)   volume = 1.0
   epoch 1:  12(gpu) -> 35(SW)   volume = 1.0
   epoch 1:  12(gpu) -> 36(SW)   volume = 1.0
   epoch 1:  12(gpu) -> 37(SW)   volume = 1.0
   epoch 1:  12(gpu) -> 38(SW)   volume = 1.0
   epoch 1:  12(gpu) -> 39(SW)   volume = 1.0
   epoch 1:  32(SW) ->  6(gpu)   volume = 0.076807
   epoch 1:  32(SW) -> 16(gpu)   volume = 0.000306
   epoch 1:  32(SW) -> 18(gpu)   volume = 0.42613
   epoch 1:  32(SW) -> 24(gpu)   volume = 0.496757
   epoch 1:  33(SW) -> 13(gpu)   volume = 0.699252
   epoch 1:  33(SW) -> 15(gpu)   volume = 0.300748
   epoch 1:  34(SW) -> 25(gpu)   volume = 1.0
   epoch 1:  35(SW) ->  7(gpu)   volume = 0.512038
   epoch 1:  35(SW) ->  8(gpu)   volume = 0.175393
   epoch 1:  35(SW) -> 13(gpu)   volume = 0.087185
   epoch 1:  35(SW) -> 16(gpu)   volume = 0.013663
   epoch 1:  35(SW) -> 21(gpu)   volume = 0.082002
   epoch 1:  35(SW) -> 24(gpu)   volume = 0.129719
   epoch 1:  36(SW) -> 13(gpu)   volume = 0.213563
   epoch 1:  36(SW) -> 14(gpu)   volume = 0.562963
   epoch 1:  36(SW) -> 15(gpu)   volume = 0.223474
   epoch 1:  37(SW) ->  6(gpu)   volume = 0.320058
   epoch 1:  37(SW) -> 14(gpu)   volume = 0.437037
   epoch 1:  37(SW) -> 15(gpu)   volume = 0.031522
   epoch 1:  37(SW) -> 29(gpu)   volume = 0.211383
   epoch 1:  38(SW) ->  2(gpu)   volume = 0.431342
   epoch 1:  38(SW) -> 11(gpu)   volume = 0.568658
   epoch 1:  39(SW) ->  4(gpu)   volume = 1.0
   epoch 2:  12(gpu) -> 32(SW)   volume = 1.0
   epoch 2:  12(gpu) -> 33(SW)   volume = 1.0
   epoch 2:  12(gpu) -> 34(SW)   volume = 1.0
   epoch 2:  12(gpu) -> 35(SW)   volume = 1.0
   epoch 2:  12(gpu) -> 36(SW)   volume = 1.0
   epoch 2:  12(gpu) -> 37(SW)   volume = 1.0
   epoch 2:  12(gpu) -> 38(SW)   volume = 1.0
   epoch 2:  12(gpu) -> 39(SW)   volume = 1.0
   epoch 2:  32(SW) ->  1(gpu)   volume = 0.196379
   epoch 2:  32(SW) -> 22(gpu)   volume = 0.803621
   epoch 2:  33(SW) ->  6(gpu)   volume = 0.0868
   epoch 2:  33(SW) ->  9(gpu)   volume = 0.044176
   epoch 2:  33(SW) -> 10(gpu)   volume = 0.869024
   epoch 2:  34(SW) -> 15(gpu)   volume = 0.276479
   epoch 2:  34(SW) -> 23(gpu)   volume = 0.723521
   epoch 2:  35(SW) -> 30(gpu)   volume = 1.0
   epoch 2:  36(SW) ->  9(gpu)   volume = 0.797582
   epoch 2:  36(SW) -> 11(gpu)   volume = 0.202418
   epoch 2:  37(SW) ->  0(gpu)   volume = 1.0
   epoch 2:  38(SW) ->  9(gpu)   volume = 0.158242
   epoch 2:  38(SW) -> 18(gpu)   volume = 0.57387
   epoch 2:  38(SW) -> 22(gpu)   volume = 0.196379
   epoch 2:  38(SW) -> 23(gpu)   volume = 0.071509
   epoch 2:  39(SW) -> 20(gpu)   volume = 1.0
   epoch 3:  12(gpu) -> 32(SW)   volume = 1.0
   epoch 3:  12(gpu) -> 33(SW)   volume = 1.0
   epoch 3:  12(gpu) -> 34(SW)   volume = 1.0
   epoch 3:  12(gpu) -> 35(SW)   volume = 1.0
   epoch 3:  12(gpu) -> 36(SW)   volume = 1.0
   epoch 3:  12(gpu) -> 38(SW)   volume = 1.0
   epoch 3:  12(gpu) -> 39(SW)   volume = 1.0
   epoch 3:  32(SW) -> 11(gpu)   volume = 0.211383
   epoch 3:  32(SW) -> 29(gpu)   volume = 0.788617
   epoch 3:  33(SW) ->  8(gpu)   volume = 0.824607
   epoch 3:  33(SW) -> 23(gpu)   volume = 0.175393
   epoch 3:  34(SW) ->  5(gpu)   volume = 0.869024
   epoch 3:  34(SW) -> 10(gpu)   volume = 0.130976
   epoch 3:  35(SW) -> 27(gpu)   volume = 1.0
   epoch 3:  36(SW) ->  3(gpu)   volume = 0.970423
   epoch 3:  36(SW) -> 23(gpu)   volume = 0.029577
   epoch 3:  38(SW) ->  2(gpu)   volume = 0.568658
   epoch 3:  38(SW) ->  3(gpu)   volume = 0.029577
   epoch 3:  38(SW) ->  5(gpu)   volume = 0.130976
   epoch 3:  38(SW) ->  6(gpu)   volume = 0.038886
   epoch 3:  38(SW) ->  7(gpu)   volume = 0.046586
   epoch 3:  38(SW) -> 11(gpu)   volume = 0.01754
   epoch 3:  38(SW) -> 15(gpu)   volume = 0.167777
   epoch 3:  39(SW) -> 31(gpu)   volume = 1.0

-- source 13 --
   epoch 0:  13(gpu) -> 32(SW)   volume = 1.0
   epoch 0:  13(gpu) -> 33(SW)   volume = 1.0
   epoch 0:  13(gpu) -> 34(SW)   volume = 1.0
   epoch 0:  13(gpu) -> 35(SW)   volume = 1.0
   epoch 0:  13(gpu) -> 36(SW)   volume = 1.0
   epoch 0:  13(gpu) -> 37(SW)   volume = 1.0
   epoch 0:  13(gpu) -> 38(SW)   volume = 1.0
   epoch 0:  13(gpu) -> 39(SW)   volume = 1.0
   epoch 0:  32(SW) ->  2(gpu)   volume = 0.009024
   epoch 0:  32(SW) ->  4(gpu)   volume = 0.004079
   epoch 0:  32(SW) -> 16(gpu)   volume = 0.009713
   epoch 0:  32(SW) -> 17(gpu)   volume = 0.617734
   epoch 0:  32(SW) -> 20(gpu)   volume = 0.34637
   epoch 0:  32(SW) -> 21(gpu)   volume = 0.010145
   epoch 0:  32(SW) -> 23(gpu)   volume = 0.002935
   epoch 0:  33(SW) ->  4(gpu)   volume = 0.931915
   epoch 0:  33(SW) -> 27(gpu)   volume = 0.068085
   epoch 0:  34(SW) ->  3(gpu)   volume = 0.770621
   epoch 0:  34(SW) -> 18(gpu)   volume = 0.229379
   epoch 0:  35(SW) ->  1(gpu)   volume = 0.052356
   epoch 0:  35(SW) -> 20(gpu)   volume = 0.374574
   epoch 0:  35(SW) -> 27(gpu)   volume = 0.573071
   epoch 0:  36(SW) ->  3(gpu)   volume = 0.220355
   epoch 0:  36(SW) -> 16(gpu)   volume = 0.500588
   epoch 0:  36(SW) -> 20(gpu)   volume = 0.279057
   epoch 0:  37(SW) ->  1(gpu)   volume = 0.045273
   epoch 0:  37(SW) -> 21(gpu)   volume = 0.595882
   epoch 0:  37(SW) -> 27(gpu)   volume = 0.358845
   epoch 0:  38(SW) -> 16(gpu)   volume = 0.027617
   epoch 0:  38(SW) -> 17(gpu)   volume = 0.382266
   epoch 0:  38(SW) -> 21(gpu)   volume = 0.393973
   epoch 0:  38(SW) -> 26(gpu)   volume = 0.196145
   epoch 0:  39(SW) ->  2(gpu)   volume = 0.990976
   epoch 0:  39(SW) ->  3(gpu)   volume = 0.009024
   epoch 1:  13(gpu) -> 32(SW)   volume = 1.0
   epoch 1:  13(gpu) -> 33(SW)   volume = 1.0
   epoch 1:  13(gpu) -> 34(SW)   volume = 1.0
   epoch 1:  13(gpu) -> 35(SW)   volume = 1.0
   epoch 1:  13(gpu) -> 36(SW)   volume = 1.0
   epoch 1:  13(gpu) -> 37(SW)   volume = 1.0
   epoch 1:  13(gpu) -> 38(SW)   volume = 1.0
   epoch 1:  13(gpu) -> 39(SW)   volume = 1.0
   epoch 1:  32(SW) ->  6(gpu)   volume = 0.116851
   epoch 1:  32(SW) ->  7(gpu)   volume = 0.44352
   epoch 1:  32(SW) -> 19(gpu)   volume = 0.439629
   epoch 1:  33(SW) ->  6(gpu)   volume = 0.202958
   epoch 1:  33(SW) -> 11(gpu)   volume = 0.226165
   epoch 1:  33(SW) -> 16(gpu)   volume = 0.015249
   epoch 1:  33(SW) -> 19(gpu)   volume = 0.398387
   epoch 1:  33(SW) -> 26(gpu)   volume = 0.15724
   epoch 1:  34(SW) ->  1(gpu)   volume = 0.044843
   epoch 1:  34(SW) -> 15(gpu)   volume = 0.955157
   epoch 1:  35(SW) ->  6(gpu)   volume = 0.255502
   epoch 1:  35(SW) -> 22(gpu)   volume = 0.744498
   epoch 1:  36(SW) -> 31(gpu)   volume = 1.0
   epoch 1:  37(SW) ->  6(gpu)   volume = 0.121318
   epoch 1:  37(SW) -> 19(gpu)   volume = 0.161984
   epoch 1:  37(SW) -> 22(gpu)   volume = 0.137542
   epoch 1:  37(SW) -> 30(gpu)   volume = 0.579155
   epoch 1:  38(SW) ->  6(gpu)   volume = 0.30337
   epoch 1:  38(SW) ->  7(gpu)   volume = 0.172693
   epoch 1:  38(SW) -> 12(gpu)   volume = 0.523937
   epoch 1:  39(SW) ->  7(gpu)   volume = 0.383787
   epoch 1:  39(SW) -> 11(gpu)   volume = 0.195368
   epoch 1:  39(SW) -> 30(gpu)   volume = 0.420845
   epoch 2:  13(gpu) -> 32(SW)   volume = 1.0
   epoch 2:  13(gpu) -> 33(SW)   volume = 1.0
   epoch 2:  13(gpu) -> 34(SW)   volume = 1.0
   epoch 2:  13(gpu) -> 35(SW)   volume = 1.0
   epoch 2:  13(gpu) -> 36(SW)   volume = 1.0
   epoch 2:  13(gpu) -> 37(SW)   volume = 1.0
   epoch 2:  13(gpu) -> 38(SW)   volume = 1.0
   epoch 2:  13(gpu) -> 39(SW)   volume = 1.0
   epoch 2:  32(SW) -> 14(gpu)   volume = 0.235425
   epoch 2:  32(SW) -> 22(gpu)   volume = 0.11796
   epoch 2:  32(SW) -> 26(gpu)   volume = 0.646615
   epoch 2:  33(SW) -> 18(gpu)   volume = 0.237528
   epoch 2:  33(SW) -> 25(gpu)   volume = 0.762472
   epoch 2:  34(SW) ->  8(gpu)   volume = 1.0
   epoch 2:  35(SW) -> 14(gpu)   volume = 0.764575
   epoch 2:  35(SW) -> 18(gpu)   volume = 0.235425
   epoch 2:  36(SW) -> 24(gpu)   volume = 0.61824
   epoch 2:  36(SW) -> 29(gpu)   volume = 0.38176
   epoch 2:  37(SW) ->  5(gpu)   volume = 1.0
   epoch 2:  38(SW) ->  4(gpu)   volume = 0.064006
   epoch 2:  38(SW) -> 15(gpu)   volume = 0.044843
   epoch 2:  38(SW) -> 18(gpu)   volume = 0.17044
   epoch 2:  38(SW) -> 28(gpu)   volume = 0.10247
   epoch 2:  38(SW) -> 29(gpu)   volume = 0.61824
   epoch 2:  39(SW) -> 10(gpu)   volume = 0.518919
   epoch 2:  39(SW) -> 12(gpu)   volume = 0.476063
   epoch 2:  39(SW) -> 28(gpu)   volume = 0.005018
   epoch 3:  13(gpu) -> 32(SW)   volume = 1.0
   epoch 3:  13(gpu) -> 33(SW)   volume = 1.0
   epoch 3:  13(gpu) -> 34(SW)   volume = 1.0
   epoch 3:  13(gpu) -> 35(SW)   volume = 1.0
   epoch 3:  13(gpu) -> 37(SW)   volume = 1.0
   epoch 3:  13(gpu) -> 38(SW)   volume = 1.0
   epoch 3:  13(gpu) -> 39(SW)   volume = 1.0
   epoch 3:  32(SW) -> 16(gpu)   volume = 0.025433
   epoch 3:  32(SW) -> 25(gpu)   volume = 0.237528
   epoch 3:  32(SW) -> 28(gpu)   volume = 0.737039
   epoch 3:  33(SW) ->  1(gpu)   volume = 0.039773
   epoch 3:  33(SW) -> 11(gpu)   volume = 0.578467
   epoch 3:  33(SW) -> 24(gpu)   volume = 0.38176
   epoch 3:  34(SW) ->  9(gpu)   volume = 1.0
   epoch 3:  35(SW) -> 23(gpu)   volume = 0.997065
   epoch 3:  35(SW) -> 28(gpu)   volume = 0.002935
   epoch 3:  37(SW) ->  0(gpu)   volume = 1.0
   epoch 3:  38(SW) ->  1(gpu)   volume = 0.5786
   epoch 3:  38(SW) -> 16(gpu)   volume = 0.4214
   epoch 3:  39(SW) ->  1(gpu)   volume = 0.239154
   epoch 3:  39(SW) -> 10(gpu)   volume = 0.481081
   epoch 3:  39(SW) -> 18(gpu)   volume = 0.127227
   epoch 3:  39(SW) -> 28(gpu)   volume = 0.152538

-- source 14 --
   epoch 0:  14(gpu) -> 32(SW)   volume = 1.0
   epoch 0:  14(gpu) -> 33(SW)   volume = 1.0
   epoch 0:  14(gpu) -> 34(SW)   volume = 1.0
   epoch 0:  14(gpu) -> 35(SW)   volume = 1.0
   epoch 0:  14(gpu) -> 36(SW)   volume = 1.0
   epoch 0:  14(gpu) -> 37(SW)   volume = 1.0
   epoch 0:  14(gpu) -> 38(SW)   volume = 1.0
   epoch 0:  14(gpu) -> 39(SW)   volume = 1.0
   epoch 0:  32(SW) ->  1(gpu)   volume = 1.0
   epoch 0:  33(SW) -> 17(gpu)   volume = 1.0
   epoch 0:  34(SW) -> 12(gpu)   volume = 0.45577
   epoch 0:  34(SW) -> 18(gpu)   volume = 0.54423
   epoch 0:  35(SW) ->  3(gpu)   volume = 0.063357
   epoch 0:  35(SW) ->  4(gpu)   volume = 0.029513
   epoch 0:  35(SW) ->  7(gpu)   volume = 0.253021
   epoch 0:  35(SW) -> 18(gpu)   volume = 0.002087
   epoch 0:  35(SW) -> 25(gpu)   volume = 0.490375
   epoch 0:  35(SW) -> 26(gpu)   volume = 0.161647
   epoch 0:  36(SW) -> 11(gpu)   volume = 1.0
   epoch 0:  37(SW) ->  3(gpu)   volume = 0.936643
   epoch 0:  37(SW) ->  7(gpu)   volume = 0.063357
   epoch 0:  38(SW) ->  4(gpu)   volume = 0.196145
   epoch 0:  38(SW) -> 26(gpu)   volume = 0.803855
   epoch 0:  39(SW) -> 18(gpu)   volume = 0.014228
   epoch 0:  39(SW) -> 22(gpu)   volume = 0.951275
   epoch 0:  39(SW) -> 26(gpu)   volume = 0.034497
   epoch 1:  14(gpu) -> 32(SW)   volume = 1.0
   epoch 1:  14(gpu) -> 33(SW)   volume = 1.0
   epoch 1:  14(gpu) -> 34(SW)   volume = 1.0
   epoch 1:  14(gpu) -> 35(SW)   volume = 1.0
   epoch 1:  14(gpu) -> 36(SW)   volume = 1.0
   epoch 1:  14(gpu) -> 37(SW)   volume = 1.0
   epoch 1:  14(gpu) -> 38(SW)   volume = 1.0
   epoch 1:  14(gpu) -> 39(SW)   volume = 1.0
   epoch 1:  32(SW) ->  4(gpu)   volume = 0.652727
   epoch 1:  32(SW) -> 19(gpu)   volume = 0.347273
   epoch 1:  33(SW) ->  5(gpu)   volume = 0.699375
   epoch 1:  33(SW) -> 13(gpu)   volume = 0.169831
   epoch 1:  33(SW) -> 25(gpu)   volume = 0.130794
   epoch 1:  34(SW) ->  4(gpu)   volume = 0.121615
   epoch 1:  34(SW) ->  7(gpu)   volume = 0.048216
   epoch 1:  34(SW) -> 13(gpu)   volume = 0.830169
   epoch 1:  35(SW) -> 20(gpu)   volume = 1.0
   epoch 1:  36(SW) -> 30(gpu)   volume = 1.0
   epoch 1:  37(SW) ->  0(gpu)   volume = 1.0
   epoch 1:  38(SW) ->  8(gpu)   volume = 1.0
   epoch 1:  39(SW) ->  7(gpu)   volume = 0.616213
   epoch 1:  39(SW) -> 18(gpu)   volume = 0.383787
   epoch 2:  14(gpu) -> 32(SW)   volume = 1.0
   epoch 2:  14(gpu) -> 33(SW)   volume = 1.0
   epoch 2:  14(gpu) -> 34(SW)   volume = 1.0
   epoch 2:  14(gpu) -> 35(SW)   volume = 1.0
   epoch 2:  14(gpu) -> 36(SW)   volume = 1.0
   epoch 2:  14(gpu) -> 37(SW)   volume = 1.0
   epoch 2:  14(gpu) -> 38(SW)   volume = 1.0
   epoch 2:  14(gpu) -> 39(SW)   volume = 1.0
   epoch 2:  32(SW) ->  7(gpu)   volume = 0.019193
   epoch 2:  32(SW) ->  9(gpu)   volume = 0.797582
   epoch 2:  32(SW) -> 19(gpu)   volume = 0.006111
   epoch 2:  32(SW) -> 29(gpu)   volume = 0.177114
   epoch 2:  33(SW) -> 15(gpu)   volume = 0.944331
   epoch 2:  33(SW) -> 21(gpu)   volume = 0.055669
   epoch 2:  34(SW) -> 24(gpu)   volume = 0.61824
   epoch 2:  34(SW) -> 27(gpu)   volume = 0.38176
   epoch 2:  35(SW) -> 10(gpu)   volume = 0.124116
   epoch 2:  35(SW) -> 15(gpu)   volume = 0.055669
   epoch 2:  35(SW) -> 19(gpu)   volume = 0.327488
   epoch 2:  35(SW) -> 29(gpu)   volume = 0.492727
   epoch 2:  36(SW) ->  2(gpu)   volume = 0.218436
   epoch 2:  36(SW) ->  9(gpu)   volume = 0.202418
   epoch 2:  36(SW) -> 19(gpu)   volume = 0.197386
   epoch 2:  36(SW) -> 24(gpu)   volume = 0.38176
   epoch 2:  37(SW) -> 16(gpu)   volume = 0.120543
   epoch 2:  37(SW) -> 19(gpu)   volume = 0.050233
   epoch 2:  37(SW) -> 22(gpu)   volume = 0.048725
   epoch 2:  37(SW) -> 23(gpu)   volume = 0.050358
   epoch 2:  37(SW) -> 25(gpu)   volume = 0.378831
   epoch 2:  37(SW) -> 28(gpu)   volume = 0.021151
   epoch 2:  37(SW) -> 29(gpu)   volume = 0.330159
   epoch 2:  38(SW) -> 19(gpu)   volume = 0.071509
   epoch 2:  38(SW) -> 23(gpu)   volume = 0.928491
   epoch 2:  39(SW) -> 23(gpu)   volume = 0.021151
   epoch 2:  39(SW) -> 28(gpu)   volume = 0.978849
   epoch 3:  14(gpu) -> 32(SW)   volume = 1.0
   epoch 3:  14(gpu) -> 33(SW)   volume = 0.781564
   epoch 3:  14(gpu) -> 34(SW)   volume = 1.0
   epoch 3:  14(gpu) -> 35(SW)   volume = 1.0
   epoch 3:  14(gpu) -> 36(SW)   volume = 1.0
   epoch 3:  14(gpu) -> 37(SW)   volume = 0.850139
   epoch 3:  14(gpu) -> 38(SW)   volume = 1.0
   epoch 3:  14(gpu) -> 39(SW)   volume = 0.368296
   epoch 3:  32(SW) -> 16(gpu)   volume = 0.879457
   epoch 3:  32(SW) -> 27(gpu)   volume = 0.120543
   epoch 3:  33(SW) ->  2(gpu)   volume = 0.781564
   epoch 3:  34(SW) ->  6(gpu)   volume = 1.0
   epoch 3:  35(SW) -> 18(gpu)   volume = 0.055669
   epoch 3:  35(SW) -> 21(gpu)   volume = 0.944331
   epoch 3:  36(SW) -> 31(gpu)   volume = 1.0
   epoch 3:  37(SW) -> 10(gpu)   volume = 0.176509
   epoch 3:  37(SW) -> 12(gpu)   volume = 0.54423
   epoch 3:  37(SW) -> 27(gpu)   volume = 0.129401
   epoch 3:  38(SW) ->  5(gpu)   volume = 0.300625
   epoch 3:  38(SW) -> 10(gpu)   volume = 0.699375
   epoch 3:  39(SW) -> 27(gpu)   volume = 0.368296

-- source 15 --
   epoch 0:  15(gpu) -> 32(SW)   volume = 1.0
   epoch 0:  15(gpu) -> 33(SW)   volume = 1.0
   epoch 0:  15(gpu) -> 34(SW)   volume = 1.0
   epoch 0:  15(gpu) -> 35(SW)   volume = 1.0
   epoch 0:  15(gpu) -> 36(SW)   volume = 1.0
   epoch 0:  15(gpu) -> 37(SW)   volume = 1.0
   epoch 0:  15(gpu) -> 38(SW)   volume = 1.0
   epoch 0:  15(gpu) -> 39(SW)   volume = 1.0
   epoch 0:  32(SW) ->  4(gpu)   volume = 0.332154
   epoch 0:  32(SW) ->  8(gpu)   volume = 0.02561
   epoch 0:  32(SW) -> 13(gpu)   volume = 0.001297
   epoch 0:  32(SW) -> 18(gpu)   volume = 0.405877
   epoch 0:  32(SW) -> 23(gpu)   volume = 0.231657
   epoch 0:  32(SW) -> 24(gpu)   volume = 0.003405
   epoch 0:  33(SW) ->  0(gpu)   volume = 0.458544
   epoch 0:  33(SW) ->  1(gpu)   volume = 0.006245
   epoch 0:  33(SW) -> 23(gpu)   volume = 0.535211
   epoch 0:  34(SW) -> 16(gpu)   volume = 1.0
   epoch 0:  35(SW) -> 28(gpu)   volume = 1.0
   epoch 0:  36(SW) ->  8(gpu)   volume = 0.704693
   epoch 0:  36(SW) -> 18(gpu)   volume = 0.295307
   epoch 0:  37(SW) ->  0(gpu)   volume = 0.358795
   epoch 0:  37(SW) ->  8(gpu)   volume = 0.269697
   epoch 0:  37(SW) -> 27(gpu)   volume = 0.371508
   epoch 0:  38(SW) ->  4(gpu)   volume = 0.667846
   epoch 0:  38(SW) ->  7(gpu)   volume = 0.033338
   epoch 0:  38(SW) -> 18(gpu)   volume = 0.298815
   epoch 0:  39(SW) -> 17(gpu)   volume = 1.0
   epoch 1:  15(gpu) -> 32(SW)   volume = 1.0
   epoch 1:  15(gpu) -> 33(SW)   volume = 1.0
   epoch 1:  15(gpu) -> 34(SW)   volume = 1.0
   epoch 1:  15(gpu) -> 35(SW)   volume = 1.0
   epoch 1:  15(gpu) -> 36(SW)   volume = 1.0
   epoch 1:  15(gpu) -> 37(SW)   volume = 1.0
   epoch 1:  15(gpu) -> 38(SW)   volume = 1.0
   epoch 1:  15(gpu) -> 39(SW)   volume = 1.0
   epoch 1:  32(SW) ->  5(gpu)   volume = 0.527041
   epoch 1:  32(SW) ->  9(gpu)   volume = 0.410915
   epoch 1:  32(SW) -> 26(gpu)   volume = 0.062045
   epoch 1:  33(SW) -> 22(gpu)   volume = 1.0
   epoch 1:  34(SW) ->  9(gpu)   volume = 0.121833
   epoch 1:  34(SW) -> 20(gpu)   volume = 0.748081
   epoch 1:  34(SW) -> 21(gpu)   volume = 0.130086
   epoch 1:  35(SW) -> 13(gpu)   volume = 0.712497
   epoch 1:  35(SW) -> 14(gpu)   volume = 0.197976
   epoch 1:  35(SW) -> 31(gpu)   volume = 0.089528
   epoch 1:  36(SW) -> 12(gpu)   volume = 1.0
   epoch 1:  37(SW) -> 11(gpu)   volume = 0.263655
   epoch 1:  37(SW) -> 20(gpu)   volume = 0.23851
   epoch 1:  37(SW) -> 31(gpu)   volume = 0.497835
   epoch 1:  38(SW) ->  3(gpu)   volume = 0.233133
   epoch 1:  38(SW) ->  9(gpu)   volume = 0.467252
   epoch 1:  38(SW) -> 13(gpu)   volume = 0.286206
   epoch 1:  38(SW) -> 20(gpu)   volume = 0.013409
   epoch 1:  39(SW) -> 14(gpu)   volume = 0.802024
   epoch 1:  39(SW) -> 31(gpu)   volume = 0.197976
   epoch 2:  15(gpu) -> 32(SW)   volume = 1.0
   epoch 2:  15(gpu) -> 33(SW)   volume = 1.0
   epoch 2:  15(gpu) -> 34(SW)   volume = 1.0
   epoch 2:  15(gpu) -> 35(SW)   volume = 1.0
   epoch 2:  15(gpu) -> 36(SW)   volume = 1.0
   epoch 2:  15(gpu) -> 37(SW)   volume = 1.0
   epoch 2:  15(gpu) -> 38(SW)   volume = 1.0
   epoch 2:  15(gpu) -> 39(SW)   volume = 1.0
   epoch 2:  32(SW) -> 29(gpu)   volume = 0.822886
   epoch 2:  32(SW) -> 31(gpu)   volume = 0.177114
   epoch 2:  33(SW) -> 24(gpu)   volume = 0.963477
   epoch 2:  33(SW) -> 31(gpu)   volume = 0.036523
   epoch 2:  34(SW) ->  1(gpu)   volume = 0.857237
   epoch 2:  34(SW) -> 21(gpu)   volume = 0.142763
   epoch 2:  35(SW) ->  6(gpu)   volume = 1.0
   epoch 2:  36(SW) -> 10(gpu)   volume = 0.612841
   epoch 2:  36(SW) -> 21(gpu)   volume = 0.229317
   epoch 2:  36(SW) -> 29(gpu)   volume = 0.157843
   epoch 2:  37(SW) ->  2(gpu)   volume = 1.0
   epoch 2:  38(SW) ->  7(gpu)   volume = 0.759041
   epoch 2:  38(SW) -> 30(gpu)   volume = 0.240959
   epoch 2:  39(SW) ->  1(gpu)   volume = 0.136518
   epoch 2:  39(SW) -> 10(gpu)   volume = 0.3534
   epoch 2:  39(SW) -> 19(gpu)   volume = 0.509058
   epoch 2:  39(SW) -> 31(gpu)   volume = 0.001025
   epoch 3:  15(gpu) -> 32(SW)   volume = 0.743125
   epoch 3:  15(gpu) -> 33(SW)   volume = 0.497835
   epoch 3:  15(gpu) -> 34(SW)   volume = 1.0
   epoch 3:  15(gpu) -> 35(SW)   volume = 1.0
   epoch 3:  15(gpu) -> 36(SW)   volume = 1.0
   epoch 3:  15(gpu) -> 37(SW)   volume = 1.0
   epoch 3:  15(gpu) -> 38(SW)   volume = 0.759041
   epoch 3:  15(gpu) -> 39(SW)   volume = 1.0
   epoch 3:  32(SW) -> 11(gpu)   volume = 0.736345
   epoch 3:  32(SW) -> 29(gpu)   volume = 0.00678
   epoch 3:  33(SW) -> 21(gpu)   volume = 0.497835
   epoch 3:  34(SW) -> 25(gpu)   volume = 0.207621
   epoch 3:  34(SW) -> 26(gpu)   volume = 0.792379
   epoch 3:  35(SW) ->  7(gpu)   volume = 0.207621
   epoch 3:  35(SW) -> 25(gpu)   volume = 0.792379
   epoch 3:  36(SW) ->  0(gpu)   volume = 0.18266
   epoch 3:  36(SW) ->  5(gpu)   volume = 0.472959
   epoch 3:  36(SW) -> 26(gpu)   volume = 0.145576
   epoch 3:  36(SW) -> 27(gpu)   volume = 0.198804
   epoch 3:  37(SW) -> 10(gpu)   volume = 0.033759
   epoch 3:  37(SW) -> 19(gpu)   volume = 0.490942
   epoch 3:  37(SW) -> 24(gpu)   volume = 0.033118
   epoch 3:  37(SW) -> 27(gpu)   volume = 0.429689
   epoch 3:  37(SW) -> 29(gpu)   volume = 0.012492
   epoch 3:  38(SW) -> 30(gpu)   volume = 0.759041
   epoch 3:  39(SW) ->  3(gpu)   volume = 0.766867
   epoch 3:  39(SW) -> 23(gpu)   volume = 0.233133

-- source 16 --
   epoch 0:  16(gpu) -> 32(SW)   volume = 1.0
   epoch 0:  16(gpu) -> 33(SW)   volume = 1.0
   epoch 0:  16(gpu) -> 34(SW)   volume = 1.0
   epoch 0:  16(gpu) -> 35(SW)   volume = 1.0
   epoch 0:  16(gpu) -> 36(SW)   volume = 1.0
   epoch 0:  16(gpu) -> 37(SW)   volume = 1.0
   epoch 0:  16(gpu) -> 38(SW)   volume = 1.0
   epoch 0:  16(gpu) -> 39(SW)   volume = 1.0
   epoch 0:  32(SW) -> 19(gpu)   volume = 0.782105
   epoch 0:  32(SW) -> 24(gpu)   volume = 0.174364
   epoch 0:  32(SW) -> 27(gpu)   volume = 0.043532
   epoch 0:  33(SW) -> 11(gpu)   volume = 0.721639
   epoch 0:  33(SW) -> 19(gpu)   volume = 0.015437
   epoch 0:  33(SW) -> 24(gpu)   volume = 0.262924
   epoch 0:  34(SW) -> 19(gpu)   volume = 0.043394
   epoch 0:  34(SW) -> 31(gpu)   volume = 0.956606
   epoch 0:  35(SW) -> 11(gpu)   volume = 0.083736
   epoch 0:  35(SW) -> 20(gpu)   volume = 0.625426
   epoch 0:  35(SW) -> 30(gpu)   volume = 0.248469
   epoch 0:  35(SW) -> 31(gpu)   volume = 0.042369
   epoch 0:  36(SW) -> 20(gpu)   volume = 0.01146
   epoch 0:  36(SW) -> 21(gpu)   volume = 0.693693
   epoch 0:  36(SW) -> 24(gpu)   volume = 0.294847
   epoch 0:  37(SW) ->  5(gpu)   volume = 0.343826
   epoch 0:  37(SW) -> 19(gpu)   volume = 0.082002
   epoch 0:  37(SW) -> 21(gpu)   volume = 0.306307
   epoch 0:  37(SW) -> 24(gpu)   volume = 0.267866
   epoch 0:  38(SW) -> 20(gpu)   volume = 0.097375
   epoch 0:  38(SW) -> 27(gpu)   volume = 0.151094
   epoch 0:  38(SW) -> 30(gpu)   volume = 0.751531
   epoch 0:  39(SW) -> 11(gpu)   volume = 0.194625
   epoch 0:  39(SW) -> 27(gpu)   volume = 0.805375
   epoch 1:  16(gpu) -> 32(SW)   volume = 1.0
   epoch 1:  16(gpu) -> 33(SW)   volume = 1.0
   epoch 1:  16(gpu) -> 34(SW)   volume = 1.0
   epoch 1:  16(gpu) -> 35(SW)   volume = 1.0
   epoch 1:  16(gpu) -> 36(SW)   volume = 1.0
   epoch 1:  16(gpu) -> 37(SW)   volume = 1.0
   epoch 1:  16(gpu) -> 38(SW)   volume = 1.0
   epoch 1:  16(gpu) -> 39(SW)   volume = 1.0
   epoch 1:  32(SW) ->  3(gpu)   volume = 0.732476
   epoch 1:  32(SW) -> 12(gpu)   volume = 0.267524
   epoch 1:  33(SW) ->  3(gpu)   volume = 0.267524
   epoch 1:  33(SW) ->  6(gpu)   volume = 0.280884
   epoch 1:  33(SW) -> 10(gpu)   volume = 0.364831
   epoch 1:  33(SW) -> 25(gpu)   volume = 0.086761
   epoch 1:  34(SW) -> 28(gpu)   volume = 1.0
   epoch 1:  35(SW) ->  2(gpu)   volume = 1.0
   epoch 1:  36(SW) -> 22(gpu)   volume = 1.0
   epoch 1:  37(SW) ->  1(gpu)   volume = 0.852503
   epoch 1:  37(SW) -> 12(gpu)   volume = 0.070434
   epoch 1:  37(SW) -> 19(gpu)   volume = 0.077063
   epoch 1:  38(SW) -> 12(gpu)   volume = 0.456525
   epoch 1:  38(SW) -> 15(gpu)   volume = 0.543475
   epoch 1:  39(SW) ->  1(gpu)   volume = 0.147497
   epoch 1:  39(SW) ->  6(gpu)   volume = 0.435567
   epoch 1:  39(SW) -> 12(gpu)   volume = 0.205517
   epoch 1:  39(SW) -> 17(gpu)   volume = 0.211419
   epoch 2:  16(gpu) -> 32(SW)   volume = 1.0
   epoch 2:  16(gpu) -> 33(SW)   volume = 1.0
   epoch 2:  16(gpu) -> 34(SW)   volume = 1.0
   epoch 2:  16(gpu) -> 35(SW)   volume = 1.0
   epoch 2:  16(gpu) -> 36(SW)   volume = 1.0
   epoch 2:  16(gpu) -> 37(SW)   volume = 1.0
   epoch 2:  16(gpu) -> 38(SW)   volume = 1.0
   epoch 2:  16(gpu) -> 39(SW)   volume = 1.0
   epoch 2:  32(SW) ->  4(gpu)   volume = 0.283549
   epoch 2:  32(SW) -> 15(gpu)   volume = 0.456525
   epoch 2:  32(SW) -> 20(gpu)   volume = 0.259926
   epoch 2:  33(SW) -> 17(gpu)   volume = 1e-06
   epoch 2:  33(SW) -> 26(gpu)   volume = 0.999999
   epoch 2:  34(SW) ->  4(gpu)   volume = 0.716451
   epoch 2:  34(SW) ->  6(gpu)   volume = 0.283549
   epoch 2:  35(SW) ->  0(gpu)   volume = 1.0
   epoch 2:  36(SW) -> 13(gpu)   volume = 1.0
   epoch 2:  37(SW) ->  9(gpu)   volume = 1.0
   epoch 2:  38(SW) -> 14(gpu)   volume = 1.0
   epoch 2:  39(SW) ->  7(gpu)   volume = 1.0
   epoch 3:  16(gpu) -> 32(SW)   volume = 1.0
   epoch 3:  16(gpu) -> 33(SW)   volume = 1.0
   epoch 3:  16(gpu) -> 35(SW)   volume = 1.0
   epoch 3:  16(gpu) -> 36(SW)   volume = 1.0
   epoch 3:  16(gpu) -> 37(SW)   volume = 1.0
   epoch 3:  16(gpu) -> 38(SW)   volume = 1.0
   epoch 3:  16(gpu) -> 39(SW)   volume = 1.0
   epoch 3:  32(SW) -> 10(gpu)   volume = 0.524476
   epoch 3:  32(SW) -> 18(gpu)   volume = 0.475524
   epoch 3:  33(SW) -> 17(gpu)   volume = 0.079924
   epoch 3:  33(SW) -> 20(gpu)   volume = 0.005812
   epoch 3:  33(SW) -> 29(gpu)   volume = 0.914263
   epoch 3:  35(SW) ->  8(gpu)   volume = 1.0
   epoch 3:  36(SW) -> 17(gpu)   volume = 0.708656
   epoch 3:  36(SW) -> 18(gpu)   volume = 0.291344
   epoch 3:  37(SW) ->  5(gpu)   volume = 0.656174
   epoch 3:  37(SW) -> 10(gpu)   volume = 0.110693
   epoch 3:  37(SW) -> 23(gpu)   volume = 0.233133
   epoch 3:  38(SW) -> 25(gpu)   volume = 0.913239
   epoch 3:  38(SW) -> 29(gpu)   volume = 0.085737
   epoch 3:  38(SW) -> 31(gpu)   volume = 0.001025
   epoch 3:  39(SW) -> 18(gpu)   volume = 0.233132
   epoch 3:  39(SW) -> 23(gpu)   volume = 0.766867
   epoch 3:  39(SW) -> 26(gpu)   volume = 1e-06

-- source 17 --
   epoch 0:  17(gpu) -> 32(SW)   volume = 1.0
   epoch 0:  17(gpu) -> 33(SW)   volume = 1.0
   epoch 0:  17(gpu) -> 34(SW)   volume = 1.0
   epoch 0:  17(gpu) -> 35(SW)   volume = 1.0
   epoch 0:  17(gpu) -> 36(SW)   volume = 1.0
   epoch 0:  17(gpu) -> 37(SW)   volume = 1.0
   epoch 0:  17(gpu) -> 38(SW)   volume = 1.0
   epoch 0:  17(gpu) -> 39(SW)   volume = 1.0
   epoch 0:  32(SW) -> 18(gpu)   volume = 0.583934
   epoch 0:  32(SW) -> 27(gpu)   volume = 0.416066
   epoch 0:  33(SW) -> 21(gpu)   volume = 0.685714
   epoch 0:  33(SW) -> 27(gpu)   volume = 0.314286
   epoch 0:  34(SW) -> 11(gpu)   volume = 0.685714
   epoch 0:  34(SW) -> 19(gpu)   volume = 0.306307
   epoch 0:  34(SW) -> 21(gpu)   volume = 0.007979
   epoch 0:  35(SW) ->  4(gpu)   volume = 0.066223
   epoch 0:  35(SW) ->  8(gpu)   volume = 0.933777
   epoch 0:  36(SW) -> 19(gpu)   volume = 0.693693
   epoch 0:  36(SW) -> 21(gpu)   volume = 0.306307
   epoch 0:  37(SW) ->  2(gpu)   volume = 0.588957
   epoch 0:  37(SW) ->  4(gpu)   volume = 0.100525
   epoch 0:  37(SW) ->  7(gpu)   volume = 0.04087
   epoch 0:  37(SW) -> 27(gpu)   volume = 0.269648
   epoch 0:  38(SW) ->  2(gpu)   volume = 0.411043
   epoch 0:  38(SW) ->  8(gpu)   volume = 0.066223
   epoch 0:  38(SW) -> 20(gpu)   volume = 0.522735
   epoch 0:  39(SW) -> 28(gpu)   volume = 1.0
   epoch 1:  17(gpu) -> 32(SW)   volume = 1.0
   epoch 1:  17(gpu) -> 33(SW)   volume = 1.0
   epoch 1:  17(gpu) -> 34(SW)   volume = 1.0
   epoch 1:  17(gpu) -> 35(SW)   volume = 1.0
   epoch 1:  17(gpu) -> 36(SW)   volume = 1.0
   epoch 1:  17(gpu) -> 37(SW)   volume = 1.0
   epoch 1:  17(gpu) -> 38(SW)   volume = 1.0
   epoch 1:  17(gpu) -> 39(SW)   volume = 1.0
   epoch 1:  32(SW) ->  6(gpu)   volume = 0.483842
   epoch 1:  32(SW) -> 12(gpu)   volume = 0.473338
   epoch 1:  32(SW) -> 22(gpu)   volume = 0.042819
   epoch 1:  33(SW) ->  6(gpu)   volume = 0.516158
   epoch 1:  33(SW) ->  9(gpu)   volume = 0.483842
   epoch 1:  34(SW) ->  9(gpu)   volume = 0.015186
   epoch 1:  34(SW) -> 29(gpu)   volume = 0.466163
   epoch 1:  34(SW) -> 31(gpu)   volume = 0.518651
   epoch 1:  35(SW) ->  4(gpu)   volume = 0.017679
   epoch 1:  35(SW) ->  5(gpu)   volume = 0.481349
   epoch 1:  35(SW) ->  9(gpu)   volume = 0.500972
   epoch 1:  36(SW) -> 16(gpu)   volume = 1.0
   epoch 1:  37(SW) ->  4(gpu)   volume = 0.368296
   epoch 1:  37(SW) -> 12(gpu)   volume = 0.209528
   epoch 1:  37(SW) -> 29(gpu)   volume = 0.422176
   epoch 1:  38(SW) -> 26(gpu)   volume = 1.0
   epoch 1:  39(SW) ->  5(gpu)   volume = 0.518651
   epoch 1:  39(SW) -> 31(gpu)   volume = 0.481349
   epoch 2:  17(gpu) -> 32(SW)   volume = 1.0
   epoch 2:  17(gpu) -> 33(SW)   volume = 1.0
   epoch 2:  17(gpu) -> 34(SW)   volume = 1.0
   epoch 2:  17(gpu) -> 35(SW)   volume = 1.0
   epoch 2:  17(gpu) -> 36(SW)   volume = 1.0
   epoch 2:  17(gpu) -> 37(SW)   volume = 1.0
   epoch 2:  17(gpu) -> 38(SW)   volume = 1.0
   epoch 2:  17(gpu) -> 39(SW)   volume = 1.0
   epoch 2:  32(SW) -> 25(gpu)   volume = 1.0
   epoch 2:  33(SW) ->  1(gpu)   volume = 0.99334
   epoch 2:  33(SW) ->  4(gpu)   volume = 0.00666
   epoch 2:  34(SW) ->  7(gpu)   volume = 0.95913
   epoch 2:  34(SW) -> 15(gpu)   volume = 0.04087
   epoch 2:  35(SW) ->  1(gpu)   volume = 0.00666
   epoch 2:  35(SW) ->  4(gpu)   volume = 0.440617
   epoch 2:  35(SW) -> 22(gpu)   volume = 0.552723
   epoch 2:  36(SW) -> 15(gpu)   volume = 0.949446
   epoch 2:  36(SW) -> 22(gpu)   volume = 0.050554
   epoch 2:  37(SW) -> 10(gpu)   volume = 1.0
   epoch 2:  38(SW) ->  0(gpu)   volume = 1.0
   epoch 2:  39(SW) ->  3(gpu)   volume = 1.0
   epoch 3:  17(gpu) -> 32(SW)   volume = 1.0
   epoch 3:  17(gpu) -> 33(SW)   volume = 1.0
   epoch 3:  17(gpu) -> 34(SW)   volume = 1.0
   epoch 3:  17(gpu) -> 36(SW)   volume = 1.0
   epoch 3:  17(gpu) -> 37(SW)   volume = 1.0
   epoch 3:  17(gpu) -> 38(SW)   volume = 1.0
   epoch 3:  17(gpu) -> 39(SW)   volume = 1.0
   epoch 3:  32(SW) -> 18(gpu)   volume = 0.416066
   epoch 3:  32(SW) -> 24(gpu)   volume = 0.583934
   epoch 3:  33(SW) -> 11(gpu)   volume = 0.314286
   epoch 3:  33(SW) -> 22(gpu)   volume = 0.15308
   epoch 3:  33(SW) -> 23(gpu)   volume = 0.532634
   epoch 3:  34(SW) -> 13(gpu)   volume = 1.0
   epoch 3:  36(SW) -> 30(gpu)   volume = 1.0
   epoch 3:  37(SW) -> 14(gpu)   volume = 0.477265
   epoch 3:  37(SW) -> 15(gpu)   volume = 0.009684
   epoch 3:  37(SW) -> 22(gpu)   volume = 0.045684
   epoch 3:  37(SW) -> 23(gpu)   volume = 0.467366
   epoch 3:  38(SW) -> 14(gpu)   volume = 0.522735
   epoch 3:  38(SW) -> 20(gpu)   volume = 0.477265
   epoch 3:  39(SW) -> 12(gpu)   volume = 0.317134
   epoch 3:  39(SW) -> 22(gpu)   volume = 0.155139
   epoch 3:  39(SW) -> 24(gpu)   volume = 0.416066
   epoch 3:  39(SW) -> 29(gpu)   volume = 0.11166

-- source 18 --
   epoch 0:  18(gpu) -> 32(SW)   volume = 1.0
   epoch 0:  18(gpu) -> 33(SW)   volume = 1.0
   epoch 0:  18(gpu) -> 34(SW)   volume = 1.0
   epoch 0:  18(gpu) -> 35(SW)   volume = 1.0
   epoch 0:  18(gpu) -> 36(SW)   volume = 1.0
   epoch 0:  18(gpu) -> 37(SW)   volume = 1.0
   epoch 0:  18(gpu) -> 38(SW)   volume = 1.0
   epoch 0:  18(gpu) -> 39(SW)   volume = 1.0
   epoch 0:  32(SW) -> 15(gpu)   volume = 0.671127
   epoch 0:  32(SW) -> 23(gpu)   volume = 0.328873
   epoch 0:  33(SW) ->  9(gpu)   volume = 0.957215
   epoch 0:  33(SW) -> 13(gpu)   volume = 0.042785
   epoch 0:  34(SW) ->  2(gpu)   volume = 0.703376
   epoch 0:  34(SW) ->  7(gpu)   volume = 0.196635
   epoch 0:  34(SW) ->  9(gpu)   volume = 0.042785
   epoch 0:  34(SW) -> 15(gpu)   volume = 0.057205
   epoch 0:  35(SW) -> 10(gpu)   volume = 1.0
   epoch 0:  36(SW) ->  2(gpu)   volume = 0.094993
   epoch 0:  36(SW) -> 13(gpu)   volume = 0.368298
   epoch 0:  36(SW) -> 29(gpu)   volume = 0.531003
   epoch 0:  36(SW) -> 30(gpu)   volume = 0.005705
   epoch 0:  37(SW) -> 23(gpu)   volume = 0.671127
   epoch 0:  37(SW) -> 30(gpu)   volume = 0.328873
   epoch 0:  38(SW) -> 14(gpu)   volume = 1.0
   epoch 0:  39(SW) -> 11(gpu)   volume = 0.410411
   epoch 0:  39(SW) -> 13(gpu)   volume = 0.588918
   epoch 0:  39(SW) -> 30(gpu)   volume = 0.000672
   epoch 1:  18(gpu) -> 32(SW)   volume = 1.0
   epoch 1:  18(gpu) -> 33(SW)   volume = 1.0
   epoch 1:  18(gpu) -> 34(SW)   volume = 1.0
   epoch 1:  18(gpu) -> 35(SW)   volume = 1.0
   epoch 1:  18(gpu) -> 36(SW)   volume = 1.0
   epoch 1:  18(gpu) -> 37(SW)   volume = 1.0
   epoch 1:  18(gpu) -> 38(SW)   volume = 1.0
   epoch 1:  18(gpu) -> 39(SW)   volume = 1.0
   epoch 1:  32(SW) ->  5(gpu)   volume = 0.429815
   epoch 1:  32(SW) -> 31(gpu)   volume = 0.570185
   epoch 1:  33(SW) ->  1(gpu)   volume = 0.617158
   epoch 1:  33(SW) -> 11(gpu)   volume = 0.191144
   epoch 1:  33(SW) -> 16(gpu)   volume = 0.038773
   epoch 1:  33(SW) -> 17(gpu)   volume = 0.017972
   epoch 1:  33(SW) -> 29(gpu)   volume = 0.134953
   epoch 1:  34(SW) ->  5(gpu)   volume = 0.570185
   epoch 1:  34(SW) -> 21(gpu)   volume = 0.081484
   epoch 1:  34(SW) -> 29(gpu)   volume = 0.334043
   epoch 1:  34(SW) -> 31(gpu)   volume = 0.014288
   epoch 1:  35(SW) -> 25(gpu)   volume = 1.0
   epoch 1:  36(SW) -> 20(gpu)   volume = 1.0
   epoch 1:  37(SW) -> 27(gpu)   volume = 1.0
   epoch 1:  38(SW) ->  1(gpu)   volume = 0.382842
   epoch 1:  38(SW) ->  2(gpu)   volume = 0.201631
   epoch 1:  38(SW) -> 31(gpu)   volume = 0.415527
   epoch 1:  39(SW) ->  3(gpu)   volume = 1.0
   epoch 2:  18(gpu) -> 32(SW)   volume = 1.0
   epoch 2:  18(gpu) -> 33(SW)   volume = 1.0
   epoch 2:  18(gpu) -> 34(SW)   volume = 1.0
   epoch 2:  18(gpu) -> 35(SW)   volume = 1.0
   epoch 2:  18(gpu) -> 36(SW)   volume = 1.0
   epoch 2:  18(gpu) -> 37(SW)   volume = 1.0
   epoch 2:  18(gpu) -> 38(SW)   volume = 1.0
   epoch 2:  18(gpu) -> 39(SW)   volume = 1.0
   epoch 2:  32(SW) ->  6(gpu)   volume = 0.764592
   epoch 2:  32(SW) -> 12(gpu)   volume = 0.163899
   epoch 2:  32(SW) -> 19(gpu)   volume = 0.071509
   epoch 2:  33(SW) ->  8(gpu)   volume = 0.081484
   epoch 2:  33(SW) -> 21(gpu)   volume = 0.918516
   epoch 2:  34(SW) -> 11(gpu)   volume = 0.316962
   epoch 2:  34(SW) -> 12(gpu)   volume = 0.018288
   epoch 2:  34(SW) -> 30(gpu)   volume = 0.66475
   epoch 2:  35(SW) -> 12(gpu)   volume = 0.017972
   epoch 2:  35(SW) -> 17(gpu)   volume = 0.982028
   epoch 2:  36(SW) ->  4(gpu)   volume = 1.0
   epoch 2:  37(SW) ->  6(gpu)   volume = 0.235408
   epoch 2:  37(SW) ->  7(gpu)   volume = 0.764592
   epoch 2:  38(SW) -> 19(gpu)   volume = 0.928491
   epoch 2:  38(SW) -> 24(gpu)   volume = 0.071509
   epoch 2:  39(SW) ->  8(gpu)   volume = 0.918516
   epoch 2:  39(SW) -> 11(gpu)   volume = 0.081484
   epoch 3:  18(gpu) -> 33(SW)   volume = 1.0
   epoch 3:  18(gpu) -> 34(SW)   volume = 1.0
   epoch 3:  18(gpu) -> 35(SW)   volume = 1.0
   epoch 3:  18(gpu) -> 36(SW)   volume = 1.0
   epoch 3:  18(gpu) -> 37(SW)   volume = 1.0
   epoch 3:  18(gpu) -> 38(SW)   volume = 1.0
   epoch 3:  18(gpu) -> 39(SW)   volume = 1.0
   epoch 3:  33(SW) ->  0(gpu)   volume = 1.0
   epoch 3:  34(SW) -> 15(gpu)   volume = 0.271669
   epoch 3:  34(SW) -> 24(gpu)   volume = 0.728331
   epoch 3:  35(SW) -> 12(gpu)   volume = 0.79984
   epoch 3:  35(SW) -> 24(gpu)   volume = 0.20016
   epoch 3:  36(SW) -> 28(gpu)   volume = 1.0
   epoch 3:  37(SW) -> 16(gpu)   volume = 0.252459
   epoch 3:  37(SW) -> 26(gpu)   volume = 0.747541
   epoch 3:  38(SW) -> 22(gpu)   volume = 1.0
   epoch 3:  39(SW) ->  7(gpu)   volume = 0.038773
   epoch 3:  39(SW) -> 16(gpu)   volume = 0.708768
   epoch 3:  39(SW) -> 26(gpu)   volume = 0.252459

-- source 19 --
   epoch 0:  19(gpu) -> 32(SW)   volume = 1.0
   epoch 0:  19(gpu) -> 33(SW)   volume = 1.0
   epoch 0:  19(gpu) -> 34(SW)   volume = 1.0
   epoch 0:  19(gpu) -> 35(SW)   volume = 1.0
   epoch 0:  19(gpu) -> 36(SW)   volume = 1.0
   epoch 0:  19(gpu) -> 37(SW)   volume = 1.0
   epoch 0:  19(gpu) -> 38(SW)   volume = 1.0
   epoch 0:  19(gpu) -> 39(SW)   volume = 1.0
   epoch 0:  32(SW) ->  3(gpu)   volume = 0.815221
   epoch 0:  32(SW) -> 11(gpu)   volume = 0.184779
   epoch 0:  33(SW) ->  6(gpu)   volume = 0.426295
   epoch 0:  33(SW) -> 13(gpu)   volume = 0.381924
   epoch 0:  33(SW) -> 16(gpu)   volume = 0.191781
   epoch 0:  34(SW) ->  5(gpu)   volume = 0.035274
   epoch 0:  34(SW) ->  7(gpu)   volume = 0.34665
   epoch 0:  34(SW) -> 13(gpu)   volume = 0.618076
   epoch 0:  35(SW) -> 29(gpu)   volume = 1.0
   epoch 0:  36(SW) -> 23(gpu)   volume = 1.0
   epoch 0:  37(SW) -> 15(gpu)   volume = 0.964726
   epoch 0:  37(SW) -> 16(gpu)   volume = 0.035274
   epoch 0:  38(SW) -> 11(gpu)   volume = 0.815221
   epoch 0:  38(SW) -> 16(gpu)   volume = 0.011344
   epoch 0:  38(SW) -> 22(gpu)   volume = 0.173436
   epoch 0:  39(SW) ->  5(gpu)   volume = 0.964726
   epoch 0:  39(SW) -> 15(gpu)   volume = 0.035274
   epoch 1:  19(gpu) -> 32(SW)   volume = 1.0
   epoch 1:  19(gpu) -> 33(SW)   volume = 1.0
   epoch 1:  19(gpu) -> 34(SW)   volume = 1.0
   epoch 1:  19(gpu) -> 35(SW)   volume = 1.0
   epoch 1:  19(gpu) -> 36(SW)   volume = 1.0
   epoch 1:  19(gpu) -> 37(SW)   volume = 1.0
   epoch 1:  19(gpu) -> 38(SW)   volume = 1.0
   epoch 1:  19(gpu) -> 39(SW)   volume = 1.0
   epoch 1:  32(SW) -> 24(gpu)   volume = 0.375791
   epoch 1:  32(SW) -> 27(gpu)   volume = 0.624209
   epoch 1:  33(SW) ->  3(gpu)   volume = 0.184779
   epoch 1:  33(SW) -> 12(gpu)   volume = 0.500744
   epoch 1:  33(SW) -> 18(gpu)   volume = 0.007452
   epoch 1:  33(SW) -> 21(gpu)   volume = 0.203393
   epoch 1:  33(SW) -> 27(gpu)   volume = 0.103631
   epoch 1:  34(SW) ->  0(gpu)   volume = 1.0
   epoch 1:  35(SW) ->  7(gpu)   volume = 0.487962
   epoch 1:  35(SW) ->  8(gpu)   volume = 0.012782
   epoch 1:  35(SW) -> 12(gpu)   volume = 0.499256
   epoch 1:  36(SW) ->  7(gpu)   volume = 0.04929
   epoch 1:  36(SW) -> 17(gpu)   volume = 0.691332
   epoch 1:  36(SW) -> 25(gpu)   volume = 0.259378
   epoch 1:  37(SW) ->  7(gpu)   volume = 0.108646
   epoch 1:  37(SW) -> 10(gpu)   volume = 0.582686
   epoch 1:  37(SW) -> 17(gpu)   volume = 0.308668
   epoch 1:  38(SW) ->  7(gpu)   volume = 0.007452
   epoch 1:  38(SW) -> 18(gpu)   volume = 0.992548
   epoch 1:  39(SW) ->  8(gpu)   volume = 0.987218
   epoch 1:  39(SW) -> 27(gpu)   volume = 0.012782
   epoch 2:  19(gpu) -> 32(SW)   volume = 1.0
   epoch 2:  19(gpu) -> 33(SW)   volume = 1.0
   epoch 2:  19(gpu) -> 34(SW)   volume = 1.0
   epoch 2:  19(gpu) -> 35(SW)   volume = 1.0
   epoch 2:  19(gpu) -> 36(SW)   volume = 1.0
   epoch 2:  19(gpu) -> 37(SW)   volume = 1.0
   epoch 2:  19(gpu) -> 38(SW)   volume = 1.0
   epoch 2:  19(gpu) -> 39(SW)   volume = 1.0
   epoch 2:  32(SW) ->  9(gpu)   volume = 0.177114
   epoch 2:  32(SW) -> 31(gpu)   volume = 0.822886
   epoch 2:  33(SW) -> 28(gpu)   volume = 1.0
   epoch 2:  34(SW) ->  2(gpu)   volume = 1.0
   epoch 2:  35(SW) -> 16(gpu)   volume = 0.761601
   epoch 2:  35(SW) -> 26(gpu)   volume = 0.238399
   epoch 2:  36(SW) -> 20(gpu)   volume = 1.0
   epoch 2:  37(SW) -> 22(gpu)   volume = 0.623171
   epoch 2:  37(SW) -> 24(gpu)   volume = 0.376829
   epoch 2:  38(SW) -> 21(gpu)   volume = 0.796607
   epoch 2:  38(SW) -> 22(gpu)   volume = 0.203393
   epoch 2:  39(SW) -> 30(gpu)   volume = 1.0
   epoch 3:  19(gpu) -> 32(SW)   volume = 1.0
   epoch 3:  19(gpu) -> 33(SW)   volume = 1.0
   epoch 3:  19(gpu) -> 34(SW)   volume = 1.0
   epoch 3:  19(gpu) -> 36(SW)   volume = 1.0
   epoch 3:  19(gpu) -> 37(SW)   volume = 1.0
   epoch 3:  19(gpu) -> 38(SW)   volume = 1.0
   epoch 3:  19(gpu) -> 39(SW)   volume = 1.0
   epoch 3:  32(SW) -> 14(gpu)   volume = 0.991019
   epoch 3:  32(SW) -> 24(gpu)   volume = 0.008981
   epoch 3:  33(SW) ->  4(gpu)   volume = 1.0
   epoch 3:  34(SW) ->  1(gpu)   volume = 1.0
   epoch 3:  36(SW) -> 24(gpu)   volume = 0.238399
   epoch 3:  36(SW) -> 26(gpu)   volume = 0.761601
   epoch 3:  37(SW) -> 25(gpu)   volume = 0.740622
   epoch 3:  37(SW) -> 27(gpu)   volume = 0.259378
   epoch 3:  38(SW) ->  6(gpu)   volume = 0.573705
   epoch 3:  38(SW) -> 10(gpu)   volume = 0.249181
   epoch 3:  38(SW) -> 31(gpu)   volume = 0.177114
   epoch 3:  39(SW) ->  9(gpu)   volume = 0.822886
   epoch 3:  39(SW) -> 10(gpu)   volume = 0.168133
   epoch 3:  39(SW) -> 14(gpu)   volume = 0.008981

-- source 20 --
   epoch 0:  20(gpu) -> 32(SW)   volume = 1.0
   epoch 0:  20(gpu) -> 33(SW)   volume = 1.0
   epoch 0:  20(gpu) -> 34(SW)   volume = 1.0
   epoch 0:  20(gpu) -> 35(SW)   volume = 1.0
   epoch 0:  20(gpu) -> 36(SW)   volume = 1.0
   epoch 0:  20(gpu) -> 37(SW)   volume = 1.0
   epoch 0:  20(gpu) -> 38(SW)   volume = 1.0
   epoch 0:  20(gpu) -> 39(SW)   volume = 1.0
   epoch 0:  32(SW) -> 15(gpu)   volume = 0.106449
   epoch 0:  32(SW) -> 16(gpu)   volume = 0.844825
   epoch 0:  32(SW) -> 22(gpu)   volume = 0.048725
   epoch 0:  33(SW) ->  9(gpu)   volume = 0.042785
   epoch 0:  33(SW) -> 22(gpu)   volume = 0.653114
   epoch 0:  33(SW) -> 27(gpu)   volume = 0.304101
   epoch 0:  34(SW) ->  3(gpu)   volume = 0.063357
   epoch 0:  34(SW) ->  9(gpu)   volume = 0.009547
   epoch 0:  34(SW) -> 14(gpu)   volume = 0.883229
   epoch 0:  34(SW) -> 22(gpu)   volume = 0.043867
   epoch 0:  35(SW) ->  3(gpu)   volume = 0.936643
   epoch 0:  35(SW) -> 15(gpu)   volume = 0.014968
   epoch 0:  35(SW) -> 22(gpu)   volume = 0.048389
   epoch 0:  36(SW) -> 16(gpu)   volume = 0.034031
   epoch 0:  36(SW) -> 25(gpu)   volume = 0.965969
   epoch 0:  37(SW) -> 31(gpu)   volume = 1.0
   epoch 0:  38(SW) -> 15(gpu)   volume = 0.826251
   epoch 0:  38(SW) -> 22(gpu)   volume = 0.139718
   epoch 0:  38(SW) -> 25(gpu)   volume = 0.034031
   epoch 0:  39(SW) ->  9(gpu)   volume = 0.947669
   epoch 0:  39(SW) -> 15(gpu)   volume = 0.052331
   epoch 1:  20(gpu) -> 32(SW)   volume = 1.0
   epoch 1:  20(gpu) -> 33(SW)   volume = 1.0
   epoch 1:  20(gpu) -> 34(SW)   volume = 1.0
   epoch 1:  20(gpu) -> 35(SW)   volume = 1.0
   epoch 1:  20(gpu) -> 36(SW)   volume = 1.0
   epoch 1:  20(gpu) -> 37(SW)   volume = 1.0
   epoch 1:  20(gpu) -> 38(SW)   volume = 1.0
   epoch 1:  20(gpu) -> 39(SW)   volume = 1.0
   epoch 1:  32(SW) -> 10(gpu)   volume = 0.996438
   epoch 1:  32(SW) -> 17(gpu)   volume = 0.003562
   epoch 1:  33(SW) -> 17(gpu)   volume = 0.074859
   epoch 1:  33(SW) -> 30(gpu)   volume = 0.925141
   epoch 1:  34(SW) ->  6(gpu)   volume = 1.0
   epoch 1:  35(SW) ->  8(gpu)   volume = 0.065415
   epoch 1:  35(SW) -> 17(gpu)   volume = 0.92158
   epoch 1:  35(SW) -> 28(gpu)   volume = 0.013005
   epoch 1:  36(SW) ->  8(gpu)   volume = 0.686434
   epoch 1:  36(SW) -> 10(gpu)   volume = 0.003562
   epoch 1:  36(SW) -> 14(gpu)   volume = 0.116771
   epoch 1:  36(SW) -> 23(gpu)   volume = 0.129038
   epoch 1:  36(SW) -> 27(gpu)   volume = 0.064195
   epoch 1:  37(SW) ->  4(gpu)   volume = 0.631704
   epoch 1:  37(SW) ->  8(gpu)   volume = 0.248151
   epoch 1:  37(SW) -> 11(gpu)   volume = 0.045287
   epoch 1:  37(SW) -> 30(gpu)   volume = 0.074859
   epoch 1:  38(SW) ->  1(gpu)   volume = 0.580978
   epoch 1:  38(SW) ->  2(gpu)   volume = 0.234492
   epoch 1:  38(SW) -> 28(gpu)   volume = 0.18453
   epoch 1:  39(SW) -> 21(gpu)   volume = 0.197535
   epoch 1:  39(SW) -> 28(gpu)   volume = 0.802465
   epoch 2:  20(gpu) -> 32(SW)   volume = 1.0
   epoch 2:  20(gpu) -> 33(SW)   volume = 1.0
   epoch 2:  20(gpu) -> 34(SW)   volume = 1.0
   epoch 2:  20(gpu) -> 35(SW)   volume = 1.0
   epoch 2:  20(gpu) -> 36(SW)   volume = 1.0
   epoch 2:  20(gpu) -> 37(SW)   volume = 1.0
   epoch 2:  20(gpu) -> 38(SW)   volume = 1.0
   epoch 2:  20(gpu) -> 39(SW)   volume = 1.0
   epoch 2:  32(SW) ->  2(gpu)   volume = 0.396541
   epoch 2:  32(SW) -> 12(gpu)   volume = 0.603459
   epoch 2:  33(SW) ->  5(gpu)   volume = 0.03574
   epoch 2:  33(SW) -> 11(gpu)   volume = 0.878109
   epoch 2:  33(SW) -> 16(gpu)   volume = 0.086151
   epoch 2:  34(SW) -> 19(gpu)   volume = 1.0
   epoch 2:  35(SW) -> 24(gpu)   volume = 1.0
   epoch 2:  36(SW) ->  0(gpu)   volume = 1.0
   epoch 2:  37(SW) -> 13(gpu)   volume = 0.418471
   epoch 2:  37(SW) -> 16(gpu)   volume = 0.034993
   epoch 2:  37(SW) -> 29(gpu)   volume = 0.546536
   epoch 2:  38(SW) ->  4(gpu)   volume = 0.023283
   epoch 2:  38(SW) -> 26(gpu)   volume = 0.976717
   epoch 2:  39(SW) ->  5(gpu)   volume = 0.96426
   epoch 2:  39(SW) -> 13(gpu)   volume = 0.03574
   epoch 3:  20(gpu) -> 32(SW)   volume = 1.0
   epoch 3:  20(gpu) -> 33(SW)   volume = 1.0
   epoch 3:  20(gpu) -> 34(SW)   volume = 1.0
   epoch 3:  20(gpu) -> 35(SW)   volume = 1.0
   epoch 3:  20(gpu) -> 37(SW)   volume = 1.0
   epoch 3:  20(gpu) -> 38(SW)   volume = 1.0
   epoch 3:  20(gpu) -> 39(SW)   volume = 1.0
   epoch 3:  32(SW) -> 21(gpu)   volume = 0.129038
   epoch 3:  32(SW) -> 23(gpu)   volume = 0.870962
   epoch 3:  33(SW) -> 11(gpu)   volume = 0.076604
   epoch 3:  33(SW) -> 18(gpu)   volume = 0.773559
   epoch 3:  33(SW) -> 22(gpu)   volume = 0.066187
   epoch 3:  33(SW) -> 29(gpu)   volume = 0.08365
   epoch 3:  34(SW) ->  2(gpu)   volume = 0.368966
   epoch 3:  34(SW) -> 21(gpu)   volume = 0.631034
   epoch 3:  35(SW) -> 13(gpu)   volume = 0.545789
   epoch 3:  35(SW) -> 18(gpu)   volume = 0.084398
   epoch 3:  35(SW) -> 29(gpu)   volume = 0.369814
   epoch 3:  37(SW) ->  7(gpu)   volume = 1.0
   epoch 3:  38(SW) ->  1(gpu)   volume = 0.419022
   epoch 3:  38(SW) -> 12(gpu)   volume = 0.396541
   epoch 3:  38(SW) -> 18(gpu)   volume = 0.142044
   epoch 3:  38(SW) -> 21(gpu)   volume = 0.042393
   epoch 3:  39(SW) ->  4(gpu)   volume = 0.345014
   epoch 3:  39(SW) -> 26(gpu)   volume = 0.023283
   epoch 3:  39(SW) -> 27(gpu)   volume = 0.631704

-- source 21 --
   epoch 0:  21(gpu) -> 32(SW)   volume = 1.0
   epoch 0:  21(gpu) -> 33(SW)   volume = 1.0
   epoch 0:  21(gpu) -> 34(SW)   volume = 1.0
   epoch 0:  21(gpu) -> 35(SW)   volume = 1.0
   epoch 0:  21(gpu) -> 36(SW)   volume = 1.0
   epoch 0:  21(gpu) -> 37(SW)   volume = 1.0
   epoch 0:  21(gpu) -> 38(SW)   volume = 1.0
   epoch 0:  21(gpu) -> 39(SW)   volume = 1.0
   epoch 0:  32(SW) -> 11(gpu)   volume = 0.096205
   epoch 0:  32(SW) -> 14(gpu)   volume = 0.903795
   epoch 0:  33(SW) ->  5(gpu)   volume = 0.463942
   epoch 0:  33(SW) ->  6(gpu)   volume = 0.246213
   epoch 0:  33(SW) -> 20(gpu)   volume = 0.289845
   epoch 0:  34(SW) ->  5(gpu)   volume = 0.536058
   epoch 0:  34(SW) -> 19(gpu)   volume = 0.463942
   epoch 0:  35(SW) ->  1(gpu)   volume = 0.124935
   epoch 0:  35(SW) ->  2(gpu)   volume = 0.805688
   epoch 0:  35(SW) -> 24(gpu)   volume = 0.068705
   epoch 0:  35(SW) -> 30(gpu)   volume = 0.000672
   epoch 0:  36(SW) ->  2(gpu)   volume = 0.194312
   epoch 0:  36(SW) -> 14(gpu)   volume = 0.096205
   epoch 0:  36(SW) -> 20(gpu)   volume = 0.709483
   epoch 0:  37(SW) ->  0(gpu)   volume = 0.641205
   epoch 0:  37(SW) -> 16(gpu)   volume = 0.358795
   epoch 0:  38(SW) ->  8(gpu)   volume = 0.602672
   epoch 0:  38(SW) ->  9(gpu)   volume = 0.329936
   epoch 0:  38(SW) -> 22(gpu)   volume = 0.067393
   epoch 0:  39(SW) -> 20(gpu)   volume = 0.000672
   epoch 0:  39(SW) -> 30(gpu)   volume = 0.999328
   epoch 1:  21(gpu) -> 32(SW)   volume = 1.0
   epoch 1:  21(gpu) -> 33(SW)   volume = 1.0
   epoch 1:  21(gpu) -> 34(SW)   volume = 1.0
   epoch 1:  21(gpu) -> 35(SW)   volume = 1.0
   epoch 1:  21(gpu) -> 36(SW)   volume = 1.0
   epoch 1:  21(gpu) -> 37(SW)   volume = 1.0
   epoch 1:  21(gpu) -> 38(SW)   volume = 1.0
   epoch 1:  21(gpu) -> 39(SW)   volume = 1.0
   epoch 1:  32(SW) -> 17(gpu)   volume = 0.627696
   epoch 1:  32(SW) -> 26(gpu)   volume = 0.372304
   epoch 1:  33(SW) -> 17(gpu)   volume = 0.372304
   epoch 1:  33(SW) -> 18(gpu)   volume = 0.627696
   epoch 1:  34(SW) -> 18(gpu)   volume = 0.372304
   epoch 1:  34(SW) -> 26(gpu)   volume = 0.627696
   epoch 1:  35(SW) ->  4(gpu)   volume = 0.982321
   epoch 1:  35(SW) -> 12(gpu)   volume = 0.017679
   epoch 1:  36(SW) ->  6(gpu)   volume = 0.013827
   epoch 1:  36(SW) -> 13(gpu)   volume = 0.722242
   epoch 1:  36(SW) -> 29(gpu)   volume = 0.263931
   epoch 1:  37(SW) -> 11(gpu)   volume = 0.633559
   epoch 1:  37(SW) -> 29(gpu)   volume = 0.366441
   epoch 1:  38(SW) -> 11(gpu)   volume = 0.252123
   epoch 1:  38(SW) -> 19(gpu)   volume = 0.536058
   epoch 1:  38(SW) -> 29(gpu)   volume = 0.211819
   epoch 1:  39(SW) ->  6(gpu)   volume = 0.564433
   epoch 1:  39(SW) -> 13(gpu)   volume = 0.277758
   epoch 1:  39(SW) -> 29(gpu)   volume = 0.15781
   epoch 2:  21(gpu) -> 32(SW)   volume = 1.0
   epoch 2:  21(gpu) -> 33(SW)   volume = 1.0
   epoch 2:  21(gpu) -> 34(SW)   volume = 1.0
   epoch 2:  21(gpu) -> 35(SW)   volume = 1.0
   epoch 2:  21(gpu) -> 36(SW)   volume = 1.0
   epoch 2:  21(gpu) -> 37(SW)   volume = 1.0
   epoch 2:  21(gpu) -> 38(SW)   volume = 1.0
   epoch 2:  21(gpu) -> 39(SW)   volume = 1.0
   epoch 2:  32(SW) ->  7(gpu)   volume = 0.016133
   epoch 2:  32(SW) -> 28(gpu)   volume = 0.983867
   epoch 2:  33(SW) ->  6(gpu)   volume = 0.168289
   epoch 2:  33(SW) ->  7(gpu)   volume = 0.00198
   epoch 2:  33(SW) ->  9(gpu)   volume = 0.670064
   epoch 2:  33(SW) -> 16(gpu)   volume = 0.123143
   epoch 2:  33(SW) -> 24(gpu)   volume = 0.036523
   epoch 2:  34(SW) -> 10(gpu)   volume = 0.939846
   epoch 2:  34(SW) -> 15(gpu)   volume = 0.060154
   epoch 2:  35(SW) ->  1(gpu)   volume = 0.011583
   epoch 2:  35(SW) -> 27(gpu)   volume = 0.988417
   epoch 2:  36(SW) ->  3(gpu)   volume = 1.0
   epoch 2:  37(SW) -> 12(gpu)   volume = 0.864765
   epoch 2:  37(SW) -> 16(gpu)   volume = 0.135235
   epoch 2:  38(SW) -> 25(gpu)   volume = 1.0
   epoch 2:  39(SW) ->  1(gpu)   volume = 0.863482
   epoch 2:  39(SW) ->  4(gpu)   volume = 0.017679
   epoch 2:  39(SW) -> 12(gpu)   volume = 0.034437
   epoch 2:  39(SW) -> 16(gpu)   volume = 0.056686
   epoch 2:  39(SW) -> 27(gpu)   volume = 0.011583
   epoch 2:  39(SW) -> 28(gpu)   volume = 0.016133
   epoch 3:  21(gpu) -> 32(SW)   volume = 1.0
   epoch 3:  21(gpu) -> 33(SW)   volume = 1.0
   epoch 3:  21(gpu) -> 34(SW)   volume = 1.0
   epoch 3:  21(gpu) -> 35(SW)   volume = 1.0
   epoch 3:  21(gpu) -> 36(SW)   volume = 1.0
   epoch 3:  21(gpu) -> 37(SW)   volume = 1.0
   epoch 3:  21(gpu) -> 38(SW)   volume = 1.0
   epoch 3:  32(SW) -> 31(gpu)   volume = 1.0
   epoch 3:  33(SW) -> 15(gpu)   volume = 0.38176
   epoch 3:  33(SW) -> 24(gpu)   volume = 0.61824
   epoch 3:  34(SW) -> 10(gpu)   volume = 0.060154
   epoch 3:  34(SW) -> 23(gpu)   volume = 0.939846
   epoch 3:  35(SW) ->  0(gpu)   volume = 0.358795
   epoch 3:  35(SW) -> 12(gpu)   volume = 0.083119
   epoch 3:  35(SW) -> 15(gpu)   volume = 0.558086
   epoch 3:  36(SW) ->  7(gpu)   volume = 0.981888
   epoch 3:  36(SW) -> 11(gpu)   volume = 0.018112
   epoch 3:  37(SW) ->  6(gpu)   volume = 0.007238
   epoch 3:  37(SW) -> 22(gpu)   volume = 0.932607
   epoch 3:  37(SW) -> 23(gpu)   volume = 0.060154
   epoch 3:  38(SW) ->  8(gpu)   volume = 0.397328
   epoch 3:  38(SW) -> 16(gpu)   volume = 0.32614
   epoch 3:  38(SW) -> 24(gpu)   volume = 0.276531

-- source 22 --
   epoch 0:  22(gpu) -> 32(SW)   volume = 1.0
   epoch 0:  22(gpu) -> 33(SW)   volume = 1.0
   epoch 0:  22(gpu) -> 34(SW)   volume = 1.0
   epoch 0:  22(gpu) -> 35(SW)   volume = 1.0
   epoch 0:  22(gpu) -> 36(SW)   volume = 1.0
   epoch 0:  22(gpu) -> 37(SW)   volume = 1.0
   epoch 0:  22(gpu) -> 38(SW)   volume = 1.0
   epoch 0:  22(gpu) -> 39(SW)   volume = 1.0
   epoch 0:  32(SW) -> 30(gpu)   volume = 1.0
   epoch 0:  33(SW) ->  4(gpu)   volume = 0.055187
   epoch 0:  33(SW) -> 15(gpu)   volume = 0.944813
   epoch 0:  34(SW) -> 18(gpu)   volume = 0.038079
   epoch 0:  34(SW) -> 20(gpu)   volume = 0.255089
   epoch 0:  34(SW) -> 21(gpu)   volume = 0.074022
   epoch 0:  34(SW) -> 29(gpu)   volume = 0.632809
   epoch 0:  35(SW) -> 14(gpu)   volume = 1.0
   epoch 0:  36(SW) ->  3(gpu)   volume = 0.779645
   epoch 0:  36(SW) ->  4(gpu)   volume = 0.220355
   epoch 0:  37(SW) ->  1(gpu)   volume = 0.954727
   epoch 0:  37(SW) -> 21(gpu)   volume = 0.045273
   epoch 0:  38(SW) -> 13(gpu)   volume = 1.0
   epoch 0:  39(SW) -> 19(gpu)   volume = 1.0
   epoch 1:  22(gpu) -> 32(SW)   volume = 1.0
   epoch 1:  22(gpu) -> 33(SW)   volume = 1.0
   epoch 1:  22(gpu) -> 34(SW)   volume = 1.0
   epoch 1:  22(gpu) -> 35(SW)   volume = 1.0
   epoch 1:  22(gpu) -> 36(SW)   volume = 1.0
   epoch 1:  22(gpu) -> 37(SW)   volume = 1.0
   epoch 1:  22(gpu) -> 38(SW)   volume = 1.0
   epoch 1:  22(gpu) -> 39(SW)   volume = 1.0
   epoch 1:  32(SW) -> 17(gpu)   volume = 0.368825
   epoch 1:  32(SW) -> 25(gpu)   volume = 0.402419
   epoch 1:  32(SW) -> 28(gpu)   volume = 0.228756
   epoch 1:  33(SW) -> 11(gpu)   volume = 0.500744
   epoch 1:  33(SW) -> 12(gpu)   volume = 0.499256
   epoch 1:  34(SW) ->  9(gpu)   volume = 0.610868
   epoch 1:  34(SW) -> 12(gpu)   volume = 0.264249
   epoch 1:  34(SW) -> 21(gpu)   volume = 0.124883
   epoch 1:  35(SW) -> 27(gpu)   volume = 1.0
   epoch 1:  36(SW) ->  5(gpu)   volume = 0.206766
   epoch 1:  36(SW) ->  9(gpu)   volume = 0.022555
   epoch 1:  36(SW) -> 17(gpu)   volume = 0.308668
   epoch 1:  36(SW) -> 28(gpu)   volume = 0.09482
   epoch 1:  36(SW) -> 29(gpu)   volume = 0.367191
   epoch 1:  37(SW) -> 12(gpu)   volume = 0.001069
   epoch 1:  37(SW) -> 23(gpu)   volume = 0.998931
   epoch 1:  38(SW) -> 17(gpu)   volume = 0.322507
   epoch 1:  38(SW) -> 23(gpu)   volume = 0.001069
   epoch 1:  38(SW) -> 28(gpu)   volume = 0.676424
   epoch 1:  39(SW) ->  5(gpu)   volume = 0.134167
   epoch 1:  39(SW) ->  9(gpu)   volume = 0.366577
   epoch 1:  39(SW) -> 11(gpu)   volume = 0.499256
   epoch 2:  22(gpu) -> 32(SW)   volume = 1.0
   epoch 2:  22(gpu) -> 33(SW)   volume = 1.0
   epoch 2:  22(gpu) -> 34(SW)   volume = 1.0
   epoch 2:  22(gpu) -> 35(SW)   volume = 1.0
   epoch 2:  22(gpu) -> 36(SW)   volume = 1.0
   epoch 2:  22(gpu) -> 37(SW)   volume = 1.0
   epoch 2:  22(gpu) -> 38(SW)   volume = 1.0
   epoch 2:  22(gpu) -> 39(SW)   volume = 1.0
   epoch 2:  32(SW) ->  3(gpu)   volume = 0.220355
   epoch 2:  32(SW) ->  8(gpu)   volume = 0.779645
   epoch 2:  33(SW) ->  5(gpu)   volume = 0.034734
   epoch 2:  33(SW) ->  8(gpu)   volume = 0.220355
   epoch 2:  33(SW) -> 20(gpu)   volume = 0.744911
   epoch 2:  34(SW) ->  0(gpu)   volume = 1.0
   epoch 2:  35(SW) -> 12(gpu)   volume = 0.235425
   epoch 2:  35(SW) -> 18(gpu)   volume = 0.764575
   epoch 2:  36(SW) ->  6(gpu)   volume = 1.0
   epoch 2:  37(SW) -> 16(gpu)   volume = 0.402419
   epoch 2:  37(SW) -> 25(gpu)   volume = 0.597581
   epoch 2:  38(SW) -> 31(gpu)   volume = 1.0
   epoch 2:  39(SW) ->  2(gpu)   volume = 1.0
   epoch 3:  22(gpu) -> 32(SW)   volume = 1.0
   epoch 3:  22(gpu) -> 33(SW)   volume = 1.0
   epoch 3:  22(gpu) -> 34(SW)   volume = 1.0
   epoch 3:  22(gpu) -> 35(SW)   volume = 1.0
   epoch 3:  22(gpu) -> 36(SW)   volume = 1.0
   epoch 3:  22(gpu) -> 37(SW)   volume = 1.0
   epoch 3:  22(gpu) -> 38(SW)   volume = 1.0
   epoch 3:  32(SW) ->  7(gpu)   volume = 0.037075
   epoch 3:  32(SW) -> 26(gpu)   volume = 0.962925
   epoch 3:  33(SW) ->  7(gpu)   volume = 0.27299
   epoch 3:  33(SW) -> 10(gpu)   volume = 0.671822
   epoch 3:  33(SW) -> 15(gpu)   volume = 0.055187
   epoch 3:  34(SW) ->  7(gpu)   volume = 0.671822
   epoch 3:  34(SW) -> 10(gpu)   volume = 0.328178
   epoch 3:  35(SW) ->  1(gpu)   volume = 0.045273
   epoch 3:  35(SW) ->  5(gpu)   volume = 0.280507
   epoch 3:  35(SW) -> 16(gpu)   volume = 0.597581
   epoch 3:  35(SW) -> 24(gpu)   volume = 0.039563
   epoch 3:  35(SW) -> 26(gpu)   volume = 0.037075
   epoch 3:  36(SW) ->  7(gpu)   volume = 0.018112
   epoch 3:  36(SW) -> 18(gpu)   volume = 0.133151
   epoch 3:  36(SW) -> 21(gpu)   volume = 0.755821
   epoch 3:  36(SW) -> 24(gpu)   volume = 0.092916
   epoch 3:  37(SW) ->  5(gpu)   volume = 0.343826
   epoch 3:  37(SW) -> 18(gpu)   volume = 0.064195
   epoch 3:  37(SW) -> 24(gpu)   volume = 0.591979
   epoch 3:  38(SW) ->  4(gpu)   volume = 0.724458
   epoch 3:  38(SW) -> 24(gpu)   volume = 0.275542

-- source 23 --
   epoch 0:  23(gpu) -> 32(SW)   volume = 1.0
   epoch 0:  23(gpu) -> 33(SW)   volume = 1.0
   epoch 0:  23(gpu) -> 34(SW)   volume = 1.0
   epoch 0:  23(gpu) -> 35(SW)   volume = 1.0
   epoch 0:  23(gpu) -> 36(SW)   volume = 1.0
   epoch 0:  23(gpu) -> 37(SW)   volume = 1.0
   epoch 0:  23(gpu) -> 38(SW)   volume = 1.0
   epoch 0:  23(gpu) -> 39(SW)   volume = 1.0
   epoch 0:  32(SW) ->  5(gpu)   volume = 0.789119
   epoch 0:  32(SW) -> 25(gpu)   volume = 0.210881
   epoch 0:  33(SW) ->  1(gpu)   volume = 0.407141
   epoch 0:  33(SW) -> 13(gpu)   volume = 0.00097
   epoch 0:  33(SW) -> 25(gpu)   volume = 0.591889
   epoch 0:  34(SW) ->  1(gpu)   volume = 0.381924
   epoch 0:  34(SW) -> 19(gpu)   volume = 0.104356
   epoch 0:  34(SW) -> 20(gpu)   volume = 0.51372
   epoch 0:  35(SW) -> 13(gpu)   volume = 0.99903
   epoch 0:  35(SW) -> 25(gpu)   volume = 0.00097
   epoch 0:  36(SW) -> 10(gpu)   volume = 1.0
   epoch 0:  37(SW) ->  4(gpu)   volume = 0.80374
   epoch 0:  37(SW) -> 25(gpu)   volume = 0.19626
   epoch 0:  38(SW) -> 24(gpu)   volume = 1.0
   epoch 0:  39(SW) ->  1(gpu)   volume = 0.210934
   epoch 0:  39(SW) -> 11(gpu)   volume = 0.256893
   epoch 0:  39(SW) -> 12(gpu)   volume = 0.532173
   epoch 1:  23(gpu) -> 32(SW)   volume = 1.0
   epoch 1:  23(gpu) -> 33(SW)   volume = 1.0
   epoch 1:  23(gpu) -> 34(SW)   volume = 1.0
   epoch 1:  23(gpu) -> 35(SW)   volume = 1.0
   epoch 1:  23(gpu) -> 36(SW)   volume = 1.0
   epoch 1:  23(gpu) -> 37(SW)   volume = 1.0
   epoch 1:  23(gpu) -> 38(SW)   volume = 1.0
   epoch 1:  23(gpu) -> 39(SW)   volume = 1.0
   epoch 1:  32(SW) ->  7(gpu)   volume = 0.550534
   epoch 1:  32(SW) -> 26(gpu)   volume = 0.449466
   epoch 1:  33(SW) ->  8(gpu)   volume = 0.587966
   epoch 1:  33(SW) -> 17(gpu)   volume = 0.093199
   epoch 1:  33(SW) -> 19(gpu)   volume = 0.065715
   epoch 1:  33(SW) -> 28(gpu)   volume = 0.253119
   epoch 1:  34(SW) -> 18(gpu)   volume = 0.351138
   epoch 1:  34(SW) -> 21(gpu)   volume = 0.648862
   epoch 1:  35(SW) ->  0(gpu)   volume = 0.013534
   epoch 1:  35(SW) ->  8(gpu)   volume = 0.002409
   epoch 1:  35(SW) -> 18(gpu)   volume = 0.648862
   epoch 1:  35(SW) -> 29(gpu)   volume = 0.335194
   epoch 1:  36(SW) ->  6(gpu)   volume = 0.427302
   epoch 1:  36(SW) -> 14(gpu)   volume = 0.088604
   epoch 1:  36(SW) -> 19(gpu)   volume = 0.484094
   epoch 1:  37(SW) -> 14(gpu)   volume = 0.253119
   epoch 1:  37(SW) -> 28(gpu)   volume = 0.746881
   epoch 1:  38(SW) ->  0(gpu)   volume = 0.078451
   epoch 1:  38(SW) -> 19(gpu)   volume = 0.000345
   epoch 1:  38(SW) -> 22(gpu)   volume = 0.921204
   epoch 1:  39(SW) ->  0(gpu)   volume = 0.012425
   epoch 1:  39(SW) ->  5(gpu)   volume = 0.210881
   epoch 1:  39(SW) -> 19(gpu)   volume = 0.34549
   epoch 1:  39(SW) -> 21(gpu)   volume = 0.351138
   epoch 1:  39(SW) -> 22(gpu)   volume = 0.078796
   epoch 1:  39(SW) -> 26(gpu)   volume = 0.001269
   epoch 2:  23(gpu) -> 32(SW)   volume = 1.0
   epoch 2:  23(gpu) -> 33(SW)   volume = 1.0
   epoch 2:  23(gpu) -> 34(SW)   volume = 1.0
   epoch 2:  23(gpu) -> 35(SW)   volume = 1.0
   epoch 2:  23(gpu) -> 36(SW)   volume = 1.0
   epoch 2:  23(gpu) -> 37(SW)   volume = 1.0
   epoch 2:  23(gpu) -> 38(SW)   volume = 1.0
   epoch 2:  23(gpu) -> 39(SW)   volume = 1.0
   epoch 2:  32(SW) -> 14(gpu)   volume = 0.646615
   epoch 2:  32(SW) -> 26(gpu)   volume = 0.353385
   epoch 2:  33(SW) -> 27(gpu)   volume = 1.0
   epoch 2:  34(SW) ->  3(gpu)   volume = 0.043466
   epoch 2:  34(SW) ->  6(gpu)   volume = 0.572698
   epoch 2:  34(SW) -> 12(gpu)   volume = 0.209854
   epoch 2:  34(SW) -> 16(gpu)   volume = 0.116375
   epoch 2:  34(SW) -> 26(gpu)   volume = 0.057606
   epoch 2:  35(SW) ->  3(gpu)   volume = 0.954549
   epoch 2:  35(SW) -> 26(gpu)   volume = 0.045451
   epoch 2:  36(SW) ->  2(gpu)   volume = 0.699752
   epoch 2:  36(SW) -> 11(gpu)   volume = 0.207425
   epoch 2:  36(SW) -> 26(gpu)   volume = 0.092823
   epoch 2:  37(SW) -> 14(gpu)   volume = 0.011661
   epoch 2:  37(SW) -> 15(gpu)   volume = 0.988339
   epoch 2:  38(SW) ->  2(gpu)   volume = 0.300248
   epoch 2:  38(SW) ->  3(gpu)   volume = 0.001985
   epoch 2:  38(SW) ->  4(gpu)   volume = 0.19626
   epoch 2:  38(SW) ->  7(gpu)   volume = 0.240959
   epoch 2:  38(SW) -> 12(gpu)   volume = 0.257973
   epoch 2:  38(SW) -> 29(gpu)   volume = 0.002575
   epoch 2:  39(SW) -> 16(gpu)   volume = 0.883625
   epoch 2:  39(SW) -> 29(gpu)   volume = 0.116375
   epoch 3:  23(gpu) -> 32(SW)   volume = 1.0
   epoch 3:  23(gpu) -> 33(SW)   volume = 0.949105
   epoch 3:  23(gpu) -> 34(SW)   volume = 1.0
   epoch 3:  23(gpu) -> 35(SW)   volume = 1.0
   epoch 3:  23(gpu) -> 36(SW)   volume = 0.050895
   epoch 3:  23(gpu) -> 37(SW)   volume = 1.0
   epoch 3:  23(gpu) -> 38(SW)   volume = 1.0
   epoch 3:  23(gpu) -> 39(SW)   volume = 1.0
   epoch 3:  32(SW) ->  9(gpu)   volume = 1.0
   epoch 3:  33(SW) -> 11(gpu)   volume = 0.030643
   epoch 3:  33(SW) -> 15(gpu)   volume = 0.011661
   epoch 3:  33(SW) -> 17(gpu)   volume = 0.906801
   epoch 3:  34(SW) -> 11(gpu)   volume = 0.454145
   epoch 3:  34(SW) -> 29(gpu)   volume = 0.545855
   epoch 3:  35(SW) -> 30(gpu)   volume = 1.0
   epoch 3:  36(SW) -> 11(gpu)   volume = 0.050895
   epoch 3:  37(SW) -> 31(gpu)   volume = 1.0
   epoch 3:  38(SW) ->  0(gpu)   volume = 0.590376
   epoch 3:  38(SW) ->  8(gpu)   volume = 0.409624
   epoch 3:  39(SW) ->  0(gpu)   volume = 0.305214
   epoch 3:  39(SW) ->  7(gpu)   volume = 0.208507
   epoch 3:  39(SW) -> 20(gpu)   volume = 0.48628

-- source 24 --
   epoch 0:  24(gpu) -> 32(SW)   volume = 1.0
   epoch 0:  24(gpu) -> 33(SW)   volume = 1.0
   epoch 0:  24(gpu) -> 34(SW)   volume = 1.0
   epoch 0:  24(gpu) -> 35(SW)   volume = 1.0
   epoch 0:  24(gpu) -> 36(SW)   volume = 1.0
   epoch 0:  24(gpu) -> 37(SW)   volume = 1.0
   epoch 0:  24(gpu) -> 38(SW)   volume = 1.0
   epoch 0:  24(gpu) -> 39(SW)   volume = 1.0
   epoch 0:  32(SW) -> 29(gpu)   volume = 1.0
   epoch 0:  33(SW) ->  7(gpu)   volume = 1.0
   epoch 0:  34(SW) ->  3(gpu)   volume = 0.00055
   epoch 0:  34(SW) ->  8(gpu)   volume = 0.685164
   epoch 0:  34(SW) -> 11(gpu)   volume = 0.314286
   epoch 0:  35(SW) -> 21(gpu)   volume = 1.0
   epoch 0:  36(SW) ->  5(gpu)   volume = 1.0
   epoch 0:  37(SW) -> 10(gpu)   volume = 1.0
   epoch 0:  38(SW) ->  0(gpu)   volume = 1.0
   epoch 0:  39(SW) ->  3(gpu)   volume = 0.198804
   epoch 0:  39(SW) -> 18(gpu)   volume = 0.801196
   epoch 1:  24(gpu) -> 32(SW)   volume = 1.0
   epoch 1:  24(gpu) -> 33(SW)   volume = 1.0
   epoch 1:  24(gpu) -> 34(SW)   volume = 1.0
   epoch 1:  24(gpu) -> 35(SW)   volume = 1.0
   epoch 1:  24(gpu) -> 36(SW)   volume = 1.0
   epoch 1:  24(gpu) -> 37(SW)   volume = 1.0
   epoch 1:  24(gpu) -> 38(SW)   volume = 1.0
   epoch 1:  24(gpu) -> 39(SW)   volume = 1.0
   epoch 1:  32(SW) -> 14(gpu)   volume = 0.802316
   epoch 1:  32(SW) -> 16(gpu)   volume = 0.114949
   epoch 1:  32(SW) -> 26(gpu)   volume = 0.001269
   epoch 1:  32(SW) -> 27(gpu)   volume = 0.081466
   epoch 1:  33(SW) ->  1(gpu)   volume = 0.000736
   epoch 1:  33(SW) ->  3(gpu)   volume = 0.114213
   epoch 1:  33(SW) -> 16(gpu)   volume = 0.885051
   epoch 1:  34(SW) ->  1(gpu)   volume = 0.299601
   epoch 1:  34(SW) -> 11(gpu)   volume = 0.685714
   epoch 1:  34(SW) -> 22(gpu)   volume = 0.014685
   epoch 1:  35(SW) -> 19(gpu)   volume = 1.0
   epoch 1:  36(SW) ->  3(gpu)   volume = 0.686434
   epoch 1:  36(SW) ->  8(gpu)   volume = 0.313566
   epoch 1:  37(SW) ->  9(gpu)   volume = 0.802316
   epoch 1:  37(SW) -> 14(gpu)   volume = 0.197684
   epoch 1:  38(SW) ->  9(gpu)   volume = 0.197684
   epoch 1:  38(SW) -> 22(gpu)   volume = 0.078796
   epoch 1:  38(SW) -> 28(gpu)   volume = 0.139046
   epoch 1:  38(SW) -> 31(gpu)   volume = 0.584473
   epoch 1:  39(SW) ->  8(gpu)   volume = 0.001269
   epoch 1:  39(SW) -> 26(gpu)   volume = 0.998731
   epoch 2:  24(gpu) -> 32(SW)   volume = 1.0
   epoch 2:  24(gpu) -> 33(SW)   volume = 1.0
   epoch 2:  24(gpu) -> 34(SW)   volume = 1.0
   epoch 2:  24(gpu) -> 35(SW)   volume = 1.0
   epoch 2:  24(gpu) -> 36(SW)   volume = 1.0
   epoch 2:  24(gpu) -> 37(SW)   volume = 1.0
   epoch 2:  24(gpu) -> 38(SW)   volume = 1.0
   epoch 2:  24(gpu) -> 39(SW)   volume = 1.0
   epoch 2:  32(SW) -> 30(gpu)   volume = 1.0
   epoch 2:  33(SW) ->  6(gpu)   volume = 0.744911
   epoch 2:  33(SW) -> 20(gpu)   volume = 0.255089
   epoch 2:  34(SW) -> 25(gpu)   volume = 1.0
   epoch 2:  35(SW) -> 13(gpu)   volume = 1.0
   epoch 2:  36(SW) -> 23(gpu)   volume = 1.0
   epoch 2:  37(SW) ->  4(gpu)   volume = 1.0
   epoch 2:  38(SW) ->  2(gpu)   volume = 0.699752
   epoch 2:  38(SW) ->  6(gpu)   volume = 0.255089
   epoch 2:  38(SW) -> 22(gpu)   volume = 0.045159
   epoch 2:  39(SW) -> 15(gpu)   volume = 1.0
   epoch 3:  24(gpu) -> 32(SW)   volume = 1.0
   epoch 3:  24(gpu) -> 34(SW)   volume = 1.0
   epoch 3:  24(gpu) -> 35(SW)   volume = 1.0
   epoch 3:  24(gpu) -> 36(SW)   volume = 1.0
   epoch 3:  24(gpu) -> 37(SW)   volume = 1.0
   epoch 3:  24(gpu) -> 38(SW)   volume = 1.0
   epoch 3:  24(gpu) -> 39(SW)   volume = 1.0
   epoch 3:  32(SW) -> 12(gpu)   volume = 1.0
   epoch 3:  34(SW) -> 17(gpu)   volume = 1.0
   epoch 3:  35(SW) ->  1(gpu)   volume = 0.699663
   epoch 3:  35(SW) -> 20(gpu)   volume = 0.300337
   epoch 3:  36(SW) -> 18(gpu)   volume = 0.198804
   epoch 3:  36(SW) -> 27(gpu)   volume = 0.801196
   epoch 3:  37(SW) -> 22(gpu)   volume = 0.021709
   epoch 3:  37(SW) -> 27(gpu)   volume = 0.117338
   epoch 3:  37(SW) -> 28(gpu)   volume = 0.860954
   epoch 3:  38(SW) ->  2(gpu)   volume = 0.300248
   epoch 3:  38(SW) -> 20(gpu)   volume = 0.284225
   epoch 3:  38(SW) -> 31(gpu)   volume = 0.415527
   epoch 3:  39(SW) -> 20(gpu)   volume = 0.16035
   epoch 3:  39(SW) -> 22(gpu)   volume = 0.83965

-- source 25 --
   epoch 0:  25(gpu) -> 32(SW)   volume = 1.0
   epoch 0:  25(gpu) -> 33(SW)   volume = 1.0
   epoch 0:  25(gpu) -> 34(SW)   volume = 1.0
   epoch 0:  25(gpu) -> 35(SW)   volume = 1.0
   epoch 0:  25(gpu) -> 36(SW)   volume = 1.0
   epoch 0:  25(gpu) -> 37(SW)   volume = 1.0
   epoch 0:  25(gpu) -> 38(SW)   volume = 1.0
   epoch 0:  25(gpu) -> 39(SW)   volume = 1.0
   epoch 0:  32(SW) -> 11(gpu)   volume = 0.001335
   epoch 0:  32(SW) -> 22(gpu)   volume = 0.951275
   epoch 0:  32(SW) -> 28(gpu)   volume = 0.04739
   epoch 0:  33(SW) ->  6(gpu)   volume = 0.035561
   epoch 0:  33(SW) -> 18(gpu)   volume = 0.964439
   epoch 0:  34(SW) ->  6(gpu)   volume = 0.632809
   epoch 0:  34(SW) -> 29(gpu)   volume = 0.367191
   epoch 0:  35(SW) ->  6(gpu)   volume = 0.33163
   epoch 0:  35(SW) -> 24(gpu)   volume = 0.66837
   epoch 0:  36(SW) -> 24(gpu)   volume = 0.33163
   epoch 0:  36(SW) -> 26(gpu)   volume = 0.66837
   epoch 0:  37(SW) -> 11(gpu)   volume = 0.998665
   epoch 0:  37(SW) -> 29(gpu)   volume = 0.001335
   epoch 0:  38(SW) -> 19(gpu)   volume = 1.0
   epoch 0:  39(SW) -> 22(gpu)   volume = 0.048725
   epoch 0:  39(SW) -> 26(gpu)   volume = 0.33163
   epoch 0:  39(SW) -> 29(gpu)   volume = 0.619645
   epoch 1:  25(gpu) -> 32(SW)   volume = 1.0
   epoch 1:  25(gpu) -> 33(SW)   volume = 1.0
   epoch 1:  25(gpu) -> 34(SW)   volume = 1.0
   epoch 1:  25(gpu) -> 35(SW)   volume = 1.0
   epoch 1:  25(gpu) -> 36(SW)   volume = 1.0
   epoch 1:  25(gpu) -> 37(SW)   volume = 1.0
   epoch 1:  25(gpu) -> 38(SW)   volume = 1.0
   epoch 1:  25(gpu) -> 39(SW)   volume = 1.0
   epoch 1:  32(SW) -> 21(gpu)   volume = 0.418266
   epoch 1:  32(SW) -> 23(gpu)   volume = 0.059531
   epoch 1:  32(SW) -> 27(gpu)   volume = 0.092389
   epoch 1:  32(SW) -> 31(gpu)   volume = 0.429815
   epoch 1:  33(SW) -> 14(gpu)   volume = 0.867002
   epoch 1:  33(SW) -> 17(gpu)   volume = 0.132998
   epoch 1:  34(SW) -> 12(gpu)   volume = 0.735751
   epoch 1:  34(SW) -> 31(gpu)   volume = 0.264249
   epoch 1:  35(SW) -> 14(gpu)   volume = 0.132998
   epoch 1:  35(SW) -> 17(gpu)   volume = 0.07842
   epoch 1:  35(SW) -> 21(gpu)   volume = 0.581734
   epoch 1:  35(SW) -> 30(gpu)   volume = 0.193889
   epoch 1:  35(SW) -> 31(gpu)   volume = 0.012958
   epoch 1:  36(SW) ->  1(gpu)   volume = 0.664936
   epoch 1:  36(SW) -> 23(gpu)   volume = 0.335064
   epoch 1:  37(SW) ->  1(gpu)   volume = 0.123645
   epoch 1:  37(SW) ->  8(gpu)   volume = 0.751849
   epoch 1:  37(SW) -> 10(gpu)   volume = 0.124506
   epoch 1:  38(SW) ->  5(gpu)   volume = 1.0
   epoch 1:  39(SW) ->  1(gpu)   volume = 0.211419
   epoch 1:  39(SW) -> 17(gpu)   volume = 0.788581
   epoch 2:  25(gpu) -> 32(SW)   volume = 1.0
   epoch 2:  25(gpu) -> 33(SW)   volume = 1.0
   epoch 2:  25(gpu) -> 34(SW)   volume = 1.0
   epoch 2:  25(gpu) -> 35(SW)   volume = 1.0
   epoch 2:  25(gpu) -> 36(SW)   volume = 1.0
   epoch 2:  25(gpu) -> 37(SW)   volume = 1.0
   epoch 2:  25(gpu) -> 38(SW)   volume = 1.0
   epoch 2:  25(gpu) -> 39(SW)   volume = 1.0
   epoch 2:  32(SW) ->  0(gpu)   volume = 0.590376
   epoch 2:  32(SW) ->  3(gpu)   volume = 0.181943
   epoch 2:  32(SW) ->  7(gpu)   volume = 0.13552
   epoch 2:  32(SW) -> 18(gpu)   volume = 0.035561
   epoch 2:  32(SW) -> 27(gpu)   volume = 0.040468
   epoch 2:  32(SW) -> 28(gpu)   volume = 0.016133
   epoch 2:  33(SW) ->  3(gpu)   volume = 0.818057
   epoch 2:  33(SW) ->  8(gpu)   volume = 0.054262
   epoch 2:  33(SW) -> 13(gpu)   volume = 0.127681
   epoch 2:  34(SW) -> 20(gpu)   volume = 1.0
   epoch 2:  35(SW) ->  7(gpu)   volume = 0.86448
   epoch 2:  35(SW) -> 10(gpu)   volume = 0.00686
   epoch 2:  35(SW) -> 23(gpu)   volume = 0.128659
   epoch 2:  36(SW) -> 27(gpu)   volume = 0.063522
   epoch 2:  36(SW) -> 28(gpu)   volume = 0.936478
   epoch 2:  37(SW) ->  8(gpu)   volume = 0.193889
   epoch 2:  37(SW) -> 30(gpu)   volume = 0.806111
   epoch 2:  38(SW) -> 12(gpu)   volume = 0.196379
   epoch 2:  38(SW) -> 27(gpu)   volume = 0.803621
   epoch 2:  39(SW) -> 10(gpu)   volume = 0.127681
   epoch 2:  39(SW) -> 13(gpu)   volume = 0.872319
   epoch 3:  25(gpu) -> 33(SW)   volume = 1.0
   epoch 3:  25(gpu) -> 34(SW)   volume = 1.0
   epoch 3:  25(gpu) -> 35(SW)   volume = 1.0
   epoch 3:  25(gpu) -> 36(SW)   volume = 1.0
   epoch 3:  25(gpu) -> 37(SW)   volume = 1.0
   epoch 3:  25(gpu) -> 38(SW)   volume = 1.0
   epoch 3:  25(gpu) -> 39(SW)   volume = 1.0
   epoch 3:  33(SW) ->  9(gpu)   volume = 1.0
   epoch 3:  34(SW) ->  2(gpu)   volume = 0.631034
   epoch 3:  34(SW) -> 12(gpu)   volume = 0.004006
   epoch 3:  34(SW) -> 23(gpu)   volume = 0.060154
   epoch 3:  34(SW) -> 29(gpu)   volume = 0.011829
   epoch 3:  34(SW) -> 31(gpu)   volume = 0.292977
   epoch 3:  35(SW) ->  4(gpu)   volume = 1.0
   epoch 3:  36(SW) ->  2(gpu)   volume = 0.237873
   epoch 3:  36(SW) -> 10(gpu)   volume = 0.698262
   epoch 3:  36(SW) -> 12(gpu)   volume = 0.063865
   epoch 3:  37(SW) -> 10(gpu)   volume = 0.04269
   epoch 3:  37(SW) -> 16(gpu)   volume = 0.747541
   epoch 3:  37(SW) -> 23(gpu)   volume = 0.209769
   epoch 3:  38(SW) ->  0(gpu)   volume = 0.409624
   epoch 3:  38(SW) ->  2(gpu)   volume = 0.131094
   epoch 3:  38(SW) -> 16(gpu)   volume = 0.252459
   epoch 3:  38(SW) -> 23(gpu)   volume = 0.206823
   epoch 3:  39(SW) -> 15(gpu)   volume = 1.0

-- source 26 --
   epoch 0:  26(gpu) -> 32(SW)   volume = 1.0
   epoch 0:  26(gpu) -> 33(SW)   volume = 1.0
   epoch 0:  26(gpu) -> 34(SW)   volume = 1.0
   epoch 0:  26(gpu) -> 35(SW)   volume = 1.0
   epoch 0:  26(gpu) -> 36(SW)   volume = 1.0
   epoch 0:  26(gpu) -> 37(SW)   volume = 1.0
   epoch 0:  26(gpu) -> 38(SW)   volume = 1.0
   epoch 0:  26(gpu) -> 39(SW)   volume = 1.0
   epoch 0:  32(SW) ->  2(gpu)   volume = 0.2876
   epoch 0:  32(SW) ->  5(gpu)   volume = 0.11137
   epoch 0:  32(SW) -> 10(gpu)   volume = 0.245725
   epoch 0:  32(SW) -> 13(gpu)   volume = 0.321121
   epoch 0:  32(SW) -> 20(gpu)   volume = 0.032849
   epoch 0:  32(SW) -> 27(gpu)   volume = 0.001335
   epoch 0:  33(SW) -> 10(gpu)   volume = 0.262924
   epoch 0:  33(SW) -> 24(gpu)   volume = 0.737076
   epoch 0:  34(SW) -> 30(gpu)   volume = 1.0
   epoch 0:  35(SW) ->  1(gpu)   volume = 0.029049
   epoch 0:  35(SW) -> 23(gpu)   volume = 0.708027
   epoch 0:  35(SW) -> 24(gpu)   volume = 0.262924
   epoch 0:  36(SW) -> 27(gpu)   volume = 0.998665
   epoch 0:  36(SW) -> 29(gpu)   volume = 0.001335
   epoch 0:  37(SW) ->  7(gpu)   volume = 0.001335
   epoch 0:  37(SW) -> 29(gpu)   volume = 0.998665
   epoch 0:  38(SW) ->  2(gpu)   volume = 0.493964
   epoch 0:  38(SW) ->  8(gpu)   volume = 0.014685
   epoch 0:  38(SW) -> 10(gpu)   volume = 0.491351
   epoch 0:  39(SW) ->  0(gpu)   volume = 1.0
   epoch 1:  26(gpu) -> 32(SW)   volume = 1.0
   epoch 1:  26(gpu) -> 33(SW)   volume = 1.0
   epoch 1:  26(gpu) -> 34(SW)   volume = 1.0
   epoch 1:  26(gpu) -> 35(SW)   volume = 1.0
   epoch 1:  26(gpu) -> 36(SW)   volume = 1.0
   epoch 1:  26(gpu) -> 37(SW)   volume = 1.0
   epoch 1:  26(gpu) -> 38(SW)   volume = 1.0
   epoch 1:  26(gpu) -> 39(SW)   volume = 1.0
   epoch 1:  32(SW) -> 20(gpu)   volume = 0.967151
   epoch 1:  32(SW) -> 21(gpu)   volume = 0.032849
   epoch 1:  33(SW) ->  4(gpu)   volume = 1.0
   epoch 1:  34(SW) ->  8(gpu)   volume = 0.985315
   epoch 1:  34(SW) -> 21(gpu)   volume = 0.014685
   epoch 1:  35(SW) ->  3(gpu)   volume = 1.0
   epoch 1:  36(SW) ->  7(gpu)   volume = 0.17881
   epoch 1:  36(SW) -> 11(gpu)   volume = 0.044665
   epoch 1:  36(SW) -> 15(gpu)   volume = 0.66944
   epoch 1:  36(SW) -> 21(gpu)   volume = 0.107086
   epoch 1:  37(SW) -> 15(gpu)   volume = 0.15462
   epoch 1:  37(SW) -> 21(gpu)   volume = 0.84538
   epoch 1:  38(SW) ->  7(gpu)   volume = 0.819855
   epoch 1:  38(SW) -> 11(gpu)   volume = 0.004205
   epoch 1:  38(SW) -> 15(gpu)   volume = 0.17594
   epoch 1:  39(SW) ->  1(gpu)   volume = 0.641085
   epoch 1:  39(SW) -> 11(gpu)   volume = 0.03824
   epoch 1:  39(SW) -> 31(gpu)   volume = 0.320675
   epoch 2:  26(gpu) -> 32(SW)   volume = 1.0
   epoch 2:  26(gpu) -> 33(SW)   volume = 1.0
   epoch 2:  26(gpu) -> 34(SW)   volume = 1.0
   epoch 2:  26(gpu) -> 35(SW)   volume = 1.0
   epoch 2:  26(gpu) -> 36(SW)   volume = 1.0
   epoch 2:  26(gpu) -> 37(SW)   volume = 1.0
   epoch 2:  26(gpu) -> 38(SW)   volume = 1.0
   epoch 2:  26(gpu) -> 39(SW)   volume = 1.0
   epoch 2:  32(SW) -> 16(gpu)   volume = 1.0
   epoch 2:  33(SW) ->  9(gpu)   volume = 0.285759
   epoch 2:  33(SW) -> 11(gpu)   volume = 0.121891
   epoch 2:  33(SW) -> 12(gpu)   volume = 0.432019
   epoch 2:  33(SW) -> 19(gpu)   volume = 0.160331
   epoch 2:  34(SW) -> 13(gpu)   volume = 0.320675
   epoch 2:  34(SW) -> 31(gpu)   volume = 0.679325
   epoch 2:  35(SW) ->  1(gpu)   volume = 0.327488
   epoch 2:  35(SW) -> 19(gpu)   volume = 0.672512
   epoch 2:  36(SW) -> 18(gpu)   volume = 1.0
   epoch 2:  37(SW) -> 17(gpu)   volume = 1.0
   epoch 2:  38(SW) -> 11(gpu)   volume = 0.790999
   epoch 2:  38(SW) -> 12(gpu)   volume = 0.078084
   epoch 2:  38(SW) -> 13(gpu)   volume = 0.130917
   epoch 2:  39(SW) ->  6(gpu)   volume = 1.0
   epoch 3:  26(gpu) -> 32(SW)   volume = 1.0
   epoch 3:  26(gpu) -> 33(SW)   volume = 1.0
   epoch 3:  26(gpu) -> 34(SW)   volume = 1.0
   epoch 3:  26(gpu) -> 35(SW)   volume = 1.0
   epoch 3:  26(gpu) -> 36(SW)   volume = 1.0
   epoch 3:  26(gpu) -> 38(SW)   volume = 1.0
   epoch 3:  26(gpu) -> 39(SW)   volume = 1.0
   epoch 3:  32(SW) -> 22(gpu)   volume = 1.0
   epoch 3:  33(SW) ->  2(gpu)   volume = 0.218436
   epoch 3:  33(SW) -> 12(gpu)   volume = 0.053817
   epoch 3:  33(SW) -> 23(gpu)   volume = 0.291973
   epoch 3:  33(SW) -> 28(gpu)   volume = 0.435774
   epoch 3:  34(SW) -> 12(gpu)   volume = 0.43608
   epoch 3:  34(SW) -> 14(gpu)   volume = 0.56392
   epoch 3:  35(SW) ->  5(gpu)   volume = 0.719493
   epoch 3:  35(SW) -> 14(gpu)   volume = 0.280507
   epoch 3:  36(SW) -> 25(gpu)   volume = 1.0
   epoch 3:  38(SW) ->  1(gpu)   volume = 0.002378
   epoch 3:  38(SW) ->  9(gpu)   volume = 0.714241
   epoch 3:  38(SW) -> 13(gpu)   volume = 0.227288
   epoch 3:  38(SW) -> 14(gpu)   volume = 0.056094
   epoch 3:  39(SW) ->  5(gpu)   volume = 0.169137
   epoch 3:  39(SW) -> 14(gpu)   volume = 0.09948
   epoch 3:  39(SW) -> 19(gpu)   volume = 0.167157
   epoch 3:  39(SW) -> 28(gpu)   volume = 0.564226

-- source 27 --
   epoch 0:  27(gpu) -> 32(SW)   volume = 1.0
   epoch 0:  27(gpu) -> 33(SW)   volume = 1.0
   epoch 0:  27(gpu) -> 34(SW)   volume = 1.0
   epoch 0:  27(gpu) -> 35(SW)   volume = 1.0
   epoch 0:  27(gpu) -> 36(SW)   volume = 1.0
   epoch 0:  27(gpu) -> 37(SW)   volume = 1.0
   epoch 0:  27(gpu) -> 38(SW)   volume = 1.0
   epoch 0:  27(gpu) -> 39(SW)   volume = 1.0
   epoch 0:  32(SW) ->  8(gpu)   volume = 0.015437
   epoch 0:  32(SW) -> 12(gpu)   volume = 0.839102
   epoch 0:  32(SW) -> 16(gpu)   volume = 0.145462
   epoch 0:  33(SW) ->  1(gpu)   volume = 0.009732
   epoch 0:  33(SW) ->  8(gpu)   volume = 0.984563
   epoch 0:  33(SW) -> 30(gpu)   volume = 0.005705
   epoch 0:  34(SW) ->  7(gpu)   volume = 0.296624
   epoch 0:  34(SW) ->  9(gpu)   volume = 0.542477
   epoch 0:  34(SW) -> 12(gpu)   volume = 0.160898
   epoch 0:  35(SW) ->  1(gpu)   volume = 0.013856
   epoch 0:  35(SW) -> 16(gpu)   volume = 0.594602
   epoch 0:  35(SW) -> 26(gpu)   volume = 0.391542
   epoch 0:  36(SW) -> 16(gpu)   volume = 0.005705
   epoch 0:  36(SW) -> 30(gpu)   volume = 0.994295
   epoch 0:  37(SW) -> 16(gpu)   volume = 0.254231
   epoch 0:  37(SW) -> 17(gpu)   volume = 0.703376
   epoch 0:  37(SW) -> 21(gpu)   volume = 0.042393
   epoch 0:  38(SW) ->  7(gpu)   volume = 0.703376
   epoch 0:  38(SW) -> 17(gpu)   volume = 0.296624
   epoch 0:  39(SW) ->  3(gpu)   volume = 0.224876
   epoch 0:  39(SW) -> 15(gpu)   volume = 0.775124
   epoch 1:  27(gpu) -> 32(SW)   volume = 1.0
   epoch 1:  27(gpu) -> 33(SW)   volume = 1.0
   epoch 1:  27(gpu) -> 34(SW)   volume = 1.0
   epoch 1:  27(gpu) -> 35(SW)   volume = 1.0
   epoch 1:  27(gpu) -> 36(SW)   volume = 1.0
   epoch 1:  27(gpu) -> 37(SW)   volume = 1.0
   epoch 1:  27(gpu) -> 38(SW)   volume = 1.0
   epoch 1:  27(gpu) -> 39(SW)   volume = 1.0
   epoch 1:  32(SW) -> 23(gpu)   volume = 0.415934
   epoch 1:  32(SW) -> 25(gpu)   volume = 0.584066
   epoch 1:  33(SW) -> 20(gpu)   volume = 0.806736
   epoch 1:  33(SW) -> 25(gpu)   volume = 0.193264
   epoch 1:  34(SW) -> 10(gpu)   volume = 0.108646
   epoch 1:  34(SW) -> 13(gpu)   volume = 0.169831
   epoch 1:  34(SW) -> 18(gpu)   volume = 0.124785
   epoch 1:  34(SW) -> 19(gpu)   volume = 0.167157
   epoch 1:  34(SW) -> 20(gpu)   volume = 0.193264
   epoch 1:  34(SW) -> 29(gpu)   volume = 0.199793
   epoch 1:  34(SW) -> 31(gpu)   volume = 0.036523
   epoch 1:  35(SW) ->  0(gpu)   volume = 0.986466
   epoch 1:  35(SW) -> 28(gpu)   volume = 0.013534
   epoch 1:  36(SW) -> 28(gpu)   volume = 0.788931
   epoch 1:  36(SW) -> 29(gpu)   volume = 0.211069
   epoch 1:  37(SW) -> 10(gpu)   volume = 0.124785
   epoch 1:  37(SW) -> 18(gpu)   volume = 0.875215
   epoch 1:  38(SW) ->  4(gpu)   volume = 0.286206
   epoch 1:  38(SW) -> 13(gpu)   volume = 0.713794
   epoch 1:  39(SW) -> 10(gpu)   volume = 0.019316
   epoch 1:  39(SW) -> 23(gpu)   volume = 0.584066
   epoch 1:  39(SW) -> 25(gpu)   volume = 0.199083
   epoch 1:  39(SW) -> 28(gpu)   volume = 0.197535
   epoch 2:  27(gpu) -> 32(SW)   volume = 1.0
   epoch 2:  27(gpu) -> 33(SW)   volume = 1.0
   epoch 2:  27(gpu) -> 34(SW)   volume = 1.0
   epoch 2:  27(gpu) -> 35(SW)   volume = 1.0
   epoch 2:  27(gpu) -> 36(SW)   volume = 1.0
   epoch 2:  27(gpu) -> 37(SW)   volume = 1.0
   epoch 2:  27(gpu) -> 38(SW)   volume = 1.0
   epoch 2:  27(gpu) -> 39(SW)   volume = 1.0
   epoch 2:  32(SW) ->  2(gpu)   volume = 0.078024
   epoch 2:  32(SW) ->  4(gpu)   volume = 0.713794
   epoch 2:  32(SW) -> 14(gpu)   volume = 0.050717
   epoch 2:  32(SW) -> 24(gpu)   volume = 0.157466
   epoch 2:  33(SW) ->  5(gpu)   volume = 0.036523
   epoch 2:  33(SW) -> 31(gpu)   volume = 0.963477
   epoch 2:  34(SW) ->  6(gpu)   volume = 0.143753
   epoch 2:  34(SW) ->  9(gpu)   volume = 0.457523
   epoch 2:  34(SW) -> 15(gpu)   volume = 0.224876
   epoch 2:  34(SW) -> 24(gpu)   volume = 0.173849
   epoch 2:  35(SW) -> 11(gpu)   volume = 0.414826
   epoch 2:  35(SW) -> 26(gpu)   volume = 0.585174
   epoch 2:  36(SW) -> 11(gpu)   volume = 0.539602
   epoch 2:  36(SW) -> 29(gpu)   volume = 0.460398
   epoch 2:  37(SW) ->  1(gpu)   volume = 0.976412
   epoch 2:  37(SW) -> 25(gpu)   volume = 0.023587
   epoch 2:  37(SW) -> 26(gpu)   volume = 1e-06
   epoch 2:  38(SW) ->  5(gpu)   volume = 0.963477
   epoch 2:  38(SW) -> 22(gpu)   volume = 0.01324
   epoch 2:  38(SW) -> 26(gpu)   volume = 0.023283
   epoch 2:  39(SW) -> 14(gpu)   volume = 0.949283
   epoch 2:  39(SW) -> 29(gpu)   volume = 0.050717
   epoch 3:  27(gpu) -> 32(SW)   volume = 1.0
   epoch 3:  27(gpu) -> 33(SW)   volume = 1.0
   epoch 3:  27(gpu) -> 35(SW)   volume = 1.0
   epoch 3:  27(gpu) -> 36(SW)   volume = 1.0
   epoch 3:  27(gpu) -> 37(SW)   volume = 1.0
   epoch 3:  27(gpu) -> 38(SW)   volume = 1.0
   epoch 3:  27(gpu) -> 39(SW)   volume = 1.0
   epoch 3:  32(SW) ->  6(gpu)   volume = 0.856247
   epoch 3:  32(SW) -> 10(gpu)   volume = 0.143753
   epoch 3:  33(SW) ->  3(gpu)   volume = 0.687012
   epoch 3:  33(SW) -> 10(gpu)   volume = 0.142329
   epoch 3:  33(SW) -> 22(gpu)   volume = 0.17066
   epoch 3:  35(SW) ->  0(gpu)   volume = 0.013534
   epoch 3:  35(SW) ->  3(gpu)   volume = 0.058535
   epoch 3:  35(SW) -> 10(gpu)   volume = 0.117041
   epoch 3:  35(SW) -> 22(gpu)   volume = 0.81089
   epoch 3:  36(SW) ->  3(gpu)   volume = 0.029577
   epoch 3:  36(SW) -> 10(gpu)   volume = 0.301738
   epoch 3:  36(SW) -> 24(gpu)   volume = 0.668685
   epoch 3:  37(SW) ->  2(gpu)   volume = 0.921976
   epoch 3:  37(SW) -> 29(gpu)   volume = 0.078024
   epoch 3:  38(SW) -> 10(gpu)   volume = 0.042393
   epoch 3:  38(SW) -> 21(gpu)   volume = 0.957607
   epoch 3:  39(SW) -> 11(gpu)   volume = 0.045572
   epoch 3:  39(SW) -> 13(gpu)   volume = 0.116375
   epoch 3:  39(SW) -> 19(gpu)   volume = 0.832843
   epoch 3:  39(SW) -> 22(gpu)   volume = 0.00521

-- source 28 --
   epoch 0:  28(gpu) -> 32(SW)   volume = 1.0
   epoch 0:  28(gpu) -> 33(SW)   volume = 1.0
   epoch 0:  28(gpu) -> 34(SW)   volume = 1.0
   epoch 0:  28(gpu) -> 35(SW)   volume = 1.0
   epoch 0:  28(gpu) -> 36(SW)   volume = 1.0
   epoch 0:  28(gpu) -> 37(SW)   volume = 1.0
   epoch 0:  28(gpu) -> 38(SW)   volume = 1.0
   epoch 0:  28(gpu) -> 39(SW)   volume = 1.0
   epoch 0:  32(SW) -> 26(gpu)   volume = 1.0
   epoch 0:  33(SW) -> 13(gpu)   volume = 0.005705
   epoch 0:  33(SW) -> 30(gpu)   volume = 0.994295
   epoch 0:  34(SW) ->  1(gpu)   volume = 0.618076
   epoch 0:  34(SW) -> 13(gpu)   volume = 0.381924
   epoch 0:  35(SW) ->  0(gpu)   volume = 0.045274
   epoch 0:  35(SW) ->  9(gpu)   volume = 0.947669
   epoch 0:  35(SW) -> 13(gpu)   volume = 0.00097
   epoch 0:  35(SW) -> 23(gpu)   volume = 0.000382
   epoch 0:  35(SW) -> 30(gpu)   volume = 0.005705
   epoch 0:  36(SW) ->  1(gpu)   volume = 0.310649
   epoch 0:  36(SW) ->  7(gpu)   volume = 0.220355
   epoch 0:  36(SW) -> 27(gpu)   volume = 0.001335
   epoch 0:  36(SW) -> 29(gpu)   volume = 0.467661
   epoch 0:  37(SW) -> 18(gpu)   volume = 1.0
   epoch 0:  38(SW) -> 23(gpu)   volume = 0.999618
   epoch 0:  38(SW) -> 27(gpu)   volume = 0.000382
   epoch 0:  39(SW) ->  1(gpu)   volume = 0.071276
   epoch 0:  39(SW) ->  3(gpu)   volume = 0.084956
   epoch 0:  39(SW) ->  9(gpu)   volume = 0.052331
   epoch 0:  39(SW) -> 13(gpu)   volume = 0.411082
   epoch 0:  39(SW) -> 29(gpu)   volume = 0.380355
   epoch 1:  28(gpu) -> 32(SW)   volume = 1.0
   epoch 1:  28(gpu) -> 33(SW)   volume = 1.0
   epoch 1:  28(gpu) -> 34(SW)   volume = 1.0
   epoch 1:  28(gpu) -> 35(SW)   volume = 1.0
   epoch 1:  28(gpu) -> 36(SW)   volume = 1.0
   epoch 1:  28(gpu) -> 37(SW)   volume = 1.0
   epoch 1:  28(gpu) -> 38(SW)   volume = 1.0
   epoch 1:  28(gpu) -> 39(SW)   volume = 1.0
   epoch 1:  32(SW) -> 22(gpu)   volume = 0.957181
   epoch 1:  32(SW) -> 27(gpu)   volume = 0.042819
   epoch 1:  33(SW) ->  5(gpu)   volume = 0.300625
   epoch 1:  33(SW) -> 10(gpu)   volume = 0.635168
   epoch 1:  33(SW) -> 25(gpu)   volume = 0.064207
   epoch 1:  34(SW) ->  3(gpu)   volume = 0.915044
   epoch 1:  34(SW) -> 19(gpu)   volume = 0.084956
   epoch 1:  35(SW) ->  5(gpu)   volume = 0.518651
   epoch 1:  35(SW) -> 12(gpu)   volume = 0.281031
   epoch 1:  35(SW) -> 13(gpu)   volume = 0.200318
   epoch 1:  36(SW) ->  5(gpu)   volume = 0.180724
   epoch 1:  36(SW) ->  6(gpu)   volume = 0.30337
   epoch 1:  36(SW) -> 19(gpu)   volume = 0.515906
   epoch 1:  37(SW) -> 12(gpu)   volume = 0.718969
   epoch 1:  37(SW) -> 19(gpu)   volume = 0.281031
   epoch 1:  38(SW) ->  2(gpu)   volume = 0.066223
   epoch 1:  38(SW) ->  6(gpu)   volume = 0.69663
   epoch 1:  38(SW) -> 15(gpu)   volume = 0.11904
   epoch 1:  38(SW) -> 19(gpu)   volume = 0.118108
   epoch 1:  39(SW) ->  0(gpu)   volume = 0.954726
   epoch 1:  39(SW) -> 22(gpu)   volume = 0.042819
   epoch 1:  39(SW) -> 25(gpu)   volume = 0.002455
   epoch 2:  28(gpu) -> 32(SW)   volume = 1.0
   epoch 2:  28(gpu) -> 33(SW)   volume = 1.0
   epoch 2:  28(gpu) -> 34(SW)   volume = 1.0
   epoch 2:  28(gpu) -> 35(SW)   volume = 1.0
   epoch 2:  28(gpu) -> 36(SW)   volume = 1.0
   epoch 2:  28(gpu) -> 37(SW)   volume = 1.0
   epoch 2:  28(gpu) -> 38(SW)   volume = 1.0
   epoch 2:  28(gpu) -> 39(SW)   volume = 1.0
   epoch 2:  32(SW) ->  7(gpu)   volume = 0.779645
   epoch 2:  32(SW) ->  8(gpu)   volume = 0.220355
   epoch 2:  33(SW) ->  8(gpu)   volume = 0.642003
   epoch 2:  33(SW) -> 14(gpu)   volume = 0.205644
   epoch 2:  33(SW) -> 25(gpu)   volume = 0.152353
   epoch 2:  34(SW) -> 14(gpu)   volume = 0.794356
   epoch 2:  34(SW) -> 24(gpu)   volume = 0.205644
   epoch 2:  35(SW) ->  2(gpu)   volume = 0.933777
   epoch 2:  35(SW) ->  8(gpu)   volume = 0.066223
   epoch 2:  36(SW) ->  8(gpu)   volume = 0.050554
   epoch 2:  36(SW) -> 10(gpu)   volume = 0.35578
   epoch 2:  36(SW) -> 31(gpu)   volume = 0.593665
   epoch 2:  37(SW) -> 20(gpu)   volume = 1.0
   epoch 2:  38(SW) -> 17(gpu)   volume = 1.0
   epoch 2:  39(SW) ->  8(gpu)   volume = 0.020865
   epoch 2:  39(SW) -> 24(gpu)   volume = 0.794356
   epoch 2:  39(SW) -> 27(gpu)   volume = 0.184779
   epoch 3:  28(gpu) -> 32(SW)   volume = 1.0
   epoch 3:  28(gpu) -> 33(SW)   volume = 1.0
   epoch 3:  28(gpu) -> 34(SW)   volume = 1.0
   epoch 3:  28(gpu) -> 35(SW)   volume = 1.0
   epoch 3:  28(gpu) -> 37(SW)   volume = 1.0
   epoch 3:  28(gpu) -> 38(SW)   volume = 1.0
   epoch 3:  28(gpu) -> 39(SW)   volume = 1.0
   epoch 3:  32(SW) -> 15(gpu)   volume = 0.88096
   epoch 3:  32(SW) -> 27(gpu)   volume = 0.11904
   epoch 3:  33(SW) -> 16(gpu)   volume = 1.0
   epoch 3:  34(SW) -> 25(gpu)   volume = 0.780985
   epoch 3:  34(SW) -> 27(gpu)   volume = 0.219015
   epoch 3:  35(SW) -> 11(gpu)   volume = 1.0
   epoch 3:  37(SW) ->  4(gpu)   volume = 1.0
   epoch 3:  38(SW) -> 10(gpu)   volume = 0.009051
   epoch 3:  38(SW) -> 27(gpu)   volume = 0.43263
   epoch 3:  38(SW) -> 29(gpu)   volume = 0.151984
   epoch 3:  38(SW) -> 31(gpu)   volume = 0.406335
   epoch 3:  39(SW) -> 21(gpu)   volume = 1.0

-- source 29 --
   epoch 0:  29(gpu) -> 32(SW)   volume = 1.0
   epoch 0:  29(gpu) -> 33(SW)   volume = 1.0
   epoch 0:  29(gpu) -> 34(SW)   volume = 1.0
   epoch 0:  29(gpu) -> 35(SW)   volume = 1.0
   epoch 0:  29(gpu) -> 36(SW)   volume = 1.0
   epoch 0:  29(gpu) -> 37(SW)   volume = 1.0
   epoch 0:  29(gpu) -> 38(SW)   volume = 1.0
   epoch 0:  29(gpu) -> 39(SW)   volume = 1.0
   epoch 0:  32(SW) ->  9(gpu)   volume = 1.0
   epoch 0:  33(SW) ->  4(gpu)   volume = 0.006238
   epoch 0:  33(SW) ->  5(gpu)   volume = 0.536058
   epoch 0:  33(SW) -> 12(gpu)   volume = 0.143418
   epoch 0:  33(SW) -> 21(gpu)   volume = 0.314286
   epoch 0:  34(SW) ->  4(gpu)   volume = 0.660536
   epoch 0:  34(SW) -> 12(gpu)   volume = 0.339464
   epoch 0:  35(SW) ->  2(gpu)   volume = 0.194312
   epoch 0:  35(SW) -> 26(gpu)   volume = 0.370594
   epoch 0:  35(SW) -> 30(gpu)   volume = 0.435095
   epoch 0:  36(SW) ->  2(gpu)   volume = 0.710695
   epoch 0:  36(SW) -> 26(gpu)   volume = 0.289305
   epoch 0:  37(SW) ->  5(gpu)   volume = 0.001188
   epoch 0:  37(SW) ->  6(gpu)   volume = 0.488583
   epoch 0:  37(SW) -> 12(gpu)   volume = 0.510229
   epoch 0:  38(SW) ->  2(gpu)   volume = 0.094993
   epoch 0:  38(SW) ->  5(gpu)   volume = 0.337271
   epoch 0:  38(SW) ->  8(gpu)   volume = 0.265866
   epoch 0:  38(SW) -> 21(gpu)   volume = 0.283528
   epoch 0:  38(SW) -> 22(gpu)   volume = 0.018341
   epoch 0:  39(SW) ->  4(gpu)   volume = 0.003232
   epoch 0:  39(SW) ->  8(gpu)   volume = 0.734134
   epoch 0:  39(SW) -> 12(gpu)   volume = 0.006888
   epoch 0:  39(SW) -> 21(gpu)   volume = 0.221568
   epoch 0:  39(SW) -> 26(gpu)   volume = 0.034179
   epoch 1:  29(gpu) -> 32(SW)   volume = 1.0
   epoch 1:  29(gpu) -> 33(SW)   volume = 1.0
   epoch 1:  29(gpu) -> 34(SW)   volume = 1.0
   epoch 1:  29(gpu) -> 35(SW)   volume = 1.0
   epoch 1:  29(gpu) -> 36(SW)   volume = 1.0
   epoch 1:  29(gpu) -> 37(SW)   volume = 1.0
   epoch 1:  29(gpu) -> 38(SW)   volume = 1.0
   epoch 1:  29(gpu) -> 39(SW)   volume = 1.0
   epoch 1:  32(SW) -> 11(gpu)   volume = 0.127681
   epoch 1:  32(SW) -> 16(gpu)   volume = 0.872319
   epoch 1:  33(SW) -> 11(gpu)   volume = 0.081947
   epoch 1:  33(SW) -> 21(gpu)   volume = 0.180617
   epoch 1:  33(SW) -> 23(gpu)   volume = 0.535898
   epoch 1:  33(SW) -> 25(gpu)   volume = 0.201538
   epoch 1:  34(SW) ->  7(gpu)   volume = 0.951784
   epoch 1:  34(SW) -> 30(gpu)   volume = 0.048216
   epoch 1:  35(SW) -> 14(gpu)   volume = 0.227808
   epoch 1:  35(SW) -> 22(gpu)   volume = 0.255502
   epoch 1:  35(SW) -> 30(gpu)   volume = 0.51669
   epoch 1:  36(SW) -> 10(gpu)   volume = 0.996438
   epoch 1:  36(SW) -> 14(gpu)   volume = 0.003562
   epoch 1:  37(SW) -> 11(gpu)   volume = 0.020724
   epoch 1:  37(SW) -> 22(gpu)   volume = 0.726157
   epoch 1:  37(SW) -> 28(gpu)   volume = 0.253119
   epoch 1:  38(SW) -> 11(gpu)   volume = 0.001069
   epoch 1:  38(SW) -> 14(gpu)   volume = 0.534828
   epoch 1:  38(SW) -> 23(gpu)   volume = 0.464102
   epoch 1:  39(SW) -> 10(gpu)   volume = 0.003562
   epoch 1:  39(SW) -> 14(gpu)   volume = 0.197976
   epoch 1:  39(SW) -> 25(gpu)   volume = 0.798462
   epoch 2:  29(gpu) -> 32(SW)   volume = 1.0
   epoch 2:  29(gpu) -> 33(SW)   volume = 1.0
   epoch 2:  29(gpu) -> 34(SW)   volume = 1.0
   epoch 2:  29(gpu) -> 35(SW)   volume = 1.0
   epoch 2:  29(gpu) -> 36(SW)   volume = 1.0
   epoch 2:  29(gpu) -> 37(SW)   volume = 1.0
   epoch 2:  29(gpu) -> 38(SW)   volume = 1.0
   epoch 2:  29(gpu) -> 39(SW)   volume = 1.0
   epoch 2:  32(SW) ->  3(gpu)   volume = 0.001985
   epoch 2:  32(SW) ->  4(gpu)   volume = 0.002657
   epoch 2:  32(SW) -> 14(gpu)   volume = 0.035826
   epoch 2:  32(SW) -> 27(gpu)   volume = 0.959532
   epoch 2:  33(SW) -> 13(gpu)   volume = 0.872319
   epoch 2:  33(SW) -> 16(gpu)   volume = 0.127681
   epoch 2:  34(SW) ->  7(gpu)   volume = 0.04087
   epoch 2:  34(SW) -> 13(gpu)   volume = 0.127681
   epoch 2:  34(SW) -> 15(gpu)   volume = 0.327338
   epoch 2:  34(SW) -> 27(gpu)   volume = 0.040468
   epoch 2:  34(SW) -> 28(gpu)   volume = 0.463644
   epoch 2:  35(SW) ->  4(gpu)   volume = 0.327338
   epoch 2:  35(SW) -> 15(gpu)   volume = 0.672662
   epoch 2:  36(SW) ->  1(gpu)   volume = 1.0
   epoch 2:  37(SW) -> 31(gpu)   volume = 1.0
   epoch 2:  38(SW) ->  3(gpu)   volume = 0.998015
   epoch 2:  38(SW) -> 24(gpu)   volume = 0.001985
   epoch 2:  39(SW) -> 18(gpu)   volume = 1.0
   epoch 3:  29(gpu) -> 32(SW)   volume = 1.0
   epoch 3:  29(gpu) -> 33(SW)   volume = 1.0
   epoch 3:  29(gpu) -> 35(SW)   volume = 1.0
   epoch 3:  29(gpu) -> 36(SW)   volume = 1.0
   epoch 3:  29(gpu) -> 37(SW)   volume = 1.0
   epoch 3:  29(gpu) -> 38(SW)   volume = 1.0
   epoch 3:  29(gpu) -> 39(SW)   volume = 1.0
   epoch 3:  32(SW) -> 20(gpu)   volume = 1.0
   epoch 3:  33(SW) -> 19(gpu)   volume = 1.0
   epoch 3:  35(SW) ->  0(gpu)   volume = 0.18266
   epoch 3:  35(SW) ->  6(gpu)   volume = 0.511417
   epoch 3:  35(SW) -> 26(gpu)   volume = 0.305923
   epoch 3:  36(SW) ->  0(gpu)   volume = 0.81734
   epoch 3:  36(SW) -> 11(gpu)   volume = 0.18266
   epoch 3:  37(SW) -> 17(gpu)   volume = 1.0
   epoch 3:  38(SW) -> 11(gpu)   volume = 0.585918
   epoch 3:  38(SW) -> 24(gpu)   volume = 0.414082
   epoch 3:  39(SW) ->  5(gpu)   volume = 0.125484
   epoch 3:  39(SW) ->  7(gpu)   volume = 0.007346
   epoch 3:  39(SW) -> 24(gpu)   volume = 0.583934
   epoch 3:  39(SW) -> 28(gpu)   volume = 0.283236

-- source 30 --
   epoch 0:  30(gpu) -> 32(SW)   volume = 1.0
   epoch 0:  30(gpu) -> 33(SW)   volume = 1.0
   epoch 0:  30(gpu) -> 34(SW)   volume = 1.0
   epoch 0:  30(gpu) -> 35(SW)   volume = 1.0
   epoch 0:  30(gpu) -> 36(SW)   volume = 1.0
   epoch 0:  30(gpu) -> 37(SW)   volume = 1.0
   epoch 0:  30(gpu) -> 38(SW)   volume = 1.0
   epoch 0:  30(gpu) -> 39(SW)   volume = 1.0
   epoch 0:  32(SW) ->  0(gpu)   volume = 0.843442
   epoch 0:  32(SW) -> 25(gpu)   volume = 0.156558
   epoch 0:  33(SW) -> 11(gpu)   volume = 0.278361
   epoch 0:  33(SW) -> 25(gpu)   volume = 0.408111
   epoch 0:  33(SW) -> 27(gpu)   volume = 0.313528
   epoch 0:  34(SW) ->  5(gpu)   volume = 0.313528
   epoch 0:  34(SW) -> 27(gpu)   volume = 0.686472
   epoch 0:  35(SW) -> 25(gpu)   volume = 0.141215
   epoch 0:  35(SW) -> 31(gpu)   volume = 0.858785
   epoch 0:  36(SW) ->  0(gpu)   volume = 0.156558
   epoch 0:  36(SW) ->  6(gpu)   volume = 0.361889
   epoch 0:  36(SW) -> 19(gpu)   volume = 0.306307
   epoch 0:  36(SW) -> 25(gpu)   volume = 0.034031
   epoch 0:  36(SW) -> 31(gpu)   volume = 0.141215
   epoch 0:  37(SW) ->  9(gpu)   volume = 1.0
   epoch 0:  38(SW) -> 29(gpu)   volume = 1.0
   epoch 0:  39(SW) ->  6(gpu)   volume = 0.638111
   epoch 0:  39(SW) ->  7(gpu)   volume = 0.046586
   epoch 0:  39(SW) -> 11(gpu)   volume = 0.055219
   epoch 0:  39(SW) -> 25(gpu)   volume = 0.260084
   epoch 1:  30(gpu) -> 32(SW)   volume = 1.0
   epoch 1:  30(gpu) -> 33(SW)   volume = 1.0
   epoch 1:  30(gpu) -> 34(SW)   volume = 1.0
   epoch 1:  30(gpu) -> 35(SW)   volume = 1.0
   epoch 1:  30(gpu) -> 36(SW)   volume = 1.0
   epoch 1:  30(gpu) -> 37(SW)   volume = 1.0
   epoch 1:  30(gpu) -> 38(SW)   volume = 1.0
   epoch 1:  30(gpu) -> 39(SW)   volume = 1.0
   epoch 1:  32(SW) ->  1(gpu)   volume = 0.842205
   epoch 1:  32(SW) -> 19(gpu)   volume = 0.157795
   epoch 1:  33(SW) -> 19(gpu)   volume = 0.535898
   epoch 1:  33(SW) -> 23(gpu)   volume = 0.464102
   epoch 1:  34(SW) ->  1(gpu)   volume = 0.121615
   epoch 1:  34(SW) ->  4(gpu)   volume = 0.878385
   epoch 1:  35(SW) -> 16(gpu)   volume = 0.986337
   epoch 1:  35(SW) -> 28(gpu)   volume = 0.013663
   epoch 1:  36(SW) -> 11(gpu)   volume = 0.464102
   epoch 1:  36(SW) -> 23(gpu)   volume = 0.535898
   epoch 1:  37(SW) -> 24(gpu)   volume = 1.0
   epoch 1:  38(SW) ->  1(gpu)   volume = 0.03618
   epoch 1:  38(SW) ->  2(gpu)   volume = 0.004064
   epoch 1:  38(SW) ->  4(gpu)   volume = 0.121615
   epoch 1:  38(SW) -> 15(gpu)   volume = 0.083094
   epoch 1:  38(SW) -> 17(gpu)   volume = 0.677493
   epoch 1:  38(SW) -> 20(gpu)   volume = 0.077554
   epoch 1:  39(SW) ->  2(gpu)   volume = 0.995936
   epoch 1:  39(SW) -> 11(gpu)   volume = 0.004064
   epoch 2:  30(gpu) -> 32(SW)   volume = 1.0
   epoch 2:  30(gpu) -> 33(SW)   volume = 1.0
   epoch 2:  30(gpu) -> 34(SW)   volume = 1.0
   epoch 2:  30(gpu) -> 35(SW)   volume = 1.0
   epoch 2:  30(gpu) -> 36(SW)   volume = 1.0
   epoch 2:  30(gpu) -> 37(SW)   volume = 1.0
   epoch 2:  30(gpu) -> 38(SW)   volume = 1.0
   epoch 2:  30(gpu) -> 39(SW)   volume = 1.0
   epoch 2:  32(SW) -> 13(gpu)   volume = 1.0
   epoch 2:  33(SW) ->  5(gpu)   volume = 0.188637
   epoch 2:  33(SW) -> 10(gpu)   volume = 0.130976
   epoch 2:  33(SW) -> 12(gpu)   volume = 0.567981
   epoch 2:  33(SW) -> 14(gpu)   volume = 0.098743
   epoch 2:  33(SW) -> 16(gpu)   volume = 0.013663
   epoch 2:  34(SW) -> 18(gpu)   volume = 0.130976
   epoch 2:  34(SW) -> 26(gpu)   volume = 0.869024
   epoch 2:  35(SW) -> 10(gpu)   volume = 0.869024
   epoch 2:  35(SW) -> 26(gpu)   volume = 0.130976
   epoch 2:  36(SW) -> 11(gpu)   volume = 0.050554
   epoch 2:  36(SW) -> 22(gpu)   volume = 0.949446
   epoch 2:  37(SW) -> 14(gpu)   volume = 0.223764
   epoch 2:  37(SW) -> 18(gpu)   volume = 0.776236
   epoch 2:  38(SW) -> 15(gpu)   volume = 0.916906
   epoch 2:  38(SW) -> 18(gpu)   volume = 0.03254
   epoch 2:  38(SW) -> 22(gpu)   volume = 0.050554
   epoch 2:  39(SW) -> 11(gpu)   volume = 0.070146
   epoch 2:  39(SW) -> 12(gpu)   volume = 0.432019
   epoch 2:  39(SW) -> 21(gpu)   volume = 0.497835
   epoch 3:  30(gpu) -> 32(SW)   volume = 1.0
   epoch 3:  30(gpu) -> 33(SW)   volume = 1.0
   epoch 3:  30(gpu) -> 34(SW)   volume = 1.0
   epoch 3:  30(gpu) -> 36(SW)   volume = 1.0
   epoch 3:  30(gpu) -> 37(SW)   volume = 1.0
   epoch 3:  30(gpu) -> 38(SW)   volume = 1.0
   epoch 3:  30(gpu) -> 39(SW)   volume = 1.0
   epoch 3:  32(SW) ->  3(gpu)   volume = 1.0
   epoch 3:  33(SW) ->  5(gpu)   volume = 0.497835
   epoch 3:  33(SW) -> 21(gpu)   volume = 0.502165
   epoch 3:  34(SW) -> 18(gpu)   volume = 0.013663
   epoch 3:  34(SW) -> 28(gpu)   volume = 0.986337
   epoch 3:  36(SW) -> 11(gpu)   volume = 0.077554
   epoch 3:  36(SW) -> 20(gpu)   volume = 0.922446
   epoch 3:  37(SW) ->  8(gpu)   volume = 1.0
   epoch 3:  38(SW) ->  7(gpu)   volume = 0.953414
   epoch 3:  38(SW) -> 18(gpu)   volume = 0.046586
   epoch 3:  39(SW) -> 14(gpu)   volume = 0.677493
   epoch 3:  39(SW) -> 17(gpu)   volume = 0.322507

-- source 31 --
   epoch 0:  31(gpu) -> 32(SW)   volume = 1.0
   epoch 0:  31(gpu) -> 33(SW)   volume = 1.0
   epoch 0:  31(gpu) -> 34(SW)   volume = 1.0
   epoch 0:  31(gpu) -> 35(SW)   volume = 1.0
   epoch 0:  31(gpu) -> 36(SW)   volume = 1.0
   epoch 0:  31(gpu) -> 37(SW)   volume = 1.0
   epoch 0:  31(gpu) -> 38(SW)   volume = 1.0
   epoch 0:  31(gpu) -> 39(SW)   volume = 1.0
   epoch 0:  32(SW) ->  3(gpu)   volume = 0.184779
   epoch 0:  32(SW) ->  7(gpu)   volume = 0.558624
   epoch 0:  32(SW) ->  8(gpu)   volume = 0.160392
   epoch 0:  32(SW) -> 14(gpu)   volume = 0.096205
   epoch 0:  33(SW) ->  8(gpu)   volume = 0.015437
   epoch 0:  33(SW) -> 19(gpu)   volume = 0.984563
   epoch 0:  34(SW) -> 24(gpu)   volume = 1.0
   epoch 0:  35(SW) ->  0(gpu)   volume = 0.496182
   epoch 0:  35(SW) -> 15(gpu)   volume = 0.488381
   epoch 0:  35(SW) -> 19(gpu)   volume = 0.015437
   epoch 0:  36(SW) -> 22(gpu)   volume = 1.0
   epoch 0:  37(SW) ->  3(gpu)   volume = 0.063357
   epoch 0:  37(SW) ->  7(gpu)   volume = 0.441376
   epoch 0:  37(SW) -> 25(gpu)   volume = 0.495266
   epoch 0:  38(SW) ->  6(gpu)   volume = 0.677501
   epoch 0:  38(SW) -> 21(gpu)   volume = 0.322499
   epoch 0:  39(SW) ->  3(gpu)   volume = 0.322499
   epoch 0:  39(SW) -> 21(gpu)   volume = 0.677501
   epoch 1:  31(gpu) -> 32(SW)   volume = 1.0
   epoch 1:  31(gpu) -> 33(SW)   volume = 1.0
   epoch 1:  31(gpu) -> 34(SW)   volume = 1.0
   epoch 1:  31(gpu) -> 35(SW)   volume = 1.0
   epoch 1:  31(gpu) -> 36(SW)   volume = 1.0
   epoch 1:  31(gpu) -> 37(SW)   volume = 1.0
   epoch 1:  31(gpu) -> 38(SW)   volume = 1.0
   epoch 1:  31(gpu) -> 39(SW)   volume = 1.0
   epoch 1:  32(SW) ->  6(gpu)   volume = 0.322499
   epoch 1:  32(SW) -> 18(gpu)   volume = 0.57387
   epoch 1:  32(SW) -> 27(gpu)   volume = 0.103631
   epoch 1:  33(SW) -> 25(gpu)   volume = 0.103631
   epoch 1:  33(SW) -> 27(gpu)   volume = 0.896369
   epoch 1:  34(SW) -> 23(gpu)   volume = 1.0
   epoch 1:  35(SW) ->  8(gpu)   volume = 0.648862
   epoch 1:  35(SW) -> 18(gpu)   volume = 0.351138
   epoch 1:  36(SW) ->  4(gpu)   volume = 1.0
   epoch 1:  37(SW) ->  5(gpu)   volume = 1.0
   epoch 1:  38(SW) ->  2(gpu)   volume = -8.3e-05
   epoch 1:  38(SW) -> 10(gpu)   volume = 0.06754
   epoch 1:  38(SW) -> 18(gpu)   volume = 0.007452
   epoch 1:  38(SW) -> 25(gpu)   volume = 0.193482
   epoch 1:  38(SW) -> 29(gpu)   volume = 0.697218
   epoch 1:  38(SW) -> 30(gpu)   volume = 0.034391
   epoch 1:  39(SW) -> 10(gpu)   volume = 0.93246
   epoch 1:  39(SW) -> 18(gpu)   volume = 0.06754
   epoch 2:  31(gpu) -> 32(SW)   volume = 1.0
   epoch 2:  31(gpu) -> 33(SW)   volume = 1.0
   epoch 2:  31(gpu) -> 34(SW)   volume = 1.0
   epoch 2:  31(gpu) -> 35(SW)   volume = 1.0
   epoch 2:  31(gpu) -> 36(SW)   volume = 1.0
   epoch 2:  31(gpu) -> 37(SW)   volume = 1.0
   epoch 2:  31(gpu) -> 38(SW)   volume = 1.0
   epoch 2:  31(gpu) -> 39(SW)   volume = 1.0
   epoch 2:  32(SW) ->  0(gpu)   volume = 0.409624
   epoch 2:  32(SW) -> 11(gpu)   volume = 0.590376
   epoch 2:  33(SW) ->  2(gpu)   volume = 1.000083
   epoch 2:  33(SW) ->  8(gpu)   volume = -8.4e-05
   epoch 2:  33(SW) -> 26(gpu)   volume = 1e-06
   epoch 2:  34(SW) ->  3(gpu)   volume = 0.116376
   epoch 2:  34(SW) -> 16(gpu)   volume = 0.883625
   epoch 2:  34(SW) -> 41(SW)   volume = -1e-06
   epoch 2:  35(SW) -> 25(gpu)   volume = -1e-06
   epoch 2:  35(SW) -> 28(gpu)   volume = 1.0
   epoch 2:  35(SW) -> 41(SW)   volume = 1e-06
   epoch 2:  36(SW) -> 17(gpu)   volume = 1.0
   epoch 2:  37(SW) -> 25(gpu)   volume = 1e-06
   epoch 2:  37(SW) -> 26(gpu)   volume = 0.999999
   epoch 2:  38(SW) -> 20(gpu)   volume = 1.0
   epoch 2:  39(SW) ->  9(gpu)   volume = 1.0
   epoch 3:  31(gpu) -> 32(SW)   volume = 1.0
   epoch 3:  31(gpu) -> 33(SW)   volume = 1.0
   epoch 3:  31(gpu) -> 35(SW)   volume = 1.0
   epoch 3:  31(gpu) -> 36(SW)   volume = 1.0
   epoch 3:  31(gpu) -> 37(SW)   volume = 1.0
   epoch 3:  31(gpu) -> 38(SW)   volume = 1.0
   epoch 3:  31(gpu) -> 39(SW)   volume = 1.0
   epoch 3:  32(SW) ->  0(gpu)   volume = 0.034391
   epoch 3:  32(SW) -> 30(gpu)   volume = 0.965609
   epoch 3:  33(SW) ->  3(gpu)   volume = 0.312988
   epoch 3:  33(SW) ->  8(gpu)   volume = 0.175393
   epoch 3:  33(SW) -> 15(gpu)   volume = 0.511619
   epoch 3:  35(SW) ->  0(gpu)   volume = 0.059803
   epoch 3:  35(SW) ->  1(gpu)   volume = 0.013083
   epoch 3:  35(SW) -> 14(gpu)   volume = 0.719493
   epoch 3:  35(SW) -> 25(gpu)   volume = 0.207621
   epoch 3:  36(SW) ->  1(gpu)   volume = 0.986917
   epoch 3:  36(SW) -> 11(gpu)   volume = 0.013083
   epoch 3:  37(SW) -> 12(gpu)   volume = 0.396541
   epoch 3:  37(SW) -> 13(gpu)   volume = 0.116375
   epoch 3:  37(SW) -> 14(gpu)   volume = 0.184302
   epoch 3:  37(SW) -> 29(gpu)   volume = 0.302782
   epoch 3:  38(SW) -> 11(gpu)   volume = 0.396541
   epoch 3:  38(SW) -> 12(gpu)   volume = 0.603459
   epoch 3:  39(SW) -> 13(gpu)   volume = 0.883625
   epoch 3:  39(SW) -> 16(gpu)   volume = 0.116375

------------------------------------------------------------------------------
RAW CONSUMED VARS  T_s_d_k = consumed_at_k[source s][dest d][epoch k]
(volume of source s's demand absorbed AT destination d during epoch k)
------------------------------------------------------------------------------
   dest  0:  from source  1  epoch 0  consumed = 1.0
   dest  0:  from source  2  epoch 1  consumed = 1.0
   dest  0:  from source  3  epoch 1  consumed = 0.954397
   dest  0:  from source  3  epoch 3  consumed = 0.045603
   dest  0:  from source  4  epoch 0  consumed = 1.0
   dest  0:  from source  5  epoch 3  consumed = 1.0
   dest  0:  from source  6  epoch 1  consumed = 1.0
   dest  0:  from source  7  epoch 0  consumed = 1.0
   dest  0:  from source  8  epoch 1  consumed = 1.0
   dest  0:  from source  9  epoch 2  consumed = 1.0
   dest  0:  from source 10  epoch 2  consumed = 1.0
   dest  0:  from source 11  epoch 3  consumed = 1.0
   dest  0:  from source 12  epoch 2  consumed = 1.0
   dest  0:  from source 13  epoch 3  consumed = 1.0
   dest  0:  from source 14  epoch 1  consumed = 1.0
   dest  0:  from source 15  epoch 0  consumed = 0.81734
   dest  0:  from source 15  epoch 3  consumed = 0.18266
   dest  0:  from source 16  epoch 2  consumed = 1.0
   dest  0:  from source 17  epoch 2  consumed = 1.0
   dest  0:  from source 18  epoch 3  consumed = 1.0
   dest  0:  from source 19  epoch 1  consumed = 1.0
   dest  0:  from source 20  epoch 2  consumed = 1.0
   dest  0:  from source 21  epoch 0  consumed = 0.641205
   dest  0:  from source 21  epoch 3  consumed = 0.358795
   dest  0:  from source 22  epoch 2  consumed = 1.0
   dest  0:  from source 23  epoch 1  consumed = 0.10441
   dest  0:  from source 23  epoch 3  consumed = 0.89559
   dest  0:  from source 24  epoch 0  consumed = 1.0
   dest  0:  from source 25  epoch 2  consumed = 0.590376
   dest  0:  from source 25  epoch 3  consumed = 0.409624
   dest  0:  from source 26  epoch 0  consumed = 1.0
   dest  0:  from source 27  epoch 1  consumed = 0.986466
   dest  0:  from source 27  epoch 3  consumed = 0.013534
   dest  0:  from source 28  epoch 0  consumed = 0.045274
   dest  0:  from source 28  epoch 1  consumed = 0.954726
   dest  0:  from source 29  epoch 3  consumed = 1.0
   dest  0:  from source 30  epoch 0  consumed = 1.0
   dest  0:  from source 31  epoch 0  consumed = 0.496182
   dest  0:  from source 31  epoch 2  consumed = 0.409624
   dest  0:  from source 31  epoch 3  consumed = 0.094194
   dest  1:  from source  0  epoch 1  consumed = 0.53394
   dest  1:  from source  0  epoch 2  consumed = 0.46606
   dest  1:  from source  2  epoch 1  consumed = 0.239154
   dest  1:  from source  2  epoch 3  consumed = 0.760846
   dest  1:  from source  3  epoch 0  consumed = 0.699252
   dest  1:  from source  3  epoch 1  consumed = 0.300748
   dest  1:  from source  4  epoch 0  consumed = 0.172791
   dest  1:  from source  4  epoch 2  consumed = 0.827209
   dest  1:  from source  5  epoch 0  consumed = 1.0
   dest  1:  from source  6  epoch 1  consumed = 1.0
   dest  1:  from source  7  epoch 0  consumed = 1.0
   dest  1:  from source  8  epoch 0  consumed = 0.048389
   dest  1:  from source  8  epoch 1  consumed = 0.358915
   dest  1:  from source  8  epoch 2  consumed = 0.337632
   dest  1:  from source  8  epoch 3  consumed = 0.255063
   dest  1:  from source  9  epoch 2  consumed = 1.0
   dest  1:  from source 10  epoch 3  consumed = 1.0
   dest  1:  from source 11  epoch 0  consumed = 0.039773
   dest  1:  from source 11  epoch 3  consumed = 0.960227
   dest  1:  from source 12  epoch 0  consumed = 0.803621
   dest  1:  from source 12  epoch 2  consumed = 0.196379
   dest  1:  from source 13  epoch 0  consumed = 0.097629
   dest  1:  from source 13  epoch 1  consumed = 0.044843
   dest  1:  from source 13  epoch 3  consumed = 0.857527
   dest  1:  from source 14  epoch 0  consumed = 1.0
   dest  1:  from source 15  epoch 0  consumed = 0.006245
   dest  1:  from source 15  epoch 2  consumed = 0.993755
   dest  1:  from source 16  epoch 1  consumed = 1.0
   dest  1:  from source 17  epoch 2  consumed = 1.0
   dest  1:  from source 18  epoch 1  consumed = 1.0
   dest  1:  from source 19  epoch 3  consumed = 1.0
   dest  1:  from source 20  epoch 1  consumed = 0.580978
   dest  1:  from source 20  epoch 3  consumed = 0.419022
   dest  1:  from source 21  epoch 0  consumed = 0.124935
   dest  1:  from source 21  epoch 2  consumed = 0.875065
   dest  1:  from source 22  epoch 0  consumed = 0.954727
   dest  1:  from source 22  epoch 3  consumed = 0.045273
   dest  1:  from source 23  epoch 0  consumed = 1.0
   dest  1:  from source 24  epoch 1  consumed = 0.300337
   dest  1:  from source 24  epoch 3  consumed = 0.699663
   dest  1:  from source 25  epoch 1  consumed = 1.0
   dest  1:  from source 26  epoch 0  consumed = 0.029049
   dest  1:  from source 26  epoch 1  consumed = 0.641085
   dest  1:  from source 26  epoch 2  consumed = 0.327488
   dest  1:  from source 26  epoch 3  consumed = 0.002378
   dest  1:  from source 27  epoch 0  consumed = 0.023588
   dest  1:  from source 27  epoch 2  consumed = 0.976412
   dest  1:  from source 28  epoch 0  consumed = 1.0
   dest  1:  from source 29  epoch 2  consumed = 1.0
   dest  1:  from source 30  epoch 1  consumed = 1.0
   dest  1:  from source 31  epoch 3  consumed = 1.0
   dest  2:  from source  0  epoch 3  consumed = 1.0
   dest  2:  from source  1  epoch 1  consumed = 1.0
   dest  2:  from source  3  epoch 0  consumed = 1.0
   dest  2:  from source  4  epoch 0  consumed = 0.009024
   dest  2:  from source  4  epoch 2  consumed = 0.084513
   dest  2:  from source  4  epoch 3  consumed = 0.906463
   dest  2:  from source  5  epoch 1  consumed = 1.0
   dest  2:  from source  6  epoch 0  consumed = 0.411043
   dest  2:  from source  6  epoch 2  consumed = 0.588957
   dest  2:  from source  7  epoch 1  consumed = 1.0
   dest  2:  from source  8  epoch 0  consumed = 1.0
   dest  2:  from source  9  epoch 1  consumed = 1.0
   dest  2:  from source 10  epoch 1  consumed = 1.0
   dest  2:  from source 11  epoch 1  consumed = 0.066395
   dest  2:  from source 11  epoch 3  consumed = 0.933688
   dest  2:  from source 12  epoch 1  consumed = 0.431342
   dest  2:  from source 12  epoch 3  consumed = 0.568658
   dest  2:  from source 13  epoch 0  consumed = 1.0
   dest  2:  from source 14  epoch 2  consumed = 0.218436
   dest  2:  from source 14  epoch 3  consumed = 0.781564
   dest  2:  from source 15  epoch 2  consumed = 1.0
   dest  2:  from source 16  epoch 1  consumed = 1.0
   dest  2:  from source 17  epoch 0  consumed = 1.0
   dest  2:  from source 18  epoch 0  consumed = 0.798369
   dest  2:  from source 18  epoch 1  consumed = 0.201631
   dest  2:  from source 19  epoch 2  consumed = 1.0
   dest  2:  from source 20  epoch 1  consumed = 0.234492
   dest  2:  from source 20  epoch 2  consumed = 0.396541
   dest  2:  from source 20  epoch 3  consumed = 0.368966
   dest  2:  from source 21  epoch 0  consumed = 1.0
   dest  2:  from source 22  epoch 2  consumed = 1.0
   dest  2:  from source 23  epoch 2  consumed = 1.0
   dest  2:  from source 24  epoch 2  consumed = 0.699752
   dest  2:  from source 24  epoch 3  consumed = 0.300248
   dest  2:  from source 25  epoch 3  consumed = 1.0
   dest  2:  from source 26  epoch 0  consumed = 0.781564
   dest  2:  from source 26  epoch 3  consumed = 0.218436
   dest  2:  from source 27  epoch 2  consumed = 0.078024
   dest  2:  from source 27  epoch 3  consumed = 0.921976
   dest  2:  from source 28  epoch 1  consumed = 0.066223
   dest  2:  from source 28  epoch 2  consumed = 0.933777
   dest  2:  from source 29  epoch 0  consumed = 1.0
   dest  2:  from source 30  epoch 1  consumed = 1.0
   dest  2:  from source 31  epoch 2  consumed = 1.000083
   dest  3:  from source  0  epoch 2  consumed = 0.757222
   dest  3:  from source  0  epoch 3  consumed = 0.242778
   dest  3:  from source  1  epoch 0  consumed = 1.0
   dest  3:  from source  2  epoch 1  consumed = 0.188807
   dest  3:  from source  2  epoch 3  consumed = 0.811193
   dest  3:  from source  4  epoch 1  consumed = 0.619055
   dest  3:  from source  4  epoch 2  consumed = 0.380945
   dest  3:  from source  5  epoch 0  consumed = 0.159842
   dest  3:  from source  5  epoch 2  consumed = 0.840158
   dest  3:  from source  6  epoch 1  consumed = 1.0
   dest  3:  from source  7  epoch 0  consumed = 0.288733
   dest  3:  from source  7  epoch 2  consumed = 0.684944
   dest  3:  from source  7  epoch 3  consumed = 0.026324
   dest  3:  from source  8  epoch 3  consumed = 1.0
   dest  3:  from source  9  epoch 1  consumed = 0.058535
   dest  3:  from source  9  epoch 3  consumed = 0.941465
   dest  3:  from source 10  epoch 0  consumed = 0.876739
   dest  3:  from source 10  epoch 3  consumed = 0.123261
   dest  3:  from source 11  epoch 1  consumed = 1.0
   dest  3:  from source 12  epoch 3  consumed = 1.0
   dest  3:  from source 13  epoch 0  consumed = 1.0
   dest  3:  from source 14  epoch 0  consumed = 1.0
   dest  3:  from source 15  epoch 1  consumed = 0.233133
   dest  3:  from source 15  epoch 3  consumed = 0.766867
   dest  3:  from source 16  epoch 1  consumed = 1.0
   dest  3:  from source 17  epoch 2  consumed = 1.0
   dest  3:  from source 18  epoch 1  consumed = 1.0
   dest  3:  from source 19  epoch 0  consumed = 0.815221
   dest  3:  from source 19  epoch 1  consumed = 0.184779
   dest  3:  from source 20  epoch 0  consumed = 1.0
   dest  3:  from source 21  epoch 2  consumed = 1.0
   dest  3:  from source 22  epoch 0  consumed = 0.779645
   dest  3:  from source 22  epoch 2  consumed = 0.220355
   dest  3:  from source 23  epoch 2  consumed = 1.0
   dest  3:  from source 24  epoch 0  consumed = 0.199353
   dest  3:  from source 24  epoch 1  consumed = 0.800647
   dest  3:  from source 25  epoch 2  consumed = 1.0
   dest  3:  from source 26  epoch 1  consumed = 1.0
   dest  3:  from source 27  epoch 0  consumed = 0.224876
   dest  3:  from source 27  epoch 3  consumed = 0.775124
   dest  3:  from source 28  epoch 0  consumed = 0.084956
   dest  3:  from source 28  epoch 1  consumed = 0.915044
   dest  3:  from source 29  epoch 2  consumed = 1.0
   dest  3:  from source 30  epoch 3  consumed = 1.0
   dest  3:  from source 31  epoch 0  consumed = 0.570636
   dest  3:  from source 31  epoch 2  consumed = 0.116376
   dest  3:  from source 31  epoch 3  consumed = 0.312988
   dest  4:  from source  0  epoch 0  consumed = 0.00666
   dest  4:  from source  0  epoch 2  consumed = 0.99334
   dest  4:  from source  1  epoch 0  consumed = 1.0
   dest  4:  from source  2  epoch 2  consumed = 1.0
   dest  4:  from source  3  epoch 0  consumed = 1.0
   dest  4:  from source  5  epoch 1  consumed = 0.002259
   dest  4:  from source  5  epoch 2  consumed = 0.623368
   dest  4:  from source  5  epoch 3  consumed = 0.374373
   dest  4:  from source  6  epoch 3  consumed = 1.0
   dest  4:  from source  7  epoch 0  consumed = 1.0
   dest  4:  from source  8  epoch 1  consumed = 0.345014
   dest  4:  from source  8  epoch 3  consumed = 0.654986
   dest  4:  from source  9  epoch 2  consumed = 0.11514
   dest  4:  from source  9  epoch 3  consumed = 0.88486
   dest  4:  from source 10  epoch 0  consumed = 0.391512
   dest  4:  from source 10  epoch 1  consumed = 0.592178
   dest  4:  from source 10  epoch 3  consumed = 0.016309
   dest  4:  from source 11  epoch 0  consumed = 0.524142
   dest  4:  from source 11  epoch 2  consumed = 0.475858
   dest  4:  from source 12  epoch 1  consumed = 1.0
   dest  4:  from source 13  epoch 0  consumed = 0.935994
   dest  4:  from source 13  epoch 2  consumed = 0.064006
   dest  4:  from source 14  epoch 0  consumed = 0.225657
   dest  4:  from source 14  epoch 1  consumed = 0.774343
   dest  4:  from source 15  epoch 0  consumed = 1.0
   dest  4:  from source 16  epoch 2  consumed = 1.0
   dest  4:  from source 17  epoch 0  consumed = 0.166748
   dest  4:  from source 17  epoch 1  consumed = 0.385975
   dest  4:  from source 17  epoch 2  consumed = 0.447277
   dest  4:  from source 18  epoch 2  consumed = 1.0
   dest  4:  from source 19  epoch 3  consumed = 1.0
   dest  4:  from source 20  epoch 1  consumed = 0.631704
   dest  4:  from source 20  epoch 2  consumed = 0.023283
   dest  4:  from source 20  epoch 3  consumed = 0.345014
   dest  4:  from source 21  epoch 1  consumed = 0.982321
   dest  4:  from source 21  epoch 2  consumed = 0.017679
   dest  4:  from source 22  epoch 0  consumed = 0.275542
   dest  4:  from source 22  epoch 3  consumed = 0.724458
   dest  4:  from source 23  epoch 0  consumed = 0.80374
   dest  4:  from source 23  epoch 2  consumed = 0.19626
   dest  4:  from source 24  epoch 2  consumed = 1.0
   dest  4:  from source 25  epoch 3  consumed = 1.0
   dest  4:  from source 26  epoch 1  consumed = 1.0
   dest  4:  from source 27  epoch 1  consumed = 0.286206
   dest  4:  from source 27  epoch 2  consumed = 0.713794
   dest  4:  from source 28  epoch 3  consumed = 1.0
   dest  4:  from source 29  epoch 0  consumed = 0.670005
   dest  4:  from source 29  epoch 2  consumed = 0.329995
   dest  4:  from source 30  epoch 1  consumed = 1.0
   dest  4:  from source 31  epoch 1  consumed = 1.0
   dest  5:  from source  0  epoch 0  consumed = 0.078419
   dest  5:  from source  0  epoch 2  consumed = 0.921581
   dest  5:  from source  1  epoch 0  consumed = 0.76224
   dest  5:  from source  1  epoch 2  consumed = 0.23776
   dest  5:  from source  2  epoch 2  consumed = 1.0
   dest  5:  from source  3  epoch 2  consumed = 1.0
   dest  5:  from source  4  epoch 1  consumed = 1.0
   dest  5:  from source  6  epoch 0  consumed = 0.11514
   dest  5:  from source  6  epoch 3  consumed = 0.88486
   dest  5:  from source  7  epoch 2  consumed = 0.507272
   dest  5:  from source  7  epoch 3  consumed = 0.492728
   dest  5:  from source  8  epoch 0  consumed = 0.654986
   dest  5:  from source  8  epoch 3  consumed = 0.345014
   dest  5:  from source  9  epoch 1  consumed = 0.178625
   dest  5:  from source  9  epoch 2  consumed = 0.110016
   dest  5:  from source  9  epoch 3  consumed = 0.711359
   dest  5:  from source 10  epoch 2  consumed = 1.0
   dest  5:  from source 11  epoch 0  consumed = 0.956855
   dest  5:  from source 11  epoch 1  consumed = 0.043145
   dest  5:  from source 12  epoch 3  consumed = 1.0
   dest  5:  from source 13  epoch 2  consumed = 1.0
   dest  5:  from source 14  epoch 1  consumed = 0.699375
   dest  5:  from source 14  epoch 3  consumed = 0.300625
   dest  5:  from source 15  epoch 1  consumed = 0.527041
   dest  5:  from source 15  epoch 3  consumed = 0.472959
   dest  5:  from source 16  epoch 0  consumed = 0.343826
   dest  5:  from source 16  epoch 3  consumed = 0.656174
   dest  5:  from source 17  epoch 1  consumed = 1.0
   dest  5:  from source 18  epoch 1  consumed = 1.0
   dest  5:  from source 19  epoch 0  consumed = 1.0
   dest  5:  from source 20  epoch 2  consumed = 1.0
   dest  5:  from source 21  epoch 0  consumed = 1.0
   dest  5:  from source 22  epoch 1  consumed = 0.340933
   dest  5:  from source 22  epoch 2  consumed = 0.034734
   dest  5:  from source 22  epoch 3  consumed = 0.624333
   dest  5:  from source 23  epoch 0  consumed = 0.789119
   dest  5:  from source 23  epoch 1  consumed = 0.210881
   dest  5:  from source 24  epoch 0  consumed = 1.0
   dest  5:  from source 25  epoch 1  consumed = 1.0
   dest  5:  from source 26  epoch 0  consumed = 0.11137
   dest  5:  from source 26  epoch 3  consumed = 0.88863
   dest  5:  from source 27  epoch 2  consumed = 1.0
   dest  5:  from source 28  epoch 1  consumed = 1.0
   dest  5:  from source 29  epoch 0  consumed = 0.874516
   dest  5:  from source 29  epoch 3  consumed = 0.125484
   dest  5:  from source 30  epoch 0  consumed = 0.313528
   dest  5:  from source 30  epoch 2  consumed = 0.188637
   dest  5:  from source 30  epoch 3  consumed = 0.497835
   dest  5:  from source 31  epoch 1  consumed = 1.0
   dest  6:  from source  0  epoch 2  consumed = 0.612591
   dest  6:  from source  0  epoch 3  consumed = 0.387409
   dest  6:  from source  1  epoch 2  consumed = 0.02985
   dest  6:  from source  1  epoch 3  consumed = 0.97015
   dest  6:  from source  2  epoch 3  consumed = 1.0
   dest  6:  from source  3  epoch 2  consumed = 1.0
   dest  6:  from source  4  epoch 0  consumed = 1.0
   dest  6:  from source  5  epoch 0  consumed = 0.441376
   dest  6:  from source  5  epoch 1  consumed = 0.558624
   dest  6:  from source  7  epoch 1  consumed = 1.0
   dest  6:  from source  8  epoch 3  consumed = 1.0
   dest  6:  from source  9  epoch 0  consumed = 0.272432
   dest  6:  from source  9  epoch 2  consumed = 0.10247
   dest  6:  from source  9  epoch 3  consumed = 0.625097
   dest  6:  from source 10  epoch 0  consumed = 0.97015
   dest  6:  from source 10  epoch 3  consumed = 0.02985
   dest  6:  from source 11  epoch 0  consumed = 1.0
   dest  6:  from source 12  epoch 0  consumed = 0.477449
   dest  6:  from source 12  epoch 1  consumed = 0.396865
   dest  6:  from source 12  epoch 2  consumed = 0.0868
   dest  6:  from source 12  epoch 3  consumed = 0.038886
   dest  6:  from source 13  epoch 1  consumed = 1.0
   dest  6:  from source 14  epoch 3  consumed = 1.0
   dest  6:  from source 15  epoch 2  consumed = 1.0
   dest  6:  from source 16  epoch 1  consumed = 0.716451
   dest  6:  from source 16  epoch 2  consumed = 0.283549
   dest  6:  from source 17  epoch 1  consumed = 1.0
   dest  6:  from source 18  epoch 2  consumed = 1.0
   dest  6:  from source 19  epoch 0  consumed = 0.426295
   dest  6:  from source 19  epoch 3  consumed = 0.573705
   dest  6:  from source 20  epoch 1  consumed = 1.0
   dest  6:  from source 21  epoch 0  consumed = 0.246213
   dest  6:  from source 21  epoch 1  consumed = 0.57826
   dest  6:  from source 21  epoch 2  consumed = 0.168289
   dest  6:  from source 21  epoch 3  consumed = 0.007238
   dest  6:  from source 22  epoch 2  consumed = 1.0
   dest  6:  from source 23  epoch 1  consumed = 0.427302
   dest  6:  from source 23  epoch 2  consumed = 0.572698
   dest  6:  from source 24  epoch 2  consumed = 1.0
   dest  6:  from source 25  epoch 0  consumed = 1.0
   dest  6:  from source 26  epoch 2  consumed = 1.0
   dest  6:  from source 27  epoch 2  consumed = 0.143753
   dest  6:  from source 27  epoch 3  consumed = 0.856247
   dest  6:  from source 28  epoch 1  consumed = 1.0
   dest  6:  from source 29  epoch 0  consumed = 0.488583
   dest  6:  from source 29  epoch 3  consumed = 0.511417
   dest  6:  from source 30  epoch 0  consumed = 1.0
   dest  6:  from source 31  epoch 0  consumed = 0.677501
   dest  6:  from source 31  epoch 1  consumed = 0.322499
   dest  7:  from source  0  epoch 0  consumed = 0.2281
   dest  7:  from source  0  epoch 1  consumed = 0.7719
   dest  7:  from source  1  epoch 2  consumed = 1.0
   dest  7:  from source  2  epoch 0  consumed = 1.0
   dest  7:  from source  3  epoch 1  consumed = 0.8973
   dest  7:  from source  3  epoch 2  consumed = 0.066223
   dest  7:  from source  3  epoch 3  consumed = 0.036477
   dest  7:  from source  4  epoch 0  consumed = 0.160091
   dest  7:  from source  4  epoch 2  consumed = 0.04753
   dest  7:  from source  4  epoch 3  consumed = 0.792379
   dest  7:  from source  5  epoch 0  consumed = 0.2352
   dest  7:  from source  5  epoch 2  consumed = 0.03779
   dest  7:  from source  5  epoch 3  consumed = 0.72701
   dest  7:  from source  6  epoch 0  consumed = 0.733085
   dest  7:  from source  6  epoch 2  consumed = 0.266915
   dest  7:  from source  8  epoch 3  consumed = 1.0
   dest  7:  from source  9  epoch 1  consumed = 1.0
   dest  7:  from source 10  epoch 2  consumed = 1.0
   dest  7:  from source 11  epoch 0  consumed = 1.0
   dest  7:  from source 12  epoch 0  consumed = 0.441376
   dest  7:  from source 12  epoch 1  consumed = 0.512038
   dest  7:  from source 12  epoch 3  consumed = 0.046586
   dest  7:  from source 13  epoch 1  consumed = 1.0
   dest  7:  from source 14  epoch 0  consumed = 0.316378
   dest  7:  from source 14  epoch 1  consumed = 0.664428
   dest  7:  from source 14  epoch 2  consumed = 0.019193
   dest  7:  from source 15  epoch 0  consumed = 0.033338
   dest  7:  from source 15  epoch 2  consumed = 0.759041
   dest  7:  from source 15  epoch 3  consumed = 0.207621
   dest  7:  from source 16  epoch 2  consumed = 1.0
   dest  7:  from source 17  epoch 0  consumed = 0.04087
   dest  7:  from source 17  epoch 2  consumed = 0.95913
   dest  7:  from source 18  epoch 0  consumed = 0.196635
   dest  7:  from source 18  epoch 2  consumed = 0.764592
   dest  7:  from source 18  epoch 3  consumed = 0.038773
   dest  7:  from source 19  epoch 0  consumed = 0.34665
   dest  7:  from source 19  epoch 1  consumed = 0.65335
   dest  7:  from source 20  epoch 3  consumed = 1.0
   dest  7:  from source 21  epoch 2  consumed = 0.018112
   dest  7:  from source 21  epoch 3  consumed = 0.981888
   dest  7:  from source 22  epoch 3  consumed = 1.0
   dest  7:  from source 23  epoch 1  consumed = 0.550534
   dest  7:  from source 23  epoch 2  consumed = 0.240959
   dest  7:  from source 23  epoch 3  consumed = 0.208507
   dest  7:  from source 24  epoch 0  consumed = 1.0
   dest  7:  from source 25  epoch 2  consumed = 1.0
   dest  7:  from source 26  epoch 0  consumed = 0.001335
   dest  7:  from source 26  epoch 1  consumed = 0.998665
   dest  7:  from source 27  epoch 0  consumed = 1.0
   dest  7:  from source 28  epoch 0  consumed = 0.220355
   dest  7:  from source 28  epoch 2  consumed = 0.779645
   dest  7:  from source 29  epoch 1  consumed = 0.951784
   dest  7:  from source 29  epoch 2  consumed = 0.04087
   dest  7:  from source 29  epoch 3  consumed = 0.007346
   dest  7:  from source 30  epoch 0  consumed = 0.046586
   dest  7:  from source 30  epoch 3  consumed = 0.953414
   dest  7:  from source 31  epoch 0  consumed = 1.0
   dest  8:  from source  0  epoch 0  consumed = 0.890177
   dest  8:  from source  0  epoch 1  consumed = 0.109823
   dest  8:  from source  1  epoch 0  consumed = 0.141215
   dest  8:  from source  1  epoch 1  consumed = 0.423546
   dest  8:  from source  1  epoch 2  consumed = 0.16121
   dest  8:  from source  1  epoch 3  consumed = 0.274028
   dest  8:  from source  2  epoch 0  consumed = 0.050554
   dest  8:  from source  2  epoch 2  consumed = 0.949446
   dest  8:  from source  3  epoch 0  consumed = 0.066223
   dest  8:  from source  3  epoch 2  consumed = 0.933777
   dest  8:  from source  4  epoch 0  consumed = 0.363336
   dest  8:  from source  4  epoch 2  consumed = 0.636664
   dest  8:  from source  5  epoch 1  consumed = 1.0
   dest  8:  from source  6  epoch 0  consumed = 1.0
   dest  8:  from source  7  epoch 3  consumed = 1.0
   dest  8:  from source  9  epoch 0  consumed = 0.010145
   dest  8:  from source  9  epoch 2  consumed = 0.019704
   dest  8:  from source  9  epoch 3  consumed = 0.97015
   dest  8:  from source 10  epoch 2  consumed = 0.051131
   dest  8:  from source 10  epoch 3  consumed = 0.948869
   dest  8:  from source 11  epoch 2  consumed = 1.0
   dest  8:  from source 12  epoch 1  consumed = 0.175393
   dest  8:  from source 12  epoch 3  consumed = 0.824607
   dest  8:  from source 13  epoch 2  consumed = 1.0
   dest  8:  from source 14  epoch 1  consumed = 1.0
   dest  8:  from source 15  epoch 0  consumed = 1.0
   dest  8:  from source 16  epoch 3  consumed = 1.0
   dest  8:  from source 17  epoch 0  consumed = 1.0
   dest  8:  from source 18  epoch 2  consumed = 1.0
   dest  8:  from source 19  epoch 1  consumed = 1.0
   dest  8:  from source 20  epoch 1  consumed = 1.0
   dest  8:  from source 21  epoch 0  consumed = 0.602672
   dest  8:  from source 21  epoch 3  consumed = 0.397328
   dest  8:  from source 22  epoch 2  consumed = 1.0
   dest  8:  from source 23  epoch 1  consumed = 0.590376
   dest  8:  from source 23  epoch 3  consumed = 0.409624
   dest  8:  from source 24  epoch 0  consumed = 0.685164
   dest  8:  from source 24  epoch 1  consumed = 0.314836
   dest  8:  from source 25  epoch 1  consumed = 0.751849
   dest  8:  from source 25  epoch 2  consumed = 0.248151
   dest  8:  from source 26  epoch 0  consumed = 0.014685
   dest  8:  from source 26  epoch 1  consumed = 0.985315
   dest  8:  from source 27  epoch 0  consumed = 1.0
   dest  8:  from source 28  epoch 2  consumed = 1.0
   dest  8:  from source 29  epoch 0  consumed = 1.0
   dest  8:  from source 30  epoch 3  consumed = 1.0
   dest  8:  from source 31  epoch 0  consumed = 0.175829
   dest  8:  from source 31  epoch 1  consumed = 0.648862
   dest  8:  from source 31  epoch 3  consumed = 0.175393
   dest  9:  from source  0  epoch 0  consumed = 0.417999
   dest  9:  from source  0  epoch 1  consumed = 0.582001
   dest  9:  from source  1  epoch 0  consumed = 0.009941
   dest  9:  from source  1  epoch 2  consumed = 0.990059
   dest  9:  from source  2  epoch 0  consumed = 0.410915
   dest  9:  from source  2  epoch 1  consumed = 0.589085
   dest  9:  from source  3  epoch 0  consumed = 1.0
   dest  9:  from source  4  epoch 2  consumed = 0.025256
   dest  9:  from source  4  epoch 3  consumed = 0.974744
   dest  9:  from source  5  epoch 1  consumed = 0.016314
   dest  9:  from source  5  epoch 2  consumed = 0.891976
   dest  9:  from source  5  epoch 3  consumed = 0.09171
   dest  9:  from source  6  epoch 1  consumed = 0.949642
   dest  9:  from source  6  epoch 2  consumed = 0.050358
   dest  9:  from source  7  epoch 1  consumed = 0.053131
   dest  9:  from source  7  epoch 3  consumed = 0.946869
   dest  9:  from source  8  epoch 1  consumed = 1.0
   dest  9:  from source 10  epoch 0  consumed = 0.288733
   dest  9:  from source 10  epoch 1  consumed = 0.259378
   dest  9:  from source 10  epoch 2  consumed = 0.45189
   dest  9:  from source 11  epoch 1  consumed = 0.55045
   dest  9:  from source 11  epoch 3  consumed = 0.44955
   dest  9:  from source 12  epoch 2  consumed = 1.0
   dest  9:  from source 13  epoch 3  consumed = 1.0
   dest  9:  from source 14  epoch 2  consumed = 1.0
   dest  9:  from source 15  epoch 1  consumed = 1.0
   dest  9:  from source 16  epoch 2  consumed = 1.0
   dest  9:  from source 17  epoch 1  consumed = 1.0
   dest  9:  from source 18  epoch 0  consumed = 1.0
   dest  9:  from source 19  epoch 2  consumed = 0.177114
   dest  9:  from source 19  epoch 3  consumed = 0.822886
   dest  9:  from source 20  epoch 0  consumed = 1.0
   dest  9:  from source 21  epoch 0  consumed = 0.329936
   dest  9:  from source 21  epoch 2  consumed = 0.670064
   dest  9:  from source 22  epoch 1  consumed = 1.0
   dest  9:  from source 23  epoch 3  consumed = 1.0
   dest  9:  from source 24  epoch 1  consumed = 1.0
   dest  9:  from source 25  epoch 3  consumed = 1.0
   dest  9:  from source 26  epoch 2  consumed = 0.285759
   dest  9:  from source 26  epoch 3  consumed = 0.714241
   dest  9:  from source 27  epoch 0  consumed = 0.542477
   dest  9:  from source 27  epoch 2  consumed = 0.457523
   dest  9:  from source 28  epoch 0  consumed = 1.0
   dest  9:  from source 29  epoch 0  consumed = 1.0
   dest  9:  from source 30  epoch 0  consumed = 1.0
   dest  9:  from source 31  epoch 2  consumed = 1.0
   dest 10:  from source  0  epoch 0  consumed = 1.0
   dest 10:  from source  1  epoch 3  consumed = 1.0
   dest 10:  from source  2  epoch 1  consumed = 0.700152
   dest 10:  from source  2  epoch 3  consumed = 0.299848
   dest 10:  from source  3  epoch 1  consumed = 1.0
   dest 10:  from source  4  epoch 2  consumed = 0.904811
   dest 10:  from source  4  epoch 3  consumed = 0.095189
   dest 10:  from source  5  epoch 1  consumed = 1.0
   dest 10:  from source  6  epoch 0  consumed = 0.526631
   dest 10:  from source  6  epoch 3  consumed = 0.473369
   dest 10:  from source  7  epoch 0  consumed = 0.955338
   dest 10:  from source  7  epoch 1  consumed = 0.044662
   dest 10:  from source  8  epoch 2  consumed = 1.0
   dest 10:  from source  9  epoch 0  consumed = 1.0
   dest 10:  from source 11  epoch 0  consumed = 0.518031
   dest 10:  from source 11  epoch 1  consumed = 0.295247
   dest 10:  from source 11  epoch 2  consumed = 0.186721
   dest 10:  from source 12  epoch 2  consumed = 0.869024
   dest 10:  from source 12  epoch 3  consumed = 0.130976
   dest 10:  from source 13  epoch 2  consumed = 0.518919
   dest 10:  from source 13  epoch 3  consumed = 0.481081
   dest 10:  from source 14  epoch 2  consumed = 0.124116
   dest 10:  from source 14  epoch 3  consumed = 0.875884
   dest 10:  from source 15  epoch 2  consumed = 0.966241
   dest 10:  from source 15  epoch 3  consumed = 0.033759
   dest 10:  from source 16  epoch 1  consumed = 0.364831
   dest 10:  from source 16  epoch 3  consumed = 0.635169
   dest 10:  from source 17  epoch 2  consumed = 1.0
   dest 10:  from source 18  epoch 0  consumed = 1.0
   dest 10:  from source 19  epoch 1  consumed = 0.582686
   dest 10:  from source 19  epoch 3  consumed = 0.417314
   dest 10:  from source 20  epoch 1  consumed = 1.0
   dest 10:  from source 21  epoch 2  consumed = 0.939846
   dest 10:  from source 21  epoch 3  consumed = 0.060154
   dest 10:  from source 22  epoch 3  consumed = 1.0
   dest 10:  from source 23  epoch 0  consumed = 1.0
   dest 10:  from source 24  epoch 0  consumed = 1.0
   dest 10:  from source 25  epoch 1  consumed = 0.124506
   dest 10:  from source 25  epoch 2  consumed = 0.134541
   dest 10:  from source 25  epoch 3  consumed = 0.740953
   dest 10:  from source 26  epoch 0  consumed = 1.0
   dest 10:  from source 27  epoch 1  consumed = 0.252747
   dest 10:  from source 27  epoch 3  consumed = 0.747253
   dest 10:  from source 28  epoch 1  consumed = 0.635168
   dest 10:  from source 28  epoch 2  consumed = 0.35578
   dest 10:  from source 28  epoch 3  consumed = 0.009051
   dest 10:  from source 29  epoch 1  consumed = 1.0
   dest 10:  from source 30  epoch 2  consumed = 1.0
   dest 10:  from source 31  epoch 1  consumed = 1.0
   dest 11:  from source  0  epoch 1  consumed = 1.0
   dest 11:  from source  1  epoch 0  consumed = 0.612454
   dest 11:  from source  1  epoch 2  consumed = 0.209001
   dest 11:  from source  1  epoch 3  consumed = 0.178545
   dest 11:  from source  2  epoch 1  consumed = 0.15163
   dest 11:  from source  2  epoch 2  consumed = 0.84837
   dest 11:  from source  3  epoch 0  consumed = 0.999117
   dest 11:  from source  3  epoch 3  consumed = 0.000883
   dest 11:  from source  4  epoch 3  consumed = 1.0
   dest 11:  from source  5  epoch 1  consumed = 1.0
   dest 11:  from source  6  epoch 2  consumed = 0.287521
   dest 11:  from source  6  epoch 3  consumed = 0.712479
   dest 11:  from source  7  epoch 1  consumed = 1.0
   dest 11:  from source  8  epoch 0  consumed = 0.291341
   dest 11:  from source  8  epoch 2  consumed = 0.585174
   dest 11:  from source  8  epoch 3  consumed = 0.123485
   dest 11:  from source  9  epoch 2  consumed = 0.805141
   dest 11:  from source  9  epoch 3  consumed = 0.194859
   dest 11:  from source 10  epoch 2  consumed = 1.0
   dest 11:  from source 12  epoch 1  consumed = 0.568658
   dest 11:  from source 12  epoch 2  consumed = 0.202418
   dest 11:  from source 12  epoch 3  consumed = 0.228924
   dest 11:  from source 13  epoch 1  consumed = 0.421533
   dest 11:  from source 13  epoch 3  consumed = 0.578467
   dest 11:  from source 14  epoch 0  consumed = 1.0
   dest 11:  from source 15  epoch 1  consumed = 0.263655
   dest 11:  from source 15  epoch 3  consumed = 0.736345
   dest 11:  from source 16  epoch 0  consumed = 1.0
   dest 11:  from source 17  epoch 0  consumed = 0.685714
   dest 11:  from source 17  epoch 3  consumed = 0.314286
   dest 11:  from source 18  epoch 0  consumed = 0.410411
   dest 11:  from source 18  epoch 1  consumed = 0.191144
   dest 11:  from source 18  epoch 2  consumed = 0.398446
   dest 11:  from source 19  epoch 0  consumed = 1.0
   dest 11:  from source 20  epoch 1  consumed = 0.045287
   dest 11:  from source 20  epoch 2  consumed = 0.878109
   dest 11:  from source 20  epoch 3  consumed = 0.076604
   dest 11:  from source 21  epoch 0  consumed = 0.096205
   dest 11:  from source 21  epoch 1  consumed = 0.885683
   dest 11:  from source 21  epoch 3  consumed = 0.018112
   dest 11:  from source 22  epoch 1  consumed = 1.0
   dest 11:  from source 23  epoch 0  consumed = 0.256893
   dest 11:  from source 23  epoch 2  consumed = 0.207425
   dest 11:  from source 23  epoch 3  consumed = 0.535682
   dest 11:  from source 24  epoch 0  consumed = 0.314286
   dest 11:  from source 24  epoch 1  consumed = 0.685714
   dest 11:  from source 25  epoch 0  consumed = 1.0
   dest 11:  from source 26  epoch 1  consumed = 0.08711
   dest 11:  from source 26  epoch 2  consumed = 0.91289
   dest 11:  from source 27  epoch 2  consumed = 0.954428
   dest 11:  from source 27  epoch 3  consumed = 0.045572
   dest 11:  from source 28  epoch 3  consumed = 1.0
   dest 11:  from source 29  epoch 1  consumed = 0.231421
   dest 11:  from source 29  epoch 3  consumed = 0.768579
   dest 11:  from source 30  epoch 0  consumed = 0.33358
   dest 11:  from source 30  epoch 1  consumed = 0.468166
   dest 11:  from source 30  epoch 2  consumed = 0.120701
   dest 11:  from source 30  epoch 3  consumed = 0.077554
   dest 11:  from source 31  epoch 2  consumed = 0.590376
   dest 11:  from source 31  epoch 3  consumed = 0.409624
   dest 12:  from source  0  epoch 1  consumed = 0.019538
   dest 12:  from source  0  epoch 2  consumed = 0.297596
   dest 12:  from source  0  epoch 3  consumed = 0.682866
   dest 12:  from source  1  epoch 1  consumed = 0.794483
   dest 12:  from source  1  epoch 2  consumed = 0.088476
   dest 12:  from source  1  epoch 3  consumed = 0.117041
   dest 12:  from source  2  epoch 0  consumed = 0.012955
   dest 12:  from source  2  epoch 1  consumed = 0.148217
   dest 12:  from source  2  epoch 2  consumed = 0.283549
   dest 12:  from source  2  epoch 3  consumed = 0.555278
   dest 12:  from source  3  epoch 0  consumed = 1.0
   dest 12:  from source  4  epoch 1  consumed = 0.053817
   dest 12:  from source  4  epoch 3  consumed = 0.946183
   dest 12:  from source  5  epoch 0  consumed = 1.0
   dest 12:  from source  6  epoch 0  consumed = 1.0
   dest 12:  from source  7  epoch 2  consumed = 1.0
   dest 12:  from source  8  epoch 1  consumed = 0.259138
   dest 12:  from source  8  epoch 2  consumed = 0.740862
   dest 12:  from source  9  epoch 0  consumed = 0.999101
   dest 12:  from source  9  epoch 2  consumed = 0.000899
   dest 12:  from source 10  epoch 2  consumed = 1.0
   dest 12:  from source 11  epoch 0  consumed = 1.0
   dest 12:  from source 13  epoch 1  consumed = 0.523937
   dest 12:  from source 13  epoch 2  consumed = 0.476063
   dest 12:  from source 14  epoch 0  consumed = 0.45577
   dest 12:  from source 14  epoch 3  consumed = 0.54423
   dest 12:  from source 15  epoch 1  consumed = 1.0
   dest 12:  from source 16  epoch 1  consumed = 1.0
   dest 12:  from source 17  epoch 1  consumed = 0.682866
   dest 12:  from source 17  epoch 3  consumed = 0.317134
   dest 12:  from source 18  epoch 2  consumed = 0.20016
   dest 12:  from source 18  epoch 3  consumed = 0.79984
   dest 12:  from source 19  epoch 1  consumed = 1.0
   dest 12:  from source 20  epoch 2  consumed = 0.603459
   dest 12:  from source 20  epoch 3  consumed = 0.396541
   dest 12:  from source 21  epoch 1  consumed = 0.017679
   dest 12:  from source 21  epoch 2  consumed = 0.899202
   dest 12:  from source 21  epoch 3  consumed = 0.083119
   dest 12:  from source 22  epoch 1  consumed = 0.764575
   dest 12:  from source 22  epoch 2  consumed = 0.235425
   dest 12:  from source 23  epoch 0  consumed = 0.532173
   dest 12:  from source 23  epoch 2  consumed = 0.467827
   dest 12:  from source 24  epoch 3  consumed = 1.0
   dest 12:  from source 25  epoch 1  consumed = 0.735751
   dest 12:  from source 25  epoch 2  consumed = 0.196379
   dest 12:  from source 25  epoch 3  consumed = 0.067871
   dest 12:  from source 26  epoch 2  consumed = 0.510103
   dest 12:  from source 26  epoch 3  consumed = 0.489897
   dest 12:  from source 27  epoch 0  consumed = 1.0
   dest 12:  from source 28  epoch 1  consumed = 1.0
   dest 12:  from source 29  epoch 0  consumed = 1.0
   dest 12:  from source 30  epoch 2  consumed = 1.0
   dest 12:  from source 31  epoch 3  consumed = 1.0
   dest 13:  from source  0  epoch 0  consumed = 1.0
   dest 13:  from source  1  epoch 3  consumed = 1.0
   dest 13:  from source  2  epoch 0  consumed = 0.313169
   dest 13:  from source  2  epoch 2  consumed = 0.67347
   dest 13:  from source  2  epoch 3  consumed = 0.013361
   dest 13:  from source  3  epoch 3  consumed = 1.0
   dest 13:  from source  4  epoch 0  consumed = 1.0
   dest 13:  from source  5  epoch 1  consumed = 0.786437
   dest 13:  from source  5  epoch 3  consumed = 0.213563
   dest 13:  from source  6  epoch 0  consumed = 0.564731
   dest 13:  from source  6  epoch 2  consumed = 0.435269
   dest 13:  from source  7  epoch 1  consumed = 0.130917
   dest 13:  from source  7  epoch 2  consumed = 0.869083
   dest 13:  from source  8  epoch 2  consumed = 0.116375
   dest 13:  from source  8  epoch 3  consumed = 0.883625
   dest 13:  from source  9  epoch 1  consumed = 1.0
   dest 13:  from source 10  epoch 1  consumed = 1.0
   dest 13:  from source 11  epoch 3  consumed = 1.0
   dest 13:  from source 12  epoch 1  consumed = 1.0
   dest 13:  from source 14  epoch 1  consumed = 1.0
   dest 13:  from source 15  epoch 0  consumed = 0.001297
   dest 13:  from source 15  epoch 1  consumed = 0.998703
   dest 13:  from source 16  epoch 2  consumed = 1.0
   dest 13:  from source 17  epoch 3  consumed = 1.0
   dest 13:  from source 18  epoch 0  consumed = 1.0
   dest 13:  from source 19  epoch 0  consumed = 1.0
   dest 13:  from source 20  epoch 2  consumed = 0.454211
   dest 13:  from source 20  epoch 3  consumed = 0.545789
   dest 13:  from source 21  epoch 1  consumed = 1.0
   dest 13:  from source 22  epoch 0  consumed = 1.0
   dest 13:  from source 23  epoch 0  consumed = 1.0
   dest 13:  from source 24  epoch 2  consumed = 1.0
   dest 13:  from source 25  epoch 2  consumed = 1.0
   dest 13:  from source 26  epoch 0  consumed = 0.321121
   dest 13:  from source 26  epoch 2  consumed = 0.451592
   dest 13:  from source 26  epoch 3  consumed = 0.227288
   dest 13:  from source 27  epoch 1  consumed = 0.883625
   dest 13:  from source 27  epoch 3  consumed = 0.116375
   dest 13:  from source 28  epoch 0  consumed = 0.799682
   dest 13:  from source 28  epoch 1  consumed = 0.200318
   dest 13:  from source 29  epoch 2  consumed = 1.0
   dest 13:  from source 30  epoch 2  consumed = 1.0
   dest 13:  from source 31  epoch 3  consumed = 1.0
   dest 14:  from source  0  epoch 1  consumed = 1.0
   dest 14:  from source  1  epoch 2  consumed = 0.814337
   dest 14:  from source  1  epoch 3  consumed = 0.185663
   dest 14:  from source  2  epoch 0  consumed = 0.422669
   dest 14:  from source  2  epoch 1  consumed = 0.577331
   dest 14:  from source  3  epoch 2  consumed = 1.0
   dest 14:  from source  4  epoch 0  consumed = 1.0
   dest 14:  from source  5  epoch 3  consumed = 1.0
   dest 14:  from source  6  epoch 2  consumed = 1.0
   dest 14:  from source  7  epoch 3  consumed = 1.0
   dest 14:  from source  8  epoch 0  consumed = 0.881662
   dest 14:  from source  8  epoch 2  consumed = 0.118338
   dest 14:  from source  9  epoch 0  consumed = 0.716235
   dest 14:  from source  9  epoch 2  consumed = 0.050717
   dest 14:  from source  9  epoch 3  consumed = 0.233049
   dest 14:  from source 10  epoch 0  consumed = 1.0
   dest 14:  from source 11  epoch 1  consumed = 1.0
   dest 14:  from source 12  epoch 1  consumed = 1.0
   dest 14:  from source 13  epoch 2  consumed = 1.0
   dest 14:  from source 15  epoch 1  consumed = 1.0
   dest 14:  from source 16  epoch 2  consumed = 1.0
   dest 14:  from source 17  epoch 3  consumed = 1.0
   dest 14:  from source 18  epoch 0  consumed = 1.0
   dest 14:  from source 19  epoch 3  consumed = 1.0
   dest 14:  from source 20  epoch 0  consumed = 0.883229
   dest 14:  from source 20  epoch 1  consumed = 0.116771
   dest 14:  from source 21  epoch 0  consumed = 1.0
   dest 14:  from source 22  epoch 0  consumed = 1.0
   dest 14:  from source 23  epoch 1  consumed = 0.341724
   dest 14:  from source 23  epoch 2  consumed = 0.658276
   dest 14:  from source 24  epoch 1  consumed = 1.0
   dest 14:  from source 25  epoch 1  consumed = 1.0
   dest 14:  from source 26  epoch 3  consumed = 1.0
   dest 14:  from source 27  epoch 2  consumed = 1.0
   dest 14:  from source 28  epoch 2  consumed = 1.0
   dest 14:  from source 29  epoch 1  consumed = 0.964174
   dest 14:  from source 29  epoch 2  consumed = 0.035826
   dest 14:  from source 30  epoch 2  consumed = 0.322507
   dest 14:  from source 30  epoch 3  consumed = 0.677493
   dest 14:  from source 31  epoch 0  consumed = 0.096205
   dest 14:  from source 31  epoch 3  consumed = 0.903795
   dest 15:  from source  0  epoch 0  consumed = 1.0
   dest 15:  from source  1  epoch 1  consumed = 1.0
   dest 15:  from source  2  epoch 0  consumed = 0.494633
   dest 15:  from source  2  epoch 2  consumed = 0.050554
   dest 15:  from source  2  epoch 3  consumed = 0.454813
   dest 15:  from source  3  epoch 1  consumed = 0.929633
   dest 15:  from source  3  epoch 2  consumed = 0.070367
   dest 15:  from source  4  epoch 1  consumed = 0.813858
   dest 15:  from source  4  epoch 2  consumed = 0.011661
   dest 15:  from source  4  epoch 3  consumed = 0.174481
   dest 15:  from source  5  epoch 0  consumed = 0.431447
   dest 15:  from source  5  epoch 3  consumed = 0.568553
   dest 15:  from source  6  epoch 1  consumed = 1.0
   dest 15:  from source  7  epoch 0  consumed = 0.13727
   dest 15:  from source  7  epoch 2  consumed = 0.59906
   dest 15:  from source  7  epoch 3  consumed = 0.26367
   dest 15:  from source  8  epoch 0  consumed = 1.0
   dest 15:  from source  9  epoch 1  consumed = 1.0
   dest 15:  from source 10  epoch 2  consumed = 0.271669
   dest 15:  from source 10  epoch 3  consumed = 0.728331
   dest 15:  from source 11  epoch 2  consumed = 0.038251
   dest 15:  from source 11  epoch 3  consumed = 0.961749
   dest 15:  from source 12  epoch 1  consumed = 0.555744
   dest 15:  from source 12  epoch 2  consumed = 0.276479
   dest 15:  from source 12  epoch 3  consumed = 0.167777
   dest 15:  from source 13  epoch 1  consumed = 0.955157
   dest 15:  from source 13  epoch 2  consumed = 0.044843
   dest 15:  from source 14  epoch 2  consumed = 1.0
   dest 15:  from source 16  epoch 1  consumed = 0.543475
   dest 15:  from source 16  epoch 2  consumed = 0.456525
   dest 15:  from source 17  epoch 2  consumed = 0.990316
   dest 15:  from source 17  epoch 3  consumed = 0.009684
   dest 15:  from source 18  epoch 0  consumed = 0.728331
   dest 15:  from source 18  epoch 3  consumed = 0.271669
   dest 15:  from source 19  epoch 0  consumed = 1.0
   dest 15:  from source 20  epoch 0  consumed = 1.0
   dest 15:  from source 21  epoch 2  consumed = 0.060154
   dest 15:  from source 21  epoch 3  consumed = 0.939846
   dest 15:  from source 22  epoch 0  consumed = 0.944813
   dest 15:  from source 22  epoch 3  consumed = 0.055187
   dest 15:  from source 23  epoch 2  consumed = 0.988339
   dest 15:  from source 23  epoch 3  consumed = 0.011661
   dest 15:  from source 24  epoch 2  consumed = 1.0
   dest 15:  from source 25  epoch 3  consumed = 1.0
   dest 15:  from source 26  epoch 1  consumed = 1.0
   dest 15:  from source 27  epoch 0  consumed = 0.775124
   dest 15:  from source 27  epoch 2  consumed = 0.224876
   dest 15:  from source 28  epoch 1  consumed = 0.11904
   dest 15:  from source 28  epoch 3  consumed = 0.88096
   dest 15:  from source 29  epoch 2  consumed = 1.0
   dest 15:  from source 30  epoch 1  consumed = 0.083094
   dest 15:  from source 30  epoch 2  consumed = 0.916906
   dest 15:  from source 31  epoch 0  consumed = 0.488381
   dest 15:  from source 31  epoch 3  consumed = 0.511619
   dest 16:  from source  0  epoch 0  consumed = 1.0
   dest 16:  from source  1  epoch 2  consumed = 0.422724
   dest 16:  from source  1  epoch 3  consumed = 0.577276
   dest 16:  from source  2  epoch 1  consumed = 0.72701
   dest 16:  from source  2  epoch 2  consumed = 0.250994
   dest 16:  from source  2  epoch 3  consumed = 0.021996
   dest 16:  from source  3  epoch 3  consumed = 1.0
   dest 16:  from source  4  epoch 1  consumed = 1.0
   dest 16:  from source  5  epoch 1  consumed = 0.681406
   dest 16:  from source  5  epoch 2  consumed = 0.318594
   dest 16:  from source  6  epoch 2  consumed = 1.0
   dest 16:  from source  7  epoch 0  consumed = 1.0
   dest 16:  from source  8  epoch 1  consumed = 0.664936
   dest 16:  from source  8  epoch 2  consumed = 0.261949
   dest 16:  from source  8  epoch 3  consumed = 0.073114
   dest 16:  from source  9  epoch 0  consumed = 1.0
   dest 16:  from source 10  epoch 1  consumed = 1.0
   dest 16:  from source 11  epoch 2  consumed = 1.0
   dest 16:  from source 12  epoch 0  consumed = 0.986031
   dest 16:  from source 12  epoch 1  consumed = 0.013969
   dest 16:  from source 13  epoch 0  consumed = 0.537918
   dest 16:  from source 13  epoch 1  consumed = 0.015249
   dest 16:  from source 13  epoch 3  consumed = 0.446833
   dest 16:  from source 14  epoch 2  consumed = 0.120543
   dest 16:  from source 14  epoch 3  consumed = 0.879457
   dest 16:  from source 15  epoch 0  consumed = 1.0
   dest 16:  from source 17  epoch 1  consumed = 1.0
   dest 16:  from source 18  epoch 1  consumed = 0.038773
   dest 16:  from source 18  epoch 3  consumed = 0.961227
   dest 16:  from source 19  epoch 0  consumed = 0.238399
   dest 16:  from source 19  epoch 2  consumed = 0.761601
   dest 16:  from source 20  epoch 0  consumed = 0.878856
   dest 16:  from source 20  epoch 2  consumed = 0.121144
   dest 16:  from source 21  epoch 0  consumed = 0.358795
   dest 16:  from source 21  epoch 2  consumed = 0.315064
   dest 16:  from source 21  epoch 3  consumed = 0.32614
   dest 16:  from source 22  epoch 2  consumed = 0.402419
   dest 16:  from source 22  epoch 3  consumed = 0.597581
   dest 16:  from source 23  epoch 2  consumed = 1.0
   dest 16:  from source 24  epoch 1  consumed = 1.0
   dest 16:  from source 25  epoch 3  consumed = 1.0
   dest 16:  from source 26  epoch 2  consumed = 1.0
   dest 16:  from source 27  epoch 0  consumed = 1.0
   dest 16:  from source 28  epoch 3  consumed = 1.0
   dest 16:  from source 29  epoch 1  consumed = 0.872319
   dest 16:  from source 29  epoch 2  consumed = 0.127681
   dest 16:  from source 30  epoch 1  consumed = 0.986337
   dest 16:  from source 30  epoch 2  consumed = 0.013663
   dest 16:  from source 31  epoch 2  consumed = 0.883625
   dest 16:  from source 31  epoch 3  consumed = 0.116375
   dest 17:  from source  0  epoch 1  consumed = 1.0
   dest 17:  from source  1  epoch 1  consumed = 1.0
   dest 17:  from source  2  epoch 2  consumed = 1.0
   dest 17:  from source  3  epoch 3  consumed = 1.0
   dest 17:  from source  4  epoch 2  consumed = 0.017888
   dest 17:  from source  4  epoch 3  consumed = 0.982112
   dest 17:  from source  5  epoch 0  consumed = 1.0
   dest 17:  from source  6  epoch 2  consumed = 1.0
   dest 17:  from source  7  epoch 2  consumed = 1.0
   dest 17:  from source  8  epoch 0  consumed = 1.0
   dest 17:  from source  9  epoch 0  consumed = 1.0
   dest 17:  from source 10  epoch 3  consumed = 1.0
   dest 17:  from source 11  epoch 2  consumed = 1.000083
   dest 17:  from source 12  epoch 0  consumed = 1.0
   dest 17:  from source 13  epoch 0  consumed = 1.0
   dest 17:  from source 14  epoch 0  consumed = 1.0
   dest 17:  from source 15  epoch 0  consumed = 1.0
   dest 17:  from source 16  epoch 1  consumed = 0.211419
   dest 17:  from source 16  epoch 2  consumed = 1e-06
   dest 17:  from source 16  epoch 3  consumed = 0.788581
   dest 17:  from source 18  epoch 1  consumed = 0.017972
   dest 17:  from source 18  epoch 2  consumed = 0.982028
   dest 17:  from source 19  epoch 1  consumed = 1.0
   dest 17:  from source 20  epoch 1  consumed = 1.0
   dest 17:  from source 21  epoch 1  consumed = 1.0
   dest 17:  from source 22  epoch 1  consumed = 1.0
   dest 17:  from source 23  epoch 1  consumed = 0.093199
   dest 17:  from source 23  epoch 3  consumed = 0.906801
   dest 17:  from source 24  epoch 3  consumed = 1.0
   dest 17:  from source 25  epoch 1  consumed = 1.0
   dest 17:  from source 26  epoch 2  consumed = 1.0
   dest 17:  from source 27  epoch 0  consumed = 1.0
   dest 17:  from source 28  epoch 2  consumed = 1.0
   dest 17:  from source 29  epoch 3  consumed = 1.0
   dest 17:  from source 30  epoch 1  consumed = 0.677493
   dest 17:  from source 30  epoch 3  consumed = 0.322507
   dest 17:  from source 31  epoch 2  consumed = 1.0
   dest 18:  from source  0  epoch 0  consumed = 0.108597
   dest 18:  from source  0  epoch 1  consumed = 0.516626
   dest 18:  from source  0  epoch 2  consumed = 0.057643
   dest 18:  from source  0  epoch 3  consumed = 0.317134
   dest 18:  from source  1  epoch 2  consumed = 1.0
   dest 18:  from source  2  epoch 0  consumed = 1.0
   dest 18:  from source  3  epoch 2  consumed = 0.223764
   dest 18:  from source  3  epoch 3  consumed = 0.776236
   dest 18:  from source  4  epoch 0  consumed = 0.677501
   dest 18:  from source  4  epoch 3  consumed = 0.322499
   dest 18:  from source  5  epoch 3  consumed = 1.0
   dest 18:  from source  6  epoch 1  consumed = 1.0
   dest 18:  from source  7  epoch 2  consumed = 0.893388
   dest 18:  from source  7  epoch 3  consumed = 0.106612
   dest 18:  from source  8  epoch 1  consumed = 0.607642
   dest 18:  from source  8  epoch 3  consumed = 0.392358
   dest 18:  from source  9  epoch 0  consumed = 0.03633
   dest 18:  from source  9  epoch 1  consumed = 0.065815
   dest 18:  from source  9  epoch 2  consumed = 0.839319
   dest 18:  from source  9  epoch 3  consumed = 0.058535
   dest 18:  from source 10  epoch 0  consumed = 1.0
   dest 18:  from source 11  epoch 2  consumed = 0.028734
   dest 18:  from source 11  epoch 3  consumed = 0.971266
   dest 18:  from source 12  epoch 1  consumed = 0.42613
   dest 18:  from source 12  epoch 2  consumed = 0.57387
   dest 18:  from source 13  epoch 0  consumed = 0.229379
   dest 18:  from source 13  epoch 2  consumed = 0.643394
   dest 18:  from source 13  epoch 3  consumed = 0.127227
   dest 18:  from source 14  epoch 0  consumed = 0.560544
   dest 18:  from source 14  epoch 1  consumed = 0.383787
   dest 18:  from source 14  epoch 3  consumed = 0.055669
   dest 18:  from source 15  epoch 0  consumed = 1.0
   dest 18:  from source 16  epoch 3  consumed = 1.0
   dest 18:  from source 17  epoch 0  consumed = 0.583934
   dest 18:  from source 17  epoch 3  consumed = 0.416066
   dest 18:  from source 19  epoch 1  consumed = 1.0
   dest 18:  from source 20  epoch 3  consumed = 1.0
   dest 18:  from source 21  epoch 1  consumed = 1.0
   dest 18:  from source 22  epoch 0  consumed = 0.038079
   dest 18:  from source 22  epoch 2  consumed = 0.764575
   dest 18:  from source 22  epoch 3  consumed = 0.197346
   dest 18:  from source 23  epoch 1  consumed = 1.0
   dest 18:  from source 24  epoch 0  consumed = 0.801196
   dest 18:  from source 24  epoch 3  consumed = 0.198804
   dest 18:  from source 25  epoch 0  consumed = 0.964439
   dest 18:  from source 25  epoch 2  consumed = 0.035561
   dest 18:  from source 26  epoch 2  consumed = 1.0
   dest 18:  from source 27  epoch 1  consumed = 1.0
   dest 18:  from source 28  epoch 0  consumed = 1.0
   dest 18:  from source 29  epoch 2  consumed = 1.0
   dest 18:  from source 30  epoch 2  consumed = 0.939751
   dest 18:  from source 30  epoch 3  consumed = 0.060249
   dest 18:  from source 31  epoch 1  consumed = 1.0
   dest 19:  from source  0  epoch 1  consumed = 0.002528
   dest 19:  from source  0  epoch 3  consumed = 0.997472
   dest 19:  from source  1  epoch 3  consumed = 1.0
   dest 19:  from source  2  epoch 0  consumed = 0.96705
   dest 19:  from source  2  epoch 1  consumed = 0.03295
   dest 19:  from source  3  epoch 0  consumed = 0.235408
   dest 19:  from source  3  epoch 2  consumed = 0.764592
   dest 19:  from source  4  epoch 2  consumed = 1.0
   dest 19:  from source  5  epoch 2  consumed = 0.293556
   dest 19:  from source  5  epoch 3  consumed = 0.706444
   dest 19:  from source  6  epoch 1  consumed = 1.0
   dest 19:  from source  7  epoch 3  consumed = 1.0
   dest 19:  from source  8  epoch 1  consumed = 0.002865
   dest 19:  from source  8  epoch 2  consumed = 0.997135
   dest 19:  from source  9  epoch 1  consumed = 0.194859
   dest 19:  from source  9  epoch 3  consumed = 0.805141
   dest 19:  from source 10  epoch 1  consumed = 1.0
   dest 19:  from source 11  epoch 1  consumed = 0.049911
   dest 19:  from source 11  epoch 2  consumed = 0.950089
   dest 19:  from source 12  epoch 0  consumed = 1.0
   dest 19:  from source 13  epoch 1  consumed = 1.0
   dest 19:  from source 14  epoch 1  consumed = 0.347273
   dest 19:  from source 14  epoch 2  consumed = 0.652727
   dest 19:  from source 15  epoch 2  consumed = 0.509058
   dest 19:  from source 15  epoch 3  consumed = 0.490942
   dest 19:  from source 16  epoch 0  consumed = 0.922937
   dest 19:  from source 16  epoch 1  consumed = 0.077063
   dest 19:  from source 17  epoch 0  consumed = 1.0
   dest 19:  from source 18  epoch 2  consumed = 1.0
   dest 19:  from source 20  epoch 2  consumed = 1.0
   dest 19:  from source 21  epoch 0  consumed = 0.463942
   dest 19:  from source 21  epoch 1  consumed = 0.536058
   dest 19:  from source 22  epoch 0  consumed = 1.0
   dest 19:  from source 23  epoch 0  consumed = 0.104356
   dest 19:  from source 23  epoch 1  consumed = 0.895644
   dest 19:  from source 24  epoch 1  consumed = 1.0
   dest 19:  from source 25  epoch 0  consumed = 1.0
   dest 19:  from source 26  epoch 2  consumed = 0.832843
   dest 19:  from source 26  epoch 3  consumed = 0.167157
   dest 19:  from source 27  epoch 1  consumed = 0.167157
   dest 19:  from source 27  epoch 3  consumed = 0.832843
   dest 19:  from source 28  epoch 1  consumed = 1.0
   dest 19:  from source 29  epoch 3  consumed = 1.0
   dest 19:  from source 30  epoch 0  consumed = 0.306307
   dest 19:  from source 30  epoch 1  consumed = 0.693693
   dest 19:  from source 31  epoch 0  consumed = 1.0
   dest 20:  from source  0  epoch 3  consumed = 1.0
   dest 20:  from source  1  epoch 1  consumed = 1.0
   dest 20:  from source  2  epoch 1  consumed = 0.084792
   dest 20:  from source  2  epoch 3  consumed = 0.915208
   dest 20:  from source  3  epoch 1  consumed = 1.0
   dest 20:  from source  4  epoch 0  consumed = 0.941346
   dest 20:  from source  4  epoch 1  consumed = 0.058654
   dest 20:  from source  5  epoch 0  consumed = 1.0
   dest 20:  from source  6  epoch 1  consumed = 0.050358
   dest 20:  from source  6  epoch 3  consumed = 0.949642
   dest 20:  from source  7  epoch 0  consumed = 1.0
   dest 20:  from source  8  epoch 1  consumed = 0.76149
   dest 20:  from source  8  epoch 3  consumed = 0.23851
   dest 20:  from source  9  epoch 2  consumed = 1.0
   dest 20:  from source 10  epoch 2  consumed = 0.740074
   dest 20:  from source 10  epoch 3  consumed = 0.259926
   dest 20:  from source 11  epoch 0  consumed = 1.0
   dest 20:  from source 12  epoch 2  consumed = 1.0
   dest 20:  from source 13  epoch 0  consumed = 1.0
   dest 20:  from source 14  epoch 1  consumed = 1.0
   dest 20:  from source 15  epoch 1  consumed = 1.0
   dest 20:  from source 16  epoch 0  consumed = 0.734262
   dest 20:  from source 16  epoch 2  consumed = 0.259926
   dest 20:  from source 16  epoch 3  consumed = 0.005812
   dest 20:  from source 17  epoch 0  consumed = 0.522735
   dest 20:  from source 17  epoch 3  consumed = 0.477265
   dest 20:  from source 18  epoch 1  consumed = 1.0
   dest 20:  from source 19  epoch 2  consumed = 1.0
   dest 20:  from source 21  epoch 0  consumed = 1.0
   dest 20:  from source 22  epoch 0  consumed = 0.255089
   dest 20:  from source 22  epoch 2  consumed = 0.744911
   dest 20:  from source 23  epoch 0  consumed = 0.51372
   dest 20:  from source 23  epoch 3  consumed = 0.48628
   dest 20:  from source 24  epoch 2  consumed = 0.255089
   dest 20:  from source 24  epoch 3  consumed = 0.744911
   dest 20:  from source 25  epoch 2  consumed = 1.0
   dest 20:  from source 26  epoch 0  consumed = 0.032849
   dest 20:  from source 26  epoch 1  consumed = 0.967151
   dest 20:  from source 27  epoch 1  consumed = 1.0
   dest 20:  from source 28  epoch 2  consumed = 1.0
   dest 20:  from source 29  epoch 3  consumed = 1.0
   dest 20:  from source 30  epoch 1  consumed = 0.077554
   dest 20:  from source 30  epoch 3  consumed = 0.922446
   dest 20:  from source 31  epoch 2  consumed = 1.0
   dest 21:  from source  0  epoch 0  consumed = 0.10093
   dest 21:  from source  0  epoch 2  consumed = 0.896542
   dest 21:  from source  0  epoch 3  consumed = 0.002528
   dest 21:  from source  1  epoch 3  consumed = 1.0
   dest 21:  from source  2  epoch 2  consumed = 0.762899
   dest 21:  from source  2  epoch 3  consumed = 0.237101
   dest 21:  from source  3  epoch 1  consumed = 1.0
   dest 21:  from source  4  epoch 2  consumed = 1.0
   dest 21:  from source  5  epoch 2  consumed = 1.0
   dest 21:  from source  6  epoch 2  consumed = 0.699853
   dest 21:  from source  6  epoch 3  consumed = 0.300147
   dest 21:  from source  7  epoch 1  consumed = 1.0
   dest 21:  from source  8  epoch 1  consumed = 1.0
   dest 21:  from source  9  epoch 0  consumed = 1.0
   dest 21:  from source 10  epoch 1  consumed = 1.0
   dest 21:  from source 11  epoch 2  consumed = 1.0
   dest 21:  from source 12  epoch 0  consumed = 0.917998
   dest 21:  from source 12  epoch 1  consumed = 0.082002
   dest 21:  from source 13  epoch 0  consumed = 1.0
   dest 21:  from source 14  epoch 2  consumed = 0.055669
   dest 21:  from source 14  epoch 3  consumed = 0.944331
   dest 21:  from source 15  epoch 1  consumed = 0.130086
   dest 21:  from source 15  epoch 2  consumed = 0.372079
   dest 21:  from source 15  epoch 3  consumed = 0.497835
   dest 21:  from source 16  epoch 0  consumed = 1.0
   dest 21:  from source 17  epoch 0  consumed = 1.0
   dest 21:  from source 18  epoch 1  consumed = 0.081484
   dest 21:  from source 18  epoch 2  consumed = 0.918516
   dest 21:  from source 19  epoch 1  consumed = 0.203393
   dest 21:  from source 19  epoch 2  consumed = 0.796607
   dest 21:  from source 20  epoch 1  consumed = 0.197535
   dest 21:  from source 20  epoch 3  consumed = 0.802465
   dest 21:  from source 22  epoch 0  consumed = 0.119296
   dest 21:  from source 22  epoch 1  consumed = 0.124883
   dest 21:  from source 22  epoch 3  consumed = 0.755821
   dest 21:  from source 23  epoch 1  consumed = 1.0
   dest 21:  from source 24  epoch 0  consumed = 1.0
   dest 21:  from source 25  epoch 1  consumed = 1.0
   dest 21:  from source 26  epoch 1  consumed = 1.0
   dest 21:  from source 27  epoch 0  consumed = 0.042393
   dest 21:  from source 27  epoch 3  consumed = 0.957607
   dest 21:  from source 28  epoch 3  consumed = 1.0
   dest 21:  from source 29  epoch 0  consumed = 0.819383
   dest 21:  from source 29  epoch 1  consumed = 0.180617
   dest 21:  from source 30  epoch 2  consumed = 0.497835
   dest 21:  from source 30  epoch 3  consumed = 0.502165
   dest 21:  from source 31  epoch 0  consumed = 1.0
   dest 22:  from source  0  epoch 0  consumed = 0.346886
   dest 22:  from source  0  epoch 2  consumed = 0.464004
   dest 22:  from source  0  epoch 3  consumed = 0.18911
   dest 22:  from source  1  epoch 2  consumed = 1.0
   dest 22:  from source  2  epoch 0  consumed = 1.0
   dest 22:  from source  3  epoch 3  consumed = 1.0
   dest 22:  from source  4  epoch 2  consumed = 1.0
   dest 22:  from source  5  epoch 1  consumed = 1.0
   dest 22:  from source  6  epoch 2  consumed = 1.0
   dest 22:  from source  7  epoch 0  consumed = 0.552723
   dest 22:  from source  7  epoch 2  consumed = 0.447277
   dest 22:  from source  8  epoch 0  consumed = 1.0
   dest 22:  from source  9  epoch 1  consumed = 1.0
   dest 22:  from source 10  epoch 2  consumed = 0.389927
   dest 22:  from source 10  epoch 3  consumed = 0.610073
   dest 22:  from source 11  epoch 0  consumed = 0.956133
   dest 22:  from source 11  epoch 2  consumed = 0.043867
   dest 22:  from source 12  epoch 2  consumed = 1.0
   dest 22:  from source 13  epoch 1  consumed = 0.88204
   dest 22:  from source 13  epoch 2  consumed = 0.11796
   dest 22:  from source 14  epoch 0  consumed = 0.951275
   dest 22:  from source 14  epoch 2  consumed = 0.048725
   dest 22:  from source 15  epoch 1  consumed = 1.0
   dest 22:  from source 16  epoch 1  consumed = 1.0
   dest 22:  from source 17  epoch 1  consumed = 0.042819
   dest 22:  from source 17  epoch 2  consumed = 0.603277
   dest 22:  from source 17  epoch 3  consumed = 0.353904
   dest 22:  from source 18  epoch 3  consumed = 1.0
   dest 22:  from source 19  epoch 0  consumed = 0.173436
   dest 22:  from source 19  epoch 2  consumed = 0.826564
   dest 22:  from source 20  epoch 0  consumed = 0.933813
   dest 22:  from source 20  epoch 3  consumed = 0.066187
   dest 22:  from source 21  epoch 0  consumed = 0.067393
   dest 22:  from source 21  epoch 3  consumed = 0.932607
   dest 22:  from source 23  epoch 1  consumed = 1.0
   dest 22:  from source 24  epoch 1  consumed = 0.093482
   dest 22:  from source 24  epoch 2  consumed = 0.045159
   dest 22:  from source 24  epoch 3  consumed = 0.861359
   dest 22:  from source 25  epoch 0  consumed = 1.0
   dest 22:  from source 26  epoch 3  consumed = 1.0
   dest 22:  from source 27  epoch 2  consumed = 0.01324
   dest 22:  from source 27  epoch 3  consumed = 0.98676
   dest 22:  from source 28  epoch 1  consumed = 1.0
   dest 22:  from source 29  epoch 0  consumed = 0.018341
   dest 22:  from source 29  epoch 1  consumed = 0.981659
   dest 22:  from source 30  epoch 2  consumed = 1.0
   dest 22:  from source 31  epoch 0  consumed = 1.0
   dest 23:  from source  0  epoch 2  consumed = 0.997065
   dest 23:  from source  0  epoch 3  consumed = 0.002935
   dest 23:  from source  1  epoch 2  consumed = 1.0
   dest 23:  from source  2  epoch 0  consumed = 0.465172
   dest 23:  from source  2  epoch 1  consumed = 0.534828
   dest 23:  from source  3  epoch 0  consumed = 1.0
   dest 23:  from source  4  epoch 2  consumed = 1.0
   dest 23:  from source  5  epoch 2  consumed = 1.0
   dest 23:  from source  6  epoch 0  consumed = 0.328873
   dest 23:  from source  6  epoch 2  consumed = 0.671127
   dest 23:  from source  7  epoch 0  consumed = 0.291591
   dest 23:  from source  7  epoch 1  consumed = 0.638752
   dest 23:  from source  7  epoch 3  consumed = 0.069656
   dest 23:  from source  8  epoch 1  consumed = 1.0
   dest 23:  from source  9  epoch 0  consumed = 0.96367
   dest 23:  from source  9  epoch 2  consumed = 0.03633
   dest 23:  from source 10  epoch 0  consumed = 0.472865
   dest 23:  from source 10  epoch 1  consumed = 0.302786
   dest 23:  from source 10  epoch 2  consumed = 0.09531
   dest 23:  from source 10  epoch 3  consumed = 0.129038
   dest 23:  from source 11  epoch 2  consumed = 0.276479
   dest 23:  from source 11  epoch 3  consumed = 0.723521
   dest 23:  from source 12  epoch 2  consumed = 0.79503
   dest 23:  from source 12  epoch 3  consumed = 0.20497
   dest 23:  from source 13  epoch 0  consumed = 0.002935
   dest 23:  from source 13  epoch 3  consumed = 0.997065
   dest 23:  from source 14  epoch 2  consumed = 1.0
   dest 23:  from source 15  epoch 0  consumed = 0.766867
   dest 23:  from source 15  epoch 3  consumed = 0.233133
   dest 23:  from source 16  epoch 3  consumed = 1.0
   dest 23:  from source 17  epoch 3  consumed = 1.0
   dest 23:  from source 18  epoch 0  consumed = 1.0
   dest 23:  from source 19  epoch 0  consumed = 1.0
   dest 23:  from source 20  epoch 1  consumed = 0.129038
   dest 23:  from source 20  epoch 3  consumed = 0.870962
   dest 23:  from source 21  epoch 3  consumed = 1.0
   dest 23:  from source 22  epoch 1  consumed = 1.0
   dest 23:  from source 24  epoch 2  consumed = 1.0
   dest 23:  from source 25  epoch 1  consumed = 0.394594
   dest 23:  from source 25  epoch 2  consumed = 0.128659
   dest 23:  from source 25  epoch 3  consumed = 0.476746
   dest 23:  from source 26  epoch 0  consumed = 0.708027
   dest 23:  from source 26  epoch 3  consumed = 0.291973
   dest 23:  from source 27  epoch 1  consumed = 1.0
   dest 23:  from source 28  epoch 0  consumed = 1.0
   dest 23:  from source 29  epoch 1  consumed = 1.0
   dest 23:  from source 30  epoch 1  consumed = 1.0
   dest 23:  from source 31  epoch 1  consumed = 1.0
   dest 24:  from source  0  epoch 0  consumed = 0.822232
   dest 24:  from source  0  epoch 3  consumed = 0.177768
   dest 24:  from source  1  epoch 0  consumed = 1.0
   dest 24:  from source  2  epoch 1  consumed = 1.0
   dest 24:  from source  3  epoch 1  consumed = 0.997733
   dest 24:  from source  3  epoch 2  consumed = 0.002267
   dest 24:  from source  4  epoch 1  consumed = 1.0
   dest 24:  from source  5  epoch 0  consumed = 0.732134
   dest 24:  from source  5  epoch 2  consumed = 0.267866
   dest 24:  from source  6  epoch 1  consumed = 1.0
   dest 24:  from source  7  epoch 1  consumed = 1.0
   dest 24:  from source  8  epoch 2  consumed = 0.966155
   dest 24:  from source  8  epoch 3  consumed = 0.033845
   dest 24:  from source  9  epoch 2  consumed = 0.363835
   dest 24:  from source  9  epoch 3  consumed = 0.636165
   dest 24:  from source 10  epoch 2  consumed = 1.0
   dest 24:  from source 11  epoch 1  consumed = 1.0
   dest 24:  from source 12  epoch 0  consumed = 0.373524
   dest 24:  from source 12  epoch 1  consumed = 0.626476
   dest 24:  from source 13  epoch 2  consumed = 0.61824
   dest 24:  from source 13  epoch 3  consumed = 0.38176
   dest 24:  from source 14  epoch 2  consumed = 1.0
   dest 24:  from source 15  epoch 0  consumed = 0.003405
   dest 24:  from source 15  epoch 2  consumed = 0.963477
   dest 24:  from source 15  epoch 3  consumed = 0.033118
   dest 24:  from source 16  epoch 0  consumed = 1.0
   dest 24:  from source 17  epoch 3  consumed = 1.0
   dest 24:  from source 18  epoch 2  consumed = 0.071509
   dest 24:  from source 18  epoch 3  consumed = 0.928491
   dest 24:  from source 19  epoch 1  consumed = 0.375791
   dest 24:  from source 19  epoch 2  consumed = 0.376829
   dest 24:  from source 19  epoch 3  consumed = 0.24738
   dest 24:  from source 20  epoch 2  consumed = 1.0
   dest 24:  from source 21  epoch 0  consumed = 0.068705
   dest 24:  from source 21  epoch 2  consumed = 0.036523
   dest 24:  from source 21  epoch 3  consumed = 0.894771
   dest 24:  from source 22  epoch 3  consumed = 1.0
   dest 24:  from source 23  epoch 0  consumed = 1.0
   dest 24:  from source 25  epoch 0  consumed = 1.0
   dest 24:  from source 26  epoch 0  consumed = 1.0
   dest 24:  from source 27  epoch 2  consumed = 0.331315
   dest 24:  from source 27  epoch 3  consumed = 0.668685
   dest 24:  from source 28  epoch 2  consumed = 1.0
   dest 24:  from source 29  epoch 2  consumed = 0.001985
   dest 24:  from source 29  epoch 3  consumed = 0.998015
   dest 24:  from source 30  epoch 1  consumed = 1.0
   dest 24:  from source 31  epoch 0  consumed = 1.0
   dest 25:  from source  0  epoch 1  consumed = 1.0
   dest 25:  from source  1  epoch 1  consumed = 1.0
   dest 25:  from source  2  epoch 0  consumed = 0.014359
   dest 25:  from source  2  epoch 2  consumed = 0.085175
   dest 25:  from source  2  epoch 3  consumed = 0.900466
   dest 25:  from source  3  epoch 2  consumed = 1.0
   dest 25:  from source  4  epoch 0  consumed = 1.0
   dest 25:  from source  5  epoch 0  consumed = 1.0
   dest 25:  from source  6  epoch 0  consumed = 1.0
   dest 25:  from source  7  epoch 1  consumed = 0.026324
   dest 25:  from source  7  epoch 3  consumed = 0.973676
   dest 25:  from source  8  epoch 0  consumed = 1.0
   dest 25:  from source  9  epoch 2  consumed = 1.0
   dest 25:  from source 10  epoch 1  consumed = 0.754138
   dest 25:  from source 10  epoch 3  consumed = 0.245862
   dest 25:  from source 11  epoch 2  consumed = 1.000001
   dest 25:  from source 12  epoch 1  consumed = 1.0
   dest 25:  from source 13  epoch 2  consumed = 0.762472
   dest 25:  from source 13  epoch 3  consumed = 0.237528
   dest 25:  from source 14  epoch 0  consumed = 0.490375
   dest 25:  from source 14  epoch 1  consumed = 0.130794
   dest 25:  from source 14  epoch 2  consumed = 0.378831
   dest 25:  from source 15  epoch 3  consumed = 1.0
   dest 25:  from source 16  epoch 1  consumed = 0.086761
   dest 25:  from source 16  epoch 3  consumed = 0.913239
   dest 25:  from source 17  epoch 2  consumed = 1.0
   dest 25:  from source 18  epoch 1  consumed = 1.0
   dest 25:  from source 19  epoch 1  consumed = 0.259378
   dest 25:  from source 19  epoch 3  consumed = 0.740622
   dest 25:  from source 20  epoch 0  consumed = 1.0
   dest 25:  from source 21  epoch 2  consumed = 1.0
   dest 25:  from source 22  epoch 1  consumed = 0.402419
   dest 25:  from source 22  epoch 2  consumed = 0.597581
   dest 25:  from source 23  epoch 0  consumed = 1.0
   dest 25:  from source 24  epoch 2  consumed = 1.0
   dest 25:  from source 26  epoch 3  consumed = 1.0
   dest 25:  from source 27  epoch 1  consumed = 0.976413
   dest 25:  from source 27  epoch 2  consumed = 0.023587
   dest 25:  from source 28  epoch 1  consumed = 0.066662
   dest 25:  from source 28  epoch 2  consumed = 0.152353
   dest 25:  from source 28  epoch 3  consumed = 0.780985
   dest 25:  from source 29  epoch 1  consumed = 1.0
   dest 25:  from source 30  epoch 0  consumed = 1.0
   dest 25:  from source 31  epoch 0  consumed = 0.495266
   dest 25:  from source 31  epoch 1  consumed = 0.297113
   dest 25:  from source 31  epoch 3  consumed = 0.207621
   dest 26:  from source  0  epoch 3  consumed = 1.0
   dest 26:  from source  1  epoch 1  consumed = 1.0
   dest 26:  from source  2  epoch 1  consumed = 0.048216
   dest 26:  from source  2  epoch 2  consumed = 0.07337
   dest 26:  from source  2  epoch 3  consumed = 0.878415
   dest 26:  from source  3  epoch 0  consumed = 1.0
   dest 26:  from source  4  epoch 0  consumed = 0.675911
   dest 26:  from source  4  epoch 1  consumed = 0.324089
   dest 26:  from source  5  epoch 2  consumed = 0.907177
   dest 26:  from source  5  epoch 3  consumed = 0.092823
   dest 26:  from source  6  epoch 3  consumed = 1.0
   dest 26:  from source  7  epoch 1  consumed = 1.0
   dest 26:  from source  8  epoch 2  consumed = 1.0
   dest 26:  from source  9  epoch 1  consumed = 1.0
   dest 26:  from source 10  epoch 0  consumed = 1.0
   dest 26:  from source 11  epoch 0  consumed = 0.042325
   dest 26:  from source 11  epoch 1  consumed = 0.957675
   dest 26:  from source 12  epoch 0  consumed = 1.0
   dest 26:  from source 13  epoch 0  consumed = 0.196145
   dest 26:  from source 13  epoch 1  consumed = 0.15724
   dest 26:  from source 13  epoch 2  consumed = 0.646615
   dest 26:  from source 14  epoch 0  consumed = 1.0
   dest 26:  from source 15  epoch 1  consumed = 0.062045
   dest 26:  from source 15  epoch 3  consumed = 0.937955
   dest 26:  from source 16  epoch 2  consumed = 0.999999
   dest 26:  from source 16  epoch 3  consumed = 1e-06
   dest 26:  from source 17  epoch 1  consumed = 1.0
   dest 26:  from source 18  epoch 3  consumed = 1.0
   dest 26:  from source 19  epoch 2  consumed = 0.238399
   dest 26:  from source 19  epoch 3  consumed = 0.761601
   dest 26:  from source 20  epoch 2  consumed = 0.976717
   dest 26:  from source 20  epoch 3  consumed = 0.023283
   dest 26:  from source 21  epoch 1  consumed = 1.0
   dest 26:  from source 22  epoch 3  consumed = 1.0
   dest 26:  from source 23  epoch 1  consumed = 0.450735
   dest 26:  from source 23  epoch 2  consumed = 0.549265
   dest 26:  from source 24  epoch 1  consumed = 1.0
   dest 26:  from source 25  epoch 0  consumed = 1.0
   dest 26:  from source 27  epoch 0  consumed = 0.391542
   dest 26:  from source 27  epoch 2  consumed = 0.608458
   dest 26:  from source 28  epoch 0  consumed = 1.0
   dest 26:  from source 29  epoch 0  consumed = 0.694077
   dest 26:  from source 29  epoch 3  consumed = 0.305923
   dest 26:  from source 30  epoch 2  consumed = 1.0
   dest 26:  from source 31  epoch 2  consumed = 1.0
   dest 27:  from source  0  epoch 0  consumed = 1.0
   dest 27:  from source  1  epoch 0  consumed = 0.47415
   dest 27:  from source  1  epoch 2  consumed = 0.52585
   dest 27:  from source  2  epoch 0  consumed = 0.848524
   dest 27:  from source  2  epoch 3  consumed = 0.151476
   dest 27:  from source  3  epoch 3  consumed = 1.0
   dest 27:  from source  4  epoch 2  consumed = 1.0
   dest 27:  from source  5  epoch 1  consumed = 0.935805
   dest 27:  from source  5  epoch 3  consumed = 0.064195
   dest 27:  from source  6  epoch 2  consumed = 1.0
   dest 27:  from source  7  epoch 2  consumed = 1.0
   dest 27:  from source  8  epoch 1  consumed = 1.0
   dest 27:  from source  9  epoch 1  consumed = 1.0
   dest 27:  from source 10  epoch 1  consumed = 0.042703
   dest 27:  from source 10  epoch 3  consumed = 0.957297
   dest 27:  from source 11  epoch 1  consumed = 1.0
   dest 27:  from source 12  epoch 3  consumed = 1.0
   dest 27:  from source 13  epoch 0  consumed = 1.0
   dest 27:  from source 14  epoch 2  consumed = 0.38176
   dest 27:  from source 14  epoch 3  consumed = 0.61824
   dest 27:  from source 15  epoch 0  consumed = 0.371508
   dest 27:  from source 15  epoch 3  consumed = 0.628492
   dest 27:  from source 16  epoch 0  consumed = 1.0
   dest 27:  from source 17  epoch 0  consumed = 1.0
   dest 27:  from source 18  epoch 1  consumed = 1.0
   dest 27:  from source 19  epoch 1  consumed = 0.740622
   dest 27:  from source 19  epoch 3  consumed = 0.259378
   dest 27:  from source 20  epoch 0  consumed = 0.304101
   dest 27:  from source 20  epoch 1  consumed = 0.064195
   dest 27:  from source 20  epoch 3  consumed = 0.631704
   dest 27:  from source 21  epoch 2  consumed = 1.0
   dest 27:  from source 22  epoch 1  consumed = 1.0
   dest 27:  from source 23  epoch 2  consumed = 1.0
   dest 27:  from source 24  epoch 1  consumed = 0.081466
   dest 27:  from source 24  epoch 3  consumed = 0.918534
   dest 27:  from source 25  epoch 1  consumed = 0.092389
   dest 27:  from source 25  epoch 2  consumed = 0.907611
   dest 27:  from source 26  epoch 0  consumed = 1.0
   dest 27:  from source 28  epoch 0  consumed = 0.001718
   dest 27:  from source 28  epoch 1  consumed = 0.042819
   dest 27:  from source 28  epoch 2  consumed = 0.184779
   dest 27:  from source 28  epoch 3  consumed = 0.770684
   dest 27:  from source 29  epoch 2  consumed = 1.0
   dest 27:  from source 30  epoch 0  consumed = 1.0
   dest 27:  from source 31  epoch 1  consumed = 1.0
   dest 28:  from source  0  epoch 1  consumed = 0.463644
   dest 28:  from source  0  epoch 2  consumed = 0.536356
   dest 28:  from source  1  epoch 0  consumed = 1.0
   dest 28:  from source  2  epoch 1  consumed = 1.0
   dest 28:  from source  3  epoch 2  consumed = 1.0
   dest 28:  from source  4  epoch 1  consumed = 0.130527
   dest 28:  from source  4  epoch 2  consumed = 0.063522
   dest 28:  from source  4  epoch 3  consumed = 0.805951
   dest 28:  from source  5  epoch 0  consumed = 1.0
   dest 28:  from source  6  epoch 0  consumed = 0.055669
   dest 28:  from source  6  epoch 3  consumed = 0.944331
   dest 28:  from source  7  epoch 0  consumed = 0.773321
   dest 28:  from source  7  epoch 3  consumed = 0.226679
   dest 28:  from source  8  epoch 0  consumed = 0.123621
   dest 28:  from source  8  epoch 2  consumed = 0.876379
   dest 28:  from source  9  epoch 0  consumed = 1.0
   dest 28:  from source 10  epoch 0  consumed = 1.0
   dest 28:  from source 11  epoch 1  consumed = 1.0
   dest 28:  from source 12  epoch 0  consumed = 1.0
   dest 28:  from source 13  epoch 2  consumed = 0.107488
   dest 28:  from source 13  epoch 3  consumed = 0.892512
   dest 28:  from source 14  epoch 2  consumed = 1.0
   dest 28:  from source 15  epoch 0  consumed = 1.0
   dest 28:  from source 16  epoch 1  consumed = 1.0
   dest 28:  from source 17  epoch 0  consumed = 1.0
   dest 28:  from source 18  epoch 3  consumed = 1.0
   dest 28:  from source 19  epoch 2  consumed = 1.0
   dest 28:  from source 20  epoch 1  consumed = 1.0
   dest 28:  from source 21  epoch 2  consumed = 1.0
   dest 28:  from source 22  epoch 1  consumed = 1.0
   dest 28:  from source 23  epoch 1  consumed = 1.0
   dest 28:  from source 24  epoch 1  consumed = 0.139046
   dest 28:  from source 24  epoch 3  consumed = 0.860954
   dest 28:  from source 25  epoch 0  consumed = 0.04739
   dest 28:  from source 25  epoch 2  consumed = 0.95261
   dest 28:  from source 26  epoch 3  consumed = 1.0
   dest 28:  from source 27  epoch 1  consumed = 1.0
   dest 28:  from source 29  epoch 1  consumed = 0.253119
   dest 28:  from source 29  epoch 2  consumed = 0.463644
   dest 28:  from source 29  epoch 3  consumed = 0.283236
   dest 28:  from source 30  epoch 1  consumed = 0.013663
   dest 28:  from source 30  epoch 3  consumed = 0.986337
   dest 28:  from source 31  epoch 2  consumed = 1.0
   dest 29:  from source  0  epoch 3  consumed = 1.0
   dest 29:  from source  1  epoch 1  consumed = 0.620815
   dest 29:  from source  1  epoch 2  consumed = 0.379185
   dest 29:  from source  2  epoch 2  consumed = 1.0
   dest 29:  from source  3  epoch 2  consumed = 0.795397
   dest 29:  from source  3  epoch 3  consumed = 0.204603
   dest 29:  from source  4  epoch 1  consumed = 1.0
   dest 29:  from source  5  epoch 2  consumed = 0.11166
   dest 29:  from source  5  epoch 3  consumed = 0.88834
   dest 29:  from source  6  epoch 0  consumed = 0.997913
   dest 29:  from source  6  epoch 3  consumed = 0.002087
   dest 29:  from source  7  epoch 1  consumed = 1.0
   dest 29:  from source  8  epoch 3  consumed = 1.0
   dest 29:  from source  9  epoch 0  consumed = 0.002087
   dest 29:  from source  9  epoch 2  consumed = 0.556429
   dest 29:  from source  9  epoch 3  consumed = 0.441484
   dest 29:  from source 10  epoch 1  consumed = 1.0
   dest 29:  from source 11  epoch 2  consumed = 1.0
   dest 29:  from source 12  epoch 1  consumed = 0.211383
   dest 29:  from source 12  epoch 3  consumed = 0.788617
   dest 29:  from source 13  epoch 2  consumed = 1.0
   dest 29:  from source 14  epoch 2  consumed = 1.0
   dest 29:  from source 15  epoch 2  consumed = 0.980729
   dest 29:  from source 15  epoch 3  consumed = 0.019271
   dest 29:  from source 16  epoch 3  consumed = 1.0
   dest 29:  from source 17  epoch 1  consumed = 0.88834
   dest 29:  from source 17  epoch 3  consumed = 0.11166
   dest 29:  from source 18  epoch 0  consumed = 0.531003
   dest 29:  from source 18  epoch 1  consumed = 0.468997
   dest 29:  from source 19  epoch 0  consumed = 1.0
   dest 29:  from source 20  epoch 2  consumed = 0.546536
   dest 29:  from source 20  epoch 3  consumed = 0.453464
   dest 29:  from source 21  epoch 1  consumed = 1.0
   dest 29:  from source 22  epoch 0  consumed = 0.632809
   dest 29:  from source 22  epoch 1  consumed = 0.367191
   dest 29:  from source 23  epoch 1  consumed = 0.335194
   dest 29:  from source 23  epoch 2  consumed = 0.11895
   dest 29:  from source 23  epoch 3  consumed = 0.545855
   dest 29:  from source 24  epoch 0  consumed = 1.0
   dest 29:  from source 25  epoch 0  consumed = 0.988171
   dest 29:  from source 25  epoch 3  consumed = 0.011829
   dest 29:  from source 26  epoch 0  consumed = 1.0
   dest 29:  from source 27  epoch 1  consumed = 0.410862
   dest 29:  from source 27  epoch 2  consumed = 0.511114
   dest 29:  from source 27  epoch 3  consumed = 0.078024
   dest 29:  from source 28  epoch 0  consumed = 0.848016
   dest 29:  from source 28  epoch 3  consumed = 0.151984
   dest 29:  from source 30  epoch 0  consumed = 1.0
   dest 29:  from source 31  epoch 1  consumed = 0.697218
   dest 29:  from source 31  epoch 3  consumed = 0.302782
   dest 30:  from source  0  epoch 1  consumed = 1.0
   dest 30:  from source  1  epoch 1  consumed = 0.161156
   dest 30:  from source  1  epoch 2  consumed = 0.141548
   dest 30:  from source  1  epoch 3  consumed = 0.697296
   dest 30:  from source  2  epoch 1  consumed = 0.977827
   dest 30:  from source  2  epoch 2  consumed = 0.022173
   dest 30:  from source  3  epoch 1  consumed = 0.856386
   dest 30:  from source  3  epoch 2  consumed = 0.143614
   dest 30:  from source  4  epoch 1  consumed = 1.0
   dest 30:  from source  5  epoch 1  consumed = 0.019155
   dest 30:  from source  5  epoch 2  consumed = 0.980845
   dest 30:  from source  6  epoch 0  consumed = 0.266915
   dest 30:  from source  6  epoch 3  consumed = 0.733085
   dest 30:  from source  7  epoch 1  consumed = 0.106215
   dest 30:  from source  7  epoch 3  consumed = 0.893785
   dest 30:  from source  8  epoch 2  consumed = 1.0
   dest 30:  from source  9  epoch 2  consumed = 1.0
   dest 30:  from source 10  epoch 1  consumed = 0.048816
   dest 30:  from source 10  epoch 3  consumed = 0.951184
   dest 30:  from source 11  epoch 0  consumed = 0.96274
   dest 30:  from source 11  epoch 1  consumed = 0.03726
   dest 30:  from source 12  epoch 2  consumed = 1.0
   dest 30:  from source 13  epoch 1  consumed = 1.0
   dest 30:  from source 14  epoch 1  consumed = 1.0
   dest 30:  from source 15  epoch 2  consumed = 0.240959
   dest 30:  from source 15  epoch 3  consumed = 0.759041
   dest 30:  from source 16  epoch 0  consumed = 1.0
   dest 30:  from source 17  epoch 3  consumed = 1.0
   dest 30:  from source 18  epoch 0  consumed = 0.33525
   dest 30:  from source 18  epoch 2  consumed = 0.66475
   dest 30:  from source 19  epoch 2  consumed = 1.0
   dest 30:  from source 20  epoch 1  consumed = 1.0
   dest 30:  from source 21  epoch 0  consumed = 1.0
   dest 30:  from source 22  epoch 0  consumed = 1.0
   dest 30:  from source 23  epoch 3  consumed = 1.0
   dest 30:  from source 24  epoch 2  consumed = 1.0
   dest 30:  from source 25  epoch 1  consumed = 0.193889
   dest 30:  from source 25  epoch 2  consumed = 0.806111
   dest 30:  from source 26  epoch 0  consumed = 1.0
   dest 30:  from source 27  epoch 0  consumed = 1.0
   dest 30:  from source 28  epoch 0  consumed = 1.0
   dest 30:  from source 29  epoch 0  consumed = 0.435095
   dest 30:  from source 29  epoch 1  consumed = 0.564905
   dest 30:  from source 31  epoch 1  consumed = 0.034391
   dest 30:  from source 31  epoch 3  consumed = 0.965609
   dest 31:  from source  0  epoch 2  consumed = 1.0
   dest 31:  from source  1  epoch 0  consumed = 1.0
   dest 31:  from source  2  epoch 0  consumed = 1.0
   dest 31:  from source  3  epoch 1  consumed = 0.063803
   dest 31:  from source  3  epoch 3  consumed = 0.936197
   dest 31:  from source  4  epoch 1  consumed = 1.0
   dest 31:  from source  5  epoch 2  consumed = 0.72701
   dest 31:  from source  5  epoch 3  consumed = 0.27299
   dest 31:  from source  6  epoch 0  consumed = 1.0
   dest 31:  from source  7  epoch 0  consumed = 0.001025
   dest 31:  from source  7  epoch 2  consumed = 0.998975
   dest 31:  from source  8  epoch 0  consumed = 1.0
   dest 31:  from source  9  epoch 1  consumed = 0.502165
   dest 31:  from source  9  epoch 3  consumed = 0.497835
   dest 31:  from source 10  epoch 0  consumed = 1.0
   dest 31:  from source 11  epoch 1  consumed = 1.0
   dest 31:  from source 12  epoch 3  consumed = 1.0
   dest 31:  from source 13  epoch 1  consumed = 1.0
   dest 31:  from source 14  epoch 3  consumed = 1.0
   dest 31:  from source 15  epoch 1  consumed = 0.785338
   dest 31:  from source 15  epoch 2  consumed = 0.214662
   dest 31:  from source 16  epoch 0  consumed = 0.998975
   dest 31:  from source 16  epoch 3  consumed = 0.001025
   dest 31:  from source 17  epoch 1  consumed = 1.0
   dest 31:  from source 18  epoch 1  consumed = 1.0
   dest 31:  from source 19  epoch 2  consumed = 0.822886
   dest 31:  from source 19  epoch 3  consumed = 0.177114
   dest 31:  from source 20  epoch 0  consumed = 1.0
   dest 31:  from source 21  epoch 3  consumed = 1.0
   dest 31:  from source 22  epoch 2  consumed = 1.0
   dest 31:  from source 23  epoch 3  consumed = 1.0
   dest 31:  from source 24  epoch 1  consumed = 0.584473
   dest 31:  from source 24  epoch 3  consumed = 0.415527
   dest 31:  from source 25  epoch 1  consumed = 0.707023
   dest 31:  from source 25  epoch 3  consumed = 0.292977
   dest 31:  from source 26  epoch 1  consumed = 0.320675
   dest 31:  from source 26  epoch 2  consumed = 0.679325
   dest 31:  from source 27  epoch 1  consumed = 0.036523
   dest 31:  from source 27  epoch 2  consumed = 0.963477
   dest 31:  from source 28  epoch 2  consumed = 0.593665
   dest 31:  from source 28  epoch 3  consumed = 0.406335
   dest 31:  from source 29  epoch 2  consumed = 1.0
   dest 31:  from source 30  epoch 0  consumed = 1.0
==============================================================================

[(4, 4, 35, 8.399999999997299e-05, 2), (4, 34, 22, 8.399999999997299e-05, 2), (4, 35, 17, 8.399999999999727e-05, 2)]
LP solve failed: AssertionError: potential bug, check code

(one or both schedules missing; skipping comparison table)
