Processing ./.
  Installing build dependencies: started
  Installing build dependencies: finished with status 'done'
  Getting requirements to build wheel: started
  Getting requirements to build wheel: finished with status 'done'
  Preparing metadata (pyproject.toml): started
  Preparing metadata (pyproject.toml): finished with status 'done'
Requirement already satisfied: dataclasses in /data/commit/graphit/wangyj05/miniconda3/envs/teccl/lib/python3.14t/site-packages (from teccl==1.0.0) (0.6)
Requirement already satisfied: argcomplete in /data/commit/graphit/wangyj05/miniconda3/envs/teccl/lib/python3.14t/site-packages (from teccl==1.0.0) (3.6.3)
Requirement already satisfied: gurobipy in /data/commit/graphit/wangyj05/miniconda3/envs/teccl/lib/python3.14t/site-packages (from teccl==1.0.0) (13.0.2)
Requirement already satisfied: numpy in /data/commit/graphit/wangyj05/miniconda3/envs/teccl/lib/python3.14t/site-packages (from teccl==1.0.0) (2.4.6)
Requirement already satisfied: seaborn in /data/commit/graphit/wangyj05/miniconda3/envs/teccl/lib/python3.14t/site-packages (from teccl==1.0.0) (0.13.2)
Requirement already satisfied: pandas>=1.2 in /data/commit/graphit/wangyj05/miniconda3/envs/teccl/lib/python3.14t/site-packages (from seaborn->teccl==1.0.0) (3.0.3)
Requirement already satisfied: matplotlib!=3.6.1,>=3.4 in /data/commit/graphit/wangyj05/miniconda3/envs/teccl/lib/python3.14t/site-packages (from seaborn->teccl==1.0.0) (3.11.0)
Requirement already satisfied: contourpy>=1.0.1 in /data/commit/graphit/wangyj05/miniconda3/envs/teccl/lib/python3.14t/site-packages (from matplotlib!=3.6.1,>=3.4->seaborn->teccl==1.0.0) (1.3.3)
Requirement already satisfied: cycler>=0.10 in /data/commit/graphit/wangyj05/miniconda3/envs/teccl/lib/python3.14t/site-packages (from matplotlib!=3.6.1,>=3.4->seaborn->teccl==1.0.0) (0.12.1)
Requirement already satisfied: fonttools>=4.22.0 in /data/commit/graphit/wangyj05/miniconda3/envs/teccl/lib/python3.14t/site-packages (from matplotlib!=3.6.1,>=3.4->seaborn->teccl==1.0.0) (4.63.0)
Requirement already satisfied: kiwisolver>=1.3.1 in /data/commit/graphit/wangyj05/miniconda3/envs/teccl/lib/python3.14t/site-packages (from matplotlib!=3.6.1,>=3.4->seaborn->teccl==1.0.0) (1.5.0)
Requirement already satisfied: packaging>=20.0 in /data/commit/graphit/wangyj05/miniconda3/envs/teccl/lib/python3.14t/site-packages (from matplotlib!=3.6.1,>=3.4->seaborn->teccl==1.0.0) (26.2)
Requirement already satisfied: pillow>=9 in /data/commit/graphit/wangyj05/miniconda3/envs/teccl/lib/python3.14t/site-packages (from matplotlib!=3.6.1,>=3.4->seaborn->teccl==1.0.0) (12.2.0)
Requirement already satisfied: pyparsing>=3 in /data/commit/graphit/wangyj05/miniconda3/envs/teccl/lib/python3.14t/site-packages (from matplotlib!=3.6.1,>=3.4->seaborn->teccl==1.0.0) (3.3.2)
Requirement already satisfied: python-dateutil>=2.7 in /data/commit/graphit/wangyj05/miniconda3/envs/teccl/lib/python3.14t/site-packages (from matplotlib!=3.6.1,>=3.4->seaborn->teccl==1.0.0) (2.9.0.post0)
Requirement already satisfied: six>=1.5 in /data/commit/graphit/wangyj05/miniconda3/envs/teccl/lib/python3.14t/site-packages (from python-dateutil>=2.7->matplotlib!=3.6.1,>=3.4->seaborn->teccl==1.0.0) (1.17.0)
Building wheels for collected packages: teccl
  Building wheel for teccl (pyproject.toml): started
  Building wheel for teccl (pyproject.toml): finished with status 'done'
  Created wheel for teccl: filename=teccl-1.0.0-py3-none-any.whl size=80691 sha256=835dc1184229c30ad42a6bd59c09596e23db5d9e75a3b1ebfb5addceee655c04
  Stored in directory: /tmp/home/wangyj05/.cache/pip/wheels/2d/31/f1/88ef48e0a336b237a128de3fcf8e52662d1ed0bfbd5a678f6e
Successfully built teccl
Installing collected packages: teccl
  Attempting uninstall: teccl
    Found existing installation: teccl 1.0.0
    Uninstalling teccl-1.0.0:
      Successfully uninstalled teccl-1.0.0
Successfully installed teccl-1.0.0
Set parameter WLSAccessID
Set parameter WLSSecret
Set parameter LicenseID to value 2766017
Academic license 2766017 - for non-commercial use only - registered to wa___@mit.edu
Set parameter LogFile to value "Logs/ALLTOALL_LP_HeteroTaperedCluster_19-nodes_14-chunks_120-epochs_9.5003325-epoch_duration_ObjectiveType.TOTAL_DEMAND.log"
Set parameter LogToConsole to value 0
Set parameter LogFile to value "Logs/ALLTOALL_LP_HeteroTaperedCluster_19-nodes_14-chunks_48-epochs_0.02-epoch_duration_ObjectiveType.TOTAL_DEMAND.log"
Set parameter LogToConsole to value 0

==============================================================================
RAW LP FLOW VARS  f_s_i_j_k = flow[source s][link i->j][epoch k]
(continuous volume, summed over all of source s's chunks; not yet per-chunk)
==============================================================================

-- source 0 --
   epoch 0:   0(gpu) -> 14(SW)   volume = 11.0
   epoch 0:   0(gpu) -> 17(SW)   volume = 2.0
   epoch 0:  14(SW) ->  1(gpu)   volume = 1.0
   epoch 0:  14(SW) ->  2(gpu)   volume = 5.0
   epoch 0:  14(SW) ->  3(gpu)   volume = 5.0
   epoch 0:  17(SW) ->  8(gpu)   volume = 1.0
   epoch 0:  17(SW) -> 18(SW)   volume = 1.0
   epoch 0:  18(SW) -> 11(gpu)   volume = 0.5
   epoch 0:  18(SW) -> 13(gpu)   volume = 0.5
   epoch 2:   2(gpu) -> 14(SW)   volume = 2.0
   epoch 2:   3(gpu) -> 14(SW)   volume = 2.0
   epoch 2:  14(SW) ->  0(gpu)   volume = 4.0
   epoch 3:   0(gpu) -> 14(SW)   volume = 3.0
   epoch 3:   0(gpu) -> 17(SW)   volume = 1.0
   epoch 3:   8(gpu) -> 16(SW)   volume = 1.0
   epoch 3:  11(gpu) -> 16(SW)   volume = 0.5
   epoch 3:  13(gpu) -> 16(SW)   volume = 0.5
   epoch 3:  14(SW) ->  0(gpu)   volume = 1.0
   epoch 3:  14(SW) ->  1(gpu)   volume = 2.0
   epoch 3:  16(SW) ->  9(gpu)   volume = 0.666667
   epoch 3:  16(SW) -> 10(gpu)   volume = 0.666667
   epoch 3:  16(SW) -> 12(gpu)   volume = 0.666667
   epoch 3:  17(SW) ->  8(gpu)   volume = 1.0
   epoch 4:   0(gpu) -> 17(SW)   volume = 1.0
   epoch 4:   1(gpu) -> 18(SW)   volume = 2.0
   epoch 4:   2(gpu) -> 14(SW)   volume = 0.5
   epoch 4:   3(gpu) -> 14(SW)   volume = 0.5
   epoch 4:   8(gpu) -> 16(SW)   volume = 1.0
   epoch 4:  14(SW) ->  1(gpu)   volume = 1.0
   epoch 4:  16(SW) ->  9(gpu)   volume = 0.333333
   epoch 4:  16(SW) -> 10(gpu)   volume = 0.333333
   epoch 4:  16(SW) -> 12(gpu)   volume = 0.333333
   epoch 4:  17(SW) ->  8(gpu)   volume = 1.0
   epoch 4:  18(SW) -> 11(gpu)   volume = 1.0
   epoch 4:  18(SW) -> 13(gpu)   volume = 1.0
   epoch 5:   1(gpu) -> 18(SW)   volume = 1.0
   epoch 5:  17(SW) ->  4(gpu)   volume = 1.0
   epoch 5:  18(SW) -> 17(SW)   volume = 1.0
   epoch 6:   2(gpu) -> 14(SW)   volume = 0.5
   epoch 6:   3(gpu) -> 14(SW)   volume = 0.5
   epoch 6:  14(SW) ->  0(gpu)   volume = 1.0
   epoch 8:   0(gpu) -> 17(SW)   volume = 1.0
   epoch 8:  17(SW) ->  8(gpu)   volume = 1.0
   epoch 9:   2(gpu) -> 14(SW)   volume = 0.5
   epoch 9:   3(gpu) -> 14(SW)   volume = 0.5
   epoch 9:   8(gpu) -> 16(SW)   volume = 1.0
   epoch 9:  14(SW) ->  0(gpu)   volume = 1.0
   epoch 9:  16(SW) -> 11(gpu)   volume = 0.5
   epoch 9:  16(SW) -> 13(gpu)   volume = 0.5
   epoch 10:   0(gpu) -> 17(SW)   volume = 1.0
   epoch 10:   2(gpu) -> 14(SW)   volume = 0.5
   epoch 10:   3(gpu) -> 14(SW)   volume = 0.5
   epoch 10:  14(SW) ->  0(gpu)   volume = 1.0
   epoch 10:  17(SW) ->  4(gpu)   volume = 1.0
   epoch 11:   4(gpu) -> 15(SW)   volume = 1.0
   epoch 11:  15(SW) ->  5(gpu)   volume = 0.333333
   epoch 11:  15(SW) ->  6(gpu)   volume = 0.333333
   epoch 11:  15(SW) ->  7(gpu)   volume = 0.333333
   epoch 13:   0(gpu) -> 17(SW)   volume = 1.0
   epoch 13:  17(SW) ->  4(gpu)   volume = 1.0
   epoch 14:   4(gpu) -> 15(SW)   volume = 1.0
   epoch 14:  15(SW) ->  5(gpu)   volume = 0.333333
   epoch 14:  15(SW) ->  6(gpu)   volume = 0.333333
   epoch 14:  15(SW) ->  7(gpu)   volume = 0.333333
   epoch 28:  11(gpu) -> 16(SW)   volume = 0.5
   epoch 28:  13(gpu) -> 16(SW)   volume = 0.5
   epoch 28:  16(SW) ->  8(gpu)   volume = 1.0
   epoch 30:   8(gpu) -> 17(SW)   volume = 1.0
   epoch 30:  17(SW) ->  4(gpu)   volume = 1.0
   epoch 31:   4(gpu) -> 15(SW)   volume = 1.0
   epoch 31:  15(SW) ->  5(gpu)   volume = 0.333333
   epoch 31:  15(SW) ->  6(gpu)   volume = 0.333333
   epoch 31:  15(SW) ->  7(gpu)   volume = 0.333333

-- source 1 --
   epoch 0:   1(gpu) -> 14(SW)   volume = 11.0
   epoch 0:   1(gpu) -> 18(SW)   volume = 2.0
   epoch 0:  14(SW) ->  0(gpu)   volume = 2.0
   epoch 0:  14(SW) ->  2(gpu)   volume = 4.5
   epoch 0:  14(SW) ->  3(gpu)   volume = 4.5
   epoch 0:  18(SW) -> 11(gpu)   volume = 1.0
   epoch 0:  18(SW) -> 13(gpu)   volume = 1.0
   epoch 1:   0(gpu) -> 17(SW)   volume = 1.0
   epoch 1:   2(gpu) -> 14(SW)   volume = 3.5
   epoch 1:   3(gpu) -> 14(SW)   volume = 3.5
   epoch 1:  11(gpu) -> 16(SW)   volume = 0.5
   epoch 1:  13(gpu) -> 16(SW)   volume = 0.5
   epoch 1:  14(SW) ->  0(gpu)   volume = 2.0
   epoch 1:  14(SW) ->  1(gpu)   volume = 2.0
   epoch 1:  14(SW) ->  2(gpu)   volume = 1.5
   epoch 1:  14(SW) ->  3(gpu)   volume = 1.5
   epoch 1:  16(SW) ->  8(gpu)   volume = 1.0
   epoch 1:  17(SW) -> 18(SW)   volume = 1.0
   epoch 1:  18(SW) -> 11(gpu)   volume = 0.5
   epoch 1:  18(SW) -> 13(gpu)   volume = 0.5
   epoch 2:   0(gpu) -> 17(SW)   volume = 2.0
   epoch 2:   1(gpu) -> 18(SW)   volume = 2.0
   epoch 2:  17(SW) ->  8(gpu)   volume = 2.0
   epoch 2:  18(SW) -> 11(gpu)   volume = 1.0
   epoch 2:  18(SW) -> 13(gpu)   volume = 1.0
   epoch 3:   8(gpu) -> 16(SW)   volume = 2.0
   epoch 3:  11(gpu) -> 16(SW)   volume = 0.5
   epoch 3:  13(gpu) -> 16(SW)   volume = 0.5
   epoch 3:  16(SW) ->  9(gpu)   volume = 1.0
   epoch 3:  16(SW) -> 10(gpu)   volume = 1.0
   epoch 3:  16(SW) -> 12(gpu)   volume = 1.0
   epoch 6:  11(gpu) -> 16(SW)   volume = 0.5
   epoch 6:  13(gpu) -> 16(SW)   volume = 0.5
   epoch 6:  16(SW) ->  8(gpu)   volume = 1.0
   epoch 8:   8(gpu) -> 17(SW)   volume = 1.0
   epoch 8:  17(SW) ->  4(gpu)   volume = 1.0
   epoch 10:   2(gpu) -> 14(SW)   volume = 1.5
   epoch 10:   3(gpu) -> 14(SW)   volume = 1.5
   epoch 10:  14(SW) ->  0(gpu)   volume = 3.0
   epoch 15:   0(gpu) -> 17(SW)   volume = 1.0
   epoch 15:  17(SW) ->  4(gpu)   volume = 1.0
   epoch 16:   4(gpu) -> 15(SW)   volume = 1.0
   epoch 16:  15(SW) ->  5(gpu)   volume = 0.333333
   epoch 16:  15(SW) ->  6(gpu)   volume = 0.333333
   epoch 16:  15(SW) ->  7(gpu)   volume = 0.333333
   epoch 20:   0(gpu) -> 17(SW)   volume = 2.0
   epoch 20:  17(SW) ->  4(gpu)   volume = 1.0
   epoch 20:  17(SW) ->  8(gpu)   volume = 1.0
   epoch 21:   4(gpu) -> 15(SW)   volume = 1.0
   epoch 21:   5(gpu) -> 15(SW)   volume = 0.333333
   epoch 21:   6(gpu) -> 15(SW)   volume = 0.333333
   epoch 21:   7(gpu) -> 15(SW)   volume = 0.333333
   epoch 21:   8(gpu) -> 17(SW)   volume = 1.0
   epoch 21:  15(SW) ->  5(gpu)   volume = 0.666667
   epoch 21:  15(SW) ->  6(gpu)   volume = 0.666667
   epoch 21:  15(SW) ->  7(gpu)   volume = 0.666667
   epoch 21:  17(SW) ->  4(gpu)   volume = 1.0
   epoch 22:   4(gpu) -> 15(SW)   volume = 1.0
   epoch 22:  15(SW) ->  5(gpu)   volume = 0.333333
   epoch 22:  15(SW) ->  6(gpu)   volume = 0.333333
   epoch 22:  15(SW) ->  7(gpu)   volume = 0.333333

-- source 2 --
   epoch 0:   2(gpu) -> 14(SW)   volume = 9.0
   epoch 0:  14(SW) ->  0(gpu)   volume = 3.5
   epoch 0:  14(SW) ->  1(gpu)   volume = 4.5
   epoch 0:  14(SW) ->  3(gpu)   volume = 1.0
   epoch 1:   0(gpu) -> 17(SW)   volume = 0.5
   epoch 1:   1(gpu) -> 18(SW)   volume = 1.0
   epoch 1:   2(gpu) -> 14(SW)   volume = 4.0
   epoch 1:  14(SW) ->  3(gpu)   volume = 4.0
   epoch 1:  17(SW) ->  8(gpu)   volume = 0.5
   epoch 1:  18(SW) -> 11(gpu)   volume = 0.5
   epoch 1:  18(SW) -> 13(gpu)   volume = 0.5
   epoch 3:   0(gpu) -> 17(SW)   volume = 0.5
   epoch 3:   1(gpu) -> 18(SW)   volume = 1.0
   epoch 3:  11(gpu) -> 16(SW)   volume = 0.5
   epoch 3:  13(gpu) -> 16(SW)   volume = 0.5
   epoch 3:  16(SW) ->  9(gpu)   volume = 0.333333
   epoch 3:  16(SW) -> 10(gpu)   volume = 0.333333
   epoch 3:  16(SW) -> 12(gpu)   volume = 0.333333
   epoch 3:  17(SW) -> 18(SW)   volume = 0.5
   epoch 3:  18(SW) -> 11(gpu)   volume = 0.75
   epoch 3:  18(SW) -> 13(gpu)   volume = 0.75
   epoch 4:   0(gpu) -> 17(SW)   volume = 0.5
   epoch 4:   8(gpu) -> 16(SW)   volume = 0.5
   epoch 4:  11(gpu) -> 16(SW)   volume = 0.5
   epoch 4:  13(gpu) -> 16(SW)   volume = 0.5
   epoch 4:  16(SW) ->  9(gpu)   volume = 0.5
   epoch 4:  16(SW) -> 10(gpu)   volume = 0.5
   epoch 4:  16(SW) -> 12(gpu)   volume = 0.5
   epoch 4:  17(SW) ->  4(gpu)   volume = 0.5
   epoch 5:   0(gpu) -> 17(SW)   volume = 1.0
   epoch 5:   1(gpu) -> 18(SW)   volume = 0.5
   epoch 5:   4(gpu) -> 15(SW)   volume = 0.5
   epoch 5:  15(SW) ->  5(gpu)   volume = 0.166667
   epoch 5:  15(SW) ->  6(gpu)   volume = 0.166667
   epoch 5:  15(SW) ->  7(gpu)   volume = 0.166667
   epoch 5:  17(SW) ->  8(gpu)   volume = 1.0
   epoch 5:  18(SW) -> 11(gpu)   volume = 0.25
   epoch 5:  18(SW) -> 13(gpu)   volume = 0.25
   epoch 6:   1(gpu) -> 18(SW)   volume = 1.0
   epoch 6:  18(SW) -> 11(gpu)   volume = 0.5
   epoch 6:  18(SW) -> 13(gpu)   volume = 0.5
   epoch 11:   3(gpu) -> 14(SW)   volume = 4.0
   epoch 11:  14(SW) ->  0(gpu)   volume = 0.5
   epoch 11:  14(SW) ->  2(gpu)   volume = 3.5
   epoch 12:   2(gpu) -> 14(SW)   volume = 2.5
   epoch 12:  14(SW) ->  3(gpu)   volume = 2.5
   epoch 14:   0(gpu) -> 17(SW)   volume = 0.5
   epoch 14:  17(SW) ->  4(gpu)   volume = 0.5
   epoch 15:   3(gpu) -> 14(SW)   volume = 0.5
   epoch 15:   5(gpu) -> 15(SW)   volume = 0.166667
   epoch 15:   6(gpu) -> 15(SW)   volume = 0.166667
   epoch 15:   7(gpu) -> 15(SW)   volume = 0.166667
   epoch 15:  14(SW) ->  0(gpu)   volume = 0.5
   epoch 15:  15(SW) ->  4(gpu)   volume = 0.5
   epoch 16:   0(gpu) -> 17(SW)   volume = 0.5
   epoch 16:  17(SW) ->  4(gpu)   volume = 0.5
   epoch 17:   4(gpu) -> 15(SW)   volume = 0.5
   epoch 17:  15(SW) ->  5(gpu)   volume = 0.166667
   epoch 17:  15(SW) ->  6(gpu)   volume = 0.166667
   epoch 17:  15(SW) ->  7(gpu)   volume = 0.166667
   epoch 19:   3(gpu) -> 14(SW)   volume = 2.0
   epoch 19:  14(SW) ->  1(gpu)   volume = 2.0
   epoch 21:   1(gpu) -> 18(SW)   volume = 1.0
   epoch 21:   2(gpu) -> 14(SW)   volume = 1.0
   epoch 21:  14(SW) ->  0(gpu)   volume = 1.0
   epoch 21:  18(SW) -> 11(gpu)   volume = 0.5
   epoch 21:  18(SW) -> 13(gpu)   volume = 0.5
   epoch 22:   0(gpu) -> 17(SW)   volume = 1.0
   epoch 22:  11(gpu) -> 16(SW)   volume = 0.25
   epoch 22:  13(gpu) -> 16(SW)   volume = 0.25
   epoch 22:  16(SW) ->  9(gpu)   volume = 0.166667
   epoch 22:  16(SW) -> 10(gpu)   volume = 0.166667
   epoch 22:  16(SW) -> 12(gpu)   volume = 0.166667
   epoch 22:  17(SW) ->  4(gpu)   volume = 0.5
   epoch 22:  17(SW) -> 18(SW)   volume = 0.5
   epoch 22:  18(SW) -> 11(gpu)   volume = 0.25
   epoch 22:  18(SW) -> 13(gpu)   volume = 0.25
   epoch 23:   1(gpu) -> 18(SW)   volume = 1.0
   epoch 23:   4(gpu) -> 15(SW)   volume = 0.5
   epoch 23:  11(gpu) -> 18(SW)   volume = 0.5
   epoch 23:  13(gpu) -> 18(SW)   volume = 0.5
   epoch 23:  15(SW) ->  5(gpu)   volume = 0.166667
   epoch 23:  15(SW) ->  6(gpu)   volume = 0.166667
   epoch 23:  15(SW) ->  7(gpu)   volume = 0.166667
   epoch 23:  17(SW) ->  0(gpu)   volume = 1.0
   epoch 23:  17(SW) ->  8(gpu)   volume = 1.0
   epoch 23:  18(SW) -> 17(SW)   volume = 2.0
   epoch 24:   0(gpu) -> 14(SW)   volume = 0.5
   epoch 24:   8(gpu) -> 16(SW)   volume = 0.5
   epoch 24:  14(SW) ->  2(gpu)   volume = 0.5
   epoch 24:  16(SW) -> 11(gpu)   volume = 0.25
   epoch 24:  16(SW) -> 13(gpu)   volume = 0.25
   epoch 25:   8(gpu) -> 17(SW)   volume = 0.5
   epoch 25:  17(SW) ->  4(gpu)   volume = 0.5
   epoch 26:   0(gpu) -> 14(SW)   volume = 0.5
   epoch 26:   4(gpu) -> 15(SW)   volume = 0.5
   epoch 26:  14(SW) ->  1(gpu)   volume = 0.5
   epoch 26:  15(SW) ->  5(gpu)   volume = 0.166667
   epoch 26:  15(SW) ->  6(gpu)   volume = 0.166667
   epoch 26:  15(SW) ->  7(gpu)   volume = 0.166667
   epoch 29:   1(gpu) -> 18(SW)   volume = 0.5
   epoch 29:  17(SW) ->  4(gpu)   volume = 0.5
   epoch 29:  18(SW) -> 17(SW)   volume = 0.5
   epoch 30:   2(gpu) -> 14(SW)   volume = 0.5
   epoch 30:   4(gpu) -> 15(SW)   volume = 0.5
   epoch 30:  14(SW) ->  1(gpu)   volume = 0.5
   epoch 30:  15(SW) ->  5(gpu)   volume = 0.166667
   epoch 30:  15(SW) ->  6(gpu)   volume = 0.166667
   epoch 30:  15(SW) ->  7(gpu)   volume = 0.166667
   epoch 32:   1(gpu) -> 18(SW)   volume = 0.5
   epoch 32:  18(SW) -> 11(gpu)   volume = 0.25
   epoch 32:  18(SW) -> 13(gpu)   volume = 0.25
   epoch 33:  11(gpu) -> 16(SW)   volume = 0.25
   epoch 33:  13(gpu) -> 16(SW)   volume = 0.25
   epoch 33:  16(SW) ->  9(gpu)   volume = 0.166667
   epoch 33:  16(SW) -> 10(gpu)   volume = 0.166667
   epoch 33:  16(SW) -> 12(gpu)   volume = 0.166667
   epoch 35:   9(gpu) -> 16(SW)   volume = 0.166667
   epoch 35:  10(gpu) -> 16(SW)   volume = 0.166667
   epoch 35:  11(gpu) -> 18(SW)   volume = 0.25
   epoch 35:  12(gpu) -> 16(SW)   volume = 0.166667
   epoch 35:  13(gpu) -> 18(SW)   volume = 0.25
   epoch 35:  16(SW) -> 11(gpu)   volume = 0.25
   epoch 35:  16(SW) -> 13(gpu)   volume = 0.25
   epoch 35:  17(SW) ->  4(gpu)   volume = 0.5
   epoch 35:  18(SW) -> 17(SW)   volume = 0.5
   epoch 36:   4(gpu) -> 15(SW)   volume = 0.5
   epoch 36:  15(SW) ->  5(gpu)   volume = 0.166667
   epoch 36:  15(SW) ->  6(gpu)   volume = 0.166667
   epoch 36:  15(SW) ->  7(gpu)   volume = 0.166667
   epoch 37:  11(gpu) -> 18(SW)   volume = 0.25
   epoch 37:  13(gpu) -> 18(SW)   volume = 0.25
   epoch 37:  17(SW) ->  4(gpu)   volume = 0.5
   epoch 37:  18(SW) -> 17(SW)   volume = 0.5
   epoch 38:   4(gpu) -> 15(SW)   volume = 0.5
   epoch 38:  15(SW) ->  5(gpu)   volume = 0.166667
   epoch 38:  15(SW) ->  6(gpu)   volume = 0.166667
   epoch 38:  15(SW) ->  7(gpu)   volume = 0.166667

-- source 3 --
   epoch 0:   3(gpu) -> 14(SW)   volume = 9.0
   epoch 0:  14(SW) ->  0(gpu)   volume = 3.5
   epoch 0:  14(SW) ->  1(gpu)   volume = 4.5
   epoch 0:  14(SW) ->  2(gpu)   volume = 1.0
   epoch 1:   0(gpu) -> 17(SW)   volume = 0.5
   epoch 1:   1(gpu) -> 18(SW)   volume = 1.0
   epoch 1:   3(gpu) -> 14(SW)   volume = 4.0
   epoch 1:  14(SW) ->  2(gpu)   volume = 4.0
   epoch 1:  17(SW) ->  8(gpu)   volume = 0.5
   epoch 1:  18(SW) -> 11(gpu)   volume = 0.5
   epoch 1:  18(SW) -> 13(gpu)   volume = 0.5
   epoch 3:   0(gpu) -> 17(SW)   volume = 0.5
   epoch 3:   1(gpu) -> 18(SW)   volume = 1.0
   epoch 3:  11(gpu) -> 16(SW)   volume = 0.5
   epoch 3:  13(gpu) -> 16(SW)   volume = 0.5
   epoch 3:  16(SW) ->  9(gpu)   volume = 0.333333
   epoch 3:  16(SW) -> 10(gpu)   volume = 0.333333
   epoch 3:  16(SW) -> 12(gpu)   volume = 0.333333
   epoch 3:  17(SW) -> 18(SW)   volume = 0.5
   epoch 3:  18(SW) -> 11(gpu)   volume = 0.75
   epoch 3:  18(SW) -> 13(gpu)   volume = 0.75
   epoch 4:   0(gpu) -> 17(SW)   volume = 0.5
   epoch 4:   8(gpu) -> 16(SW)   volume = 0.5
   epoch 4:  11(gpu) -> 16(SW)   volume = 0.5
   epoch 4:  13(gpu) -> 16(SW)   volume = 0.5
   epoch 4:  16(SW) ->  9(gpu)   volume = 0.5
   epoch 4:  16(SW) -> 10(gpu)   volume = 0.5
   epoch 4:  16(SW) -> 12(gpu)   volume = 0.5
   epoch 4:  17(SW) ->  4(gpu)   volume = 0.5
   epoch 5:   0(gpu) -> 17(SW)   volume = 1.0
   epoch 5:   1(gpu) -> 18(SW)   volume = 0.5
   epoch 5:   4(gpu) -> 15(SW)   volume = 0.5
   epoch 5:  15(SW) ->  5(gpu)   volume = 0.166667
   epoch 5:  15(SW) ->  6(gpu)   volume = 0.166667
   epoch 5:  15(SW) ->  7(gpu)   volume = 0.166667
   epoch 5:  17(SW) ->  8(gpu)   volume = 1.0
   epoch 5:  18(SW) -> 11(gpu)   volume = 0.25
   epoch 5:  18(SW) -> 13(gpu)   volume = 0.25
   epoch 6:   1(gpu) -> 18(SW)   volume = 1.0
   epoch 6:  18(SW) -> 11(gpu)   volume = 0.5
   epoch 6:  18(SW) -> 13(gpu)   volume = 0.5
   epoch 11:   2(gpu) -> 14(SW)   volume = 4.0
   epoch 11:  14(SW) ->  0(gpu)   volume = 0.5
   epoch 11:  14(SW) ->  3(gpu)   volume = 3.5
   epoch 12:   3(gpu) -> 14(SW)   volume = 2.5
   epoch 12:  14(SW) ->  2(gpu)   volume = 2.5
   epoch 14:   0(gpu) -> 17(SW)   volume = 0.5
   epoch 14:  17(SW) ->  4(gpu)   volume = 0.5
   epoch 15:   2(gpu) -> 14(SW)   volume = 0.5
   epoch 15:   5(gpu) -> 15(SW)   volume = 0.166667
   epoch 15:   6(gpu) -> 15(SW)   volume = 0.166667
   epoch 15:   7(gpu) -> 15(SW)   volume = 0.166667
   epoch 15:  14(SW) ->  0(gpu)   volume = 0.5
   epoch 15:  15(SW) ->  4(gpu)   volume = 0.5
   epoch 16:   0(gpu) -> 17(SW)   volume = 0.5
   epoch 16:  17(SW) ->  4(gpu)   volume = 0.5
   epoch 17:   4(gpu) -> 15(SW)   volume = 0.5
   epoch 17:  15(SW) ->  5(gpu)   volume = 0.166667
   epoch 17:  15(SW) ->  6(gpu)   volume = 0.166667
   epoch 17:  15(SW) ->  7(gpu)   volume = 0.166667
   epoch 19:   2(gpu) -> 14(SW)   volume = 2.0
   epoch 19:  14(SW) ->  1(gpu)   volume = 2.0
   epoch 21:   1(gpu) -> 18(SW)   volume = 1.0
   epoch 21:   3(gpu) -> 14(SW)   volume = 1.0
   epoch 21:  14(SW) ->  0(gpu)   volume = 1.0
   epoch 21:  18(SW) -> 11(gpu)   volume = 0.5
   epoch 21:  18(SW) -> 13(gpu)   volume = 0.5
   epoch 22:   0(gpu) -> 17(SW)   volume = 1.0
   epoch 22:  11(gpu) -> 16(SW)   volume = 0.25
   epoch 22:  13(gpu) -> 16(SW)   volume = 0.25
   epoch 22:  16(SW) ->  9(gpu)   volume = 0.166667
   epoch 22:  16(SW) -> 10(gpu)   volume = 0.166667
   epoch 22:  16(SW) -> 12(gpu)   volume = 0.166667
   epoch 22:  17(SW) ->  4(gpu)   volume = 0.5
   epoch 22:  17(SW) -> 18(SW)   volume = 0.5
   epoch 22:  18(SW) -> 11(gpu)   volume = 0.25
   epoch 22:  18(SW) -> 13(gpu)   volume = 0.25
   epoch 23:   1(gpu) -> 18(SW)   volume = 1.0
   epoch 23:   4(gpu) -> 15(SW)   volume = 0.5
   epoch 23:  11(gpu) -> 18(SW)   volume = 0.5
   epoch 23:  13(gpu) -> 18(SW)   volume = 0.5
   epoch 23:  15(SW) ->  5(gpu)   volume = 0.166667
   epoch 23:  15(SW) ->  6(gpu)   volume = 0.166667
   epoch 23:  15(SW) ->  7(gpu)   volume = 0.166667
   epoch 23:  17(SW) ->  0(gpu)   volume = 1.0
   epoch 23:  17(SW) ->  8(gpu)   volume = 1.0
   epoch 23:  18(SW) -> 17(SW)   volume = 2.0
   epoch 24:   0(gpu) -> 14(SW)   volume = 0.5
   epoch 24:   8(gpu) -> 16(SW)   volume = 0.5
   epoch 24:  14(SW) ->  3(gpu)   volume = 0.5
   epoch 24:  16(SW) -> 11(gpu)   volume = 0.25
   epoch 24:  16(SW) -> 13(gpu)   volume = 0.25
   epoch 25:   8(gpu) -> 17(SW)   volume = 0.5
   epoch 25:  17(SW) ->  4(gpu)   volume = 0.5
   epoch 26:   0(gpu) -> 14(SW)   volume = 0.5
   epoch 26:   4(gpu) -> 15(SW)   volume = 0.5
   epoch 26:  14(SW) ->  1(gpu)   volume = 0.5
   epoch 26:  15(SW) ->  5(gpu)   volume = 0.166667
   epoch 26:  15(SW) ->  6(gpu)   volume = 0.166667
   epoch 26:  15(SW) ->  7(gpu)   volume = 0.166667
   epoch 29:   1(gpu) -> 18(SW)   volume = 0.5
   epoch 29:  17(SW) ->  4(gpu)   volume = 0.5
   epoch 29:  18(SW) -> 17(SW)   volume = 0.5
   epoch 30:   3(gpu) -> 14(SW)   volume = 0.5
   epoch 30:   4(gpu) -> 15(SW)   volume = 0.5
   epoch 30:  14(SW) ->  1(gpu)   volume = 0.5
   epoch 30:  15(SW) ->  5(gpu)   volume = 0.166667
   epoch 30:  15(SW) ->  6(gpu)   volume = 0.166667
   epoch 30:  15(SW) ->  7(gpu)   volume = 0.166667
   epoch 32:   1(gpu) -> 18(SW)   volume = 0.5
   epoch 32:  18(SW) -> 11(gpu)   volume = 0.25
   epoch 32:  18(SW) -> 13(gpu)   volume = 0.25
   epoch 33:  11(gpu) -> 16(SW)   volume = 0.25
   epoch 33:  13(gpu) -> 16(SW)   volume = 0.25
   epoch 33:  16(SW) ->  9(gpu)   volume = 0.166667
   epoch 33:  16(SW) -> 10(gpu)   volume = 0.166667
   epoch 33:  16(SW) -> 12(gpu)   volume = 0.166667
   epoch 35:   9(gpu) -> 16(SW)   volume = 0.166667
   epoch 35:  10(gpu) -> 16(SW)   volume = 0.166667
   epoch 35:  11(gpu) -> 18(SW)   volume = 0.25
   epoch 35:  12(gpu) -> 16(SW)   volume = 0.166667
   epoch 35:  13(gpu) -> 18(SW)   volume = 0.25
   epoch 35:  16(SW) -> 11(gpu)   volume = 0.25
   epoch 35:  16(SW) -> 13(gpu)   volume = 0.25
   epoch 35:  17(SW) ->  4(gpu)   volume = 0.5
   epoch 35:  18(SW) -> 17(SW)   volume = 0.5
   epoch 36:   4(gpu) -> 15(SW)   volume = 0.5
   epoch 36:  15(SW) ->  5(gpu)   volume = 0.166667
   epoch 36:  15(SW) ->  6(gpu)   volume = 0.166667
   epoch 36:  15(SW) ->  7(gpu)   volume = 0.166667
   epoch 37:  11(gpu) -> 18(SW)   volume = 0.25
   epoch 37:  13(gpu) -> 18(SW)   volume = 0.25
   epoch 37:  17(SW) ->  4(gpu)   volume = 0.5
   epoch 37:  18(SW) -> 17(SW)   volume = 0.5
   epoch 38:   4(gpu) -> 15(SW)   volume = 0.5
   epoch 38:  15(SW) ->  5(gpu)   volume = 0.166667
   epoch 38:  15(SW) ->  6(gpu)   volume = 0.166667
   epoch 38:  15(SW) ->  7(gpu)   volume = 0.166667

-- source 4 --
   epoch 0:   4(gpu) -> 15(SW)   volume = 11.0
   epoch 0:   4(gpu) -> 17(SW)   volume = 1.0
   epoch 0:  15(SW) ->  5(gpu)   volume = 3.666667
   epoch 0:  15(SW) ->  6(gpu)   volume = 3.666667
   epoch 0:  15(SW) ->  7(gpu)   volume = 3.666667
   epoch 0:  17(SW) ->  8(gpu)   volume = 1.0
   epoch 1:   4(gpu) -> 17(SW)   volume = 1.0
   epoch 1:   5(gpu) -> 15(SW)   volume = 0.666667
   epoch 1:   6(gpu) -> 15(SW)   volume = 0.666667
   epoch 1:   7(gpu) -> 15(SW)   volume = 0.666667
   epoch 1:   8(gpu) -> 16(SW)   volume = 1.0
   epoch 1:  15(SW) ->  4(gpu)   volume = 2.0
   epoch 1:  16(SW) ->  9(gpu)   volume = 0.333333
   epoch 1:  16(SW) -> 10(gpu)   volume = 0.333333
   epoch 1:  16(SW) -> 12(gpu)   volume = 0.333333
   epoch 1:  17(SW) ->  8(gpu)   volume = 1.0
   epoch 3:   4(gpu) -> 17(SW)   volume = 1.0
   epoch 3:  17(SW) ->  8(gpu)   volume = 1.0
   epoch 4:   8(gpu) -> 16(SW)   volume = 2.0
   epoch 4:  16(SW) -> 11(gpu)   volume = 1.0
   epoch 4:  16(SW) -> 13(gpu)   volume = 1.0
   epoch 5:   4(gpu) -> 17(SW)   volume = 1.0
   epoch 5:   9(gpu) -> 16(SW)   volume = 0.333333
   epoch 5:  10(gpu) -> 16(SW)   volume = 0.333333
   epoch 5:  11(gpu) -> 18(SW)   volume = 1.0
   epoch 5:  12(gpu) -> 16(SW)   volume = 0.333333
   epoch 5:  13(gpu) -> 18(SW)   volume = 1.0
   epoch 5:  16(SW) -> 11(gpu)   volume = 0.5
   epoch 5:  16(SW) -> 13(gpu)   volume = 0.5
   epoch 5:  17(SW) -> 18(SW)   volume = 1.0
   epoch 5:  18(SW) -> 11(gpu)   volume = 1.5
   epoch 5:  18(SW) -> 13(gpu)   volume = 1.5
   epoch 6:  17(SW) -> 18(SW)   volume = 4.0
   epoch 6:  18(SW) -> 17(SW)   volume = 4.0
   epoch 7:  11(gpu) -> 18(SW)   volume = 2.0
   epoch 7:  13(gpu) -> 18(SW)   volume = 2.0
   epoch 7:  18(SW) -> 11(gpu)   volume = 2.0
   epoch 7:  18(SW) -> 13(gpu)   volume = 2.0
   epoch 8:   5(gpu) -> 15(SW)   volume = 0.333333
   epoch 8:   6(gpu) -> 15(SW)   volume = 0.333333
   epoch 8:   7(gpu) -> 15(SW)   volume = 0.333333
   epoch 8:  11(gpu) -> 18(SW)   volume = 2.0
   epoch 8:  13(gpu) -> 18(SW)   volume = 2.0
   epoch 8:  15(SW) ->  4(gpu)   volume = 1.0
   epoch 8:  17(SW) ->  0(gpu)   volume = 2.0
   epoch 8:  18(SW) ->  1(gpu)   volume = 2.0
   epoch 8:  18(SW) -> 17(SW)   volume = 2.0
   epoch 9:   0(gpu) -> 14(SW)   volume = 1.0
   epoch 9:   4(gpu) -> 17(SW)   volume = 1.0
   epoch 9:  14(SW) ->  2(gpu)   volume = 0.5
   epoch 9:  14(SW) ->  3(gpu)   volume = 0.5
   epoch 9:  17(SW) ->  0(gpu)   volume = 1.0
   epoch 10:   1(gpu) -> 18(SW)   volume = 2.0
   epoch 10:   5(gpu) -> 15(SW)   volume = 0.333333
   epoch 10:   6(gpu) -> 15(SW)   volume = 0.333333
   epoch 10:   7(gpu) -> 15(SW)   volume = 0.333333
   epoch 10:  15(SW) ->  4(gpu)   volume = 1.0
   epoch 10:  17(SW) ->  8(gpu)   volume = 1.0
   epoch 10:  18(SW) ->  1(gpu)   volume = 1.0
   epoch 10:  18(SW) -> 17(SW)   volume = 1.0
   epoch 11:   0(gpu) -> 17(SW)   volume = 2.0
   epoch 11:   1(gpu) -> 14(SW)   volume = 1.0
   epoch 11:   4(gpu) -> 17(SW)   volume = 1.0
   epoch 11:   8(gpu) -> 17(SW)   volume = 1.0
   epoch 11:  14(SW) ->  2(gpu)   volume = 0.5
   epoch 11:  14(SW) ->  3(gpu)   volume = 0.5
   epoch 11:  17(SW) ->  0(gpu)   volume = 2.0
   epoch 11:  17(SW) -> 18(SW)   volume = 2.0
   epoch 11:  18(SW) ->  1(gpu)   volume = 2.0
   epoch 13:   0(gpu) -> 14(SW)   volume = 1.0
   epoch 13:   5(gpu) -> 15(SW)   volume = 0.333333
   epoch 13:   6(gpu) -> 15(SW)   volume = 0.333333
   epoch 13:   7(gpu) -> 15(SW)   volume = 0.333333
   epoch 13:  14(SW) ->  1(gpu)   volume = 1.0
   epoch 13:  15(SW) ->  4(gpu)   volume = 1.0
   epoch 15:   1(gpu) -> 18(SW)   volume = 2.0
   epoch 15:   2(gpu) -> 14(SW)   volume = 1.0
   epoch 15:   3(gpu) -> 14(SW)   volume = 1.0
   epoch 15:   4(gpu) -> 17(SW)   volume = 1.0
   epoch 15:   5(gpu) -> 15(SW)   volume = 1.0
   epoch 15:   6(gpu) -> 15(SW)   volume = 1.0
   epoch 15:   7(gpu) -> 15(SW)   volume = 1.0
   epoch 15:  14(SW) ->  1(gpu)   volume = 2.0
   epoch 15:  15(SW) ->  4(gpu)   volume = 3.0
   epoch 15:  17(SW) -> 18(SW)   volume = 1.0
   epoch 15:  18(SW) -> 11(gpu)   volume = 1.5
   epoch 15:  18(SW) -> 13(gpu)   volume = 1.5
   epoch 16:  11(gpu) -> 16(SW)   volume = 1.5
   epoch 16:  13(gpu) -> 16(SW)   volume = 1.5
   epoch 16:  16(SW) ->  8(gpu)   volume = 1.0
   epoch 16:  16(SW) -> 11(gpu)   volume = 1.0
   epoch 16:  16(SW) -> 13(gpu)   volume = 1.0
   epoch 19:   4(gpu) -> 17(SW)   volume = 1.0
   epoch 19:   8(gpu) -> 17(SW)   volume = 1.0
   epoch 19:  17(SW) ->  8(gpu)   volume = 2.0
   epoch 20:   1(gpu) -> 18(SW)   volume = 2.0
   epoch 20:   4(gpu) -> 15(SW)   volume = 1.0
   epoch 20:   4(gpu) -> 17(SW)   volume = 1.0
   epoch 20:  15(SW) ->  4(gpu)   volume = 1.0
   epoch 20:  17(SW) -> 18(SW)   volume = 1.0
   epoch 20:  18(SW) -> 11(gpu)   volume = 1.5
   epoch 20:  18(SW) -> 13(gpu)   volume = 1.5
   epoch 21:   4(gpu) -> 17(SW)   volume = 1.0
   epoch 21:   8(gpu) -> 16(SW)   volume = 1.0
   epoch 21:  11(gpu) -> 18(SW)   volume = 1.0
   epoch 21:  13(gpu) -> 18(SW)   volume = 1.0
   epoch 21:  16(SW) -> 11(gpu)   volume = 0.5
   epoch 21:  16(SW) -> 13(gpu)   volume = 0.5
   epoch 21:  17(SW) ->  8(gpu)   volume = 1.0
   epoch 21:  18(SW) ->  1(gpu)   volume = 2.0
   epoch 22:   8(gpu) -> 17(SW)   volume = 2.0
   epoch 22:  11(gpu) -> 18(SW)   volume = 2.0
   epoch 22:  13(gpu) -> 18(SW)   volume = 2.0
   epoch 22:  17(SW) ->  0(gpu)   volume = 2.0
   epoch 22:  18(SW) ->  1(gpu)   volume = 2.0
   epoch 22:  18(SW) -> 11(gpu)   volume = 1.0
   epoch 22:  18(SW) -> 13(gpu)   volume = 1.0
   epoch 23:   0(gpu) -> 14(SW)   volume = 2.0
   epoch 23:  11(gpu) -> 16(SW)   volume = 1.0
   epoch 23:  13(gpu) -> 16(SW)   volume = 1.0
   epoch 23:  14(SW) ->  0(gpu)   volume = 2.0
   epoch 23:  16(SW) ->  8(gpu)   volume = 2.0
   epoch 24:   1(gpu) -> 18(SW)   volume = 2.0
   epoch 24:   8(gpu) -> 17(SW)   volume = 2.0
   epoch 24:  17(SW) -> 18(SW)   volume = 2.0
   epoch 24:  18(SW) ->  1(gpu)   volume = 2.0
   epoch 24:  18(SW) -> 11(gpu)   volume = 1.0
   epoch 24:  18(SW) -> 13(gpu)   volume = 1.0
   epoch 25:   1(gpu) -> 18(SW)   volume = 2.0
   epoch 25:  11(gpu) -> 18(SW)   volume = 1.0
   epoch 25:  13(gpu) -> 18(SW)   volume = 1.0
   epoch 25:  18(SW) -> 11(gpu)   volume = 2.0
   epoch 25:  18(SW) -> 13(gpu)   volume = 2.0
   epoch 26:   0(gpu) -> 17(SW)   volume = 2.0
   epoch 26:   1(gpu) -> 18(SW)   volume = 2.0
   epoch 26:  11(gpu) -> 16(SW)   volume = 2.0
   epoch 26:  13(gpu) -> 16(SW)   volume = 2.0
   epoch 26:  16(SW) ->  8(gpu)   volume = 4.0
   epoch 26:  17(SW) -> 18(SW)   volume = 2.0
   epoch 26:  18(SW) -> 11(gpu)   volume = 2.0
   epoch 26:  18(SW) -> 13(gpu)   volume = 2.0
   epoch 27:  11(gpu) -> 18(SW)   volume = 2.0
   epoch 27:  13(gpu) -> 18(SW)   volume = 2.0
   epoch 27:  17(SW) -> 18(SW)   volume = 4.0
   epoch 27:  18(SW) -> 11(gpu)   volume = 2.0
   epoch 27:  18(SW) -> 13(gpu)   volume = 2.0
   epoch 27:  18(SW) -> 17(SW)   volume = 4.0
   epoch 28:   8(gpu) -> 17(SW)   volume = 2.0
   epoch 28:  11(gpu) -> 18(SW)   volume = 1.0
   epoch 28:  13(gpu) -> 18(SW)   volume = 1.0
   epoch 28:  17(SW) ->  0(gpu)   volume = 2.0
   epoch 28:  18(SW) ->  1(gpu)   volume = 2.0
   epoch 29:   8(gpu) -> 17(SW)   volume = 2.0
   epoch 29:  11(gpu) -> 18(SW)   volume = 1.0
   epoch 29:  13(gpu) -> 18(SW)   volume = 1.0
   epoch 29:  17(SW) ->  8(gpu)   volume = 2.0
   epoch 29:  18(SW) ->  1(gpu)   volume = 2.0
   epoch 31:   0(gpu) -> 17(SW)   volume = 2.0
   epoch 31:   1(gpu) -> 14(SW)   volume = 4.0
   epoch 31:   8(gpu) -> 17(SW)   volume = 2.0
   epoch 31:  14(SW) ->  0(gpu)   volume = 4.0
   epoch 31:  17(SW) -> 18(SW)   volume = 4.0
   epoch 31:  18(SW) ->  1(gpu)   volume = 2.0
   epoch 31:  18(SW) -> 11(gpu)   volume = 1.0
   epoch 31:  18(SW) -> 13(gpu)   volume = 1.0
   epoch 32:  11(gpu) -> 18(SW)   volume = 1.0
   epoch 32:  13(gpu) -> 18(SW)   volume = 1.0
   epoch 32:  18(SW) -> 11(gpu)   volume = 1.0
   epoch 32:  18(SW) -> 13(gpu)   volume = 1.0
   epoch 33:   0(gpu) -> 17(SW)   volume = 2.0
   epoch 33:  11(gpu) -> 18(SW)   volume = 1.0
   epoch 33:  13(gpu) -> 18(SW)   volume = 1.0
   epoch 33:  17(SW) ->  8(gpu)   volume = 2.0
   epoch 33:  17(SW) -> 18(SW)   volume = 4.0
   epoch 33:  18(SW) ->  1(gpu)   volume = 2.0
   epoch 33:  18(SW) -> 17(SW)   volume = 4.0
   epoch 34:   0(gpu) -> 17(SW)   volume = 2.0
   epoch 34:   1(gpu) -> 14(SW)   volume = 4.0
   epoch 34:   8(gpu) -> 17(SW)   volume = 2.0
   epoch 34:  14(SW) ->  0(gpu)   volume = 4.0
   epoch 34:  17(SW) ->  8(gpu)   volume = 2.0
   epoch 34:  17(SW) -> 18(SW)   volume = 2.0
   epoch 34:  18(SW) -> 11(gpu)   volume = 1.0
   epoch 34:  18(SW) -> 13(gpu)   volume = 1.0
   epoch 35:   0(gpu) -> 17(SW)   volume = 2.0
   epoch 35:   8(gpu) -> 16(SW)   volume = 2.0
   epoch 35:  11(gpu) -> 18(SW)   volume = 1.0
   epoch 35:  13(gpu) -> 18(SW)   volume = 1.0
   epoch 35:  16(SW) -> 11(gpu)   volume = 1.0
   epoch 35:  16(SW) -> 13(gpu)   volume = 1.0
   epoch 35:  17(SW) ->  8(gpu)   volume = 2.0
   epoch 35:  18(SW) ->  1(gpu)   volume = 2.0
   epoch 36:   0(gpu) -> 17(SW)   volume = 2.0
   epoch 36:   8(gpu) -> 16(SW)   volume = 1.0
   epoch 36:  16(SW) -> 11(gpu)   volume = 0.5
   epoch 36:  16(SW) -> 13(gpu)   volume = 0.5
   epoch 36:  17(SW) ->  0(gpu)   volume = 2.0
   epoch 37:   0(gpu) -> 17(SW)   volume = 2.0
   epoch 37:   1(gpu) -> 18(SW)   volume = 2.0
   epoch 37:  17(SW) ->  8(gpu)   volume = 2.0
   epoch 37:  18(SW) ->  1(gpu)   volume = 2.0
   epoch 38:   1(gpu) -> 18(SW)   volume = 2.0
   epoch 38:   8(gpu) -> 16(SW)   volume = 2.0
   epoch 38:  11(gpu) -> 18(SW)   volume = 1.5
   epoch 38:  13(gpu) -> 18(SW)   volume = 1.5
   epoch 38:  16(SW) ->  9(gpu)   volume = 0.666667
   epoch 38:  16(SW) -> 10(gpu)   volume = 0.666667
   epoch 38:  16(SW) -> 12(gpu)   volume = 0.666667
   epoch 38:  17(SW) ->  8(gpu)   volume = 2.0
   epoch 38:  17(SW) -> 18(SW)   volume = 1.0
   epoch 38:  18(SW) ->  1(gpu)   volume = 2.0
   epoch 38:  18(SW) -> 11(gpu)   volume = 0.5
   epoch 38:  18(SW) -> 13(gpu)   volume = 0.5
   epoch 38:  18(SW) -> 17(SW)   volume = 3.0
   epoch 39:   1(gpu) -> 14(SW)   volume = 2.0
   epoch 39:   8(gpu) -> 16(SW)   volume = 2.0
   epoch 39:  14(SW) ->  2(gpu)   volume = 1.0
   epoch 39:  14(SW) ->  3(gpu)   volume = 1.0
   epoch 39:  16(SW) ->  9(gpu)   volume = 0.333333
   epoch 39:  16(SW) -> 10(gpu)   volume = 0.333333
   epoch 39:  16(SW) -> 11(gpu)   volume = 0.5
   epoch 39:  16(SW) -> 12(gpu)   volume = 0.333333
   epoch 39:  16(SW) -> 13(gpu)   volume = 0.5

-- source 5 --
   epoch 0:   5(gpu) -> 15(SW)   volume = 13.0
   epoch 0:  15(SW) ->  4(gpu)   volume = 2.666667
   epoch 0:  15(SW) ->  6(gpu)   volume = 5.166667
   epoch 0:  15(SW) ->  7(gpu)   volume = 5.166667
   epoch 2:   4(gpu) -> 17(SW)   volume = 0.333333
   epoch 2:  17(SW) -> 18(SW)   volume = 0.333333
   epoch 2:  18(SW) -> 11(gpu)   volume = 0.166667
   epoch 2:  18(SW) -> 13(gpu)   volume = 0.166667
   epoch 4:   4(gpu) -> 17(SW)   volume = 0.333333
   epoch 4:  17(SW) -> 18(SW)   volume = 0.333333
   epoch 4:  18(SW) -> 11(gpu)   volume = 0.166667
   epoch 4:  18(SW) -> 13(gpu)   volume = 0.166667
   epoch 6:   4(gpu) -> 17(SW)   volume = 0.333333
   epoch 6:  11(gpu) -> 18(SW)   volume = 0.333333
   epoch 6:  13(gpu) -> 18(SW)   volume = 0.333333
   epoch 6:  17(SW) ->  8(gpu)   volume = 0.333333
   epoch 6:  18(SW) -> 11(gpu)   volume = 0.333333
   epoch 6:  18(SW) -> 13(gpu)   volume = 0.333333
   epoch 7:   4(gpu) -> 17(SW)   volume = 0.333333
   epoch 7:   8(gpu) -> 17(SW)   volume = 0.333333
   epoch 7:  17(SW) -> 18(SW)   volume = 0.666667
   epoch 7:  18(SW) ->  1(gpu)   volume = 0.666667
   epoch 8:   4(gpu) -> 17(SW)   volume = 0.333333
   epoch 8:   6(gpu) -> 15(SW)   volume = 0.166667
   epoch 8:   7(gpu) -> 15(SW)   volume = 0.166667
   epoch 8:  15(SW) ->  4(gpu)   volume = 0.333333
   epoch 8:  17(SW) -> 18(SW)   volume = 0.333333
   epoch 8:  18(SW) -> 11(gpu)   volume = 0.166667
   epoch 8:  18(SW) -> 13(gpu)   volume = 0.166667
   epoch 10:   4(gpu) -> 17(SW)   volume = 0.333333
   epoch 10:  17(SW) -> 18(SW)   volume = 0.333333
   epoch 10:  18(SW) -> 11(gpu)   volume = 0.166667
   epoch 10:  18(SW) -> 13(gpu)   volume = 0.166667
   epoch 11:   6(gpu) -> 15(SW)   volume = 0.333333
   epoch 11:   7(gpu) -> 15(SW)   volume = 0.333333
   epoch 11:  11(gpu) -> 16(SW)   volume = 0.666667
   epoch 11:  13(gpu) -> 16(SW)   volume = 0.666667
   epoch 11:  15(SW) ->  4(gpu)   volume = 0.666667
   epoch 11:  16(SW) ->  8(gpu)   volume = 1.333333
   epoch 12:   1(gpu) -> 18(SW)   volume = 0.666667
   epoch 12:   4(gpu) -> 17(SW)   volume = 0.333333
   epoch 12:   8(gpu) -> 16(SW)   volume = 1.333333
   epoch 12:  16(SW) ->  8(gpu)   volume = 1.333333
   epoch 12:  17(SW) ->  0(gpu)   volume = 0.333333
   epoch 12:  17(SW) -> 18(SW)   volume = 1.333333
   epoch 12:  18(SW) ->  1(gpu)   volume = 0.666667
   epoch 12:  18(SW) -> 17(SW)   volume = 1.333333
   epoch 13:   1(gpu) -> 18(SW)   volume = 0.666667
   epoch 13:   4(gpu) -> 17(SW)   volume = 0.333333
   epoch 13:   6(gpu) -> 15(SW)   volume = 0.166667
   epoch 13:   7(gpu) -> 15(SW)   volume = 0.166667
   epoch 13:  15(SW) ->  4(gpu)   volume = 0.333333
   epoch 13:  17(SW) -> 18(SW)   volume = 0.333333
   epoch 13:  18(SW) -> 11(gpu)   volume = 0.5
   epoch 13:  18(SW) -> 13(gpu)   volume = 0.5
   epoch 14:   4(gpu) -> 17(SW)   volume = 0.333333
   epoch 14:   8(gpu) -> 17(SW)   volume = 0.333333
   epoch 14:  17(SW) ->  8(gpu)   volume = 0.666667
   epoch 15:   0(gpu) -> 17(SW)   volume = 0.333333
   epoch 15:   6(gpu) -> 15(SW)   volume = 0.333333
   epoch 15:   7(gpu) -> 15(SW)   volume = 0.333333
   epoch 15:   8(gpu) -> 16(SW)   volume = 0.666667
   epoch 15:  11(gpu) -> 18(SW)   volume = 0.5
   epoch 15:  13(gpu) -> 18(SW)   volume = 0.5
   epoch 15:  15(SW) ->  4(gpu)   volume = 0.666667
   epoch 15:  16(SW) -> 11(gpu)   volume = 0.333333
   epoch 15:  16(SW) -> 13(gpu)   volume = 0.333333
   epoch 15:  17(SW) ->  8(gpu)   volume = 0.666667
   epoch 15:  18(SW) ->  1(gpu)   volume = 0.666667
   epoch 15:  18(SW) -> 17(SW)   volume = 0.333333
   epoch 16:   1(gpu) -> 14(SW)   volume = 0.666667
   epoch 16:   4(gpu) -> 17(SW)   volume = 0.333333
   epoch 16:   8(gpu) -> 17(SW)   volume = 0.333333
   epoch 16:  11(gpu) -> 18(SW)   volume = 0.333333
   epoch 16:  13(gpu) -> 18(SW)   volume = 0.333333
   epoch 16:  14(SW) ->  2(gpu)   volume = 0.333333
   epoch 16:  14(SW) ->  3(gpu)   volume = 0.333333
   epoch 16:  17(SW) ->  0(gpu)   volume = 0.666667
   epoch 16:  18(SW) ->  1(gpu)   volume = 0.666667
   epoch 17:   4(gpu) -> 17(SW)   volume = 0.333333
   epoch 17:   6(gpu) -> 15(SW)   volume = 0.166667
   epoch 17:   7(gpu) -> 15(SW)   volume = 0.166667
   epoch 17:  15(SW) ->  4(gpu)   volume = 0.333333
   epoch 17:  17(SW) -> 18(SW)   volume = 0.333333
   epoch 17:  18(SW) ->  1(gpu)   volume = 0.333333
   epoch 18:   4(gpu) -> 17(SW)   volume = 0.333333
   epoch 18:   8(gpu) -> 17(SW)   volume = 0.333333
   epoch 18:  17(SW) ->  0(gpu)   volume = 0.666667
   epoch 19:   0(gpu) -> 17(SW)   volume = 0.666667
   epoch 19:   1(gpu) -> 18(SW)   volume = 0.666667
   epoch 19:   2(gpu) -> 14(SW)   volume = 0.333333
   epoch 19:   3(gpu) -> 14(SW)   volume = 0.333333
   epoch 19:  14(SW) ->  1(gpu)   volume = 0.666667
   epoch 19:  17(SW) ->  0(gpu)   volume = 0.666667
   epoch 19:  18(SW) -> 11(gpu)   volume = 0.333333
   epoch 19:  18(SW) -> 13(gpu)   volume = 0.333333
   epoch 20:   6(gpu) -> 15(SW)   volume = 0.166667
   epoch 20:   7(gpu) -> 15(SW)   volume = 0.166667
   epoch 20:  15(SW) ->  4(gpu)   volume = 0.333333
   epoch 21:  11(gpu) -> 18(SW)   volume = 0.166667
   epoch 21:  13(gpu) -> 18(SW)   volume = 0.166667
   epoch 21:  17(SW) ->  8(gpu)   volume = 0.333333
   epoch 21:  18(SW) -> 17(SW)   volume = 0.333333
   epoch 22:   4(gpu) -> 17(SW)   volume = 0.333333
   epoch 22:   6(gpu) -> 15(SW)   volume = 0.166667
   epoch 22:   7(gpu) -> 15(SW)   volume = 0.166667
   epoch 22:  15(SW) ->  4(gpu)   volume = 0.333333
   epoch 22:  17(SW) -> 18(SW)   volume = 0.333333
   epoch 22:  18(SW) -> 11(gpu)   volume = 0.166667
   epoch 22:  18(SW) -> 13(gpu)   volume = 0.166667
   epoch 23:   4(gpu) -> 17(SW)   volume = 0.333333
   epoch 23:   6(gpu) -> 15(SW)   volume = 0.166667
   epoch 23:   7(gpu) -> 15(SW)   volume = 0.166667
   epoch 23:  15(SW) ->  4(gpu)   volume = 0.333333
   epoch 23:  17(SW) -> 18(SW)   volume = 0.333333
   epoch 23:  18(SW) -> 11(gpu)   volume = 0.166667
   epoch 23:  18(SW) -> 13(gpu)   volume = 0.166667
   epoch 24:   4(gpu) -> 17(SW)   volume = 0.333333
   epoch 24:   6(gpu) -> 15(SW)   volume = 0.166667
   epoch 24:   7(gpu) -> 15(SW)   volume = 0.166667
   epoch 24:  15(SW) ->  4(gpu)   volume = 0.333333
   epoch 24:  17(SW) ->  8(gpu)   volume = 0.333333
   epoch 25:   4(gpu) -> 17(SW)   volume = 0.333333
   epoch 25:   6(gpu) -> 15(SW)   volume = 0.166667
   epoch 25:   7(gpu) -> 15(SW)   volume = 0.166667
   epoch 25:   8(gpu) -> 16(SW)   volume = 0.666667
   epoch 25:  15(SW) ->  4(gpu)   volume = 0.333333
   epoch 25:  16(SW) ->  8(gpu)   volume = 0.666667
   epoch 25:  17(SW) ->  8(gpu)   volume = 0.333333
   epoch 26:   4(gpu) -> 17(SW)   volume = 0.333333
   epoch 26:   6(gpu) -> 15(SW)   volume = 0.166667
   epoch 26:   7(gpu) -> 15(SW)   volume = 0.166667
   epoch 26:   8(gpu) -> 16(SW)   volume = 0.333333
   epoch 26:  11(gpu) -> 18(SW)   volume = 0.5
   epoch 26:  13(gpu) -> 18(SW)   volume = 0.5
   epoch 26:  15(SW) ->  4(gpu)   volume = 0.333333
   epoch 26:  16(SW) ->  9(gpu)   volume = 0.111111
   epoch 26:  16(SW) -> 10(gpu)   volume = 0.111111
   epoch 26:  16(SW) -> 12(gpu)   volume = 0.111111
   epoch 26:  17(SW) ->  0(gpu)   volume = 0.666667
   epoch 26:  17(SW) -> 18(SW)   volume = 0.666667
   epoch 26:  18(SW) ->  1(gpu)   volume = 0.666667
   epoch 26:  18(SW) -> 17(SW)   volume = 1.0
   epoch 27:   0(gpu) -> 17(SW)   volume = 0.333333
   epoch 27:   1(gpu) -> 14(SW)   volume = 0.666667
   epoch 27:   4(gpu) -> 17(SW)   volume = 0.333333
   epoch 27:   6(gpu) -> 15(SW)   volume = 0.166667
   epoch 27:   7(gpu) -> 15(SW)   volume = 0.166667
   epoch 27:   9(gpu) -> 16(SW)   volume = 0.111111
   epoch 27:  10(gpu) -> 16(SW)   volume = 0.111111
   epoch 27:  12(gpu) -> 16(SW)   volume = 0.111111
   epoch 27:  14(SW) ->  0(gpu)   volume = 0.666667
   epoch 27:  15(SW) ->  4(gpu)   volume = 0.333333
   epoch 27:  16(SW) -> 11(gpu)   volume = 0.166667
   epoch 27:  16(SW) -> 13(gpu)   volume = 0.166667
   epoch 27:  17(SW) ->  8(gpu)   volume = 0.666667
   epoch 28:   0(gpu) -> 17(SW)   volume = 0.666667
   epoch 28:   4(gpu) -> 17(SW)   volume = 0.333333
   epoch 28:   6(gpu) -> 15(SW)   volume = 0.333333
   epoch 28:   7(gpu) -> 15(SW)   volume = 0.333333
   epoch 28:  11(gpu) -> 18(SW)   volume = 0.166667
   epoch 28:  13(gpu) -> 18(SW)   volume = 0.166667
   epoch 28:  15(SW) ->  4(gpu)   volume = 0.666667
   epoch 28:  17(SW) -> 18(SW)   volume = 1.0
   epoch 28:  18(SW) -> 11(gpu)   volume = 0.666667
   epoch 28:  18(SW) -> 13(gpu)   volume = 0.666667
   epoch 29:   4(gpu) -> 17(SW)   volume = 0.333333
   epoch 29:  11(gpu) -> 18(SW)   volume = 0.166667
   epoch 29:  13(gpu) -> 18(SW)   volume = 0.166667
   epoch 29:  17(SW) ->  0(gpu)   volume = 0.666667
   epoch 29:  18(SW) -> 17(SW)   volume = 0.333333
   epoch 30:   4(gpu) -> 17(SW)   volume = 0.333333
   epoch 30:   6(gpu) -> 15(SW)   volume = 0.333333
   epoch 30:   7(gpu) -> 15(SW)   volume = 0.333333
   epoch 30:  11(gpu) -> 18(SW)   volume = 0.166667
   epoch 30:  13(gpu) -> 18(SW)   volume = 0.166667
   epoch 30:  15(SW) ->  4(gpu)   volume = 0.666667
   epoch 30:  17(SW) ->  0(gpu)   volume = 0.666667
   epoch 30:  18(SW) -> 17(SW)   volume = 0.333333
   epoch 31:   4(gpu) -> 17(SW)   volume = 0.333333
   epoch 31:  11(gpu) -> 18(SW)   volume = 0.166667
   epoch 31:  13(gpu) -> 18(SW)   volume = 0.166667
   epoch 31:  17(SW) ->  0(gpu)   volume = 0.666667
   epoch 31:  18(SW) -> 17(SW)   volume = 0.333333
   epoch 32:   4(gpu) -> 17(SW)   volume = 0.333333
   epoch 32:   6(gpu) -> 15(SW)   volume = 0.166667
   epoch 32:   7(gpu) -> 15(SW)   volume = 0.166667
   epoch 32:   8(gpu) -> 17(SW)   volume = 0.666667
   epoch 32:  15(SW) ->  4(gpu)   volume = 0.333333
   epoch 32:  17(SW) ->  0(gpu)   volume = 0.333333
   epoch 32:  17(SW) -> 18(SW)   volume = 0.666667
   epoch 32:  18(SW) ->  1(gpu)   volume = 0.666667
   epoch 33:   0(gpu) -> 14(SW)   volume = 3.0
   epoch 33:   4(gpu) -> 17(SW)   volume = 0.333333
   epoch 33:   6(gpu) -> 15(SW)   volume = 0.166667
   epoch 33:   7(gpu) -> 15(SW)   volume = 0.166667
   epoch 33:   8(gpu) -> 17(SW)   volume = 0.333333
   epoch 33:  14(SW) ->  2(gpu)   volume = 1.5
   epoch 33:  14(SW) ->  3(gpu)   volume = 1.5
   epoch 33:  15(SW) ->  4(gpu)   volume = 0.333333
   epoch 33:  17(SW) ->  0(gpu)   volume = 0.666667
   epoch 34:   1(gpu) -> 18(SW)   volume = 0.666667
   epoch 34:   4(gpu) -> 17(SW)   volume = 0.333333
   epoch 34:   6(gpu) -> 15(SW)   volume = 0.166667
   epoch 34:   7(gpu) -> 15(SW)   volume = 0.166667
   epoch 34:  15(SW) ->  4(gpu)   volume = 0.333333
   epoch 34:  17(SW) ->  0(gpu)   volume = 0.333333
   epoch 34:  18(SW) ->  1(gpu)   volume = 0.666667
   epoch 35:   1(gpu) -> 18(SW)   volume = 0.666667
   epoch 35:   2(gpu) -> 14(SW)   volume = 1.5
   epoch 35:   3(gpu) -> 14(SW)   volume = 1.5
   epoch 35:   4(gpu) -> 17(SW)   volume = 0.333333
   epoch 35:   6(gpu) -> 15(SW)   volume = 0.5
   epoch 35:   7(gpu) -> 15(SW)   volume = 0.5
   epoch 35:  14(SW) ->  0(gpu)   volume = 2.333333
   epoch 35:  14(SW) ->  1(gpu)   volume = 0.666667
   epoch 35:  15(SW) ->  4(gpu)   volume = 1.0
   epoch 35:  17(SW) ->  0(gpu)   volume = 0.333333
   epoch 35:  18(SW) -> 11(gpu)   volume = 0.333333
   epoch 35:  18(SW) -> 13(gpu)   volume = 0.333333
   epoch 36:   1(gpu) -> 18(SW)   volume = 0.666667
   epoch 36:   4(gpu) -> 17(SW)   volume = 0.333333
   epoch 36:   8(gpu) -> 17(SW)   volume = 0.333333
   epoch 36:  17(SW) ->  8(gpu)   volume = 0.666667
   epoch 36:  18(SW) -> 11(gpu)   volume = 0.333333
   epoch 36:  18(SW) -> 13(gpu)   volume = 0.333333
   epoch 37:   0(gpu) -> 14(SW)   volume = 3.666667
   epoch 37:   4(gpu) -> 17(SW)   volume = 0.333333
   epoch 37:  14(SW) ->  0(gpu)   volume = 3.0
   epoch 37:  14(SW) ->  1(gpu)   volume = 0.666667
   epoch 37:  17(SW) -> 18(SW)   volume = 0.333333
   epoch 37:  18(SW) -> 11(gpu)   volume = 0.166667
   epoch 37:  18(SW) -> 13(gpu)   volume = 0.166667
   epoch 38:   0(gpu) -> 17(SW)   volume = 0.666667
   epoch 38:   4(gpu) -> 17(SW)   volume = 0.333333
   epoch 38:   6(gpu) -> 15(SW)   volume = 0.166667
   epoch 38:   7(gpu) -> 15(SW)   volume = 0.166667
   epoch 38:   8(gpu) -> 16(SW)   volume = 0.666667
   epoch 38:  11(gpu) -> 16(SW)   volume = 1.0
   epoch 38:  13(gpu) -> 16(SW)   volume = 1.0
   epoch 38:  15(SW) ->  4(gpu)   volume = 0.333333
   epoch 38:  16(SW) ->  8(gpu)   volume = 2.666667
   epoch 38:  17(SW) -> 18(SW)   volume = 1.0
   epoch 38:  18(SW) -> 11(gpu)   volume = 0.5
   epoch 38:  18(SW) -> 13(gpu)   volume = 0.5
   epoch 39:   0(gpu) -> 14(SW)   volume = 2.0
   epoch 39:   0(gpu) -> 17(SW)   volume = 0.333333
   epoch 39:   1(gpu) -> 18(SW)   volume = 0.666667
   epoch 39:   4(gpu) -> 17(SW)   volume = 0.333333
   epoch 39:   8(gpu) -> 16(SW)   volume = 2.666667
   epoch 39:  11(gpu) -> 16(SW)   volume = 0.166667
   epoch 39:  13(gpu) -> 16(SW)   volume = 0.166667
   epoch 39:  14(SW) ->  2(gpu)   volume = 1.0
   epoch 39:  14(SW) ->  3(gpu)   volume = 1.0
   epoch 39:  16(SW) ->  9(gpu)   volume = 1.0
   epoch 39:  16(SW) -> 10(gpu)   volume = 1.0
   epoch 39:  16(SW) -> 12(gpu)   volume = 1.0
   epoch 39:  17(SW) -> 18(SW)   volume = 0.666667
   epoch 39:  18(SW) -> 11(gpu)   volume = 0.666667
   epoch 39:  18(SW) -> 13(gpu)   volume = 0.666667

-- source 6 --
   epoch 0:   6(gpu) -> 15(SW)   volume = 13.0
   epoch 0:  15(SW) ->  4(gpu)   volume = 2.666667
   epoch 0:  15(SW) ->  5(gpu)   volume = 5.166667
   epoch 0:  15(SW) ->  7(gpu)   volume = 5.166667
   epoch 2:   4(gpu) -> 17(SW)   volume = 0.333333
   epoch 2:  17(SW) -> 18(SW)   volume = 0.333333
   epoch 2:  18(SW) -> 11(gpu)   volume = 0.166667
   epoch 2:  18(SW) -> 13(gpu)   volume = 0.166667
   epoch 4:   4(gpu) -> 17(SW)   volume = 0.333333
   epoch 4:  17(SW) -> 18(SW)   volume = 0.333333
   epoch 4:  18(SW) -> 11(gpu)   volume = 0.166667
   epoch 4:  18(SW) -> 13(gpu)   volume = 0.166667
   epoch 6:   4(gpu) -> 17(SW)   volume = 0.333333
   epoch 6:  11(gpu) -> 18(SW)   volume = 0.333333
   epoch 6:  13(gpu) -> 18(SW)   volume = 0.333333
   epoch 6:  17(SW) ->  8(gpu)   volume = 0.333333
   epoch 6:  18(SW) -> 11(gpu)   volume = 0.333333
   epoch 6:  18(SW) -> 13(gpu)   volume = 0.333333
   epoch 7:   4(gpu) -> 17(SW)   volume = 0.333333
   epoch 7:   8(gpu) -> 17(SW)   volume = 0.333333
   epoch 7:  17(SW) -> 18(SW)   volume = 0.666667
   epoch 7:  18(SW) ->  1(gpu)   volume = 0.666667
   epoch 8:   4(gpu) -> 17(SW)   volume = 0.333333
   epoch 8:   5(gpu) -> 15(SW)   volume = 0.166667
   epoch 8:   7(gpu) -> 15(SW)   volume = 0.166667
   epoch 8:  15(SW) ->  4(gpu)   volume = 0.333333
   epoch 8:  17(SW) -> 18(SW)   volume = 0.333333
   epoch 8:  18(SW) -> 11(gpu)   volume = 0.166667
   epoch 8:  18(SW) -> 13(gpu)   volume = 0.166667
   epoch 10:   4(gpu) -> 17(SW)   volume = 0.333333
   epoch 10:  17(SW) -> 18(SW)   volume = 0.333333
   epoch 10:  18(SW) -> 11(gpu)   volume = 0.166667
   epoch 10:  18(SW) -> 13(gpu)   volume = 0.166667
   epoch 11:   5(gpu) -> 15(SW)   volume = 0.333333
   epoch 11:   7(gpu) -> 15(SW)   volume = 0.333333
   epoch 11:  11(gpu) -> 16(SW)   volume = 0.666667
   epoch 11:  13(gpu) -> 16(SW)   volume = 0.666667
   epoch 11:  15(SW) ->  4(gpu)   volume = 0.666667
   epoch 11:  16(SW) ->  8(gpu)   volume = 1.333333
   epoch 12:   1(gpu) -> 18(SW)   volume = 0.666667
   epoch 12:   4(gpu) -> 17(SW)   volume = 0.333333
   epoch 12:   8(gpu) -> 16(SW)   volume = 1.333333
   epoch 12:  16(SW) ->  8(gpu)   volume = 1.333333
   epoch 12:  17(SW) ->  0(gpu)   volume = 0.333333
   epoch 12:  17(SW) -> 18(SW)   volume = 1.333333
   epoch 12:  18(SW) ->  1(gpu)   volume = 0.666667
   epoch 12:  18(SW) -> 17(SW)   volume = 1.333333
   epoch 13:   1(gpu) -> 18(SW)   volume = 0.666667
   epoch 13:   4(gpu) -> 17(SW)   volume = 0.333333
   epoch 13:   5(gpu) -> 15(SW)   volume = 0.166667
   epoch 13:   7(gpu) -> 15(SW)   volume = 0.166667
   epoch 13:  15(SW) ->  4(gpu)   volume = 0.333333
   epoch 13:  17(SW) -> 18(SW)   volume = 0.333333
   epoch 13:  18(SW) -> 11(gpu)   volume = 0.5
   epoch 13:  18(SW) -> 13(gpu)   volume = 0.5
   epoch 14:   4(gpu) -> 17(SW)   volume = 0.333333
   epoch 14:   8(gpu) -> 17(SW)   volume = 0.333333
   epoch 14:  17(SW) ->  8(gpu)   volume = 0.666667
   epoch 15:   0(gpu) -> 17(SW)   volume = 0.333333
   epoch 15:   5(gpu) -> 15(SW)   volume = 0.333333
   epoch 15:   7(gpu) -> 15(SW)   volume = 0.333333
   epoch 15:   8(gpu) -> 16(SW)   volume = 0.666667
   epoch 15:  11(gpu) -> 18(SW)   volume = 0.5
   epoch 15:  13(gpu) -> 18(SW)   volume = 0.5
   epoch 15:  15(SW) ->  4(gpu)   volume = 0.666667
   epoch 15:  16(SW) -> 11(gpu)   volume = 0.333333
   epoch 15:  16(SW) -> 13(gpu)   volume = 0.333333
   epoch 15:  17(SW) ->  8(gpu)   volume = 0.666667
   epoch 15:  18(SW) ->  1(gpu)   volume = 0.666667
   epoch 15:  18(SW) -> 17(SW)   volume = 0.333333
   epoch 16:   1(gpu) -> 14(SW)   volume = 0.666667
   epoch 16:   4(gpu) -> 17(SW)   volume = 0.333333
   epoch 16:   8(gpu) -> 17(SW)   volume = 0.333333
   epoch 16:  11(gpu) -> 18(SW)   volume = 0.333333
   epoch 16:  13(gpu) -> 18(SW)   volume = 0.333333
   epoch 16:  14(SW) ->  2(gpu)   volume = 0.333333
   epoch 16:  14(SW) ->  3(gpu)   volume = 0.333333
   epoch 16:  17(SW) ->  0(gpu)   volume = 0.666667
   epoch 16:  18(SW) ->  1(gpu)   volume = 0.666667
   epoch 17:   4(gpu) -> 17(SW)   volume = 0.333333
   epoch 17:   5(gpu) -> 15(SW)   volume = 0.166667
   epoch 17:   7(gpu) -> 15(SW)   volume = 0.166667
   epoch 17:  15(SW) ->  4(gpu)   volume = 0.333333
   epoch 17:  17(SW) -> 18(SW)   volume = 0.333333
   epoch 17:  18(SW) ->  1(gpu)   volume = 0.333333
   epoch 18:   4(gpu) -> 17(SW)   volume = 0.333333
   epoch 18:   8(gpu) -> 17(SW)   volume = 0.333333
   epoch 18:  17(SW) ->  0(gpu)   volume = 0.666667
   epoch 19:   0(gpu) -> 17(SW)   volume = 0.666667
   epoch 19:   1(gpu) -> 18(SW)   volume = 0.666667
   epoch 19:   2(gpu) -> 14(SW)   volume = 0.333333
   epoch 19:   3(gpu) -> 14(SW)   volume = 0.333333
   epoch 19:  14(SW) ->  1(gpu)   volume = 0.666667
   epoch 19:  17(SW) ->  0(gpu)   volume = 0.666667
   epoch 19:  18(SW) -> 11(gpu)   volume = 0.333333
   epoch 19:  18(SW) -> 13(gpu)   volume = 0.333333
   epoch 20:   5(gpu) -> 15(SW)   volume = 0.166667
   epoch 20:   7(gpu) -> 15(SW)   volume = 0.166667
   epoch 20:  15(SW) ->  4(gpu)   volume = 0.333333
   epoch 21:  11(gpu) -> 18(SW)   volume = 0.166667
   epoch 21:  13(gpu) -> 18(SW)   volume = 0.166667
   epoch 21:  17(SW) ->  8(gpu)   volume = 0.333333
   epoch 21:  18(SW) -> 17(SW)   volume = 0.333333
   epoch 22:   4(gpu) -> 17(SW)   volume = 0.333333
   epoch 22:   5(gpu) -> 15(SW)   volume = 0.166667
   epoch 22:   7(gpu) -> 15(SW)   volume = 0.166667
   epoch 22:  15(SW) ->  4(gpu)   volume = 0.333333
   epoch 22:  17(SW) -> 18(SW)   volume = 0.333333
   epoch 22:  18(SW) -> 11(gpu)   volume = 0.166667
   epoch 22:  18(SW) -> 13(gpu)   volume = 0.166667
   epoch 23:   4(gpu) -> 17(SW)   volume = 0.333333
   epoch 23:   5(gpu) -> 15(SW)   volume = 0.166667
   epoch 23:   7(gpu) -> 15(SW)   volume = 0.166667
   epoch 23:  15(SW) ->  4(gpu)   volume = 0.333333
   epoch 23:  17(SW) -> 18(SW)   volume = 0.333333
   epoch 23:  18(SW) -> 11(gpu)   volume = 0.166667
   epoch 23:  18(SW) -> 13(gpu)   volume = 0.166667
   epoch 24:   4(gpu) -> 17(SW)   volume = 0.333333
   epoch 24:   5(gpu) -> 15(SW)   volume = 0.166667
   epoch 24:   7(gpu) -> 15(SW)   volume = 0.166667
   epoch 24:  15(SW) ->  4(gpu)   volume = 0.333333
   epoch 24:  17(SW) ->  8(gpu)   volume = 0.333333
   epoch 25:   4(gpu) -> 17(SW)   volume = 0.333333
   epoch 25:   5(gpu) -> 15(SW)   volume = 0.166667
   epoch 25:   7(gpu) -> 15(SW)   volume = 0.166667
   epoch 25:   8(gpu) -> 16(SW)   volume = 0.666667
   epoch 25:  15(SW) ->  4(gpu)   volume = 0.333333
   epoch 25:  16(SW) ->  8(gpu)   volume = 0.666667
   epoch 25:  17(SW) ->  8(gpu)   volume = 0.333333
   epoch 26:   4(gpu) -> 17(SW)   volume = 0.333333
   epoch 26:   5(gpu) -> 15(SW)   volume = 0.166667
   epoch 26:   7(gpu) -> 15(SW)   volume = 0.166667
   epoch 26:   8(gpu) -> 16(SW)   volume = 0.333333
   epoch 26:  11(gpu) -> 18(SW)   volume = 0.5
   epoch 26:  13(gpu) -> 18(SW)   volume = 0.5
   epoch 26:  15(SW) ->  4(gpu)   volume = 0.333333
   epoch 26:  16(SW) ->  9(gpu)   volume = 0.111111
   epoch 26:  16(SW) -> 10(gpu)   volume = 0.111111
   epoch 26:  16(SW) -> 12(gpu)   volume = 0.111111
   epoch 26:  17(SW) ->  0(gpu)   volume = 0.666667
   epoch 26:  17(SW) -> 18(SW)   volume = 0.666667
   epoch 26:  18(SW) ->  1(gpu)   volume = 0.666667
   epoch 26:  18(SW) -> 17(SW)   volume = 1.0
   epoch 27:   0(gpu) -> 17(SW)   volume = 0.333333
   epoch 27:   1(gpu) -> 14(SW)   volume = 0.666667
   epoch 27:   4(gpu) -> 17(SW)   volume = 0.333333
   epoch 27:   5(gpu) -> 15(SW)   volume = 0.166667
   epoch 27:   7(gpu) -> 15(SW)   volume = 0.166667
   epoch 27:   9(gpu) -> 16(SW)   volume = 0.111111
   epoch 27:  10(gpu) -> 16(SW)   volume = 0.111111
   epoch 27:  12(gpu) -> 16(SW)   volume = 0.111111
   epoch 27:  14(SW) ->  0(gpu)   volume = 0.666667
   epoch 27:  15(SW) ->  4(gpu)   volume = 0.333333
   epoch 27:  16(SW) -> 11(gpu)   volume = 0.166667
   epoch 27:  16(SW) -> 13(gpu)   volume = 0.166667
   epoch 27:  17(SW) ->  8(gpu)   volume = 0.666667
   epoch 28:   0(gpu) -> 17(SW)   volume = 0.666667
   epoch 28:   4(gpu) -> 17(SW)   volume = 0.333333
   epoch 28:   5(gpu) -> 15(SW)   volume = 0.333333
   epoch 28:   7(gpu) -> 15(SW)   volume = 0.333333
   epoch 28:  11(gpu) -> 18(SW)   volume = 0.166667
   epoch 28:  13(gpu) -> 18(SW)   volume = 0.166667
   epoch 28:  15(SW) ->  4(gpu)   volume = 0.666667
   epoch 28:  17(SW) -> 18(SW)   volume = 1.0
   epoch 28:  18(SW) -> 11(gpu)   volume = 0.666667
   epoch 28:  18(SW) -> 13(gpu)   volume = 0.666667
   epoch 29:   4(gpu) -> 17(SW)   volume = 0.333333
   epoch 29:  11(gpu) -> 18(SW)   volume = 0.166667
   epoch 29:  13(gpu) -> 18(SW)   volume = 0.166667
   epoch 29:  17(SW) ->  0(gpu)   volume = 0.666667
   epoch 29:  18(SW) -> 17(SW)   volume = 0.333333
   epoch 30:   4(gpu) -> 17(SW)   volume = 0.333333
   epoch 30:   5(gpu) -> 15(SW)   volume = 0.333333
   epoch 30:   7(gpu) -> 15(SW)   volume = 0.333333
   epoch 30:  11(gpu) -> 18(SW)   volume = 0.166667
   epoch 30:  13(gpu) -> 18(SW)   volume = 0.166667
   epoch 30:  15(SW) ->  4(gpu)   volume = 0.666667
   epoch 30:  17(SW) ->  0(gpu)   volume = 0.666667
   epoch 30:  18(SW) -> 17(SW)   volume = 0.333333
   epoch 31:   4(gpu) -> 17(SW)   volume = 0.333333
   epoch 31:  11(gpu) -> 18(SW)   volume = 0.166667
   epoch 31:  13(gpu) -> 18(SW)   volume = 0.166667
   epoch 31:  17(SW) ->  0(gpu)   volume = 0.666667
   epoch 31:  18(SW) -> 17(SW)   volume = 0.333333
   epoch 32:   4(gpu) -> 17(SW)   volume = 0.333333
   epoch 32:   5(gpu) -> 15(SW)   volume = 0.166667
   epoch 32:   7(gpu) -> 15(SW)   volume = 0.166667
   epoch 32:   8(gpu) -> 17(SW)   volume = 0.666667
   epoch 32:  15(SW) ->  4(gpu)   volume = 0.333333
   epoch 32:  17(SW) ->  0(gpu)   volume = 0.333333
   epoch 32:  17(SW) -> 18(SW)   volume = 0.666667
   epoch 32:  18(SW) ->  1(gpu)   volume = 0.666667
   epoch 33:   0(gpu) -> 14(SW)   volume = 3.0
   epoch 33:   4(gpu) -> 17(SW)   volume = 0.333333
   epoch 33:   5(gpu) -> 15(SW)   volume = 0.166667
   epoch 33:   7(gpu) -> 15(SW)   volume = 0.166667
   epoch 33:   8(gpu) -> 17(SW)   volume = 0.333333
   epoch 33:  14(SW) ->  2(gpu)   volume = 1.5
   epoch 33:  14(SW) ->  3(gpu)   volume = 1.5
   epoch 33:  15(SW) ->  4(gpu)   volume = 0.333333
   epoch 33:  17(SW) ->  0(gpu)   volume = 0.666667
   epoch 34:   1(gpu) -> 18(SW)   volume = 0.666667
   epoch 34:   4(gpu) -> 17(SW)   volume = 0.333333
   epoch 34:   5(gpu) -> 15(SW)   volume = 0.166667
   epoch 34:   7(gpu) -> 15(SW)   volume = 0.166667
   epoch 34:  15(SW) ->  4(gpu)   volume = 0.333333
   epoch 34:  17(SW) ->  0(gpu)   volume = 0.333333
   epoch 34:  18(SW) ->  1(gpu)   volume = 0.666667
   epoch 35:   1(gpu) -> 18(SW)   volume = 0.666667
   epoch 35:   2(gpu) -> 14(SW)   volume = 1.5
   epoch 35:   3(gpu) -> 14(SW)   volume = 1.5
   epoch 35:   4(gpu) -> 17(SW)   volume = 0.333333
   epoch 35:   5(gpu) -> 15(SW)   volume = 0.5
   epoch 35:   7(gpu) -> 15(SW)   volume = 0.5
   epoch 35:  14(SW) ->  0(gpu)   volume = 2.333333
   epoch 35:  14(SW) ->  1(gpu)   volume = 0.666667
   epoch 35:  15(SW) ->  4(gpu)   volume = 1.0
   epoch 35:  17(SW) ->  0(gpu)   volume = 0.333333
   epoch 35:  18(SW) -> 11(gpu)   volume = 0.333333
   epoch 35:  18(SW) -> 13(gpu)   volume = 0.333333
   epoch 36:   1(gpu) -> 18(SW)   volume = 0.666667
   epoch 36:   4(gpu) -> 17(SW)   volume = 0.333333
   epoch 36:   8(gpu) -> 17(SW)   volume = 0.333333
   epoch 36:  17(SW) ->  8(gpu)   volume = 0.666667
   epoch 36:  18(SW) -> 11(gpu)   volume = 0.333333
   epoch 36:  18(SW) -> 13(gpu)   volume = 0.333333
   epoch 37:   0(gpu) -> 14(SW)   volume = 3.666667
   epoch 37:   4(gpu) -> 17(SW)   volume = 0.333333
   epoch 37:  14(SW) ->  0(gpu)   volume = 3.0
   epoch 37:  14(SW) ->  1(gpu)   volume = 0.666667
   epoch 37:  17(SW) -> 18(SW)   volume = 0.333333
   epoch 37:  18(SW) -> 11(gpu)   volume = 0.166667
   epoch 37:  18(SW) -> 13(gpu)   volume = 0.166667
   epoch 38:   0(gpu) -> 17(SW)   volume = 0.666667
   epoch 38:   4(gpu) -> 17(SW)   volume = 0.333333
   epoch 38:   5(gpu) -> 15(SW)   volume = 0.166667
   epoch 38:   7(gpu) -> 15(SW)   volume = 0.166667
   epoch 38:   8(gpu) -> 16(SW)   volume = 0.666667
   epoch 38:  11(gpu) -> 16(SW)   volume = 1.0
   epoch 38:  13(gpu) -> 16(SW)   volume = 1.0
   epoch 38:  15(SW) ->  4(gpu)   volume = 0.333333
   epoch 38:  16(SW) ->  8(gpu)   volume = 2.666667
   epoch 38:  17(SW) -> 18(SW)   volume = 1.0
   epoch 38:  18(SW) -> 11(gpu)   volume = 0.5
   epoch 38:  18(SW) -> 13(gpu)   volume = 0.5
   epoch 39:   0(gpu) -> 14(SW)   volume = 2.0
   epoch 39:   0(gpu) -> 17(SW)   volume = 0.333333
   epoch 39:   1(gpu) -> 18(SW)   volume = 0.666667
   epoch 39:   4(gpu) -> 17(SW)   volume = 0.333333
   epoch 39:   8(gpu) -> 16(SW)   volume = 2.666667
   epoch 39:  11(gpu) -> 16(SW)   volume = 0.166667
   epoch 39:  13(gpu) -> 16(SW)   volume = 0.166667
   epoch 39:  14(SW) ->  2(gpu)   volume = 1.0
   epoch 39:  14(SW) ->  3(gpu)   volume = 1.0
   epoch 39:  16(SW) ->  9(gpu)   volume = 1.0
   epoch 39:  16(SW) -> 10(gpu)   volume = 1.0
   epoch 39:  16(SW) -> 12(gpu)   volume = 1.0
   epoch 39:  17(SW) -> 18(SW)   volume = 0.666667
   epoch 39:  18(SW) -> 11(gpu)   volume = 0.666667
   epoch 39:  18(SW) -> 13(gpu)   volume = 0.666667

-- source 7 --
   epoch 0:   7(gpu) -> 15(SW)   volume = 13.0
   epoch 0:  15(SW) ->  4(gpu)   volume = 2.666667
   epoch 0:  15(SW) ->  5(gpu)   volume = 5.166667
   epoch 0:  15(SW) ->  6(gpu)   volume = 5.166667
   epoch 2:   4(gpu) -> 17(SW)   volume = 0.333333
   epoch 2:  17(SW) -> 18(SW)   volume = 0.333333
   epoch 2:  18(SW) -> 11(gpu)   volume = 0.166667
   epoch 2:  18(SW) -> 13(gpu)   volume = 0.166667
   epoch 4:   4(gpu) -> 17(SW)   volume = 0.333333
   epoch 4:  17(SW) -> 18(SW)   volume = 0.333333
   epoch 4:  18(SW) -> 11(gpu)   volume = 0.166667
   epoch 4:  18(SW) -> 13(gpu)   volume = 0.166667
   epoch 6:   4(gpu) -> 17(SW)   volume = 0.333333
   epoch 6:  11(gpu) -> 18(SW)   volume = 0.333333
   epoch 6:  13(gpu) -> 18(SW)   volume = 0.333333
   epoch 6:  17(SW) ->  8(gpu)   volume = 0.333333
   epoch 6:  18(SW) -> 11(gpu)   volume = 0.333333
   epoch 6:  18(SW) -> 13(gpu)   volume = 0.333333
   epoch 7:   4(gpu) -> 17(SW)   volume = 0.333333
   epoch 7:   8(gpu) -> 17(SW)   volume = 0.333333
   epoch 7:  17(SW) -> 18(SW)   volume = 0.666667
   epoch 7:  18(SW) ->  1(gpu)   volume = 0.666667
   epoch 8:   4(gpu) -> 17(SW)   volume = 0.333333
   epoch 8:   5(gpu) -> 15(SW)   volume = 0.166667
   epoch 8:   6(gpu) -> 15(SW)   volume = 0.166667
   epoch 8:  15(SW) ->  4(gpu)   volume = 0.333333
   epoch 8:  17(SW) -> 18(SW)   volume = 0.333333
   epoch 8:  18(SW) -> 11(gpu)   volume = 0.166667
   epoch 8:  18(SW) -> 13(gpu)   volume = 0.166667
   epoch 10:   4(gpu) -> 17(SW)   volume = 0.333333
   epoch 10:  17(SW) -> 18(SW)   volume = 0.333333
   epoch 10:  18(SW) -> 11(gpu)   volume = 0.166667
   epoch 10:  18(SW) -> 13(gpu)   volume = 0.166667
   epoch 11:   5(gpu) -> 15(SW)   volume = 0.333333
   epoch 11:   6(gpu) -> 15(SW)   volume = 0.333333
   epoch 11:  11(gpu) -> 16(SW)   volume = 0.666667
   epoch 11:  13(gpu) -> 16(SW)   volume = 0.666667
   epoch 11:  15(SW) ->  4(gpu)   volume = 0.666667
   epoch 11:  16(SW) ->  8(gpu)   volume = 1.333333
   epoch 12:   1(gpu) -> 18(SW)   volume = 0.666667
   epoch 12:   4(gpu) -> 17(SW)   volume = 0.333333
   epoch 12:   8(gpu) -> 16(SW)   volume = 1.333333
   epoch 12:  16(SW) ->  8(gpu)   volume = 1.333333
   epoch 12:  17(SW) ->  0(gpu)   volume = 0.333333
   epoch 12:  17(SW) -> 18(SW)   volume = 1.333333
   epoch 12:  18(SW) ->  1(gpu)   volume = 0.666667
   epoch 12:  18(SW) -> 17(SW)   volume = 1.333333
   epoch 13:   1(gpu) -> 18(SW)   volume = 0.666667
   epoch 13:   4(gpu) -> 17(SW)   volume = 0.333333
   epoch 13:   5(gpu) -> 15(SW)   volume = 0.166667
   epoch 13:   6(gpu) -> 15(SW)   volume = 0.166667
   epoch 13:  15(SW) ->  4(gpu)   volume = 0.333333
   epoch 13:  17(SW) -> 18(SW)   volume = 0.333333
   epoch 13:  18(SW) -> 11(gpu)   volume = 0.5
   epoch 13:  18(SW) -> 13(gpu)   volume = 0.5
   epoch 14:   4(gpu) -> 17(SW)   volume = 0.333333
   epoch 14:   8(gpu) -> 17(SW)   volume = 0.333333
   epoch 14:  17(SW) ->  8(gpu)   volume = 0.666667
   epoch 15:   0(gpu) -> 17(SW)   volume = 0.333333
   epoch 15:   5(gpu) -> 15(SW)   volume = 0.333333
   epoch 15:   6(gpu) -> 15(SW)   volume = 0.333333
   epoch 15:   8(gpu) -> 16(SW)   volume = 0.666667
   epoch 15:  11(gpu) -> 18(SW)   volume = 0.5
   epoch 15:  13(gpu) -> 18(SW)   volume = 0.5
   epoch 15:  15(SW) ->  4(gpu)   volume = 0.666667
   epoch 15:  16(SW) -> 11(gpu)   volume = 0.333333
   epoch 15:  16(SW) -> 13(gpu)   volume = 0.333333
   epoch 15:  17(SW) ->  8(gpu)   volume = 0.666667
   epoch 15:  18(SW) ->  1(gpu)   volume = 0.666667
   epoch 15:  18(SW) -> 17(SW)   volume = 0.333333
   epoch 16:   1(gpu) -> 14(SW)   volume = 0.666667
   epoch 16:   4(gpu) -> 17(SW)   volume = 0.333333
   epoch 16:   8(gpu) -> 17(SW)   volume = 0.333333
   epoch 16:  11(gpu) -> 18(SW)   volume = 0.333333
   epoch 16:  13(gpu) -> 18(SW)   volume = 0.333333
   epoch 16:  14(SW) ->  2(gpu)   volume = 0.333333
   epoch 16:  14(SW) ->  3(gpu)   volume = 0.333333
   epoch 16:  17(SW) ->  0(gpu)   volume = 0.666667
   epoch 16:  18(SW) ->  1(gpu)   volume = 0.666667
   epoch 17:   4(gpu) -> 17(SW)   volume = 0.333333
   epoch 17:   5(gpu) -> 15(SW)   volume = 0.166667
   epoch 17:   6(gpu) -> 15(SW)   volume = 0.166667
   epoch 17:  15(SW) ->  4(gpu)   volume = 0.333333
   epoch 17:  17(SW) -> 18(SW)   volume = 0.333333
   epoch 17:  18(SW) ->  1(gpu)   volume = 0.333333
   epoch 18:   4(gpu) -> 17(SW)   volume = 0.333333
   epoch 18:   8(gpu) -> 17(SW)   volume = 0.333333
   epoch 18:  17(SW) ->  0(gpu)   volume = 0.666667
   epoch 19:   0(gpu) -> 17(SW)   volume = 0.666667
   epoch 19:   1(gpu) -> 18(SW)   volume = 0.666667
   epoch 19:   2(gpu) -> 14(SW)   volume = 0.333333
   epoch 19:   3(gpu) -> 14(SW)   volume = 0.333333
   epoch 19:  14(SW) ->  1(gpu)   volume = 0.666667
   epoch 19:  17(SW) ->  0(gpu)   volume = 0.666667
   epoch 19:  18(SW) -> 11(gpu)   volume = 0.333333
   epoch 19:  18(SW) -> 13(gpu)   volume = 0.333333
   epoch 20:   5(gpu) -> 15(SW)   volume = 0.166667
   epoch 20:   6(gpu) -> 15(SW)   volume = 0.166667
   epoch 20:  15(SW) ->  4(gpu)   volume = 0.333333
   epoch 21:  11(gpu) -> 18(SW)   volume = 0.166667
   epoch 21:  13(gpu) -> 18(SW)   volume = 0.166667
   epoch 21:  17(SW) ->  8(gpu)   volume = 0.333333
   epoch 21:  18(SW) -> 17(SW)   volume = 0.333333
   epoch 22:   4(gpu) -> 17(SW)   volume = 0.333333
   epoch 22:   5(gpu) -> 15(SW)   volume = 0.166667
   epoch 22:   6(gpu) -> 15(SW)   volume = 0.166667
   epoch 22:  15(SW) ->  4(gpu)   volume = 0.333333
   epoch 22:  17(SW) -> 18(SW)   volume = 0.333333
   epoch 22:  18(SW) -> 11(gpu)   volume = 0.166667
   epoch 22:  18(SW) -> 13(gpu)   volume = 0.166667
   epoch 23:   4(gpu) -> 17(SW)   volume = 0.333333
   epoch 23:   5(gpu) -> 15(SW)   volume = 0.166667
   epoch 23:   6(gpu) -> 15(SW)   volume = 0.166667
   epoch 23:  15(SW) ->  4(gpu)   volume = 0.333333
   epoch 23:  17(SW) -> 18(SW)   volume = 0.333333
   epoch 23:  18(SW) -> 11(gpu)   volume = 0.166667
   epoch 23:  18(SW) -> 13(gpu)   volume = 0.166667
   epoch 24:   4(gpu) -> 17(SW)   volume = 0.333333
   epoch 24:   5(gpu) -> 15(SW)   volume = 0.166667
   epoch 24:   6(gpu) -> 15(SW)   volume = 0.166667
   epoch 24:  15(SW) ->  4(gpu)   volume = 0.333333
   epoch 24:  17(SW) ->  8(gpu)   volume = 0.333333
   epoch 25:   4(gpu) -> 17(SW)   volume = 0.333333
   epoch 25:   5(gpu) -> 15(SW)   volume = 0.166667
   epoch 25:   6(gpu) -> 15(SW)   volume = 0.166667
   epoch 25:   8(gpu) -> 16(SW)   volume = 0.666667
   epoch 25:  15(SW) ->  4(gpu)   volume = 0.333333
   epoch 25:  16(SW) ->  8(gpu)   volume = 0.666667
   epoch 25:  17(SW) ->  8(gpu)   volume = 0.333333
   epoch 26:   4(gpu) -> 17(SW)   volume = 0.333333
   epoch 26:   5(gpu) -> 15(SW)   volume = 0.166667
   epoch 26:   6(gpu) -> 15(SW)   volume = 0.166667
   epoch 26:   8(gpu) -> 16(SW)   volume = 0.333333
   epoch 26:  11(gpu) -> 18(SW)   volume = 0.5
   epoch 26:  13(gpu) -> 18(SW)   volume = 0.5
   epoch 26:  15(SW) ->  4(gpu)   volume = 0.333333
   epoch 26:  16(SW) ->  9(gpu)   volume = 0.111111
   epoch 26:  16(SW) -> 10(gpu)   volume = 0.111111
   epoch 26:  16(SW) -> 12(gpu)   volume = 0.111111
   epoch 26:  17(SW) ->  0(gpu)   volume = 0.666667
   epoch 26:  17(SW) -> 18(SW)   volume = 0.666667
   epoch 26:  18(SW) ->  1(gpu)   volume = 0.666667
   epoch 26:  18(SW) -> 17(SW)   volume = 1.0
   epoch 27:   0(gpu) -> 17(SW)   volume = 0.333333
   epoch 27:   1(gpu) -> 14(SW)   volume = 0.666667
   epoch 27:   4(gpu) -> 17(SW)   volume = 0.333333
   epoch 27:   5(gpu) -> 15(SW)   volume = 0.166667
   epoch 27:   6(gpu) -> 15(SW)   volume = 0.166667
   epoch 27:   9(gpu) -> 16(SW)   volume = 0.111111
   epoch 27:  10(gpu) -> 16(SW)   volume = 0.111111
   epoch 27:  12(gpu) -> 16(SW)   volume = 0.111111
   epoch 27:  14(SW) ->  0(gpu)   volume = 0.666667
   epoch 27:  15(SW) ->  4(gpu)   volume = 0.333333
   epoch 27:  16(SW) -> 11(gpu)   volume = 0.166667
   epoch 27:  16(SW) -> 13(gpu)   volume = 0.166667
   epoch 27:  17(SW) ->  8(gpu)   volume = 0.666667
   epoch 28:   0(gpu) -> 17(SW)   volume = 0.666667
   epoch 28:   4(gpu) -> 17(SW)   volume = 0.333333
   epoch 28:   5(gpu) -> 15(SW)   volume = 0.333333
   epoch 28:   6(gpu) -> 15(SW)   volume = 0.333333
   epoch 28:  11(gpu) -> 18(SW)   volume = 0.166667
   epoch 28:  13(gpu) -> 18(SW)   volume = 0.166667
   epoch 28:  15(SW) ->  4(gpu)   volume = 0.666667
   epoch 28:  17(SW) -> 18(SW)   volume = 1.0
   epoch 28:  18(SW) -> 11(gpu)   volume = 0.666667
   epoch 28:  18(SW) -> 13(gpu)   volume = 0.666667
   epoch 29:   4(gpu) -> 17(SW)   volume = 0.333333
   epoch 29:  11(gpu) -> 18(SW)   volume = 0.166667
   epoch 29:  13(gpu) -> 18(SW)   volume = 0.166667
   epoch 29:  17(SW) ->  0(gpu)   volume = 0.666667
   epoch 29:  18(SW) -> 17(SW)   volume = 0.333333
   epoch 30:   4(gpu) -> 17(SW)   volume = 0.333333
   epoch 30:   5(gpu) -> 15(SW)   volume = 0.333333
   epoch 30:   6(gpu) -> 15(SW)   volume = 0.333333
   epoch 30:  11(gpu) -> 18(SW)   volume = 0.166667
   epoch 30:  13(gpu) -> 18(SW)   volume = 0.166667
   epoch 30:  15(SW) ->  4(gpu)   volume = 0.666667
   epoch 30:  17(SW) ->  0(gpu)   volume = 0.666667
   epoch 30:  18(SW) -> 17(SW)   volume = 0.333333
   epoch 31:   4(gpu) -> 17(SW)   volume = 0.333333
   epoch 31:  11(gpu) -> 18(SW)   volume = 0.166667
   epoch 31:  13(gpu) -> 18(SW)   volume = 0.166667
   epoch 31:  17(SW) ->  0(gpu)   volume = 0.666667
   epoch 31:  18(SW) -> 17(SW)   volume = 0.333333
   epoch 32:   4(gpu) -> 17(SW)   volume = 0.333333
   epoch 32:   5(gpu) -> 15(SW)   volume = 0.166667
   epoch 32:   6(gpu) -> 15(SW)   volume = 0.166667
   epoch 32:   8(gpu) -> 17(SW)   volume = 0.666667
   epoch 32:  15(SW) ->  4(gpu)   volume = 0.333333
   epoch 32:  17(SW) ->  0(gpu)   volume = 0.333333
   epoch 32:  17(SW) -> 18(SW)   volume = 0.666667
   epoch 32:  18(SW) ->  1(gpu)   volume = 0.666667
   epoch 33:   0(gpu) -> 14(SW)   volume = 3.0
   epoch 33:   4(gpu) -> 17(SW)   volume = 0.333333
   epoch 33:   5(gpu) -> 15(SW)   volume = 0.166667
   epoch 33:   6(gpu) -> 15(SW)   volume = 0.166667
   epoch 33:   8(gpu) -> 17(SW)   volume = 0.333333
   epoch 33:  14(SW) ->  2(gpu)   volume = 1.5
   epoch 33:  14(SW) ->  3(gpu)   volume = 1.5
   epoch 33:  15(SW) ->  4(gpu)   volume = 0.333333
   epoch 33:  17(SW) ->  0(gpu)   volume = 0.666667
   epoch 34:   1(gpu) -> 18(SW)   volume = 0.666667
   epoch 34:   4(gpu) -> 17(SW)   volume = 0.333333
   epoch 34:   5(gpu) -> 15(SW)   volume = 0.166667
   epoch 34:   6(gpu) -> 15(SW)   volume = 0.166667
   epoch 34:  15(SW) ->  4(gpu)   volume = 0.333333
   epoch 34:  17(SW) ->  0(gpu)   volume = 0.333333
   epoch 34:  18(SW) ->  1(gpu)   volume = 0.666667
   epoch 35:   1(gpu) -> 18(SW)   volume = 0.666667
   epoch 35:   2(gpu) -> 14(SW)   volume = 1.5
   epoch 35:   3(gpu) -> 14(SW)   volume = 1.5
   epoch 35:   4(gpu) -> 17(SW)   volume = 0.333333
   epoch 35:   5(gpu) -> 15(SW)   volume = 0.5
   epoch 35:   6(gpu) -> 15(SW)   volume = 0.5
   epoch 35:  14(SW) ->  0(gpu)   volume = 2.333333
   epoch 35:  14(SW) ->  1(gpu)   volume = 0.666667
   epoch 35:  15(SW) ->  4(gpu)   volume = 1.0
   epoch 35:  17(SW) ->  0(gpu)   volume = 0.333333
   epoch 35:  18(SW) -> 11(gpu)   volume = 0.333333
   epoch 35:  18(SW) -> 13(gpu)   volume = 0.333333
   epoch 36:   1(gpu) -> 18(SW)   volume = 0.666667
   epoch 36:   4(gpu) -> 17(SW)   volume = 0.333333
   epoch 36:   8(gpu) -> 17(SW)   volume = 0.333333
   epoch 36:  17(SW) ->  8(gpu)   volume = 0.666667
   epoch 36:  18(SW) -> 11(gpu)   volume = 0.333333
   epoch 36:  18(SW) -> 13(gpu)   volume = 0.333333
   epoch 37:   0(gpu) -> 14(SW)   volume = 3.666667
   epoch 37:   4(gpu) -> 17(SW)   volume = 0.333333
   epoch 37:  14(SW) ->  0(gpu)   volume = 3.0
   epoch 37:  14(SW) ->  1(gpu)   volume = 0.666667
   epoch 37:  17(SW) -> 18(SW)   volume = 0.333333
   epoch 37:  18(SW) -> 11(gpu)   volume = 0.166667
   epoch 37:  18(SW) -> 13(gpu)   volume = 0.166667
   epoch 38:   0(gpu) -> 17(SW)   volume = 0.666667
   epoch 38:   4(gpu) -> 17(SW)   volume = 0.333333
   epoch 38:   5(gpu) -> 15(SW)   volume = 0.166667
   epoch 38:   6(gpu) -> 15(SW)   volume = 0.166667
   epoch 38:   8(gpu) -> 16(SW)   volume = 0.666667
   epoch 38:  11(gpu) -> 16(SW)   volume = 1.0
   epoch 38:  13(gpu) -> 16(SW)   volume = 1.0
   epoch 38:  15(SW) ->  4(gpu)   volume = 0.333333
   epoch 38:  16(SW) ->  8(gpu)   volume = 2.666667
   epoch 38:  17(SW) -> 18(SW)   volume = 1.0
   epoch 38:  18(SW) -> 11(gpu)   volume = 0.5
   epoch 38:  18(SW) -> 13(gpu)   volume = 0.5
   epoch 39:   0(gpu) -> 14(SW)   volume = 2.0
   epoch 39:   0(gpu) -> 17(SW)   volume = 0.333333
   epoch 39:   1(gpu) -> 18(SW)   volume = 0.666667
   epoch 39:   4(gpu) -> 17(SW)   volume = 0.333333
   epoch 39:   8(gpu) -> 16(SW)   volume = 2.666667
   epoch 39:  11(gpu) -> 16(SW)   volume = 0.166667
   epoch 39:  13(gpu) -> 16(SW)   volume = 0.166667
   epoch 39:  14(SW) ->  2(gpu)   volume = 1.0
   epoch 39:  14(SW) ->  3(gpu)   volume = 1.0
   epoch 39:  16(SW) ->  9(gpu)   volume = 1.0
   epoch 39:  16(SW) -> 10(gpu)   volume = 1.0
   epoch 39:  16(SW) -> 12(gpu)   volume = 1.0
   epoch 39:  17(SW) -> 18(SW)   volume = 0.666667
   epoch 39:  18(SW) -> 11(gpu)   volume = 0.666667
   epoch 39:  18(SW) -> 13(gpu)   volume = 0.666667

-- source 8 --
   epoch 0:   8(gpu) -> 16(SW)   volume = 12.0
   epoch 0:   8(gpu) -> 17(SW)   volume = 1.0
   epoch 0:  16(SW) ->  9(gpu)   volume = 4.0
   epoch 0:  16(SW) -> 10(gpu)   volume = 4.0
   epoch 0:  16(SW) -> 12(gpu)   volume = 4.0
   epoch 0:  17(SW) ->  0(gpu)   volume = 1.0
   epoch 1:   9(gpu) -> 16(SW)   volume = 3.0
   epoch 1:  10(gpu) -> 16(SW)   volume = 3.0
   epoch 1:  12(gpu) -> 16(SW)   volume = 3.0
   epoch 1:  16(SW) ->  8(gpu)   volume = 1.0
   epoch 1:  16(SW) -> 11(gpu)   volume = 4.0
   epoch 1:  16(SW) -> 13(gpu)   volume = 4.0
   epoch 3:   8(gpu) -> 17(SW)   volume = 1.0
   epoch 3:  11(gpu) -> 18(SW)   volume = 1.0
   epoch 3:  13(gpu) -> 18(SW)   volume = 1.0
   epoch 3:  17(SW) ->  0(gpu)   volume = 1.0
   epoch 3:  18(SW) ->  1(gpu)   volume = 2.0
   epoch 4:   0(gpu) -> 14(SW)   volume = 1.0
   epoch 4:   1(gpu) -> 14(SW)   volume = 1.0
   epoch 4:  14(SW) ->  2(gpu)   volume = 1.0
   epoch 4:  14(SW) ->  3(gpu)   volume = 1.0
   epoch 6:  11(gpu) -> 16(SW)   volume = 0.5
   epoch 6:  13(gpu) -> 16(SW)   volume = 0.5
   epoch 6:  16(SW) ->  8(gpu)   volume = 1.0
   epoch 7:   8(gpu) -> 17(SW)   volume = 1.0
   epoch 7:  17(SW) ->  4(gpu)   volume = 1.0
   epoch 8:   4(gpu) -> 15(SW)   volume = 1.0
   epoch 8:  15(SW) ->  5(gpu)   volume = 0.333333
   epoch 8:  15(SW) ->  6(gpu)   volume = 0.333333
   epoch 8:  15(SW) ->  7(gpu)   volume = 0.333333
   epoch 11:  11(gpu) -> 16(SW)   volume = 1.0
   epoch 11:  13(gpu) -> 16(SW)   volume = 1.0
   epoch 11:  16(SW) ->  8(gpu)   volume = 2.0
   epoch 13:   8(gpu) -> 17(SW)   volume = 2.0
   epoch 13:  17(SW) ->  0(gpu)   volume = 2.0
   epoch 21:  11(gpu) -> 16(SW)   volume = 0.5
   epoch 21:  13(gpu) -> 16(SW)   volume = 0.5
   epoch 21:  16(SW) ->  8(gpu)   volume = 1.0
   epoch 23:   8(gpu) -> 17(SW)   volume = 1.0
   epoch 23:  17(SW) ->  4(gpu)   volume = 1.0
   epoch 24:   0(gpu) -> 17(SW)   volume = 1.0
   epoch 24:   5(gpu) -> 15(SW)   volume = 0.333333
   epoch 24:   6(gpu) -> 15(SW)   volume = 0.333333
   epoch 24:   7(gpu) -> 15(SW)   volume = 0.333333
   epoch 24:  15(SW) ->  5(gpu)   volume = 0.333333
   epoch 24:  15(SW) ->  6(gpu)   volume = 0.333333
   epoch 24:  15(SW) ->  7(gpu)   volume = 0.333333
   epoch 24:  17(SW) ->  4(gpu)   volume = 1.0
   epoch 25:   4(gpu) -> 15(SW)   volume = 1.0
   epoch 25:  15(SW) ->  5(gpu)   volume = 0.333333
   epoch 25:  15(SW) ->  6(gpu)   volume = 0.333333
   epoch 25:  15(SW) ->  7(gpu)   volume = 0.333333
   epoch 27:   0(gpu) -> 17(SW)   volume = 1.0
   epoch 27:  17(SW) ->  4(gpu)   volume = 1.0
   epoch 28:   4(gpu) -> 15(SW)   volume = 1.0
   epoch 28:  15(SW) ->  5(gpu)   volume = 0.333333
   epoch 28:  15(SW) ->  6(gpu)   volume = 0.333333
   epoch 28:  15(SW) ->  7(gpu)   volume = 0.333333

-- source 9 --
   epoch 0:   9(gpu) -> 16(SW)   volume = 13.0
   epoch 0:  16(SW) ->  8(gpu)   volume = 1.666667
   epoch 0:  16(SW) -> 10(gpu)   volume = 3.833333
   epoch 0:  16(SW) -> 11(gpu)   volume = 1.833333
   epoch 0:  16(SW) -> 12(gpu)   volume = 3.833333
   epoch 0:  16(SW) -> 13(gpu)   volume = 1.833333
   epoch 1:   8(gpu) -> 17(SW)   volume = 0.666667
   epoch 1:  10(gpu) -> 16(SW)   volume = 3.833333
   epoch 1:  11(gpu) -> 18(SW)   volume = 0.333333
   epoch 1:  12(gpu) -> 16(SW)   volume = 3.833333
   epoch 1:  13(gpu) -> 18(SW)   volume = 0.333333
   epoch 1:  16(SW) ->  9(gpu)   volume = 0.333333
   epoch 1:  16(SW) -> 10(gpu)   volume = 3.666667
   epoch 1:  16(SW) -> 12(gpu)   volume = 3.666667
   epoch 1:  17(SW) ->  0(gpu)   volume = 0.666667
   epoch 1:  18(SW) ->  1(gpu)   volume = 0.666667
   epoch 2:   0(gpu) -> 14(SW)   volume = 0.333333
   epoch 2:  10(gpu) -> 16(SW)   volume = 1.5
   epoch 2:  11(gpu) -> 18(SW)   volume = 0.5
   epoch 2:  12(gpu) -> 16(SW)   volume = 1.5
   epoch 2:  13(gpu) -> 18(SW)   volume = 0.5
   epoch 2:  14(SW) ->  2(gpu)   volume = 0.166667
   epoch 2:  14(SW) ->  3(gpu)   volume = 0.166667
   epoch 2:  16(SW) ->  8(gpu)   volume = 1.0
   epoch 2:  16(SW) -> 11(gpu)   volume = 1.0
   epoch 2:  16(SW) -> 13(gpu)   volume = 1.0
   epoch 2:  17(SW) ->  0(gpu)   volume = 0.333333
   epoch 2:  18(SW) ->  1(gpu)   volume = 0.666667
   epoch 2:  18(SW) -> 17(SW)   volume = 0.333333
   epoch 3:  11(gpu) -> 18(SW)   volume = 0.166667
   epoch 3:  13(gpu) -> 18(SW)   volume = 0.166667
   epoch 3:  17(SW) ->  0(gpu)   volume = 0.333333
   epoch 3:  18(SW) -> 17(SW)   volume = 0.333333
   epoch 4:   0(gpu) -> 14(SW)   volume = 0.333333
   epoch 4:   1(gpu) -> 14(SW)   volume = 0.333333
   epoch 4:   8(gpu) -> 17(SW)   volume = 0.666667
   epoch 4:  14(SW) ->  2(gpu)   volume = 0.333333
   epoch 4:  14(SW) ->  3(gpu)   volume = 0.333333
   epoch 4:  17(SW) ->  0(gpu)   volume = 0.666667
   epoch 5:   9(gpu) -> 16(SW)   volume = 0.333333
   epoch 5:  16(SW) ->  9(gpu)   volume = 0.333333
   epoch 12:   0(gpu) -> 17(SW)   volume = 0.333333
   epoch 12:  17(SW) ->  4(gpu)   volume = 0.333333
   epoch 17:  11(gpu) -> 18(SW)   volume = 0.166667
   epoch 17:  13(gpu) -> 18(SW)   volume = 0.166667
   epoch 17:  17(SW) ->  4(gpu)   volume = 0.333333
   epoch 17:  18(SW) -> 17(SW)   volume = 0.333333
   epoch 18:  11(gpu) -> 18(SW)   volume = 0.166667
   epoch 18:  13(gpu) -> 18(SW)   volume = 0.166667
   epoch 18:  17(SW) ->  4(gpu)   volume = 0.333333
   epoch 18:  18(SW) -> 17(SW)   volume = 0.333333
   epoch 19:   4(gpu) -> 15(SW)   volume = 0.333333
   epoch 19:   8(gpu) -> 17(SW)   volume = 0.333333
   epoch 19:   9(gpu) -> 16(SW)   volume = 0.333333
   epoch 19:  15(SW) ->  5(gpu)   volume = 0.111111
   epoch 19:  15(SW) ->  6(gpu)   volume = 0.111111
   epoch 19:  15(SW) ->  7(gpu)   volume = 0.111111
   epoch 19:  16(SW) ->  8(gpu)   volume = 0.333333
   epoch 19:  17(SW) ->  4(gpu)   volume = 0.333333
   epoch 20:   4(gpu) -> 15(SW)   volume = 0.333333
   epoch 20:  15(SW) ->  5(gpu)   volume = 0.111111
   epoch 20:  15(SW) ->  6(gpu)   volume = 0.111111
   epoch 20:  15(SW) ->  7(gpu)   volume = 0.111111
   epoch 26:   5(gpu) -> 15(SW)   volume = 0.222222
   epoch 26:   6(gpu) -> 15(SW)   volume = 0.222222
   epoch 26:   7(gpu) -> 15(SW)   volume = 0.222222
   epoch 26:   8(gpu) -> 17(SW)   volume = 0.333333
   epoch 26:  10(gpu) -> 16(SW)   volume = 1.166667
   epoch 26:  12(gpu) -> 16(SW)   volume = 1.166667
   epoch 26:  15(SW) ->  5(gpu)   volume = 0.222222
   epoch 26:  15(SW) ->  6(gpu)   volume = 0.222222
   epoch 26:  15(SW) ->  7(gpu)   volume = 0.222222
   epoch 26:  16(SW) ->  9(gpu)   volume = 2.333333
   epoch 26:  17(SW) ->  4(gpu)   volume = 0.333333
   epoch 27:   4(gpu) -> 15(SW)   volume = 0.333333
   epoch 27:  15(SW) ->  5(gpu)   volume = 0.111111
   epoch 27:  15(SW) ->  6(gpu)   volume = 0.111111
   epoch 27:  15(SW) ->  7(gpu)   volume = 0.111111
   epoch 28:  11(gpu) -> 18(SW)   volume = 0.166667
   epoch 28:  13(gpu) -> 18(SW)   volume = 0.166667
   epoch 28:  17(SW) ->  4(gpu)   volume = 0.333333
   epoch 28:  18(SW) -> 17(SW)   volume = 0.333333
   epoch 29:   4(gpu) -> 15(SW)   volume = 0.333333
   epoch 29:  15(SW) ->  5(gpu)   volume = 0.111111
   epoch 29:  15(SW) ->  6(gpu)   volume = 0.111111
   epoch 29:  15(SW) ->  7(gpu)   volume = 0.111111
   epoch 30:   9(gpu) -> 16(SW)   volume = 0.666667
   epoch 30:  16(SW) ->  8(gpu)   volume = 0.666667
   epoch 31:  11(gpu) -> 18(SW)   volume = 0.166667
   epoch 31:  13(gpu) -> 18(SW)   volume = 0.166667
   epoch 31:  17(SW) ->  4(gpu)   volume = 0.333333
   epoch 31:  18(SW) -> 17(SW)   volume = 0.333333
   epoch 32:   4(gpu) -> 15(SW)   volume = 0.333333
   epoch 32:   9(gpu) -> 16(SW)   volume = 1.666667
   epoch 32:  15(SW) ->  5(gpu)   volume = 0.111111
   epoch 32:  15(SW) ->  6(gpu)   volume = 0.111111
   epoch 32:  15(SW) ->  7(gpu)   volume = 0.111111
   epoch 32:  16(SW) -> 10(gpu)   volume = 0.833333
   epoch 32:  16(SW) -> 12(gpu)   volume = 0.833333
   epoch 33:   8(gpu) -> 17(SW)   volume = 0.333333
   epoch 33:  17(SW) ->  4(gpu)   volume = 0.333333
   epoch 34:   4(gpu) -> 15(SW)   volume = 0.333333
   epoch 34:  11(gpu) -> 18(SW)   volume = 0.166667
   epoch 34:  13(gpu) -> 18(SW)   volume = 0.166667
   epoch 34:  15(SW) ->  5(gpu)   volume = 0.111111
   epoch 34:  15(SW) ->  6(gpu)   volume = 0.111111
   epoch 34:  15(SW) ->  7(gpu)   volume = 0.111111
   epoch 34:  17(SW) ->  4(gpu)   volume = 0.333333
   epoch 34:  18(SW) -> 17(SW)   volume = 0.333333
   epoch 35:   4(gpu) -> 15(SW)   volume = 0.333333
   epoch 35:   8(gpu) -> 17(SW)   volume = 0.333333
   epoch 35:  10(gpu) -> 16(SW)   volume = 0.666667
   epoch 35:  12(gpu) -> 16(SW)   volume = 0.666667
   epoch 35:  15(SW) ->  5(gpu)   volume = 0.111111
   epoch 35:  15(SW) ->  6(gpu)   volume = 0.111111
   epoch 35:  15(SW) ->  7(gpu)   volume = 0.111111
   epoch 35:  16(SW) -> 11(gpu)   volume = 0.666667
   epoch 35:  16(SW) -> 13(gpu)   volume = 0.666667
   epoch 35:  17(SW) ->  0(gpu)   volume = 0.333333
   epoch 36:   0(gpu) -> 14(SW)   volume = 0.333333
   epoch 36:  11(gpu) -> 18(SW)   volume = 0.5
   epoch 36:  13(gpu) -> 18(SW)   volume = 0.5
   epoch 36:  14(SW) ->  2(gpu)   volume = 0.166667
   epoch 36:  14(SW) ->  3(gpu)   volume = 0.166667
   epoch 36:  17(SW) ->  4(gpu)   volume = 0.333333
   epoch 36:  18(SW) ->  1(gpu)   volume = 0.666667
   epoch 36:  18(SW) -> 17(SW)   volume = 0.333333
   epoch 37:   4(gpu) -> 15(SW)   volume = 0.333333
   epoch 37:   5(gpu) -> 15(SW)   volume = 0.222222
   epoch 37:   6(gpu) -> 15(SW)   volume = 0.222222
   epoch 37:   7(gpu) -> 15(SW)   volume = 0.222222
   epoch 37:  15(SW) ->  4(gpu)   volume = 1.0
   epoch 38:   1(gpu) -> 14(SW)   volume = 0.666667
   epoch 38:   4(gpu) -> 15(SW)   volume = 1.0
   epoch 38:  10(gpu) -> 16(SW)   volume = 0.166667
   epoch 38:  11(gpu) -> 18(SW)   volume = 0.166667
   epoch 38:  12(gpu) -> 16(SW)   volume = 0.166667
   epoch 38:  13(gpu) -> 18(SW)   volume = 0.166667
   epoch 38:  14(SW) ->  2(gpu)   volume = 0.333333
   epoch 38:  14(SW) ->  3(gpu)   volume = 0.333333
   epoch 38:  15(SW) ->  5(gpu)   volume = 0.333333
   epoch 38:  15(SW) ->  6(gpu)   volume = 0.333333
   epoch 38:  15(SW) ->  7(gpu)   volume = 0.333333
   epoch 38:  16(SW) ->  8(gpu)   volume = 0.333333
   epoch 38:  17(SW) ->  4(gpu)   volume = 0.333333
   epoch 38:  18(SW) -> 17(SW)   volume = 0.333333
   epoch 39:   4(gpu) -> 15(SW)   volume = 0.333333
   epoch 39:   8(gpu) -> 17(SW)   volume = 0.333333
   epoch 39:  15(SW) ->  5(gpu)   volume = 0.111111
   epoch 39:  15(SW) ->  6(gpu)   volume = 0.111111
   epoch 39:  15(SW) ->  7(gpu)   volume = 0.111111
   epoch 39:  17(SW) ->  4(gpu)   volume = 0.333333

-- source 10 --
   epoch 0:  10(gpu) -> 16(SW)   volume = 13.0
   epoch 0:  16(SW) ->  8(gpu)   volume = 1.666667
   epoch 0:  16(SW) ->  9(gpu)   volume = 3.833333
   epoch 0:  16(SW) -> 11(gpu)   volume = 1.833333
   epoch 0:  16(SW) -> 12(gpu)   volume = 3.833333
   epoch 0:  16(SW) -> 13(gpu)   volume = 1.833333
   epoch 1:   8(gpu) -> 17(SW)   volume = 0.666667
   epoch 1:   9(gpu) -> 16(SW)   volume = 3.833333
   epoch 1:  11(gpu) -> 18(SW)   volume = 0.333333
   epoch 1:  12(gpu) -> 16(SW)   volume = 3.833333
   epoch 1:  13(gpu) -> 18(SW)   volume = 0.333333
   epoch 1:  16(SW) ->  9(gpu)   volume = 3.666667
   epoch 1:  16(SW) -> 10(gpu)   volume = 0.333333
   epoch 1:  16(SW) -> 12(gpu)   volume = 3.666667
   epoch 1:  17(SW) ->  0(gpu)   volume = 0.666667
   epoch 1:  18(SW) ->  1(gpu)   volume = 0.666667
   epoch 2:   0(gpu) -> 14(SW)   volume = 0.333333
   epoch 2:   9(gpu) -> 16(SW)   volume = 1.5
   epoch 2:  11(gpu) -> 18(SW)   volume = 0.5
   epoch 2:  12(gpu) -> 16(SW)   volume = 1.5
   epoch 2:  13(gpu) -> 18(SW)   volume = 0.5
   epoch 2:  14(SW) ->  2(gpu)   volume = 0.166667
   epoch 2:  14(SW) ->  3(gpu)   volume = 0.166667
   epoch 2:  16(SW) ->  8(gpu)   volume = 1.0
   epoch 2:  16(SW) -> 11(gpu)   volume = 1.0
   epoch 2:  16(SW) -> 13(gpu)   volume = 1.0
   epoch 2:  17(SW) ->  0(gpu)   volume = 0.333333
   epoch 2:  18(SW) ->  1(gpu)   volume = 0.666667
   epoch 2:  18(SW) -> 17(SW)   volume = 0.333333
   epoch 3:  11(gpu) -> 18(SW)   volume = 0.166667
   epoch 3:  13(gpu) -> 18(SW)   volume = 0.166667
   epoch 3:  17(SW) ->  0(gpu)   volume = 0.333333
   epoch 3:  18(SW) -> 17(SW)   volume = 0.333333
   epoch 4:   0(gpu) -> 14(SW)   volume = 0.333333
   epoch 4:   1(gpu) -> 14(SW)   volume = 0.333333
   epoch 4:   8(gpu) -> 17(SW)   volume = 0.666667
   epoch 4:  14(SW) ->  2(gpu)   volume = 0.333333
   epoch 4:  14(SW) ->  3(gpu)   volume = 0.333333
   epoch 4:  17(SW) ->  0(gpu)   volume = 0.666667
   epoch 5:  10(gpu) -> 16(SW)   volume = 0.333333
   epoch 5:  16(SW) -> 10(gpu)   volume = 0.333333
   epoch 12:   0(gpu) -> 17(SW)   volume = 0.333333
   epoch 12:  17(SW) ->  4(gpu)   volume = 0.333333
   epoch 17:  11(gpu) -> 18(SW)   volume = 0.166667
   epoch 17:  13(gpu) -> 18(SW)   volume = 0.166667
   epoch 17:  17(SW) ->  4(gpu)   volume = 0.333333
   epoch 17:  18(SW) -> 17(SW)   volume = 0.333333
   epoch 18:  11(gpu) -> 18(SW)   volume = 0.166667
   epoch 18:  13(gpu) -> 18(SW)   volume = 0.166667
   epoch 18:  17(SW) ->  4(gpu)   volume = 0.333333
   epoch 18:  18(SW) -> 17(SW)   volume = 0.333333
   epoch 19:   4(gpu) -> 15(SW)   volume = 0.333333
   epoch 19:   8(gpu) -> 17(SW)   volume = 0.333333
   epoch 19:  10(gpu) -> 16(SW)   volume = 0.333333
   epoch 19:  15(SW) ->  5(gpu)   volume = 0.111111
   epoch 19:  15(SW) ->  6(gpu)   volume = 0.111111
   epoch 19:  15(SW) ->  7(gpu)   volume = 0.111111
   epoch 19:  16(SW) ->  8(gpu)   volume = 0.333333
   epoch 19:  17(SW) ->  4(gpu)   volume = 0.333333
   epoch 20:   4(gpu) -> 15(SW)   volume = 0.333333
   epoch 20:  15(SW) ->  5(gpu)   volume = 0.111111
   epoch 20:  15(SW) ->  6(gpu)   volume = 0.111111
   epoch 20:  15(SW) ->  7(gpu)   volume = 0.111111
   epoch 26:   5(gpu) -> 15(SW)   volume = 0.222222
   epoch 26:   6(gpu) -> 15(SW)   volume = 0.222222
   epoch 26:   7(gpu) -> 15(SW)   volume = 0.222222
   epoch 26:   8(gpu) -> 17(SW)   volume = 0.333333
   epoch 26:   9(gpu) -> 16(SW)   volume = 1.166667
   epoch 26:  12(gpu) -> 16(SW)   volume = 1.166667
   epoch 26:  15(SW) ->  5(gpu)   volume = 0.222222
   epoch 26:  15(SW) ->  6(gpu)   volume = 0.222222
   epoch 26:  15(SW) ->  7(gpu)   volume = 0.222222
   epoch 26:  16(SW) -> 10(gpu)   volume = 2.333333
   epoch 26:  17(SW) ->  4(gpu)   volume = 0.333333
   epoch 27:   4(gpu) -> 15(SW)   volume = 0.333333
   epoch 27:  15(SW) ->  5(gpu)   volume = 0.111111
   epoch 27:  15(SW) ->  6(gpu)   volume = 0.111111
   epoch 27:  15(SW) ->  7(gpu)   volume = 0.111111
   epoch 28:  11(gpu) -> 18(SW)   volume = 0.166667
   epoch 28:  13(gpu) -> 18(SW)   volume = 0.166667
   epoch 28:  17(SW) ->  4(gpu)   volume = 0.333333
   epoch 28:  18(SW) -> 17(SW)   volume = 0.333333
   epoch 29:   4(gpu) -> 15(SW)   volume = 0.333333
   epoch 29:  15(SW) ->  5(gpu)   volume = 0.111111
   epoch 29:  15(SW) ->  6(gpu)   volume = 0.111111
   epoch 29:  15(SW) ->  7(gpu)   volume = 0.111111
   epoch 30:  10(gpu) -> 16(SW)   volume = 0.666667
   epoch 30:  16(SW) ->  8(gpu)   volume = 0.666667
   epoch 31:  11(gpu) -> 18(SW)   volume = 0.166667
   epoch 31:  13(gpu) -> 18(SW)   volume = 0.166667
   epoch 31:  17(SW) ->  4(gpu)   volume = 0.333333
   epoch 31:  18(SW) -> 17(SW)   volume = 0.333333
   epoch 32:   4(gpu) -> 15(SW)   volume = 0.333333
   epoch 32:  10(gpu) -> 16(SW)   volume = 1.666667
   epoch 32:  15(SW) ->  5(gpu)   volume = 0.111111
   epoch 32:  15(SW) ->  6(gpu)   volume = 0.111111
   epoch 32:  15(SW) ->  7(gpu)   volume = 0.111111
   epoch 32:  16(SW) ->  9(gpu)   volume = 0.833333
   epoch 32:  16(SW) -> 12(gpu)   volume = 0.833333
   epoch 33:   8(gpu) -> 17(SW)   volume = 0.333333
   epoch 33:  17(SW) ->  4(gpu)   volume = 0.333333
   epoch 34:   4(gpu) -> 15(SW)   volume = 0.333333
   epoch 34:  11(gpu) -> 18(SW)   volume = 0.166667
   epoch 34:  13(gpu) -> 18(SW)   volume = 0.166667
   epoch 34:  15(SW) ->  5(gpu)   volume = 0.111111
   epoch 34:  15(SW) ->  6(gpu)   volume = 0.111111
   epoch 34:  15(SW) ->  7(gpu)   volume = 0.111111
   epoch 34:  17(SW) ->  4(gpu)   volume = 0.333333
   epoch 34:  18(SW) -> 17(SW)   volume = 0.333333
   epoch 35:   4(gpu) -> 15(SW)   volume = 0.333333
   epoch 35:   8(gpu) -> 17(SW)   volume = 0.333333
   epoch 35:   9(gpu) -> 16(SW)   volume = 0.666667
   epoch 35:  12(gpu) -> 16(SW)   volume = 0.666667
   epoch 35:  15(SW) ->  5(gpu)   volume = 0.111111
   epoch 35:  15(SW) ->  6(gpu)   volume = 0.111111
   epoch 35:  15(SW) ->  7(gpu)   volume = 0.111111
   epoch 35:  16(SW) -> 11(gpu)   volume = 0.666667
   epoch 35:  16(SW) -> 13(gpu)   volume = 0.666667
   epoch 35:  17(SW) ->  0(gpu)   volume = 0.333333
   epoch 36:   0(gpu) -> 14(SW)   volume = 0.333333
   epoch 36:  11(gpu) -> 18(SW)   volume = 0.5
   epoch 36:  13(gpu) -> 18(SW)   volume = 0.5
   epoch 36:  14(SW) ->  2(gpu)   volume = 0.166667
   epoch 36:  14(SW) ->  3(gpu)   volume = 0.166667
   epoch 36:  17(SW) ->  4(gpu)   volume = 0.333333
   epoch 36:  18(SW) ->  1(gpu)   volume = 0.666667
   epoch 36:  18(SW) -> 17(SW)   volume = 0.333333
   epoch 37:   4(gpu) -> 15(SW)   volume = 0.333333
   epoch 37:   5(gpu) -> 15(SW)   volume = 0.222222
   epoch 37:   6(gpu) -> 15(SW)   volume = 0.222222
   epoch 37:   7(gpu) -> 15(SW)   volume = 0.222222
   epoch 37:  15(SW) ->  4(gpu)   volume = 1.0
   epoch 38:   1(gpu) -> 14(SW)   volume = 0.666667
   epoch 38:   4(gpu) -> 15(SW)   volume = 1.0
   epoch 38:   9(gpu) -> 16(SW)   volume = 0.166667
   epoch 38:  11(gpu) -> 18(SW)   volume = 0.166667
   epoch 38:  12(gpu) -> 16(SW)   volume = 0.166667
   epoch 38:  13(gpu) -> 18(SW)   volume = 0.166667
   epoch 38:  14(SW) ->  2(gpu)   volume = 0.333333
   epoch 38:  14(SW) ->  3(gpu)   volume = 0.333333
   epoch 38:  15(SW) ->  5(gpu)   volume = 0.333333
   epoch 38:  15(SW) ->  6(gpu)   volume = 0.333333
   epoch 38:  15(SW) ->  7(gpu)   volume = 0.333333
   epoch 38:  16(SW) ->  8(gpu)   volume = 0.333333
   epoch 38:  17(SW) ->  4(gpu)   volume = 0.333333
   epoch 38:  18(SW) -> 17(SW)   volume = 0.333333
   epoch 39:   4(gpu) -> 15(SW)   volume = 0.333333
   epoch 39:   8(gpu) -> 17(SW)   volume = 0.333333
   epoch 39:  15(SW) ->  5(gpu)   volume = 0.111111
   epoch 39:  15(SW) ->  6(gpu)   volume = 0.111111
   epoch 39:  15(SW) ->  7(gpu)   volume = 0.111111
   epoch 39:  17(SW) ->  4(gpu)   volume = 0.333333

-- source 11 --
   epoch 0:  11(gpu) -> 16(SW)   volume = 10.5
   epoch 0:  11(gpu) -> 18(SW)   volume = 2.0
   epoch 0:  16(SW) ->  8(gpu)   volume = 3.0
   epoch 0:  16(SW) ->  9(gpu)   volume = 2.166667
   epoch 0:  16(SW) -> 10(gpu)   volume = 2.166667
   epoch 0:  16(SW) -> 12(gpu)   volume = 2.166667
   epoch 0:  16(SW) -> 13(gpu)   volume = 1.0
   epoch 0:  17(SW) ->  0(gpu)   volume = 0.5
   epoch 0:  17(SW) ->  4(gpu)   volume = 0.5
   epoch 0:  18(SW) ->  1(gpu)   volume = 1.0
   epoch 0:  18(SW) -> 17(SW)   volume = 1.0
   epoch 1:   1(gpu) -> 14(SW)   volume = 1.0
   epoch 1:   9(gpu) -> 16(SW)   volume = 1.166667
   epoch 1:  10(gpu) -> 16(SW)   volume = 1.166667
   epoch 1:  11(gpu) -> 18(SW)   volume = 0.5
   epoch 1:  12(gpu) -> 16(SW)   volume = 1.166667
   epoch 1:  14(SW) ->  0(gpu)   volume = 1.0
   epoch 1:  16(SW) -> 13(gpu)   volume = 3.5
   epoch 1:  17(SW) ->  4(gpu)   volume = 0.5
   epoch 1:  18(SW) -> 17(SW)   volume = 0.5
   epoch 2:   8(gpu) -> 17(SW)   volume = 1.0
   epoch 2:  17(SW) ->  0(gpu)   volume = 0.5
   epoch 2:  17(SW) ->  4(gpu)   volume = 0.5
   epoch 3:   0(gpu) -> 14(SW)   volume = 2.0
   epoch 3:   8(gpu) -> 17(SW)   volume = 0.5
   epoch 3:  14(SW) ->  2(gpu)   volume = 1.0
   epoch 3:  14(SW) ->  3(gpu)   volume = 1.0
   epoch 3:  17(SW) ->  4(gpu)   volume = 0.5
   epoch 4:   4(gpu) -> 15(SW)   volume = 2.0
   epoch 4:  13(gpu) -> 16(SW)   volume = 0.5
   epoch 4:  13(gpu) -> 18(SW)   volume = 1.0
   epoch 4:  15(SW) ->  4(gpu)   volume = 1.0
   epoch 4:  15(SW) ->  5(gpu)   volume = 0.333333
   epoch 4:  15(SW) ->  6(gpu)   volume = 0.333333
   epoch 4:  15(SW) ->  7(gpu)   volume = 0.333333
   epoch 4:  16(SW) -> 11(gpu)   volume = 0.5
   epoch 4:  18(SW) ->  1(gpu)   volume = 1.0
   epoch 5:  13(gpu) -> 18(SW)   volume = 1.0
   epoch 5:  17(SW) ->  0(gpu)   volume = 1.0
   epoch 5:  18(SW) -> 17(SW)   volume = 1.0
   epoch 6:   8(gpu) -> 17(SW)   volume = 0.5
   epoch 6:  17(SW) ->  4(gpu)   volume = 0.5
   epoch 8:   4(gpu) -> 15(SW)   volume = 0.5
   epoch 8:  13(gpu) -> 16(SW)   volume = 1.0
   epoch 8:  15(SW) ->  5(gpu)   volume = 0.166667
   epoch 8:  15(SW) ->  6(gpu)   volume = 0.166667
   epoch 8:  15(SW) ->  7(gpu)   volume = 0.166667
   epoch 8:  16(SW) ->  8(gpu)   volume = 1.0
   epoch 9:   8(gpu) -> 17(SW)   volume = 1.0
   epoch 9:  17(SW) ->  0(gpu)   volume = 0.5
   epoch 9:  17(SW) ->  4(gpu)   volume = 0.5
   epoch 10:   0(gpu) -> 14(SW)   volume = 0.5
   epoch 10:  14(SW) ->  2(gpu)   volume = 0.25
   epoch 10:  14(SW) ->  3(gpu)   volume = 0.25
   epoch 11:   4(gpu) -> 15(SW)   volume = 0.5
   epoch 11:  11(gpu) -> 18(SW)   volume = 0.5
   epoch 11:  15(SW) ->  5(gpu)   volume = 0.166667
   epoch 11:  15(SW) ->  6(gpu)   volume = 0.166667
   epoch 11:  15(SW) ->  7(gpu)   volume = 0.166667
   epoch 11:  17(SW) ->  4(gpu)   volume = 0.5
   epoch 11:  18(SW) -> 17(SW)   volume = 0.5
   epoch 12:   4(gpu) -> 15(SW)   volume = 0.5
   epoch 12:  15(SW) ->  5(gpu)   volume = 0.166667
   epoch 12:  15(SW) ->  6(gpu)   volume = 0.166667
   epoch 12:  15(SW) ->  7(gpu)   volume = 0.166667
   epoch 30:   2(gpu) -> 14(SW)   volume = 0.25
   epoch 30:   3(gpu) -> 14(SW)   volume = 0.25
   epoch 30:  14(SW) ->  0(gpu)   volume = 0.5
   epoch 32:   0(gpu) -> 17(SW)   volume = 0.5
   epoch 32:  17(SW) ->  4(gpu)   volume = 0.5
   epoch 34:   4(gpu) -> 15(SW)   volume = 0.5
   epoch 34:  15(SW) ->  5(gpu)   volume = 0.166667
   epoch 34:  15(SW) ->  6(gpu)   volume = 0.166667
   epoch 34:  15(SW) ->  7(gpu)   volume = 0.166667

-- source 12 --
   epoch 0:  12(gpu) -> 16(SW)   volume = 13.0
   epoch 0:  16(SW) ->  8(gpu)   volume = 1.666667
   epoch 0:  16(SW) ->  9(gpu)   volume = 3.833333
   epoch 0:  16(SW) -> 10(gpu)   volume = 3.833333
   epoch 0:  16(SW) -> 11(gpu)   volume = 1.833333
   epoch 0:  16(SW) -> 13(gpu)   volume = 1.833333
   epoch 1:   8(gpu) -> 17(SW)   volume = 0.666667
   epoch 1:   9(gpu) -> 16(SW)   volume = 3.833333
   epoch 1:  10(gpu) -> 16(SW)   volume = 3.833333
   epoch 1:  11(gpu) -> 18(SW)   volume = 0.333333
   epoch 1:  13(gpu) -> 18(SW)   volume = 0.333333
   epoch 1:  16(SW) ->  9(gpu)   volume = 3.666667
   epoch 1:  16(SW) -> 10(gpu)   volume = 3.666667
   epoch 1:  16(SW) -> 12(gpu)   volume = 0.333333
   epoch 1:  17(SW) ->  0(gpu)   volume = 0.666667
   epoch 1:  18(SW) ->  1(gpu)   volume = 0.666667
   epoch 2:   0(gpu) -> 14(SW)   volume = 0.333333
   epoch 2:   9(gpu) -> 16(SW)   volume = 1.5
   epoch 2:  10(gpu) -> 16(SW)   volume = 1.5
   epoch 2:  11(gpu) -> 18(SW)   volume = 0.5
   epoch 2:  13(gpu) -> 18(SW)   volume = 0.5
   epoch 2:  14(SW) ->  2(gpu)   volume = 0.166667
   epoch 2:  14(SW) ->  3(gpu)   volume = 0.166667
   epoch 2:  16(SW) ->  8(gpu)   volume = 1.0
   epoch 2:  16(SW) -> 11(gpu)   volume = 1.0
   epoch 2:  16(SW) -> 13(gpu)   volume = 1.0
   epoch 2:  17(SW) ->  0(gpu)   volume = 0.333333
   epoch 2:  18(SW) ->  1(gpu)   volume = 0.666667
   epoch 2:  18(SW) -> 17(SW)   volume = 0.333333
   epoch 3:  11(gpu) -> 18(SW)   volume = 0.166667
   epoch 3:  13(gpu) -> 18(SW)   volume = 0.166667
   epoch 3:  17(SW) ->  0(gpu)   volume = 0.333333
   epoch 3:  18(SW) -> 17(SW)   volume = 0.333333
   epoch 4:   0(gpu) -> 14(SW)   volume = 0.333333
   epoch 4:   1(gpu) -> 14(SW)   volume = 0.333333
   epoch 4:   8(gpu) -> 17(SW)   volume = 0.666667
   epoch 4:  14(SW) ->  2(gpu)   volume = 0.333333
   epoch 4:  14(SW) ->  3(gpu)   volume = 0.333333
   epoch 4:  17(SW) ->  0(gpu)   volume = 0.666667
   epoch 5:  12(gpu) -> 16(SW)   volume = 0.333333
   epoch 5:  16(SW) -> 12(gpu)   volume = 0.333333
   epoch 12:   0(gpu) -> 17(SW)   volume = 0.333333
   epoch 12:  17(SW) ->  4(gpu)   volume = 0.333333
   epoch 17:  11(gpu) -> 18(SW)   volume = 0.166667
   epoch 17:  13(gpu) -> 18(SW)   volume = 0.166667
   epoch 17:  17(SW) ->  4(gpu)   volume = 0.333333
   epoch 17:  18(SW) -> 17(SW)   volume = 0.333333
   epoch 18:  11(gpu) -> 18(SW)   volume = 0.166667
   epoch 18:  13(gpu) -> 18(SW)   volume = 0.166667
   epoch 18:  17(SW) ->  4(gpu)   volume = 0.333333
   epoch 18:  18(SW) -> 17(SW)   volume = 0.333333
   epoch 19:   4(gpu) -> 15(SW)   volume = 0.333333
   epoch 19:   8(gpu) -> 17(SW)   volume = 0.333333
   epoch 19:  12(gpu) -> 16(SW)   volume = 0.333333
   epoch 19:  15(SW) ->  5(gpu)   volume = 0.111111
   epoch 19:  15(SW) ->  6(gpu)   volume = 0.111111
   epoch 19:  15(SW) ->  7(gpu)   volume = 0.111111
   epoch 19:  16(SW) ->  8(gpu)   volume = 0.333333
   epoch 19:  17(SW) ->  4(gpu)   volume = 0.333333
   epoch 20:   4(gpu) -> 15(SW)   volume = 0.333333
   epoch 20:  15(SW) ->  5(gpu)   volume = 0.111111
   epoch 20:  15(SW) ->  6(gpu)   volume = 0.111111
   epoch 20:  15(SW) ->  7(gpu)   volume = 0.111111
   epoch 26:   5(gpu) -> 15(SW)   volume = 0.222222
   epoch 26:   6(gpu) -> 15(SW)   volume = 0.222222
   epoch 26:   7(gpu) -> 15(SW)   volume = 0.222222
   epoch 26:   8(gpu) -> 17(SW)   volume = 0.333333
   epoch 26:   9(gpu) -> 16(SW)   volume = 1.166667
   epoch 26:  10(gpu) -> 16(SW)   volume = 1.166667
   epoch 26:  15(SW) ->  5(gpu)   volume = 0.222222
   epoch 26:  15(SW) ->  6(gpu)   volume = 0.222222
   epoch 26:  15(SW) ->  7(gpu)   volume = 0.222222
   epoch 26:  16(SW) -> 12(gpu)   volume = 2.333333
   epoch 26:  17(SW) ->  4(gpu)   volume = 0.333333
   epoch 27:   4(gpu) -> 15(SW)   volume = 0.333333
   epoch 27:  15(SW) ->  5(gpu)   volume = 0.111111
   epoch 27:  15(SW) ->  6(gpu)   volume = 0.111111
   epoch 27:  15(SW) ->  7(gpu)   volume = 0.111111
   epoch 28:  11(gpu) -> 18(SW)   volume = 0.166667
   epoch 28:  13(gpu) -> 18(SW)   volume = 0.166667
   epoch 28:  17(SW) ->  4(gpu)   volume = 0.333333
   epoch 28:  18(SW) -> 17(SW)   volume = 0.333333
   epoch 29:   4(gpu) -> 15(SW)   volume = 0.333333
   epoch 29:  15(SW) ->  5(gpu)   volume = 0.111111
   epoch 29:  15(SW) ->  6(gpu)   volume = 0.111111
   epoch 29:  15(SW) ->  7(gpu)   volume = 0.111111
   epoch 30:  12(gpu) -> 16(SW)   volume = 0.666667
   epoch 30:  16(SW) ->  8(gpu)   volume = 0.666667
   epoch 31:  11(gpu) -> 18(SW)   volume = 0.166667
   epoch 31:  13(gpu) -> 18(SW)   volume = 0.166667
   epoch 31:  17(SW) ->  4(gpu)   volume = 0.333333
   epoch 31:  18(SW) -> 17(SW)   volume = 0.333333
   epoch 32:   4(gpu) -> 15(SW)   volume = 0.333333
   epoch 32:  12(gpu) -> 16(SW)   volume = 1.666667
   epoch 32:  15(SW) ->  5(gpu)   volume = 0.111111
   epoch 32:  15(SW) ->  6(gpu)   volume = 0.111111
   epoch 32:  15(SW) ->  7(gpu)   volume = 0.111111
   epoch 32:  16(SW) ->  9(gpu)   volume = 0.833333
   epoch 32:  16(SW) -> 10(gpu)   volume = 0.833333
   epoch 33:   8(gpu) -> 17(SW)   volume = 0.333333
   epoch 33:  17(SW) ->  4(gpu)   volume = 0.333333
   epoch 34:   4(gpu) -> 15(SW)   volume = 0.333333
   epoch 34:  11(gpu) -> 18(SW)   volume = 0.166667
   epoch 34:  13(gpu) -> 18(SW)   volume = 0.166667
   epoch 34:  15(SW) ->  5(gpu)   volume = 0.111111
   epoch 34:  15(SW) ->  6(gpu)   volume = 0.111111
   epoch 34:  15(SW) ->  7(gpu)   volume = 0.111111
   epoch 34:  17(SW) ->  4(gpu)   volume = 0.333333
   epoch 34:  18(SW) -> 17(SW)   volume = 0.333333
   epoch 35:   4(gpu) -> 15(SW)   volume = 0.333333
   epoch 35:   8(gpu) -> 17(SW)   volume = 0.333333
   epoch 35:   9(gpu) -> 16(SW)   volume = 0.666667
   epoch 35:  10(gpu) -> 16(SW)   volume = 0.666667
   epoch 35:  15(SW) ->  5(gpu)   volume = 0.111111
   epoch 35:  15(SW) ->  6(gpu)   volume = 0.111111
   epoch 35:  15(SW) ->  7(gpu)   volume = 0.111111
   epoch 35:  16(SW) -> 11(gpu)   volume = 0.666667
   epoch 35:  16(SW) -> 13(gpu)   volume = 0.666667
   epoch 35:  17(SW) ->  0(gpu)   volume = 0.333333
   epoch 36:   0(gpu) -> 14(SW)   volume = 0.333333
   epoch 36:  11(gpu) -> 18(SW)   volume = 0.5
   epoch 36:  13(gpu) -> 18(SW)   volume = 0.5
   epoch 36:  14(SW) ->  2(gpu)   volume = 0.166667
   epoch 36:  14(SW) ->  3(gpu)   volume = 0.166667
   epoch 36:  17(SW) ->  4(gpu)   volume = 0.333333
   epoch 36:  18(SW) ->  1(gpu)   volume = 0.666667
   epoch 36:  18(SW) -> 17(SW)   volume = 0.333333
   epoch 37:   4(gpu) -> 15(SW)   volume = 0.333333
   epoch 37:   5(gpu) -> 15(SW)   volume = 0.222222
   epoch 37:   6(gpu) -> 15(SW)   volume = 0.222222
   epoch 37:   7(gpu) -> 15(SW)   volume = 0.222222
   epoch 37:  15(SW) ->  4(gpu)   volume = 1.0
   epoch 38:   1(gpu) -> 14(SW)   volume = 0.666667
   epoch 38:   4(gpu) -> 15(SW)   volume = 1.0
   epoch 38:   9(gpu) -> 16(SW)   volume = 0.166667
   epoch 38:  10(gpu) -> 16(SW)   volume = 0.166667
   epoch 38:  11(gpu) -> 18(SW)   volume = 0.166667
   epoch 38:  13(gpu) -> 18(SW)   volume = 0.166667
   epoch 38:  14(SW) ->  2(gpu)   volume = 0.333333
   epoch 38:  14(SW) ->  3(gpu)   volume = 0.333333
   epoch 38:  15(SW) ->  5(gpu)   volume = 0.333333
   epoch 38:  15(SW) ->  6(gpu)   volume = 0.333333
   epoch 38:  15(SW) ->  7(gpu)   volume = 0.333333
   epoch 38:  16(SW) ->  8(gpu)   volume = 0.333333
   epoch 38:  17(SW) ->  4(gpu)   volume = 0.333333
   epoch 38:  18(SW) -> 17(SW)   volume = 0.333333
   epoch 39:   4(gpu) -> 15(SW)   volume = 0.333333
   epoch 39:   8(gpu) -> 17(SW)   volume = 0.333333
   epoch 39:  15(SW) ->  5(gpu)   volume = 0.111111
   epoch 39:  15(SW) ->  6(gpu)   volume = 0.111111
   epoch 39:  15(SW) ->  7(gpu)   volume = 0.111111
   epoch 39:  17(SW) ->  4(gpu)   volume = 0.333333

-- source 13 --
   epoch 0:  13(gpu) -> 16(SW)   volume = 10.5
   epoch 0:  13(gpu) -> 18(SW)   volume = 2.0
   epoch 0:  16(SW) ->  8(gpu)   volume = 3.0
   epoch 0:  16(SW) ->  9(gpu)   volume = 2.166667
   epoch 0:  16(SW) -> 10(gpu)   volume = 2.166667
   epoch 0:  16(SW) -> 11(gpu)   volume = 1.0
   epoch 0:  16(SW) -> 12(gpu)   volume = 2.166667
   epoch 0:  17(SW) ->  0(gpu)   volume = 0.5
   epoch 0:  17(SW) ->  4(gpu)   volume = 0.5
   epoch 0:  18(SW) ->  1(gpu)   volume = 1.0
   epoch 0:  18(SW) -> 17(SW)   volume = 1.0
   epoch 1:   1(gpu) -> 14(SW)   volume = 1.0
   epoch 1:   9(gpu) -> 16(SW)   volume = 1.166667
   epoch 1:  10(gpu) -> 16(SW)   volume = 1.166667
   epoch 1:  12(gpu) -> 16(SW)   volume = 1.166667
   epoch 1:  13(gpu) -> 18(SW)   volume = 0.5
   epoch 1:  14(SW) ->  0(gpu)   volume = 1.0
   epoch 1:  16(SW) -> 11(gpu)   volume = 3.5
   epoch 1:  17(SW) ->  4(gpu)   volume = 0.5
   epoch 1:  18(SW) -> 17(SW)   volume = 0.5
   epoch 2:   8(gpu) -> 17(SW)   volume = 1.0
   epoch 2:  17(SW) ->  0(gpu)   volume = 0.5
   epoch 2:  17(SW) ->  4(gpu)   volume = 0.5
   epoch 3:   0(gpu) -> 14(SW)   volume = 2.0
   epoch 3:   8(gpu) -> 17(SW)   volume = 0.5
   epoch 3:  14(SW) ->  2(gpu)   volume = 1.0
   epoch 3:  14(SW) ->  3(gpu)   volume = 1.0
   epoch 3:  17(SW) ->  4(gpu)   volume = 0.5
   epoch 4:   4(gpu) -> 15(SW)   volume = 2.0
   epoch 4:  11(gpu) -> 16(SW)   volume = 0.5
   epoch 4:  11(gpu) -> 18(SW)   volume = 1.0
   epoch 4:  15(SW) ->  4(gpu)   volume = 1.0
   epoch 4:  15(SW) ->  5(gpu)   volume = 0.333333
   epoch 4:  15(SW) ->  6(gpu)   volume = 0.333333
   epoch 4:  15(SW) ->  7(gpu)   volume = 0.333333
   epoch 4:  16(SW) -> 13(gpu)   volume = 0.5
   epoch 4:  18(SW) ->  1(gpu)   volume = 1.0
   epoch 5:  11(gpu) -> 18(SW)   volume = 1.0
   epoch 5:  17(SW) ->  0(gpu)   volume = 1.0
   epoch 5:  18(SW) -> 17(SW)   volume = 1.0
   epoch 6:   8(gpu) -> 17(SW)   volume = 0.5
   epoch 6:  17(SW) ->  4(gpu)   volume = 0.5
   epoch 8:   4(gpu) -> 15(SW)   volume = 0.5
   epoch 8:  11(gpu) -> 16(SW)   volume = 1.0
   epoch 8:  15(SW) ->  5(gpu)   volume = 0.166667
   epoch 8:  15(SW) ->  6(gpu)   volume = 0.166667
   epoch 8:  15(SW) ->  7(gpu)   volume = 0.166667
   epoch 8:  16(SW) ->  8(gpu)   volume = 1.0
   epoch 9:   8(gpu) -> 17(SW)   volume = 1.0
   epoch 9:  17(SW) ->  0(gpu)   volume = 0.5
   epoch 9:  17(SW) ->  4(gpu)   volume = 0.5
   epoch 10:   0(gpu) -> 14(SW)   volume = 0.5
   epoch 10:  14(SW) ->  2(gpu)   volume = 0.25
   epoch 10:  14(SW) ->  3(gpu)   volume = 0.25
   epoch 11:   4(gpu) -> 15(SW)   volume = 0.5
   epoch 11:  13(gpu) -> 18(SW)   volume = 0.5
   epoch 11:  15(SW) ->  5(gpu)   volume = 0.166667
   epoch 11:  15(SW) ->  6(gpu)   volume = 0.166667
   epoch 11:  15(SW) ->  7(gpu)   volume = 0.166667
   epoch 11:  17(SW) ->  4(gpu)   volume = 0.5
   epoch 11:  18(SW) -> 17(SW)   volume = 0.5
   epoch 12:   4(gpu) -> 15(SW)   volume = 0.5
   epoch 12:  15(SW) ->  5(gpu)   volume = 0.166667
   epoch 12:  15(SW) ->  6(gpu)   volume = 0.166667
   epoch 12:  15(SW) ->  7(gpu)   volume = 0.166667
   epoch 30:   2(gpu) -> 14(SW)   volume = 0.25
   epoch 30:   3(gpu) -> 14(SW)   volume = 0.25
   epoch 30:  14(SW) ->  0(gpu)   volume = 0.5
   epoch 32:   0(gpu) -> 17(SW)   volume = 0.5
   epoch 32:  17(SW) ->  4(gpu)   volume = 0.5
   epoch 34:   4(gpu) -> 15(SW)   volume = 0.5
   epoch 34:  15(SW) ->  5(gpu)   volume = 0.166667
   epoch 34:  15(SW) ->  6(gpu)   volume = 0.166667
   epoch 34:  15(SW) ->  7(gpu)   volume = 0.166667

------------------------------------------------------------------------------
RAW CONSUMED VARS  T_s_d_k = consumed_at_k[source s][dest d][epoch k]
(volume of source s's demand absorbed AT destination d during epoch k)
------------------------------------------------------------------------------
   dest  0:  from source  1  epoch 0  consumed = 1.0
   dest  0:  from source  2  epoch 0  consumed = 1.0
   dest  0:  from source  3  epoch 0  consumed = 1.0
   dest  0:  from source  4  epoch 13  consumed = 1.0
   dest  0:  from source  5  epoch 20  consumed = 1.0
   dest  0:  from source  6  epoch 20  consumed = 1.0
   dest  0:  from source  7  epoch 20  consumed = 1.0
   dest  0:  from source  8  epoch 0  consumed = 1.0
   dest  0:  from source  9  epoch 1  consumed = 0.333333
   dest  0:  from source  9  epoch 2  consumed = 0.333333
   dest  0:  from source  9  epoch 4  consumed = 0.333333
   dest  0:  from source 10  epoch 1  consumed = 0.333333
   dest  0:  from source 10  epoch 2  consumed = 0.333333
   dest  0:  from source 10  epoch 4  consumed = 0.333333
   dest  0:  from source 11  epoch 5  consumed = 1.0
   dest  0:  from source 12  epoch 1  consumed = 0.333333
   dest  0:  from source 12  epoch 2  consumed = 0.333333
   dest  0:  from source 12  epoch 4  consumed = 0.333333
   dest  0:  from source 13  epoch 5  consumed = 1.0
   dest  1:  from source  0  epoch 0  consumed = 1.0
   dest  1:  from source  2  epoch 4  consumed = 1.0
   dest  1:  from source  3  epoch 4  consumed = 1.0
   dest  1:  from source  4  epoch 14  consumed = 1.0
   dest  1:  from source  5  epoch 20  consumed = 1.0
   dest  1:  from source  6  epoch 20  consumed = 1.0
   dest  1:  from source  7  epoch 20  consumed = 1.0
   dest  1:  from source  8  epoch 5  consumed = 1.0
   dest  1:  from source  9  epoch 4  consumed = 1.0
   dest  1:  from source 10  epoch 4  consumed = 1.0
   dest  1:  from source 11  epoch 4  consumed = 1.0
   dest  1:  from source 12  epoch 4  consumed = 1.0
   dest  1:  from source 13  epoch 4  consumed = 1.0
   dest  2:  from source  0  epoch 0  consumed = 1.0
   dest  2:  from source  1  epoch 0  consumed = 1.0
   dest  2:  from source  3  epoch 0  consumed = 1.0
   dest  2:  from source  4  epoch 39  consumed = 1.0
   dest  2:  from source  5  epoch 39  consumed = 1.0
   dest  2:  from source  6  epoch 39  consumed = 1.0
   dest  2:  from source  7  epoch 39  consumed = 1.0
   dest  2:  from source  8  epoch 4  consumed = 1.0
   dest  2:  from source  9  epoch 5  consumed = 0.5
   dest  2:  from source  9  epoch 36  consumed = 0.166667
   dest  2:  from source  9  epoch 38  consumed = 0.333333
   dest  2:  from source 10  epoch 5  consumed = 0.5
   dest  2:  from source 10  epoch 36  consumed = 0.166667
   dest  2:  from source 10  epoch 38  consumed = 0.333333
   dest  2:  from source 11  epoch 3  consumed = 1.0
   dest  2:  from source 12  epoch 5  consumed = 0.5
   dest  2:  from source 12  epoch 36  consumed = 0.166667
   dest  2:  from source 12  epoch 38  consumed = 0.333333
   dest  2:  from source 13  epoch 3  consumed = 1.0
   dest  3:  from source  0  epoch 0  consumed = 1.0
   dest  3:  from source  1  epoch 0  consumed = 1.0
   dest  3:  from source  2  epoch 0  consumed = 1.0
   dest  3:  from source  4  epoch 39  consumed = 1.0
   dest  3:  from source  5  epoch 39  consumed = 1.0
   dest  3:  from source  6  epoch 39  consumed = 1.0
   dest  3:  from source  7  epoch 39  consumed = 1.0
   dest  3:  from source  8  epoch 4  consumed = 1.0
   dest  3:  from source  9  epoch 5  consumed = 0.5
   dest  3:  from source  9  epoch 36  consumed = 0.166667
   dest  3:  from source  9  epoch 38  consumed = 0.333333
   dest  3:  from source 10  epoch 5  consumed = 0.5
   dest  3:  from source 10  epoch 36  consumed = 0.166667
   dest  3:  from source 10  epoch 38  consumed = 0.333333
   dest  3:  from source 11  epoch 3  consumed = 1.0
   dest  3:  from source 12  epoch 5  consumed = 0.5
   dest  3:  from source 12  epoch 36  consumed = 0.166667
   dest  3:  from source 12  epoch 38  consumed = 0.333333
   dest  3:  from source 13  epoch 3  consumed = 1.0
   dest  4:  from source  0  epoch 8  consumed = 1.0
   dest  4:  from source  1  epoch 14  consumed = 1.0
   dest  4:  from source  2  epoch 15  consumed = 1.0
   dest  4:  from source  3  epoch 15  consumed = 1.0
   dest  4:  from source  5  epoch 0  consumed = 1.0
   dest  4:  from source  6  epoch 0  consumed = 1.0
   dest  4:  from source  7  epoch 0  consumed = 1.0
   dest  4:  from source  8  epoch 23  consumed = 1.0
   dest  4:  from source  9  epoch 14  consumed = 0.333333
   dest  4:  from source  9  epoch 17  consumed = 0.333333
   dest  4:  from source  9  epoch 39  consumed = 0.333333
   dest  4:  from source 10  epoch 14  consumed = 0.333333
   dest  4:  from source 10  epoch 17  consumed = 0.333333
   dest  4:  from source 10  epoch 39  consumed = 0.333333
   dest  4:  from source 11  epoch 4  consumed = 1.0
   dest  4:  from source 12  epoch 14  consumed = 0.333333
   dest  4:  from source 12  epoch 17  consumed = 0.333333
   dest  4:  from source 12  epoch 39  consumed = 0.333333
   dest  4:  from source 13  epoch 4  consumed = 1.0
   dest  5:  from source  0  epoch 38  consumed = 1.0
   dest  5:  from source  1  epoch 33  consumed = 1.0
   dest  5:  from source  2  epoch 17  consumed = 0.166667
   dest  5:  from source  2  epoch 23  consumed = 0.166667
   dest  5:  from source  2  epoch 26  consumed = 0.166667
   dest  5:  from source  2  epoch 30  consumed = 0.166667
   dest  5:  from source  2  epoch 36  consumed = 0.166667
   dest  5:  from source  2  epoch 38  consumed = 0.166667
   dest  5:  from source  3  epoch 17  consumed = 0.166667
   dest  5:  from source  3  epoch 23  consumed = 0.166667
   dest  5:  from source  3  epoch 26  consumed = 0.166667
   dest  5:  from source  3  epoch 30  consumed = 0.166667
   dest  5:  from source  3  epoch 36  consumed = 0.166667
   dest  5:  from source  3  epoch 38  consumed = 0.166667
   dest  5:  from source  4  epoch 4  consumed = 1.0
   dest  5:  from source  6  epoch 0  consumed = 1.0
   dest  5:  from source  7  epoch 0  consumed = 1.0
   dest  5:  from source  8  epoch 37  consumed = 1.0
   dest  5:  from source  9  epoch 32  consumed = 0.555556
   dest  5:  from source  9  epoch 38  consumed = 0.333333
   dest  5:  from source  9  epoch 39  consumed = 0.111111
   dest  5:  from source 10  epoch 32  consumed = 0.555556
   dest  5:  from source 10  epoch 38  consumed = 0.333333
   dest  5:  from source 10  epoch 39  consumed = 0.111111
   dest  5:  from source 11  epoch 8  consumed = 0.5
   dest  5:  from source 11  epoch 11  consumed = 0.166667
   dest  5:  from source 11  epoch 12  consumed = 0.166667
   dest  5:  from source 11  epoch 37  consumed = 0.166667
   dest  5:  from source 12  epoch 32  consumed = 0.555556
   dest  5:  from source 12  epoch 38  consumed = 0.333333
   dest  5:  from source 12  epoch 39  consumed = 0.111111
   dest  5:  from source 13  epoch 8  consumed = 0.5
   dest  5:  from source 13  epoch 11  consumed = 0.166667
   dest  5:  from source 13  epoch 12  consumed = 0.166667
   dest  5:  from source 13  epoch 37  consumed = 0.166667
   dest  6:  from source  0  epoch 38  consumed = 1.0
   dest  6:  from source  1  epoch 33  consumed = 1.0
   dest  6:  from source  2  epoch 17  consumed = 0.166667
   dest  6:  from source  2  epoch 23  consumed = 0.166667
   dest  6:  from source  2  epoch 26  consumed = 0.166667
   dest  6:  from source  2  epoch 30  consumed = 0.166667
   dest  6:  from source  2  epoch 36  consumed = 0.166667
   dest  6:  from source  2  epoch 38  consumed = 0.166667
   dest  6:  from source  3  epoch 17  consumed = 0.166667
   dest  6:  from source  3  epoch 23  consumed = 0.166667
   dest  6:  from source  3  epoch 26  consumed = 0.166667
   dest  6:  from source  3  epoch 30  consumed = 0.166667
   dest  6:  from source  3  epoch 36  consumed = 0.166667
   dest  6:  from source  3  epoch 38  consumed = 0.166667
   dest  6:  from source  4  epoch 4  consumed = 1.0
   dest  6:  from source  5  epoch 0  consumed = 1.0
   dest  6:  from source  7  epoch 0  consumed = 1.0
   dest  6:  from source  8  epoch 37  consumed = 1.0
   dest  6:  from source  9  epoch 32  consumed = 0.555556
   dest  6:  from source  9  epoch 38  consumed = 0.333333
   dest  6:  from source  9  epoch 39  consumed = 0.111111
   dest  6:  from source 10  epoch 32  consumed = 0.555556
   dest  6:  from source 10  epoch 38  consumed = 0.333333
   dest  6:  from source 10  epoch 39  consumed = 0.111111
   dest  6:  from source 11  epoch 8  consumed = 0.5
   dest  6:  from source 11  epoch 11  consumed = 0.166667
   dest  6:  from source 11  epoch 12  consumed = 0.166667
   dest  6:  from source 11  epoch 37  consumed = 0.166667
   dest  6:  from source 12  epoch 32  consumed = 0.555556
   dest  6:  from source 12  epoch 38  consumed = 0.333333
   dest  6:  from source 12  epoch 39  consumed = 0.111111
   dest  6:  from source 13  epoch 8  consumed = 0.5
   dest  6:  from source 13  epoch 11  consumed = 0.166667
   dest  6:  from source 13  epoch 12  consumed = 0.166667
   dest  6:  from source 13  epoch 37  consumed = 0.166667
   dest  7:  from source  0  epoch 38  consumed = 1.0
   dest  7:  from source  1  epoch 33  consumed = 1.0
   dest  7:  from source  2  epoch 17  consumed = 0.166667
   dest  7:  from source  2  epoch 23  consumed = 0.166667
   dest  7:  from source  2  epoch 26  consumed = 0.166667
   dest  7:  from source  2  epoch 30  consumed = 0.166667
   dest  7:  from source  2  epoch 36  consumed = 0.166667
   dest  7:  from source  2  epoch 38  consumed = 0.166667
   dest  7:  from source  3  epoch 17  consumed = 0.166667
   dest  7:  from source  3  epoch 23  consumed = 0.166667
   dest  7:  from source  3  epoch 26  consumed = 0.166667
   dest  7:  from source  3  epoch 30  consumed = 0.166667
   dest  7:  from source  3  epoch 36  consumed = 0.166667
   dest  7:  from source  3  epoch 38  consumed = 0.166667
   dest  7:  from source  4  epoch 4  consumed = 1.0
   dest  7:  from source  5  epoch 0  consumed = 1.0
   dest  7:  from source  6  epoch 0  consumed = 1.0
   dest  7:  from source  8  epoch 37  consumed = 1.0
   dest  7:  from source  9  epoch 32  consumed = 0.555556
   dest  7:  from source  9  epoch 38  consumed = 0.333333
   dest  7:  from source  9  epoch 39  consumed = 0.111111
   dest  7:  from source 10  epoch 32  consumed = 0.555556
   dest  7:  from source 10  epoch 38  consumed = 0.333333
   dest  7:  from source 10  epoch 39  consumed = 0.111111
   dest  7:  from source 11  epoch 8  consumed = 0.5
   dest  7:  from source 11  epoch 11  consumed = 0.166667
   dest  7:  from source 11  epoch 12  consumed = 0.166667
   dest  7:  from source 11  epoch 37  consumed = 0.166667
   dest  7:  from source 12  epoch 32  consumed = 0.555556
   dest  7:  from source 12  epoch 38  consumed = 0.333333
   dest  7:  from source 12  epoch 39  consumed = 0.111111
   dest  7:  from source 13  epoch 8  consumed = 0.5
   dest  7:  from source 13  epoch 11  consumed = 0.166667
   dest  7:  from source 13  epoch 12  consumed = 0.166667
   dest  7:  from source 13  epoch 37  consumed = 0.166667
   dest  8:  from source  0  epoch 4  consumed = 1.0
   dest  8:  from source  1  epoch 1  consumed = 1.0
   dest  8:  from source  2  epoch 5  consumed = 1.0
   dest  8:  from source  3  epoch 5  consumed = 1.0
   dest  8:  from source  4  epoch 35  consumed = 1.0
   dest  8:  from source  5  epoch 12  consumed = 1.0
   dest  8:  from source  6  epoch 12  consumed = 1.0
   dest  8:  from source  7  epoch 12  consumed = 1.0
   dest  8:  from source  9  epoch 0  consumed = 1.0
   dest  8:  from source 10  epoch 0  consumed = 1.0
   dest  8:  from source 11  epoch 0  consumed = 1.0
   dest  8:  from source 12  epoch 0  consumed = 1.0
   dest  8:  from source 13  epoch 0  consumed = 1.0
   dest  9:  from source  0  epoch 3  consumed = 0.666667
   dest  9:  from source  0  epoch 5  consumed = 0.333333
   dest  9:  from source  1  epoch 3  consumed = 1.0
   dest  9:  from source  2  epoch 3  consumed = 0.333333
   dest  9:  from source  2  epoch 4  consumed = 0.5
   dest  9:  from source  2  epoch 22  consumed = 0.166667
   dest  9:  from source  3  epoch 3  consumed = 0.333333
   dest  9:  from source  3  epoch 4  consumed = 0.5
   dest  9:  from source  3  epoch 22  consumed = 0.166667
   dest  9:  from source  4  epoch 39  consumed = 1.0
   dest  9:  from source  5  epoch 39  consumed = 1.0
   dest  9:  from source  6  epoch 39  consumed = 1.0
   dest  9:  from source  7  epoch 39  consumed = 1.0
   dest  9:  from source  8  epoch 4  consumed = 1.0
   dest  9:  from source 10  epoch 4  consumed = 1.0
   dest  9:  from source 11  epoch 4  consumed = 1.0
   dest  9:  from source 12  epoch 4  consumed = 1.0
   dest  9:  from source 13  epoch 4  consumed = 1.0
   dest 10:  from source  0  epoch 3  consumed = 0.666667
   dest 10:  from source  0  epoch 5  consumed = 0.333333
   dest 10:  from source  1  epoch 3  consumed = 1.0
   dest 10:  from source  2  epoch 3  consumed = 0.333333
   dest 10:  from source  2  epoch 4  consumed = 0.5
   dest 10:  from source  2  epoch 22  consumed = 0.166667
   dest 10:  from source  3  epoch 3  consumed = 0.333333
   dest 10:  from source  3  epoch 4  consumed = 0.5
   dest 10:  from source  3  epoch 22  consumed = 0.166667
   dest 10:  from source  4  epoch 39  consumed = 1.0
   dest 10:  from source  5  epoch 39  consumed = 1.0
   dest 10:  from source  6  epoch 39  consumed = 1.0
   dest 10:  from source  7  epoch 39  consumed = 1.0
   dest 10:  from source  8  epoch 4  consumed = 1.0
   dest 10:  from source  9  epoch 4  consumed = 1.0
   dest 10:  from source 11  epoch 4  consumed = 1.0
   dest 10:  from source 12  epoch 4  consumed = 1.0
   dest 10:  from source 13  epoch 4  consumed = 1.0
   dest 11:  from source  0  epoch 5  consumed = 1.0
   dest 11:  from source  1  epoch 0  consumed = 0.5
   dest 11:  from source  1  epoch 1  consumed = 0.5
   dest 11:  from source  2  epoch 5  consumed = 0.5
   dest 11:  from source  2  epoch 6  consumed = 0.5
   dest 11:  from source  3  epoch 5  consumed = 0.5
   dest 11:  from source  3  epoch 6  consumed = 0.5
   dest 11:  from source  4  epoch 39  consumed = 1.0
   dest 11:  from source  5  epoch 39  consumed = 1.0
   dest 11:  from source  6  epoch 39  consumed = 1.0
   dest 11:  from source  7  epoch 39  consumed = 1.0
   dest 11:  from source  8  epoch 4  consumed = 1.0
   dest 11:  from source  9  epoch 0  consumed = 1.0
   dest 11:  from source 10  epoch 0  consumed = 1.0
   dest 11:  from source 12  epoch 0  consumed = 1.0
   dest 11:  from source 13  epoch 0  consumed = 1.0
   dest 12:  from source  0  epoch 3  consumed = 0.666667
   dest 12:  from source  0  epoch 5  consumed = 0.333333
   dest 12:  from source  1  epoch 3  consumed = 1.0
   dest 12:  from source  2  epoch 3  consumed = 0.333333
   dest 12:  from source  2  epoch 4  consumed = 0.5
   dest 12:  from source  2  epoch 22  consumed = 0.166667
   dest 12:  from source  3  epoch 3  consumed = 0.333333
   dest 12:  from source  3  epoch 4  consumed = 0.5
   dest 12:  from source  3  epoch 22  consumed = 0.166667
   dest 12:  from source  4  epoch 39  consumed = 1.0
   dest 12:  from source  5  epoch 39  consumed = 1.0
   dest 12:  from source  6  epoch 39  consumed = 1.0
   dest 12:  from source  7  epoch 39  consumed = 1.0
   dest 12:  from source  8  epoch 4  consumed = 1.0
   dest 12:  from source  9  epoch 4  consumed = 1.0
   dest 12:  from source 10  epoch 4  consumed = 1.0
   dest 12:  from source 11  epoch 4  consumed = 1.0
   dest 12:  from source 13  epoch 4  consumed = 1.0
   dest 13:  from source  0  epoch 5  consumed = 1.0
   dest 13:  from source  1  epoch 0  consumed = 0.5
   dest 13:  from source  1  epoch 1  consumed = 0.5
   dest 13:  from source  2  epoch 5  consumed = 0.5
   dest 13:  from source  2  epoch 6  consumed = 0.5
   dest 13:  from source  3  epoch 5  consumed = 0.5
   dest 13:  from source  3  epoch 6  consumed = 0.5
   dest 13:  from source  4  epoch 39  consumed = 1.0
   dest 13:  from source  5  epoch 39  consumed = 1.0
   dest 13:  from source  6  epoch 39  consumed = 1.0
   dest 13:  from source  7  epoch 39  consumed = 1.0
   dest 13:  from source  8  epoch 4  consumed = 1.0
   dest 13:  from source  9  epoch 0  consumed = 1.0
   dest 13:  from source 10  epoch 0  consumed = 1.0
   dest 13:  from source 11  epoch 0  consumed = 1.0
   dest 13:  from source 12  epoch 0  consumed = 1.0
==============================================================================

source =0, destination=5, consume=0.33333
