Processing ./.
  Installing build dependencies: started
  Installing build dependencies: finished with status 'done'
  Getting requirements to build wheel: started
  Getting requirements to build wheel: finished with status 'done'
  Preparing metadata (pyproject.toml): started
  Preparing metadata (pyproject.toml): finished with status 'done'
Requirement already satisfied: dataclasses in /data/commit/graphit/wangyj05/miniconda3/envs/teccl/lib/python3.14t/site-packages (from teccl==1.0.0) (0.6)
Requirement already satisfied: argcomplete in /data/commit/graphit/wangyj05/miniconda3/envs/teccl/lib/python3.14t/site-packages (from teccl==1.0.0) (3.6.3)
Requirement already satisfied: gurobipy in /data/commit/graphit/wangyj05/miniconda3/envs/teccl/lib/python3.14t/site-packages (from teccl==1.0.0) (13.0.2)
Requirement already satisfied: numpy in /data/commit/graphit/wangyj05/miniconda3/envs/teccl/lib/python3.14t/site-packages (from teccl==1.0.0) (2.4.6)
Requirement already satisfied: seaborn in /data/commit/graphit/wangyj05/miniconda3/envs/teccl/lib/python3.14t/site-packages (from teccl==1.0.0) (0.13.2)
Requirement already satisfied: pandas>=1.2 in /data/commit/graphit/wangyj05/miniconda3/envs/teccl/lib/python3.14t/site-packages (from seaborn->teccl==1.0.0) (3.0.3)
Requirement already satisfied: matplotlib!=3.6.1,>=3.4 in /data/commit/graphit/wangyj05/miniconda3/envs/teccl/lib/python3.14t/site-packages (from seaborn->teccl==1.0.0) (3.11.0)
Requirement already satisfied: contourpy>=1.0.1 in /data/commit/graphit/wangyj05/miniconda3/envs/teccl/lib/python3.14t/site-packages (from matplotlib!=3.6.1,>=3.4->seaborn->teccl==1.0.0) (1.3.3)
Requirement already satisfied: cycler>=0.10 in /data/commit/graphit/wangyj05/miniconda3/envs/teccl/lib/python3.14t/site-packages (from matplotlib!=3.6.1,>=3.4->seaborn->teccl==1.0.0) (0.12.1)
Requirement already satisfied: fonttools>=4.22.0 in /data/commit/graphit/wangyj05/miniconda3/envs/teccl/lib/python3.14t/site-packages (from matplotlib!=3.6.1,>=3.4->seaborn->teccl==1.0.0) (4.63.0)
Requirement already satisfied: kiwisolver>=1.3.1 in /data/commit/graphit/wangyj05/miniconda3/envs/teccl/lib/python3.14t/site-packages (from matplotlib!=3.6.1,>=3.4->seaborn->teccl==1.0.0) (1.5.0)
Requirement already satisfied: packaging>=20.0 in /data/commit/graphit/wangyj05/miniconda3/envs/teccl/lib/python3.14t/site-packages (from matplotlib!=3.6.1,>=3.4->seaborn->teccl==1.0.0) (26.2)
Requirement already satisfied: pillow>=9 in /data/commit/graphit/wangyj05/miniconda3/envs/teccl/lib/python3.14t/site-packages (from matplotlib!=3.6.1,>=3.4->seaborn->teccl==1.0.0) (12.2.0)
Requirement already satisfied: pyparsing>=3 in /data/commit/graphit/wangyj05/miniconda3/envs/teccl/lib/python3.14t/site-packages (from matplotlib!=3.6.1,>=3.4->seaborn->teccl==1.0.0) (3.3.2)
Requirement already satisfied: python-dateutil>=2.7 in /data/commit/graphit/wangyj05/miniconda3/envs/teccl/lib/python3.14t/site-packages (from matplotlib!=3.6.1,>=3.4->seaborn->teccl==1.0.0) (2.9.0.post0)
Requirement already satisfied: six>=1.5 in /data/commit/graphit/wangyj05/miniconda3/envs/teccl/lib/python3.14t/site-packages (from python-dateutil>=2.7->matplotlib!=3.6.1,>=3.4->seaborn->teccl==1.0.0) (1.17.0)
Building wheels for collected packages: teccl
  Building wheel for teccl (pyproject.toml): started
  Building wheel for teccl (pyproject.toml): finished with status 'done'
  Created wheel for teccl: filename=teccl-1.0.0-py3-none-any.whl size=206612 sha256=659cedb92de96b2ebab52d6853b1b9426c422ffc23222c0070a1901da97adb41
  Stored in directory: /tmp/home/wangyj05/.cache/pip/wheels/2d/31/f1/88ef48e0a336b237a128de3fcf8e52662d1ed0bfbd5a678f6e
Successfully built teccl
Installing collected packages: teccl
  Attempting uninstall: teccl
    Found existing installation: teccl 1.0.0
    Uninstalling teccl-1.0.0:
      Successfully uninstalled teccl-1.0.0
Successfully installed teccl-1.0.0
Set parameter WLSAccessID
Set parameter WLSSecret
Set parameter LicenseID to value 2766017
Academic license 2766017 - for non-commercial use only - registered to wa___@mit.edu
Set parameter LogFile to value "Logs/ALLGATHER_LP_RailOptimizedSpineLeaf_44-nodes_1-chunks_40-epochs_176.00077-epoch_duration_ObjectiveType.PAPER.log"
Set parameter LogToConsole to value 0
Set parameter LogFile to value "Logs/ALLGATHER_LP_RailOptimizedSpineLeaf_44-nodes_1-chunks_14-epochs_0.16-epoch_duration_ObjectiveType.PAPER.log"
Set parameter LogToConsole to value 0

==============================================================================
RAW LP FLOW VARS  f_s_i_j_k = flow[source s][link i->j][epoch k]
(continuous volume, summed over all of source s's chunks; not yet per-chunk)
==============================================================================

-- source 0 --
   epoch 0:   0(gpu) -> 32(SW)   volume = 1.0
   epoch 0:   0(gpu) -> 33(SW)   volume = 1.0
   epoch 0:   0(gpu) -> 34(SW)   volume = 1.0
   epoch 0:   0(gpu) -> 35(SW)   volume = 1.0
   epoch 0:   0(gpu) -> 36(SW)   volume = 1.0
   epoch 0:   0(gpu) -> 37(SW)   volume = 1.0
   epoch 0:   0(gpu) -> 38(SW)   volume = 1.0
   epoch 0:   0(gpu) -> 39(SW)   volume = 1.0
   epoch 0:  32(SW) ->  7(gpu)   volume = 0.125
   epoch 0:  32(SW) ->  9(gpu)   volume = 0.125
   epoch 0:  32(SW) -> 16(gpu)   volume = 0.125
   epoch 0:  32(SW) -> 17(gpu)   volume = 0.125
   epoch 0:  32(SW) -> 23(gpu)   volume = 0.125
   epoch 0:  32(SW) -> 26(gpu)   volume = 0.125
   epoch 0:  32(SW) -> 28(gpu)   volume = 0.125
   epoch 0:  32(SW) -> 31(gpu)   volume = 0.125
   epoch 0:  33(SW) ->  7(gpu)   volume = 0.125
   epoch 0:  33(SW) ->  9(gpu)   volume = 0.125
   epoch 0:  33(SW) -> 16(gpu)   volume = 0.125
   epoch 0:  33(SW) -> 17(gpu)   volume = 0.125
   epoch 0:  33(SW) -> 23(gpu)   volume = 0.125
   epoch 0:  33(SW) -> 26(gpu)   volume = 0.125
   epoch 0:  33(SW) -> 28(gpu)   volume = 0.125
   epoch 0:  33(SW) -> 31(gpu)   volume = 0.125
   epoch 0:  34(SW) ->  7(gpu)   volume = 0.125
   epoch 0:  34(SW) ->  9(gpu)   volume = 0.125
   epoch 0:  34(SW) -> 16(gpu)   volume = 0.125
   epoch 0:  34(SW) -> 17(gpu)   volume = 0.125
   epoch 0:  34(SW) -> 23(gpu)   volume = 0.125
   epoch 0:  34(SW) -> 26(gpu)   volume = 0.125
   epoch 0:  34(SW) -> 28(gpu)   volume = 0.125
   epoch 0:  34(SW) -> 31(gpu)   volume = 0.125
   epoch 0:  35(SW) ->  7(gpu)   volume = 0.125
   epoch 0:  35(SW) ->  9(gpu)   volume = 0.125
   epoch 0:  35(SW) -> 16(gpu)   volume = 0.125
   epoch 0:  35(SW) -> 17(gpu)   volume = 0.125
   epoch 0:  35(SW) -> 23(gpu)   volume = 0.125
   epoch 0:  35(SW) -> 26(gpu)   volume = 0.125
   epoch 0:  35(SW) -> 28(gpu)   volume = 0.125
   epoch 0:  35(SW) -> 31(gpu)   volume = 0.125
   epoch 0:  36(SW) ->  7(gpu)   volume = 0.125
   epoch 0:  36(SW) ->  9(gpu)   volume = 0.125
   epoch 0:  36(SW) -> 16(gpu)   volume = 0.125
   epoch 0:  36(SW) -> 17(gpu)   volume = 0.125
   epoch 0:  36(SW) -> 23(gpu)   volume = 0.125
   epoch 0:  36(SW) -> 26(gpu)   volume = 0.125
   epoch 0:  36(SW) -> 28(gpu)   volume = 0.125
   epoch 0:  36(SW) -> 31(gpu)   volume = 0.125
   epoch 0:  37(SW) ->  7(gpu)   volume = 0.125
   epoch 0:  37(SW) ->  9(gpu)   volume = 0.125
   epoch 0:  37(SW) -> 16(gpu)   volume = 0.125
   epoch 0:  37(SW) -> 17(gpu)   volume = 0.125
   epoch 0:  37(SW) -> 23(gpu)   volume = 0.125
   epoch 0:  37(SW) -> 26(gpu)   volume = 0.125
   epoch 0:  37(SW) -> 28(gpu)   volume = 0.125
   epoch 0:  37(SW) -> 31(gpu)   volume = 0.125
   epoch 0:  38(SW) ->  7(gpu)   volume = 0.125
   epoch 0:  38(SW) ->  9(gpu)   volume = 0.125
   epoch 0:  38(SW) -> 16(gpu)   volume = 0.125
   epoch 0:  38(SW) -> 17(gpu)   volume = 0.125
   epoch 0:  38(SW) -> 23(gpu)   volume = 0.125
   epoch 0:  38(SW) -> 26(gpu)   volume = 0.125
   epoch 0:  38(SW) -> 28(gpu)   volume = 0.125
   epoch 0:  38(SW) -> 31(gpu)   volume = 0.125
   epoch 0:  39(SW) ->  7(gpu)   volume = 0.125
   epoch 0:  39(SW) ->  9(gpu)   volume = 0.125
   epoch 0:  39(SW) -> 16(gpu)   volume = 0.125
   epoch 0:  39(SW) -> 17(gpu)   volume = 0.125
   epoch 0:  39(SW) -> 23(gpu)   volume = 0.125
   epoch 0:  39(SW) -> 26(gpu)   volume = 0.125
   epoch 0:  39(SW) -> 28(gpu)   volume = 0.125
   epoch 0:  39(SW) -> 31(gpu)   volume = 0.125
   epoch 1:   0(gpu) -> 32(SW)   volume = 1.0
   epoch 1:   0(gpu) -> 33(SW)   volume = 1.0
   epoch 1:   0(gpu) -> 34(SW)   volume = 1.0
   epoch 1:   0(gpu) -> 35(SW)   volume = 1.0
   epoch 1:   0(gpu) -> 36(SW)   volume = 1.0
   epoch 1:   0(gpu) -> 37(SW)   volume = 1.0
   epoch 1:   0(gpu) -> 38(SW)   volume = 1.0
   epoch 1:   0(gpu) -> 39(SW)   volume = 1.0
   epoch 1:  32(SW) ->  1(gpu)   volume = 0.125
   epoch 1:  32(SW) ->  3(gpu)   volume = 0.125
   epoch 1:  32(SW) ->  6(gpu)   volume = 0.125
   epoch 1:  32(SW) -> 11(gpu)   volume = 0.125
   epoch 1:  32(SW) -> 13(gpu)   volume = 0.125
   epoch 1:  32(SW) -> 15(gpu)   volume = 0.125
   epoch 1:  32(SW) -> 19(gpu)   volume = 0.125
   epoch 1:  32(SW) -> 21(gpu)   volume = 0.125
   epoch 1:  33(SW) ->  1(gpu)   volume = 0.125
   epoch 1:  33(SW) ->  3(gpu)   volume = 0.125
   epoch 1:  33(SW) ->  6(gpu)   volume = 0.125
   epoch 1:  33(SW) -> 11(gpu)   volume = 0.125
   epoch 1:  33(SW) -> 13(gpu)   volume = 0.125
   epoch 1:  33(SW) -> 15(gpu)   volume = 0.125
   epoch 1:  33(SW) -> 19(gpu)   volume = 0.125
   epoch 1:  33(SW) -> 21(gpu)   volume = 0.125
   epoch 1:  34(SW) ->  1(gpu)   volume = 0.125
   epoch 1:  34(SW) ->  3(gpu)   volume = 0.125
   epoch 1:  34(SW) ->  6(gpu)   volume = 0.125
   epoch 1:  34(SW) -> 11(gpu)   volume = 0.125
   epoch 1:  34(SW) -> 13(gpu)   volume = 0.125
   epoch 1:  34(SW) -> 15(gpu)   volume = 0.125
   epoch 1:  34(SW) -> 19(gpu)   volume = 0.125
   epoch 1:  34(SW) -> 21(gpu)   volume = 0.125
   epoch 1:  35(SW) ->  1(gpu)   volume = 0.125
   epoch 1:  35(SW) ->  3(gpu)   volume = 0.125
   epoch 1:  35(SW) ->  6(gpu)   volume = 0.125
   epoch 1:  35(SW) -> 11(gpu)   volume = 0.125
   epoch 1:  35(SW) -> 13(gpu)   volume = 0.125
   epoch 1:  35(SW) -> 15(gpu)   volume = 0.125
   epoch 1:  35(SW) -> 19(gpu)   volume = 0.125
   epoch 1:  35(SW) -> 21(gpu)   volume = 0.125
   epoch 1:  36(SW) ->  1(gpu)   volume = 0.125
   epoch 1:  36(SW) ->  3(gpu)   volume = 0.125
   epoch 1:  36(SW) ->  6(gpu)   volume = 0.125
   epoch 1:  36(SW) -> 11(gpu)   volume = 0.125
   epoch 1:  36(SW) -> 13(gpu)   volume = 0.125
   epoch 1:  36(SW) -> 15(gpu)   volume = 0.125
   epoch 1:  36(SW) -> 19(gpu)   volume = 0.125
   epoch 1:  36(SW) -> 21(gpu)   volume = 0.125
   epoch 1:  37(SW) ->  1(gpu)   volume = 0.125
   epoch 1:  37(SW) ->  3(gpu)   volume = 0.125
   epoch 1:  37(SW) ->  6(gpu)   volume = 0.125
   epoch 1:  37(SW) -> 11(gpu)   volume = 0.125
   epoch 1:  37(SW) -> 13(gpu)   volume = 0.125
   epoch 1:  37(SW) -> 15(gpu)   volume = 0.125
   epoch 1:  37(SW) -> 19(gpu)   volume = 0.125
   epoch 1:  37(SW) -> 21(gpu)   volume = 0.125
   epoch 1:  38(SW) ->  1(gpu)   volume = 0.125
   epoch 1:  38(SW) ->  3(gpu)   volume = 0.125
   epoch 1:  38(SW) ->  6(gpu)   volume = 0.125
   epoch 1:  38(SW) -> 11(gpu)   volume = 0.125
   epoch 1:  38(SW) -> 13(gpu)   volume = 0.125
   epoch 1:  38(SW) -> 15(gpu)   volume = 0.125
   epoch 1:  38(SW) -> 19(gpu)   volume = 0.125
   epoch 1:  38(SW) -> 21(gpu)   volume = 0.125
   epoch 1:  39(SW) ->  1(gpu)   volume = 0.125
   epoch 1:  39(SW) ->  3(gpu)   volume = 0.125
   epoch 1:  39(SW) ->  6(gpu)   volume = 0.125
   epoch 1:  39(SW) -> 11(gpu)   volume = 0.125
   epoch 1:  39(SW) -> 13(gpu)   volume = 0.125
   epoch 1:  39(SW) -> 15(gpu)   volume = 0.125
   epoch 1:  39(SW) -> 19(gpu)   volume = 0.125
   epoch 1:  39(SW) -> 21(gpu)   volume = 0.125
   epoch 2:   0(gpu) -> 32(SW)   volume = 1.0
   epoch 2:   0(gpu) -> 33(SW)   volume = 1.0
   epoch 2:   0(gpu) -> 34(SW)   volume = 1.0
   epoch 2:   0(gpu) -> 35(SW)   volume = 1.0
   epoch 2:   0(gpu) -> 36(SW)   volume = 1.0
   epoch 2:   0(gpu) -> 37(SW)   volume = 1.0
   epoch 2:   0(gpu) -> 38(SW)   volume = 1.0
   epoch 2:   0(gpu) -> 39(SW)   volume = 1.0
   epoch 2:  32(SW) ->  2(gpu)   volume = 0.125
   epoch 2:  32(SW) ->  4(gpu)   volume = 0.125
   epoch 2:  32(SW) ->  5(gpu)   volume = 0.125
   epoch 2:  32(SW) -> 10(gpu)   volume = 0.125
   epoch 2:  32(SW) -> 12(gpu)   volume = 0.125
   epoch 2:  32(SW) -> 14(gpu)   volume = 0.125
   epoch 2:  32(SW) -> 18(gpu)   volume = 0.125
   epoch 2:  32(SW) -> 20(gpu)   volume = 0.125
   epoch 2:  33(SW) ->  2(gpu)   volume = 0.125
   epoch 2:  33(SW) ->  4(gpu)   volume = 0.125
   epoch 2:  33(SW) ->  5(gpu)   volume = 0.125
   epoch 2:  33(SW) -> 10(gpu)   volume = 0.125
   epoch 2:  33(SW) -> 12(gpu)   volume = 0.125
   epoch 2:  33(SW) -> 14(gpu)   volume = 0.125
   epoch 2:  33(SW) -> 18(gpu)   volume = 0.125
   epoch 2:  33(SW) -> 20(gpu)   volume = 0.125
   epoch 2:  34(SW) ->  2(gpu)   volume = 0.125
   epoch 2:  34(SW) ->  4(gpu)   volume = 0.125
   epoch 2:  34(SW) ->  5(gpu)   volume = 0.125
   epoch 2:  34(SW) -> 10(gpu)   volume = 0.125
   epoch 2:  34(SW) -> 12(gpu)   volume = 0.125
   epoch 2:  34(SW) -> 14(gpu)   volume = 0.125
   epoch 2:  34(SW) -> 18(gpu)   volume = 0.125
   epoch 2:  34(SW) -> 20(gpu)   volume = 0.125
   epoch 2:  35(SW) ->  2(gpu)   volume = 0.125
   epoch 2:  35(SW) ->  4(gpu)   volume = 0.125
   epoch 2:  35(SW) ->  5(gpu)   volume = 0.125
   epoch 2:  35(SW) -> 10(gpu)   volume = 0.125
   epoch 2:  35(SW) -> 12(gpu)   volume = 0.125
   epoch 2:  35(SW) -> 14(gpu)   volume = 0.125
   epoch 2:  35(SW) -> 18(gpu)   volume = 0.125
   epoch 2:  35(SW) -> 20(gpu)   volume = 0.125
   epoch 2:  36(SW) ->  2(gpu)   volume = 0.125
   epoch 2:  36(SW) ->  4(gpu)   volume = 0.125
   epoch 2:  36(SW) ->  5(gpu)   volume = 0.125
   epoch 2:  36(SW) -> 10(gpu)   volume = 0.125
   epoch 2:  36(SW) -> 12(gpu)   volume = 0.125
   epoch 2:  36(SW) -> 14(gpu)   volume = 0.125
   epoch 2:  36(SW) -> 18(gpu)   volume = 0.125
   epoch 2:  36(SW) -> 20(gpu)   volume = 0.125
   epoch 2:  37(SW) ->  2(gpu)   volume = 0.125
   epoch 2:  37(SW) ->  4(gpu)   volume = 0.125
   epoch 2:  37(SW) ->  5(gpu)   volume = 0.125
   epoch 2:  37(SW) -> 10(gpu)   volume = 0.125
   epoch 2:  37(SW) -> 12(gpu)   volume = 0.125
   epoch 2:  37(SW) -> 14(gpu)   volume = 0.125
   epoch 2:  37(SW) -> 18(gpu)   volume = 0.125
   epoch 2:  37(SW) -> 20(gpu)   volume = 0.125
   epoch 2:  38(SW) ->  2(gpu)   volume = 0.125
   epoch 2:  38(SW) ->  4(gpu)   volume = 0.125
   epoch 2:  38(SW) ->  5(gpu)   volume = 0.125
   epoch 2:  38(SW) -> 10(gpu)   volume = 0.125
   epoch 2:  38(SW) -> 12(gpu)   volume = 0.125
   epoch 2:  38(SW) -> 14(gpu)   volume = 0.125
   epoch 2:  38(SW) -> 18(gpu)   volume = 0.125
   epoch 2:  38(SW) -> 20(gpu)   volume = 0.125
   epoch 2:  39(SW) ->  2(gpu)   volume = 0.125
   epoch 2:  39(SW) ->  4(gpu)   volume = 0.125
   epoch 2:  39(SW) ->  5(gpu)   volume = 0.125
   epoch 2:  39(SW) -> 10(gpu)   volume = 0.125
   epoch 2:  39(SW) -> 12(gpu)   volume = 0.125
   epoch 2:  39(SW) -> 14(gpu)   volume = 0.125
   epoch 2:  39(SW) -> 18(gpu)   volume = 0.125
   epoch 2:  39(SW) -> 20(gpu)   volume = 0.125
   epoch 3:   0(gpu) -> 32(SW)   volume = 0.875
   epoch 3:   0(gpu) -> 33(SW)   volume = 0.875
   epoch 3:   0(gpu) -> 34(SW)   volume = 0.875
   epoch 3:   0(gpu) -> 35(SW)   volume = 0.875
   epoch 3:   0(gpu) -> 36(SW)   volume = 0.875
   epoch 3:   0(gpu) -> 37(SW)   volume = 0.875
   epoch 3:   0(gpu) -> 38(SW)   volume = 0.875
   epoch 3:   0(gpu) -> 39(SW)   volume = 0.875
   epoch 3:  32(SW) ->  8(gpu)   volume = 0.125
   epoch 3:  32(SW) -> 22(gpu)   volume = 0.125
   epoch 3:  32(SW) -> 24(gpu)   volume = 0.125
   epoch 3:  32(SW) -> 25(gpu)   volume = 0.125
   epoch 3:  32(SW) -> 27(gpu)   volume = 0.125
   epoch 3:  32(SW) -> 29(gpu)   volume = 0.125
   epoch 3:  32(SW) -> 30(gpu)   volume = 0.125
   epoch 3:  33(SW) ->  8(gpu)   volume = 0.125
   epoch 3:  33(SW) -> 22(gpu)   volume = 0.125
   epoch 3:  33(SW) -> 24(gpu)   volume = 0.125
   epoch 3:  33(SW) -> 25(gpu)   volume = 0.125
   epoch 3:  33(SW) -> 27(gpu)   volume = 0.125
   epoch 3:  33(SW) -> 29(gpu)   volume = 0.125
   epoch 3:  33(SW) -> 30(gpu)   volume = 0.125
   epoch 3:  34(SW) ->  8(gpu)   volume = 0.125
   epoch 3:  34(SW) -> 22(gpu)   volume = 0.125
   epoch 3:  34(SW) -> 24(gpu)   volume = 0.125
   epoch 3:  34(SW) -> 25(gpu)   volume = 0.125
   epoch 3:  34(SW) -> 27(gpu)   volume = 0.125
   epoch 3:  34(SW) -> 29(gpu)   volume = 0.125
   epoch 3:  34(SW) -> 30(gpu)   volume = 0.125
   epoch 3:  35(SW) ->  8(gpu)   volume = 0.125
   epoch 3:  35(SW) -> 22(gpu)   volume = 0.125
   epoch 3:  35(SW) -> 24(gpu)   volume = 0.125
   epoch 3:  35(SW) -> 25(gpu)   volume = 0.125
   epoch 3:  35(SW) -> 27(gpu)   volume = 0.125
   epoch 3:  35(SW) -> 29(gpu)   volume = 0.125
   epoch 3:  35(SW) -> 30(gpu)   volume = 0.125
   epoch 3:  36(SW) ->  8(gpu)   volume = 0.125
   epoch 3:  36(SW) -> 22(gpu)   volume = 0.125
   epoch 3:  36(SW) -> 24(gpu)   volume = 0.125
   epoch 3:  36(SW) -> 25(gpu)   volume = 0.125
   epoch 3:  36(SW) -> 27(gpu)   volume = 0.125
   epoch 3:  36(SW) -> 29(gpu)   volume = 0.125
   epoch 3:  36(SW) -> 30(gpu)   volume = 0.125
   epoch 3:  37(SW) ->  8(gpu)   volume = 0.125
   epoch 3:  37(SW) -> 22(gpu)   volume = 0.125
   epoch 3:  37(SW) -> 24(gpu)   volume = 0.125
   epoch 3:  37(SW) -> 25(gpu)   volume = 0.125
   epoch 3:  37(SW) -> 27(gpu)   volume = 0.125
   epoch 3:  37(SW) -> 29(gpu)   volume = 0.125
   epoch 3:  37(SW) -> 30(gpu)   volume = 0.125
   epoch 3:  38(SW) ->  8(gpu)   volume = 0.125
   epoch 3:  38(SW) -> 22(gpu)   volume = 0.125
   epoch 3:  38(SW) -> 24(gpu)   volume = 0.125
   epoch 3:  38(SW) -> 25(gpu)   volume = 0.125
   epoch 3:  38(SW) -> 27(gpu)   volume = 0.125
   epoch 3:  38(SW) -> 29(gpu)   volume = 0.125
   epoch 3:  38(SW) -> 30(gpu)   volume = 0.125
   epoch 3:  39(SW) ->  8(gpu)   volume = 0.125
   epoch 3:  39(SW) -> 22(gpu)   volume = 0.125
   epoch 3:  39(SW) -> 24(gpu)   volume = 0.125
   epoch 3:  39(SW) -> 25(gpu)   volume = 0.125
   epoch 3:  39(SW) -> 27(gpu)   volume = 0.125
   epoch 3:  39(SW) -> 29(gpu)   volume = 0.125
   epoch 3:  39(SW) -> 30(gpu)   volume = 0.125

-- source 1 --
   epoch 0:   1(gpu) -> 32(SW)   volume = 1.0
   epoch 0:   1(gpu) -> 33(SW)   volume = 1.0
   epoch 0:   1(gpu) -> 34(SW)   volume = 1.0
   epoch 0:   1(gpu) -> 35(SW)   volume = 1.0
   epoch 0:   1(gpu) -> 36(SW)   volume = 1.0
   epoch 0:   1(gpu) -> 37(SW)   volume = 1.0
   epoch 0:   1(gpu) -> 38(SW)   volume = 1.0
   epoch 0:   1(gpu) -> 39(SW)   volume = 1.0
   epoch 0:  32(SW) ->  6(gpu)   volume = 0.125
   epoch 0:  32(SW) ->  8(gpu)   volume = 0.125
   epoch 0:  32(SW) -> 10(gpu)   volume = 0.125
   epoch 0:  32(SW) -> 20(gpu)   volume = 0.125
   epoch 0:  32(SW) -> 21(gpu)   volume = 0.125
   epoch 0:  32(SW) -> 27(gpu)   volume = 0.125
   epoch 0:  32(SW) -> 28(gpu)   volume = 0.125
   epoch 0:  32(SW) -> 31(gpu)   volume = 0.125
   epoch 0:  33(SW) ->  6(gpu)   volume = 0.125
   epoch 0:  33(SW) ->  8(gpu)   volume = 0.125
   epoch 0:  33(SW) -> 10(gpu)   volume = 0.125
   epoch 0:  33(SW) -> 20(gpu)   volume = 0.125
   epoch 0:  33(SW) -> 21(gpu)   volume = 0.125
   epoch 0:  33(SW) -> 27(gpu)   volume = 0.125
   epoch 0:  33(SW) -> 28(gpu)   volume = 0.125
   epoch 0:  33(SW) -> 31(gpu)   volume = 0.125
   epoch 0:  34(SW) ->  6(gpu)   volume = 0.125
   epoch 0:  34(SW) ->  8(gpu)   volume = 0.125
   epoch 0:  34(SW) -> 10(gpu)   volume = 0.125
   epoch 0:  34(SW) -> 20(gpu)   volume = 0.125
   epoch 0:  34(SW) -> 21(gpu)   volume = 0.125
   epoch 0:  34(SW) -> 27(gpu)   volume = 0.125
   epoch 0:  34(SW) -> 28(gpu)   volume = 0.125
   epoch 0:  34(SW) -> 31(gpu)   volume = 0.125
   epoch 0:  35(SW) ->  6(gpu)   volume = 0.125
   epoch 0:  35(SW) ->  8(gpu)   volume = 0.125
   epoch 0:  35(SW) -> 10(gpu)   volume = 0.125
   epoch 0:  35(SW) -> 20(gpu)   volume = 0.125
   epoch 0:  35(SW) -> 21(gpu)   volume = 0.125
   epoch 0:  35(SW) -> 27(gpu)   volume = 0.125
   epoch 0:  35(SW) -> 28(gpu)   volume = 0.125
   epoch 0:  35(SW) -> 31(gpu)   volume = 0.125
   epoch 0:  36(SW) ->  6(gpu)   volume = 0.125
   epoch 0:  36(SW) ->  8(gpu)   volume = 0.125
   epoch 0:  36(SW) -> 10(gpu)   volume = 0.125
   epoch 0:  36(SW) -> 20(gpu)   volume = 0.125
   epoch 0:  36(SW) -> 21(gpu)   volume = 0.125
   epoch 0:  36(SW) -> 27(gpu)   volume = 0.125
   epoch 0:  36(SW) -> 28(gpu)   volume = 0.125
   epoch 0:  36(SW) -> 31(gpu)   volume = 0.125
   epoch 0:  37(SW) ->  6(gpu)   volume = 0.125
   epoch 0:  37(SW) ->  8(gpu)   volume = 0.125
   epoch 0:  37(SW) -> 10(gpu)   volume = 0.125
   epoch 0:  37(SW) -> 20(gpu)   volume = 0.125
   epoch 0:  37(SW) -> 21(gpu)   volume = 0.125
   epoch 0:  37(SW) -> 27(gpu)   volume = 0.125
   epoch 0:  37(SW) -> 28(gpu)   volume = 0.125
   epoch 0:  37(SW) -> 31(gpu)   volume = 0.125
   epoch 0:  38(SW) ->  6(gpu)   volume = 0.125
   epoch 0:  38(SW) ->  8(gpu)   volume = 0.125
   epoch 0:  38(SW) -> 10(gpu)   volume = 0.125
   epoch 0:  38(SW) -> 20(gpu)   volume = 0.125
   epoch 0:  38(SW) -> 21(gpu)   volume = 0.125
   epoch 0:  38(SW) -> 27(gpu)   volume = 0.125
   epoch 0:  38(SW) -> 28(gpu)   volume = 0.125
   epoch 0:  38(SW) -> 31(gpu)   volume = 0.125
   epoch 0:  39(SW) ->  6(gpu)   volume = 0.125
   epoch 0:  39(SW) ->  8(gpu)   volume = 0.125
   epoch 0:  39(SW) -> 10(gpu)   volume = 0.125
   epoch 0:  39(SW) -> 20(gpu)   volume = 0.125
   epoch 0:  39(SW) -> 21(gpu)   volume = 0.125
   epoch 0:  39(SW) -> 27(gpu)   volume = 0.125
   epoch 0:  39(SW) -> 28(gpu)   volume = 0.125
   epoch 0:  39(SW) -> 31(gpu)   volume = 0.125
   epoch 1:   1(gpu) -> 32(SW)   volume = 1.0
   epoch 1:   1(gpu) -> 33(SW)   volume = 1.0
   epoch 1:   1(gpu) -> 34(SW)   volume = 1.0
   epoch 1:   1(gpu) -> 35(SW)   volume = 1.0
   epoch 1:   1(gpu) -> 36(SW)   volume = 1.0
   epoch 1:   1(gpu) -> 37(SW)   volume = 1.0
   epoch 1:   1(gpu) -> 38(SW)   volume = 1.0
   epoch 1:   1(gpu) -> 39(SW)   volume = 1.0
   epoch 1:  32(SW) ->  0(gpu)   volume = 0.125
   epoch 1:  32(SW) ->  3(gpu)   volume = 0.125
   epoch 1:  32(SW) ->  5(gpu)   volume = 0.125
   epoch 1:  32(SW) ->  9(gpu)   volume = 0.125
   epoch 1:  32(SW) -> 13(gpu)   volume = 0.125
   epoch 1:  32(SW) -> 16(gpu)   volume = 0.125
   epoch 1:  32(SW) -> 18(gpu)   volume = 0.125
   epoch 1:  32(SW) -> 22(gpu)   volume = 0.125
   epoch 1:  33(SW) ->  0(gpu)   volume = 0.125
   epoch 1:  33(SW) ->  3(gpu)   volume = 0.125
   epoch 1:  33(SW) ->  5(gpu)   volume = 0.125
   epoch 1:  33(SW) ->  9(gpu)   volume = 0.125
   epoch 1:  33(SW) -> 13(gpu)   volume = 0.125
   epoch 1:  33(SW) -> 16(gpu)   volume = 0.125
   epoch 1:  33(SW) -> 18(gpu)   volume = 0.125
   epoch 1:  33(SW) -> 22(gpu)   volume = 0.125
   epoch 1:  34(SW) ->  0(gpu)   volume = 0.125
   epoch 1:  34(SW) ->  3(gpu)   volume = 0.125
   epoch 1:  34(SW) ->  5(gpu)   volume = 0.125
   epoch 1:  34(SW) ->  9(gpu)   volume = 0.125
   epoch 1:  34(SW) -> 13(gpu)   volume = 0.125
   epoch 1:  34(SW) -> 16(gpu)   volume = 0.125
   epoch 1:  34(SW) -> 18(gpu)   volume = 0.125
   epoch 1:  34(SW) -> 22(gpu)   volume = 0.125
   epoch 1:  35(SW) ->  0(gpu)   volume = 0.125
   epoch 1:  35(SW) ->  3(gpu)   volume = 0.125
   epoch 1:  35(SW) ->  5(gpu)   volume = 0.125
   epoch 1:  35(SW) ->  9(gpu)   volume = 0.125
   epoch 1:  35(SW) -> 13(gpu)   volume = 0.125
   epoch 1:  35(SW) -> 16(gpu)   volume = 0.125
   epoch 1:  35(SW) -> 18(gpu)   volume = 0.125
   epoch 1:  35(SW) -> 22(gpu)   volume = 0.125
   epoch 1:  36(SW) ->  0(gpu)   volume = 0.125
   epoch 1:  36(SW) ->  3(gpu)   volume = 0.125
   epoch 1:  36(SW) ->  5(gpu)   volume = 0.125
   epoch 1:  36(SW) ->  9(gpu)   volume = 0.125
   epoch 1:  36(SW) -> 13(gpu)   volume = 0.125
   epoch 1:  36(SW) -> 16(gpu)   volume = 0.125
   epoch 1:  36(SW) -> 18(gpu)   volume = 0.125
   epoch 1:  36(SW) -> 22(gpu)   volume = 0.125
   epoch 1:  37(SW) ->  0(gpu)   volume = 0.125
   epoch 1:  37(SW) ->  3(gpu)   volume = 0.125
   epoch 1:  37(SW) ->  5(gpu)   volume = 0.125
   epoch 1:  37(SW) ->  9(gpu)   volume = 0.125
   epoch 1:  37(SW) -> 13(gpu)   volume = 0.125
   epoch 1:  37(SW) -> 16(gpu)   volume = 0.125
   epoch 1:  37(SW) -> 18(gpu)   volume = 0.125
   epoch 1:  37(SW) -> 22(gpu)   volume = 0.125
   epoch 1:  38(SW) ->  0(gpu)   volume = 0.125
   epoch 1:  38(SW) ->  3(gpu)   volume = 0.125
   epoch 1:  38(SW) ->  5(gpu)   volume = 0.125
   epoch 1:  38(SW) ->  9(gpu)   volume = 0.125
   epoch 1:  38(SW) -> 13(gpu)   volume = 0.125
   epoch 1:  38(SW) -> 16(gpu)   volume = 0.125
   epoch 1:  38(SW) -> 18(gpu)   volume = 0.125
   epoch 1:  38(SW) -> 22(gpu)   volume = 0.125
   epoch 1:  39(SW) ->  0(gpu)   volume = 0.125
   epoch 1:  39(SW) ->  3(gpu)   volume = 0.125
   epoch 1:  39(SW) ->  5(gpu)   volume = 0.125
   epoch 1:  39(SW) ->  9(gpu)   volume = 0.125
   epoch 1:  39(SW) -> 13(gpu)   volume = 0.125
   epoch 1:  39(SW) -> 16(gpu)   volume = 0.125
   epoch 1:  39(SW) -> 18(gpu)   volume = 0.125
   epoch 1:  39(SW) -> 22(gpu)   volume = 0.125
   epoch 2:   1(gpu) -> 32(SW)   volume = 1.0
   epoch 2:   1(gpu) -> 33(SW)   volume = 1.0
   epoch 2:   1(gpu) -> 34(SW)   volume = 1.0
   epoch 2:   1(gpu) -> 35(SW)   volume = 1.0
   epoch 2:   1(gpu) -> 36(SW)   volume = 1.0
   epoch 2:   1(gpu) -> 37(SW)   volume = 1.0
   epoch 2:   1(gpu) -> 38(SW)   volume = 1.0
   epoch 2:   1(gpu) -> 39(SW)   volume = 1.0
   epoch 2:  32(SW) ->  2(gpu)   volume = 0.125
   epoch 2:  32(SW) ->  4(gpu)   volume = 0.125
   epoch 2:  32(SW) ->  7(gpu)   volume = 0.125
   epoch 2:  32(SW) -> 12(gpu)   volume = 0.125
   epoch 2:  32(SW) -> 14(gpu)   volume = 0.125
   epoch 2:  32(SW) -> 15(gpu)   volume = 0.125
   epoch 2:  32(SW) -> 17(gpu)   volume = 0.125
   epoch 2:  32(SW) -> 19(gpu)   volume = 0.125
   epoch 2:  33(SW) ->  2(gpu)   volume = 0.125
   epoch 2:  33(SW) ->  4(gpu)   volume = 0.125
   epoch 2:  33(SW) ->  7(gpu)   volume = 0.125
   epoch 2:  33(SW) -> 12(gpu)   volume = 0.125
   epoch 2:  33(SW) -> 14(gpu)   volume = 0.125
   epoch 2:  33(SW) -> 15(gpu)   volume = 0.125
   epoch 2:  33(SW) -> 17(gpu)   volume = 0.125
   epoch 2:  33(SW) -> 19(gpu)   volume = 0.125
   epoch 2:  34(SW) ->  2(gpu)   volume = 0.125
   epoch 2:  34(SW) ->  4(gpu)   volume = 0.125
   epoch 2:  34(SW) ->  7(gpu)   volume = 0.125
   epoch 2:  34(SW) -> 12(gpu)   volume = 0.125
   epoch 2:  34(SW) -> 14(gpu)   volume = 0.125
   epoch 2:  34(SW) -> 15(gpu)   volume = 0.125
   epoch 2:  34(SW) -> 17(gpu)   volume = 0.125
   epoch 2:  34(SW) -> 19(gpu)   volume = 0.125
   epoch 2:  35(SW) ->  2(gpu)   volume = 0.125
   epoch 2:  35(SW) ->  4(gpu)   volume = 0.125
   epoch 2:  35(SW) ->  7(gpu)   volume = 0.125
   epoch 2:  35(SW) -> 12(gpu)   volume = 0.125
   epoch 2:  35(SW) -> 14(gpu)   volume = 0.125
   epoch 2:  35(SW) -> 15(gpu)   volume = 0.125
   epoch 2:  35(SW) -> 17(gpu)   volume = 0.125
   epoch 2:  35(SW) -> 19(gpu)   volume = 0.125
   epoch 2:  36(SW) ->  2(gpu)   volume = 0.125
   epoch 2:  36(SW) ->  4(gpu)   volume = 0.125
   epoch 2:  36(SW) ->  7(gpu)   volume = 0.125
   epoch 2:  36(SW) -> 12(gpu)   volume = 0.125
   epoch 2:  36(SW) -> 14(gpu)   volume = 0.125
   epoch 2:  36(SW) -> 15(gpu)   volume = 0.125
   epoch 2:  36(SW) -> 17(gpu)   volume = 0.125
   epoch 2:  36(SW) -> 19(gpu)   volume = 0.125
   epoch 2:  37(SW) ->  2(gpu)   volume = 0.125
   epoch 2:  37(SW) ->  4(gpu)   volume = 0.125
   epoch 2:  37(SW) ->  7(gpu)   volume = 0.125
   epoch 2:  37(SW) -> 12(gpu)   volume = 0.125
   epoch 2:  37(SW) -> 14(gpu)   volume = 0.125
   epoch 2:  37(SW) -> 15(gpu)   volume = 0.125
   epoch 2:  37(SW) -> 17(gpu)   volume = 0.125
   epoch 2:  37(SW) -> 19(gpu)   volume = 0.125
   epoch 2:  38(SW) ->  2(gpu)   volume = 0.125
   epoch 2:  38(SW) ->  4(gpu)   volume = 0.125
   epoch 2:  38(SW) ->  7(gpu)   volume = 0.125
   epoch 2:  38(SW) -> 12(gpu)   volume = 0.125
   epoch 2:  38(SW) -> 14(gpu)   volume = 0.125
   epoch 2:  38(SW) -> 15(gpu)   volume = 0.125
   epoch 2:  38(SW) -> 17(gpu)   volume = 0.125
   epoch 2:  38(SW) -> 19(gpu)   volume = 0.125
   epoch 2:  39(SW) ->  2(gpu)   volume = 0.125
   epoch 2:  39(SW) ->  4(gpu)   volume = 0.125
   epoch 2:  39(SW) ->  7(gpu)   volume = 0.125
   epoch 2:  39(SW) -> 12(gpu)   volume = 0.125
   epoch 2:  39(SW) -> 14(gpu)   volume = 0.125
   epoch 2:  39(SW) -> 15(gpu)   volume = 0.125
   epoch 2:  39(SW) -> 17(gpu)   volume = 0.125
   epoch 2:  39(SW) -> 19(gpu)   volume = 0.125
   epoch 3:   1(gpu) -> 32(SW)   volume = 0.875
   epoch 3:   1(gpu) -> 33(SW)   volume = 0.875
   epoch 3:   1(gpu) -> 34(SW)   volume = 0.875
   epoch 3:   1(gpu) -> 35(SW)   volume = 0.875
   epoch 3:   1(gpu) -> 36(SW)   volume = 0.875
   epoch 3:   1(gpu) -> 37(SW)   volume = 0.875
   epoch 3:   1(gpu) -> 38(SW)   volume = 0.875
   epoch 3:   1(gpu) -> 39(SW)   volume = 0.875
   epoch 3:  32(SW) -> 11(gpu)   volume = 0.125
   epoch 3:  32(SW) -> 23(gpu)   volume = 0.125
   epoch 3:  32(SW) -> 24(gpu)   volume = 0.125
   epoch 3:  32(SW) -> 25(gpu)   volume = 0.125
   epoch 3:  32(SW) -> 26(gpu)   volume = 0.125
   epoch 3:  32(SW) -> 29(gpu)   volume = 0.125
   epoch 3:  32(SW) -> 30(gpu)   volume = 0.125
   epoch 3:  33(SW) -> 11(gpu)   volume = 0.125
   epoch 3:  33(SW) -> 23(gpu)   volume = 0.125
   epoch 3:  33(SW) -> 24(gpu)   volume = 0.125
   epoch 3:  33(SW) -> 25(gpu)   volume = 0.125
   epoch 3:  33(SW) -> 26(gpu)   volume = 0.125
   epoch 3:  33(SW) -> 29(gpu)   volume = 0.125
   epoch 3:  33(SW) -> 30(gpu)   volume = 0.125
   epoch 3:  34(SW) -> 11(gpu)   volume = 0.125
   epoch 3:  34(SW) -> 23(gpu)   volume = 0.125
   epoch 3:  34(SW) -> 24(gpu)   volume = 0.125
   epoch 3:  34(SW) -> 25(gpu)   volume = 0.125
   epoch 3:  34(SW) -> 26(gpu)   volume = 0.125
   epoch 3:  34(SW) -> 29(gpu)   volume = 0.125
   epoch 3:  34(SW) -> 30(gpu)   volume = 0.125
   epoch 3:  35(SW) -> 11(gpu)   volume = 0.125
   epoch 3:  35(SW) -> 23(gpu)   volume = 0.125
   epoch 3:  35(SW) -> 24(gpu)   volume = 0.125
   epoch 3:  35(SW) -> 25(gpu)   volume = 0.125
   epoch 3:  35(SW) -> 26(gpu)   volume = 0.125
   epoch 3:  35(SW) -> 29(gpu)   volume = 0.125
   epoch 3:  35(SW) -> 30(gpu)   volume = 0.125
   epoch 3:  36(SW) -> 11(gpu)   volume = 0.125
   epoch 3:  36(SW) -> 23(gpu)   volume = 0.125
   epoch 3:  36(SW) -> 24(gpu)   volume = 0.125
   epoch 3:  36(SW) -> 25(gpu)   volume = 0.125
   epoch 3:  36(SW) -> 26(gpu)   volume = 0.125
   epoch 3:  36(SW) -> 29(gpu)   volume = 0.125
   epoch 3:  36(SW) -> 30(gpu)   volume = 0.125
   epoch 3:  37(SW) -> 11(gpu)   volume = 0.125
   epoch 3:  37(SW) -> 23(gpu)   volume = 0.125
   epoch 3:  37(SW) -> 24(gpu)   volume = 0.125
   epoch 3:  37(SW) -> 25(gpu)   volume = 0.125
   epoch 3:  37(SW) -> 26(gpu)   volume = 0.125
   epoch 3:  37(SW) -> 29(gpu)   volume = 0.125
   epoch 3:  37(SW) -> 30(gpu)   volume = 0.125
   epoch 3:  38(SW) -> 11(gpu)   volume = 0.125
   epoch 3:  38(SW) -> 23(gpu)   volume = 0.125
   epoch 3:  38(SW) -> 24(gpu)   volume = 0.125
   epoch 3:  38(SW) -> 25(gpu)   volume = 0.125
   epoch 3:  38(SW) -> 26(gpu)   volume = 0.125
   epoch 3:  38(SW) -> 29(gpu)   volume = 0.125
   epoch 3:  38(SW) -> 30(gpu)   volume = 0.125
   epoch 3:  39(SW) -> 11(gpu)   volume = 0.125
   epoch 3:  39(SW) -> 23(gpu)   volume = 0.125
   epoch 3:  39(SW) -> 24(gpu)   volume = 0.125
   epoch 3:  39(SW) -> 25(gpu)   volume = 0.125
   epoch 3:  39(SW) -> 26(gpu)   volume = 0.125
   epoch 3:  39(SW) -> 29(gpu)   volume = 0.125
   epoch 3:  39(SW) -> 30(gpu)   volume = 0.125

-- source 2 --
   epoch 0:   2(gpu) -> 32(SW)   volume = 1.0
   epoch 0:   2(gpu) -> 33(SW)   volume = 1.0
   epoch 0:   2(gpu) -> 34(SW)   volume = 1.0
   epoch 0:   2(gpu) -> 35(SW)   volume = 1.0
   epoch 0:   2(gpu) -> 36(SW)   volume = 1.0
   epoch 0:   2(gpu) -> 37(SW)   volume = 1.0
   epoch 0:   2(gpu) -> 38(SW)   volume = 1.0
   epoch 0:   2(gpu) -> 39(SW)   volume = 1.0
   epoch 0:  32(SW) ->  5(gpu)   volume = 0.125
   epoch 0:  32(SW) -> 15(gpu)   volume = 0.125
   epoch 0:  32(SW) -> 19(gpu)   volume = 0.125
   epoch 0:  32(SW) -> 23(gpu)   volume = 0.125
   epoch 0:  32(SW) -> 25(gpu)   volume = 0.125
   epoch 0:  32(SW) -> 26(gpu)   volume = 0.125
   epoch 0:  32(SW) -> 27(gpu)   volume = 0.125
   epoch 0:  32(SW) -> 30(gpu)   volume = 0.125
   epoch 0:  33(SW) ->  5(gpu)   volume = 0.125
   epoch 0:  33(SW) -> 15(gpu)   volume = 0.125
   epoch 0:  33(SW) -> 19(gpu)   volume = 0.125
   epoch 0:  33(SW) -> 23(gpu)   volume = 0.125
   epoch 0:  33(SW) -> 25(gpu)   volume = 0.125
   epoch 0:  33(SW) -> 26(gpu)   volume = 0.125
   epoch 0:  33(SW) -> 27(gpu)   volume = 0.125
   epoch 0:  33(SW) -> 30(gpu)   volume = 0.125
   epoch 0:  34(SW) ->  5(gpu)   volume = 0.125
   epoch 0:  34(SW) -> 15(gpu)   volume = 0.125
   epoch 0:  34(SW) -> 19(gpu)   volume = 0.125
   epoch 0:  34(SW) -> 23(gpu)   volume = 0.125
   epoch 0:  34(SW) -> 25(gpu)   volume = 0.125
   epoch 0:  34(SW) -> 26(gpu)   volume = 0.125
   epoch 0:  34(SW) -> 27(gpu)   volume = 0.125
   epoch 0:  34(SW) -> 30(gpu)   volume = 0.125
   epoch 0:  35(SW) ->  5(gpu)   volume = 0.125
   epoch 0:  35(SW) -> 15(gpu)   volume = 0.125
   epoch 0:  35(SW) -> 19(gpu)   volume = 0.125
   epoch 0:  35(SW) -> 23(gpu)   volume = 0.125
   epoch 0:  35(SW) -> 25(gpu)   volume = 0.125
   epoch 0:  35(SW) -> 26(gpu)   volume = 0.125
   epoch 0:  35(SW) -> 27(gpu)   volume = 0.125
   epoch 0:  35(SW) -> 30(gpu)   volume = 0.125
   epoch 0:  36(SW) ->  5(gpu)   volume = 0.125
   epoch 0:  36(SW) -> 15(gpu)   volume = 0.125
   epoch 0:  36(SW) -> 19(gpu)   volume = 0.125
   epoch 0:  36(SW) -> 23(gpu)   volume = 0.125
   epoch 0:  36(SW) -> 25(gpu)   volume = 0.125
   epoch 0:  36(SW) -> 26(gpu)   volume = 0.125
   epoch 0:  36(SW) -> 27(gpu)   volume = 0.125
   epoch 0:  36(SW) -> 30(gpu)   volume = 0.125
   epoch 0:  37(SW) ->  5(gpu)   volume = 0.125
   epoch 0:  37(SW) -> 15(gpu)   volume = 0.125
   epoch 0:  37(SW) -> 19(gpu)   volume = 0.125
   epoch 0:  37(SW) -> 23(gpu)   volume = 0.125
   epoch 0:  37(SW) -> 25(gpu)   volume = 0.125
   epoch 0:  37(SW) -> 26(gpu)   volume = 0.125
   epoch 0:  37(SW) -> 27(gpu)   volume = 0.125
   epoch 0:  37(SW) -> 30(gpu)   volume = 0.125
   epoch 0:  38(SW) ->  5(gpu)   volume = 0.125
   epoch 0:  38(SW) -> 15(gpu)   volume = 0.125
   epoch 0:  38(SW) -> 19(gpu)   volume = 0.125
   epoch 0:  38(SW) -> 23(gpu)   volume = 0.125
   epoch 0:  38(SW) -> 25(gpu)   volume = 0.125
   epoch 0:  38(SW) -> 26(gpu)   volume = 0.125
   epoch 0:  38(SW) -> 27(gpu)   volume = 0.125
   epoch 0:  38(SW) -> 30(gpu)   volume = 0.125
   epoch 0:  39(SW) ->  5(gpu)   volume = 0.125
   epoch 0:  39(SW) -> 15(gpu)   volume = 0.125
   epoch 0:  39(SW) -> 19(gpu)   volume = 0.125
   epoch 0:  39(SW) -> 23(gpu)   volume = 0.125
   epoch 0:  39(SW) -> 25(gpu)   volume = 0.125
   epoch 0:  39(SW) -> 26(gpu)   volume = 0.125
   epoch 0:  39(SW) -> 27(gpu)   volume = 0.125
   epoch 0:  39(SW) -> 30(gpu)   volume = 0.125
   epoch 1:   2(gpu) -> 32(SW)   volume = 1.0
   epoch 1:   2(gpu) -> 33(SW)   volume = 1.0
   epoch 1:   2(gpu) -> 34(SW)   volume = 1.0
   epoch 1:   2(gpu) -> 35(SW)   volume = 1.0
   epoch 1:   2(gpu) -> 36(SW)   volume = 1.0
   epoch 1:   2(gpu) -> 37(SW)   volume = 1.0
   epoch 1:   2(gpu) -> 38(SW)   volume = 1.0
   epoch 1:   2(gpu) -> 39(SW)   volume = 1.0
   epoch 1:  32(SW) ->  1(gpu)   volume = 0.125
   epoch 1:  32(SW) ->  4(gpu)   volume = 0.125
   epoch 1:  32(SW) ->  7(gpu)   volume = 0.125
   epoch 1:  32(SW) -> 10(gpu)   volume = 0.125
   epoch 1:  32(SW) -> 12(gpu)   volume = 0.125
   epoch 1:  32(SW) -> 16(gpu)   volume = 0.125
   epoch 1:  32(SW) -> 18(gpu)   volume = 0.125
   epoch 1:  32(SW) -> 22(gpu)   volume = 0.125
   epoch 1:  33(SW) ->  1(gpu)   volume = 0.125
   epoch 1:  33(SW) ->  4(gpu)   volume = 0.125
   epoch 1:  33(SW) ->  7(gpu)   volume = 0.125
   epoch 1:  33(SW) -> 10(gpu)   volume = 0.125
   epoch 1:  33(SW) -> 12(gpu)   volume = 0.125
   epoch 1:  33(SW) -> 16(gpu)   volume = 0.125
   epoch 1:  33(SW) -> 18(gpu)   volume = 0.125
   epoch 1:  33(SW) -> 22(gpu)   volume = 0.125
   epoch 1:  34(SW) ->  1(gpu)   volume = 0.125
   epoch 1:  34(SW) ->  4(gpu)   volume = 0.125
   epoch 1:  34(SW) ->  7(gpu)   volume = 0.125
   epoch 1:  34(SW) -> 10(gpu)   volume = 0.125
   epoch 1:  34(SW) -> 12(gpu)   volume = 0.125
   epoch 1:  34(SW) -> 16(gpu)   volume = 0.125
   epoch 1:  34(SW) -> 18(gpu)   volume = 0.125
   epoch 1:  34(SW) -> 22(gpu)   volume = 0.125
   epoch 1:  35(SW) ->  1(gpu)   volume = 0.125
   epoch 1:  35(SW) ->  4(gpu)   volume = 0.125
   epoch 1:  35(SW) ->  7(gpu)   volume = 0.125
   epoch 1:  35(SW) -> 10(gpu)   volume = 0.125
   epoch 1:  35(SW) -> 12(gpu)   volume = 0.125
   epoch 1:  35(SW) -> 16(gpu)   volume = 0.125
   epoch 1:  35(SW) -> 18(gpu)   volume = 0.125
   epoch 1:  35(SW) -> 22(gpu)   volume = 0.125
   epoch 1:  36(SW) ->  1(gpu)   volume = 0.125
   epoch 1:  36(SW) ->  4(gpu)   volume = 0.125
   epoch 1:  36(SW) ->  7(gpu)   volume = 0.125
   epoch 1:  36(SW) -> 10(gpu)   volume = 0.125
   epoch 1:  36(SW) -> 12(gpu)   volume = 0.125
   epoch 1:  36(SW) -> 16(gpu)   volume = 0.125
   epoch 1:  36(SW) -> 18(gpu)   volume = 0.125
   epoch 1:  36(SW) -> 22(gpu)   volume = 0.125
   epoch 1:  37(SW) ->  1(gpu)   volume = 0.125
   epoch 1:  37(SW) ->  4(gpu)   volume = 0.125
   epoch 1:  37(SW) ->  7(gpu)   volume = 0.125
   epoch 1:  37(SW) -> 10(gpu)   volume = 0.125
   epoch 1:  37(SW) -> 12(gpu)   volume = 0.125
   epoch 1:  37(SW) -> 16(gpu)   volume = 0.125
   epoch 1:  37(SW) -> 18(gpu)   volume = 0.125
   epoch 1:  37(SW) -> 22(gpu)   volume = 0.125
   epoch 1:  38(SW) ->  1(gpu)   volume = 0.125
   epoch 1:  38(SW) ->  4(gpu)   volume = 0.125
   epoch 1:  38(SW) ->  7(gpu)   volume = 0.125
   epoch 1:  38(SW) -> 10(gpu)   volume = 0.125
   epoch 1:  38(SW) -> 12(gpu)   volume = 0.125
   epoch 1:  38(SW) -> 16(gpu)   volume = 0.125
   epoch 1:  38(SW) -> 18(gpu)   volume = 0.125
   epoch 1:  38(SW) -> 22(gpu)   volume = 0.125
   epoch 1:  39(SW) ->  1(gpu)   volume = 0.125
   epoch 1:  39(SW) ->  4(gpu)   volume = 0.125
   epoch 1:  39(SW) ->  7(gpu)   volume = 0.125
   epoch 1:  39(SW) -> 10(gpu)   volume = 0.125
   epoch 1:  39(SW) -> 12(gpu)   volume = 0.125
   epoch 1:  39(SW) -> 16(gpu)   volume = 0.125
   epoch 1:  39(SW) -> 18(gpu)   volume = 0.125
   epoch 1:  39(SW) -> 22(gpu)   volume = 0.125
   epoch 2:   2(gpu) -> 32(SW)   volume = 1.0
   epoch 2:   2(gpu) -> 33(SW)   volume = 1.0
   epoch 2:   2(gpu) -> 34(SW)   volume = 1.0
   epoch 2:   2(gpu) -> 35(SW)   volume = 1.0
   epoch 2:   2(gpu) -> 36(SW)   volume = 1.0
   epoch 2:   2(gpu) -> 37(SW)   volume = 1.0
   epoch 2:   2(gpu) -> 38(SW)   volume = 1.0
   epoch 2:   2(gpu) -> 39(SW)   volume = 1.0
   epoch 2:  32(SW) ->  3(gpu)   volume = 0.125
   epoch 2:  32(SW) ->  6(gpu)   volume = 0.125
   epoch 2:  32(SW) ->  8(gpu)   volume = 0.125
   epoch 2:  32(SW) ->  9(gpu)   volume = 0.125
   epoch 2:  32(SW) -> 11(gpu)   volume = 0.125
   epoch 2:  32(SW) -> 14(gpu)   volume = 0.125
   epoch 2:  32(SW) -> 20(gpu)   volume = 0.125
   epoch 2:  32(SW) -> 21(gpu)   volume = 0.125
   epoch 2:  33(SW) ->  3(gpu)   volume = 0.125
   epoch 2:  33(SW) ->  6(gpu)   volume = 0.125
   epoch 2:  33(SW) ->  8(gpu)   volume = 0.125
   epoch 2:  33(SW) ->  9(gpu)   volume = 0.125
   epoch 2:  33(SW) -> 11(gpu)   volume = 0.125
   epoch 2:  33(SW) -> 14(gpu)   volume = 0.125
   epoch 2:  33(SW) -> 20(gpu)   volume = 0.125
   epoch 2:  33(SW) -> 21(gpu)   volume = 0.125
   epoch 2:  34(SW) ->  3(gpu)   volume = 0.125
   epoch 2:  34(SW) ->  6(gpu)   volume = 0.125
   epoch 2:  34(SW) ->  8(gpu)   volume = 0.125
   epoch 2:  34(SW) ->  9(gpu)   volume = 0.125
   epoch 2:  34(SW) -> 11(gpu)   volume = 0.125
   epoch 2:  34(SW) -> 14(gpu)   volume = 0.125
   epoch 2:  34(SW) -> 20(gpu)   volume = 0.125
   epoch 2:  34(SW) -> 21(gpu)   volume = 0.125
   epoch 2:  35(SW) ->  3(gpu)   volume = 0.125
   epoch 2:  35(SW) ->  6(gpu)   volume = 0.125
   epoch 2:  35(SW) ->  8(gpu)   volume = 0.125
   epoch 2:  35(SW) ->  9(gpu)   volume = 0.125
   epoch 2:  35(SW) -> 11(gpu)   volume = 0.125
   epoch 2:  35(SW) -> 14(gpu)   volume = 0.125
   epoch 2:  35(SW) -> 20(gpu)   volume = 0.125
   epoch 2:  35(SW) -> 21(gpu)   volume = 0.125
   epoch 2:  36(SW) ->  3(gpu)   volume = 0.125
   epoch 2:  36(SW) ->  6(gpu)   volume = 0.125
   epoch 2:  36(SW) ->  8(gpu)   volume = 0.125
   epoch 2:  36(SW) ->  9(gpu)   volume = 0.125
   epoch 2:  36(SW) -> 11(gpu)   volume = 0.125
   epoch 2:  36(SW) -> 14(gpu)   volume = 0.125
   epoch 2:  36(SW) -> 20(gpu)   volume = 0.125
   epoch 2:  36(SW) -> 21(gpu)   volume = 0.125
   epoch 2:  37(SW) ->  3(gpu)   volume = 0.125
   epoch 2:  37(SW) ->  6(gpu)   volume = 0.125
   epoch 2:  37(SW) ->  8(gpu)   volume = 0.125
   epoch 2:  37(SW) ->  9(gpu)   volume = 0.125
   epoch 2:  37(SW) -> 11(gpu)   volume = 0.125
   epoch 2:  37(SW) -> 14(gpu)   volume = 0.125
   epoch 2:  37(SW) -> 20(gpu)   volume = 0.125
   epoch 2:  37(SW) -> 21(gpu)   volume = 0.125
   epoch 2:  38(SW) ->  3(gpu)   volume = 0.125
   epoch 2:  38(SW) ->  6(gpu)   volume = 0.125
   epoch 2:  38(SW) ->  8(gpu)   volume = 0.125
   epoch 2:  38(SW) ->  9(gpu)   volume = 0.125
   epoch 2:  38(SW) -> 11(gpu)   volume = 0.125
   epoch 2:  38(SW) -> 14(gpu)   volume = 0.125
   epoch 2:  38(SW) -> 20(gpu)   volume = 0.125
   epoch 2:  38(SW) -> 21(gpu)   volume = 0.125
   epoch 2:  39(SW) ->  3(gpu)   volume = 0.125
   epoch 2:  39(SW) ->  6(gpu)   volume = 0.125
   epoch 2:  39(SW) ->  8(gpu)   volume = 0.125
   epoch 2:  39(SW) ->  9(gpu)   volume = 0.125
   epoch 2:  39(SW) -> 11(gpu)   volume = 0.125
   epoch 2:  39(SW) -> 14(gpu)   volume = 0.125
   epoch 2:  39(SW) -> 20(gpu)   volume = 0.125
   epoch 2:  39(SW) -> 21(gpu)   volume = 0.125
   epoch 3:   2(gpu) -> 32(SW)   volume = 0.875
   epoch 3:   2(gpu) -> 33(SW)   volume = 0.875
   epoch 3:   2(gpu) -> 34(SW)   volume = 0.875
   epoch 3:   2(gpu) -> 35(SW)   volume = 0.875
   epoch 3:   2(gpu) -> 36(SW)   volume = 0.875
   epoch 3:   2(gpu) -> 37(SW)   volume = 0.875
   epoch 3:   2(gpu) -> 38(SW)   volume = 0.875
   epoch 3:   2(gpu) -> 39(SW)   volume = 0.875
   epoch 3:  32(SW) ->  0(gpu)   volume = 0.125
   epoch 3:  32(SW) -> 13(gpu)   volume = 0.125
   epoch 3:  32(SW) -> 17(gpu)   volume = 0.125
   epoch 3:  32(SW) -> 24(gpu)   volume = 0.125
   epoch 3:  32(SW) -> 28(gpu)   volume = 0.125
   epoch 3:  32(SW) -> 29(gpu)   volume = 0.125
   epoch 3:  32(SW) -> 31(gpu)   volume = 0.125
   epoch 3:  33(SW) ->  0(gpu)   volume = 0.125
   epoch 3:  33(SW) -> 13(gpu)   volume = 0.125
   epoch 3:  33(SW) -> 17(gpu)   volume = 0.125
   epoch 3:  33(SW) -> 24(gpu)   volume = 0.125
   epoch 3:  33(SW) -> 28(gpu)   volume = 0.125
   epoch 3:  33(SW) -> 29(gpu)   volume = 0.125
   epoch 3:  33(SW) -> 31(gpu)   volume = 0.125
   epoch 3:  34(SW) ->  0(gpu)   volume = 0.125
   epoch 3:  34(SW) -> 13(gpu)   volume = 0.125
   epoch 3:  34(SW) -> 17(gpu)   volume = 0.125
   epoch 3:  34(SW) -> 24(gpu)   volume = 0.125
   epoch 3:  34(SW) -> 28(gpu)   volume = 0.125
   epoch 3:  34(SW) -> 29(gpu)   volume = 0.125
   epoch 3:  34(SW) -> 31(gpu)   volume = 0.125
   epoch 3:  35(SW) ->  0(gpu)   volume = 0.125
   epoch 3:  35(SW) -> 13(gpu)   volume = 0.125
   epoch 3:  35(SW) -> 17(gpu)   volume = 0.125
   epoch 3:  35(SW) -> 24(gpu)   volume = 0.125
   epoch 3:  35(SW) -> 28(gpu)   volume = 0.125
   epoch 3:  35(SW) -> 29(gpu)   volume = 0.125
   epoch 3:  35(SW) -> 31(gpu)   volume = 0.125
   epoch 3:  36(SW) ->  0(gpu)   volume = 0.125
   epoch 3:  36(SW) -> 13(gpu)   volume = 0.125
   epoch 3:  36(SW) -> 17(gpu)   volume = 0.125
   epoch 3:  36(SW) -> 24(gpu)   volume = 0.125
   epoch 3:  36(SW) -> 28(gpu)   volume = 0.125
   epoch 3:  36(SW) -> 29(gpu)   volume = 0.125
   epoch 3:  36(SW) -> 31(gpu)   volume = 0.125
   epoch 3:  37(SW) ->  0(gpu)   volume = 0.125
   epoch 3:  37(SW) -> 13(gpu)   volume = 0.125
   epoch 3:  37(SW) -> 17(gpu)   volume = 0.125
   epoch 3:  37(SW) -> 24(gpu)   volume = 0.125
   epoch 3:  37(SW) -> 28(gpu)   volume = 0.125
   epoch 3:  37(SW) -> 29(gpu)   volume = 0.125
   epoch 3:  37(SW) -> 31(gpu)   volume = 0.125
   epoch 3:  38(SW) ->  0(gpu)   volume = 0.125
   epoch 3:  38(SW) -> 13(gpu)   volume = 0.125
   epoch 3:  38(SW) -> 17(gpu)   volume = 0.125
   epoch 3:  38(SW) -> 24(gpu)   volume = 0.125
   epoch 3:  38(SW) -> 28(gpu)   volume = 0.125
   epoch 3:  38(SW) -> 29(gpu)   volume = 0.125
   epoch 3:  38(SW) -> 31(gpu)   volume = 0.125
   epoch 3:  39(SW) ->  0(gpu)   volume = 0.125
   epoch 3:  39(SW) -> 13(gpu)   volume = 0.125
   epoch 3:  39(SW) -> 17(gpu)   volume = 0.125
   epoch 3:  39(SW) -> 24(gpu)   volume = 0.125
   epoch 3:  39(SW) -> 28(gpu)   volume = 0.125
   epoch 3:  39(SW) -> 29(gpu)   volume = 0.125
   epoch 3:  39(SW) -> 31(gpu)   volume = 0.125

-- source 3 --
   epoch 0:   3(gpu) -> 32(SW)   volume = 1.0
   epoch 0:   3(gpu) -> 33(SW)   volume = 1.0
   epoch 0:   3(gpu) -> 34(SW)   volume = 1.0
   epoch 0:   3(gpu) -> 35(SW)   volume = 1.0
   epoch 0:   3(gpu) -> 36(SW)   volume = 1.0
   epoch 0:   3(gpu) -> 37(SW)   volume = 1.0
   epoch 0:   3(gpu) -> 38(SW)   volume = 1.0
   epoch 0:   3(gpu) -> 39(SW)   volume = 1.0
   epoch 0:  32(SW) ->  4(gpu)   volume = 0.125
   epoch 0:  32(SW) ->  5(gpu)   volume = 0.125
   epoch 0:  32(SW) ->  8(gpu)   volume = 0.125
   epoch 0:  32(SW) -> 15(gpu)   volume = 0.125
   epoch 0:  32(SW) -> 20(gpu)   volume = 0.125
   epoch 0:  32(SW) -> 24(gpu)   volume = 0.125
   epoch 0:  32(SW) -> 29(gpu)   volume = 0.125
   epoch 0:  32(SW) -> 30(gpu)   volume = 0.125
   epoch 0:  33(SW) ->  4(gpu)   volume = 0.125
   epoch 0:  33(SW) ->  5(gpu)   volume = 0.125
   epoch 0:  33(SW) ->  8(gpu)   volume = 0.125
   epoch 0:  33(SW) -> 15(gpu)   volume = 0.125
   epoch 0:  33(SW) -> 20(gpu)   volume = 0.125
   epoch 0:  33(SW) -> 24(gpu)   volume = 0.125
   epoch 0:  33(SW) -> 29(gpu)   volume = 0.125
   epoch 0:  33(SW) -> 30(gpu)   volume = 0.125
   epoch 0:  34(SW) ->  4(gpu)   volume = 0.125
   epoch 0:  34(SW) ->  5(gpu)   volume = 0.125
   epoch 0:  34(SW) ->  8(gpu)   volume = 0.125
   epoch 0:  34(SW) -> 15(gpu)   volume = 0.125
   epoch 0:  34(SW) -> 20(gpu)   volume = 0.125
   epoch 0:  34(SW) -> 24(gpu)   volume = 0.125
   epoch 0:  34(SW) -> 29(gpu)   volume = 0.125
   epoch 0:  34(SW) -> 30(gpu)   volume = 0.125
   epoch 0:  35(SW) ->  4(gpu)   volume = 0.125
   epoch 0:  35(SW) ->  5(gpu)   volume = 0.125
   epoch 0:  35(SW) ->  8(gpu)   volume = 0.125
   epoch 0:  35(SW) -> 15(gpu)   volume = 0.125
   epoch 0:  35(SW) -> 20(gpu)   volume = 0.125
   epoch 0:  35(SW) -> 24(gpu)   volume = 0.125
   epoch 0:  35(SW) -> 29(gpu)   volume = 0.125
   epoch 0:  35(SW) -> 30(gpu)   volume = 0.125
   epoch 0:  36(SW) ->  4(gpu)   volume = 0.125
   epoch 0:  36(SW) ->  5(gpu)   volume = 0.125
   epoch 0:  36(SW) ->  8(gpu)   volume = 0.125
   epoch 0:  36(SW) -> 15(gpu)   volume = 0.125
   epoch 0:  36(SW) -> 20(gpu)   volume = 0.125
   epoch 0:  36(SW) -> 24(gpu)   volume = 0.125
   epoch 0:  36(SW) -> 29(gpu)   volume = 0.125
   epoch 0:  36(SW) -> 30(gpu)   volume = 0.125
   epoch 0:  37(SW) ->  4(gpu)   volume = 0.125
   epoch 0:  37(SW) ->  5(gpu)   volume = 0.125
   epoch 0:  37(SW) ->  8(gpu)   volume = 0.125
   epoch 0:  37(SW) -> 15(gpu)   volume = 0.125
   epoch 0:  37(SW) -> 20(gpu)   volume = 0.125
   epoch 0:  37(SW) -> 24(gpu)   volume = 0.125
   epoch 0:  37(SW) -> 29(gpu)   volume = 0.125
   epoch 0:  37(SW) -> 30(gpu)   volume = 0.125
   epoch 0:  38(SW) ->  4(gpu)   volume = 0.125
   epoch 0:  38(SW) ->  5(gpu)   volume = 0.125
   epoch 0:  38(SW) ->  8(gpu)   volume = 0.125
   epoch 0:  38(SW) -> 15(gpu)   volume = 0.125
   epoch 0:  38(SW) -> 20(gpu)   volume = 0.125
   epoch 0:  38(SW) -> 24(gpu)   volume = 0.125
   epoch 0:  38(SW) -> 29(gpu)   volume = 0.125
   epoch 0:  38(SW) -> 30(gpu)   volume = 0.125
   epoch 0:  39(SW) ->  4(gpu)   volume = 0.125
   epoch 0:  39(SW) ->  5(gpu)   volume = 0.125
   epoch 0:  39(SW) ->  8(gpu)   volume = 0.125
   epoch 0:  39(SW) -> 15(gpu)   volume = 0.125
   epoch 0:  39(SW) -> 20(gpu)   volume = 0.125
   epoch 0:  39(SW) -> 24(gpu)   volume = 0.125
   epoch 0:  39(SW) -> 29(gpu)   volume = 0.125
   epoch 0:  39(SW) -> 30(gpu)   volume = 0.125
   epoch 1:   3(gpu) -> 32(SW)   volume = 1.0
   epoch 1:   3(gpu) -> 33(SW)   volume = 1.0
   epoch 1:   3(gpu) -> 34(SW)   volume = 1.0
   epoch 1:   3(gpu) -> 35(SW)   volume = 1.0
   epoch 1:   3(gpu) -> 36(SW)   volume = 1.0
   epoch 1:   3(gpu) -> 37(SW)   volume = 1.0
   epoch 1:   3(gpu) -> 38(SW)   volume = 1.0
   epoch 1:   3(gpu) -> 39(SW)   volume = 1.0
   epoch 1:  32(SW) ->  1(gpu)   volume = 0.125
   epoch 1:  32(SW) -> 10(gpu)   volume = 0.125
   epoch 1:  32(SW) -> 14(gpu)   volume = 0.125
   epoch 1:  32(SW) -> 16(gpu)   volume = 0.125
   epoch 1:  32(SW) -> 17(gpu)   volume = 0.125
   epoch 1:  32(SW) -> 21(gpu)   volume = 0.125
   epoch 1:  32(SW) -> 27(gpu)   volume = 0.125
   epoch 1:  32(SW) -> 31(gpu)   volume = 0.125
   epoch 1:  33(SW) ->  1(gpu)   volume = 0.125
   epoch 1:  33(SW) -> 10(gpu)   volume = 0.125
   epoch 1:  33(SW) -> 14(gpu)   volume = 0.125
   epoch 1:  33(SW) -> 16(gpu)   volume = 0.125
   epoch 1:  33(SW) -> 17(gpu)   volume = 0.125
   epoch 1:  33(SW) -> 21(gpu)   volume = 0.125
   epoch 1:  33(SW) -> 27(gpu)   volume = 0.125
   epoch 1:  33(SW) -> 31(gpu)   volume = 0.125
   epoch 1:  34(SW) ->  1(gpu)   volume = 0.125
   epoch 1:  34(SW) -> 10(gpu)   volume = 0.125
   epoch 1:  34(SW) -> 14(gpu)   volume = 0.125
   epoch 1:  34(SW) -> 16(gpu)   volume = 0.125
   epoch 1:  34(SW) -> 17(gpu)   volume = 0.125
   epoch 1:  34(SW) -> 21(gpu)   volume = 0.125
   epoch 1:  34(SW) -> 27(gpu)   volume = 0.125
   epoch 1:  34(SW) -> 31(gpu)   volume = 0.125
   epoch 1:  35(SW) ->  1(gpu)   volume = 0.125
   epoch 1:  35(SW) -> 10(gpu)   volume = 0.125
   epoch 1:  35(SW) -> 14(gpu)   volume = 0.125
   epoch 1:  35(SW) -> 16(gpu)   volume = 0.125
   epoch 1:  35(SW) -> 17(gpu)   volume = 0.125
   epoch 1:  35(SW) -> 21(gpu)   volume = 0.125
   epoch 1:  35(SW) -> 27(gpu)   volume = 0.125
   epoch 1:  35(SW) -> 31(gpu)   volume = 0.125
   epoch 1:  36(SW) ->  1(gpu)   volume = 0.125
   epoch 1:  36(SW) -> 10(gpu)   volume = 0.125
   epoch 1:  36(SW) -> 14(gpu)   volume = 0.125
   epoch 1:  36(SW) -> 16(gpu)   volume = 0.125
   epoch 1:  36(SW) -> 17(gpu)   volume = 0.125
   epoch 1:  36(SW) -> 21(gpu)   volume = 0.125
   epoch 1:  36(SW) -> 27(gpu)   volume = 0.125
   epoch 1:  36(SW) -> 31(gpu)   volume = 0.125
   epoch 1:  37(SW) ->  1(gpu)   volume = 0.125
   epoch 1:  37(SW) -> 10(gpu)   volume = 0.125
   epoch 1:  37(SW) -> 14(gpu)   volume = 0.125
   epoch 1:  37(SW) -> 16(gpu)   volume = 0.125
   epoch 1:  37(SW) -> 17(gpu)   volume = 0.125
   epoch 1:  37(SW) -> 21(gpu)   volume = 0.125
   epoch 1:  37(SW) -> 27(gpu)   volume = 0.125
   epoch 1:  37(SW) -> 31(gpu)   volume = 0.125
   epoch 1:  38(SW) ->  1(gpu)   volume = 0.125
   epoch 1:  38(SW) -> 10(gpu)   volume = 0.125
   epoch 1:  38(SW) -> 14(gpu)   volume = 0.125
   epoch 1:  38(SW) -> 16(gpu)   volume = 0.125
   epoch 1:  38(SW) -> 17(gpu)   volume = 0.125
   epoch 1:  38(SW) -> 21(gpu)   volume = 0.125
   epoch 1:  38(SW) -> 27(gpu)   volume = 0.125
   epoch 1:  38(SW) -> 31(gpu)   volume = 0.125
   epoch 1:  39(SW) ->  1(gpu)   volume = 0.125
   epoch 1:  39(SW) -> 10(gpu)   volume = 0.125
   epoch 1:  39(SW) -> 14(gpu)   volume = 0.125
   epoch 1:  39(SW) -> 16(gpu)   volume = 0.125
   epoch 1:  39(SW) -> 17(gpu)   volume = 0.125
   epoch 1:  39(SW) -> 21(gpu)   volume = 0.125
   epoch 1:  39(SW) -> 27(gpu)   volume = 0.125
   epoch 1:  39(SW) -> 31(gpu)   volume = 0.125
   epoch 2:   3(gpu) -> 32(SW)   volume = 1.0
   epoch 2:   3(gpu) -> 33(SW)   volume = 1.0
   epoch 2:   3(gpu) -> 34(SW)   volume = 1.0
   epoch 2:   3(gpu) -> 35(SW)   volume = 1.0
   epoch 2:   3(gpu) -> 36(SW)   volume = 1.0
   epoch 2:   3(gpu) -> 37(SW)   volume = 1.0
   epoch 2:   3(gpu) -> 38(SW)   volume = 1.0
   epoch 2:   3(gpu) -> 39(SW)   volume = 1.0
   epoch 2:  32(SW) ->  0(gpu)   volume = 0.125
   epoch 2:  32(SW) ->  6(gpu)   volume = 0.125
   epoch 2:  32(SW) ->  7(gpu)   volume = 0.125
   epoch 2:  32(SW) ->  9(gpu)   volume = 0.125
   epoch 2:  32(SW) -> 11(gpu)   volume = 0.125
   epoch 2:  32(SW) -> 13(gpu)   volume = 0.125
   epoch 2:  32(SW) -> 18(gpu)   volume = 0.125
   epoch 2:  32(SW) -> 19(gpu)   volume = 0.125
   epoch 2:  33(SW) ->  0(gpu)   volume = 0.125
   epoch 2:  33(SW) ->  6(gpu)   volume = 0.125
   epoch 2:  33(SW) ->  7(gpu)   volume = 0.125
   epoch 2:  33(SW) ->  9(gpu)   volume = 0.125
   epoch 2:  33(SW) -> 11(gpu)   volume = 0.125
   epoch 2:  33(SW) -> 13(gpu)   volume = 0.125
   epoch 2:  33(SW) -> 18(gpu)   volume = 0.125
   epoch 2:  33(SW) -> 19(gpu)   volume = 0.125
   epoch 2:  34(SW) ->  0(gpu)   volume = 0.125
   epoch 2:  34(SW) ->  6(gpu)   volume = 0.125
   epoch 2:  34(SW) ->  7(gpu)   volume = 0.125
   epoch 2:  34(SW) ->  9(gpu)   volume = 0.125
   epoch 2:  34(SW) -> 11(gpu)   volume = 0.125
   epoch 2:  34(SW) -> 13(gpu)   volume = 0.125
   epoch 2:  34(SW) -> 18(gpu)   volume = 0.125
   epoch 2:  34(SW) -> 19(gpu)   volume = 0.125
   epoch 2:  35(SW) ->  0(gpu)   volume = 0.125
   epoch 2:  35(SW) ->  6(gpu)   volume = 0.125
   epoch 2:  35(SW) ->  7(gpu)   volume = 0.125
   epoch 2:  35(SW) ->  9(gpu)   volume = 0.125
   epoch 2:  35(SW) -> 11(gpu)   volume = 0.125
   epoch 2:  35(SW) -> 13(gpu)   volume = 0.125
   epoch 2:  35(SW) -> 18(gpu)   volume = 0.125
   epoch 2:  35(SW) -> 19(gpu)   volume = 0.125
   epoch 2:  36(SW) ->  0(gpu)   volume = 0.125
   epoch 2:  36(SW) ->  6(gpu)   volume = 0.125
   epoch 2:  36(SW) ->  7(gpu)   volume = 0.125
   epoch 2:  36(SW) ->  9(gpu)   volume = 0.125
   epoch 2:  36(SW) -> 11(gpu)   volume = 0.125
   epoch 2:  36(SW) -> 13(gpu)   volume = 0.125
   epoch 2:  36(SW) -> 18(gpu)   volume = 0.125
   epoch 2:  36(SW) -> 19(gpu)   volume = 0.125
   epoch 2:  37(SW) ->  0(gpu)   volume = 0.125
   epoch 2:  37(SW) ->  6(gpu)   volume = 0.125
   epoch 2:  37(SW) ->  7(gpu)   volume = 0.125
   epoch 2:  37(SW) ->  9(gpu)   volume = 0.125
   epoch 2:  37(SW) -> 11(gpu)   volume = 0.125
   epoch 2:  37(SW) -> 13(gpu)   volume = 0.125
   epoch 2:  37(SW) -> 18(gpu)   volume = 0.125
   epoch 2:  37(SW) -> 19(gpu)   volume = 0.125
   epoch 2:  38(SW) ->  0(gpu)   volume = 0.125
   epoch 2:  38(SW) ->  6(gpu)   volume = 0.125
   epoch 2:  38(SW) ->  7(gpu)   volume = 0.125
   epoch 2:  38(SW) ->  9(gpu)   volume = 0.125
   epoch 2:  38(SW) -> 11(gpu)   volume = 0.125
   epoch 2:  38(SW) -> 13(gpu)   volume = 0.125
   epoch 2:  38(SW) -> 18(gpu)   volume = 0.125
   epoch 2:  38(SW) -> 19(gpu)   volume = 0.125
   epoch 2:  39(SW) ->  0(gpu)   volume = 0.125
   epoch 2:  39(SW) ->  6(gpu)   volume = 0.125
   epoch 2:  39(SW) ->  7(gpu)   volume = 0.125
   epoch 2:  39(SW) ->  9(gpu)   volume = 0.125
   epoch 2:  39(SW) -> 11(gpu)   volume = 0.125
   epoch 2:  39(SW) -> 13(gpu)   volume = 0.125
   epoch 2:  39(SW) -> 18(gpu)   volume = 0.125
   epoch 2:  39(SW) -> 19(gpu)   volume = 0.125
   epoch 3:   3(gpu) -> 32(SW)   volume = 0.875
   epoch 3:   3(gpu) -> 33(SW)   volume = 0.875
   epoch 3:   3(gpu) -> 34(SW)   volume = 0.875
   epoch 3:   3(gpu) -> 35(SW)   volume = 0.875
   epoch 3:   3(gpu) -> 36(SW)   volume = 0.875
   epoch 3:   3(gpu) -> 37(SW)   volume = 0.875
   epoch 3:   3(gpu) -> 38(SW)   volume = 0.875
   epoch 3:   3(gpu) -> 39(SW)   volume = 0.875
   epoch 3:  32(SW) ->  2(gpu)   volume = 0.125
   epoch 3:  32(SW) -> 12(gpu)   volume = 0.125
   epoch 3:  32(SW) -> 22(gpu)   volume = 0.125
   epoch 3:  32(SW) -> 23(gpu)   volume = 0.125
   epoch 3:  32(SW) -> 25(gpu)   volume = 0.125
   epoch 3:  32(SW) -> 26(gpu)   volume = 0.125
   epoch 3:  32(SW) -> 28(gpu)   volume = 0.125
   epoch 3:  33(SW) ->  2(gpu)   volume = 0.125
   epoch 3:  33(SW) -> 12(gpu)   volume = 0.125
   epoch 3:  33(SW) -> 22(gpu)   volume = 0.125
   epoch 3:  33(SW) -> 23(gpu)   volume = 0.125
   epoch 3:  33(SW) -> 25(gpu)   volume = 0.125
   epoch 3:  33(SW) -> 26(gpu)   volume = 0.125
   epoch 3:  33(SW) -> 28(gpu)   volume = 0.125
   epoch 3:  34(SW) ->  2(gpu)   volume = 0.125
   epoch 3:  34(SW) -> 12(gpu)   volume = 0.125
   epoch 3:  34(SW) -> 22(gpu)   volume = 0.125
   epoch 3:  34(SW) -> 23(gpu)   volume = 0.125
   epoch 3:  34(SW) -> 25(gpu)   volume = 0.125
   epoch 3:  34(SW) -> 26(gpu)   volume = 0.125
   epoch 3:  34(SW) -> 28(gpu)   volume = 0.125
   epoch 3:  35(SW) ->  2(gpu)   volume = 0.125
   epoch 3:  35(SW) -> 12(gpu)   volume = 0.125
   epoch 3:  35(SW) -> 22(gpu)   volume = 0.125
   epoch 3:  35(SW) -> 23(gpu)   volume = 0.125
   epoch 3:  35(SW) -> 25(gpu)   volume = 0.125
   epoch 3:  35(SW) -> 26(gpu)   volume = 0.125
   epoch 3:  35(SW) -> 28(gpu)   volume = 0.125
   epoch 3:  36(SW) ->  2(gpu)   volume = 0.125
   epoch 3:  36(SW) -> 12(gpu)   volume = 0.125
   epoch 3:  36(SW) -> 22(gpu)   volume = 0.125
   epoch 3:  36(SW) -> 23(gpu)   volume = 0.125
   epoch 3:  36(SW) -> 25(gpu)   volume = 0.125
   epoch 3:  36(SW) -> 26(gpu)   volume = 0.125
   epoch 3:  36(SW) -> 28(gpu)   volume = 0.125
   epoch 3:  37(SW) ->  2(gpu)   volume = 0.125
   epoch 3:  37(SW) -> 12(gpu)   volume = 0.125
   epoch 3:  37(SW) -> 22(gpu)   volume = 0.125
   epoch 3:  37(SW) -> 23(gpu)   volume = 0.125
   epoch 3:  37(SW) -> 25(gpu)   volume = 0.125
   epoch 3:  37(SW) -> 26(gpu)   volume = 0.125
   epoch 3:  37(SW) -> 28(gpu)   volume = 0.125
   epoch 3:  38(SW) ->  2(gpu)   volume = 0.125
   epoch 3:  38(SW) -> 12(gpu)   volume = 0.125
   epoch 3:  38(SW) -> 22(gpu)   volume = 0.125
   epoch 3:  38(SW) -> 23(gpu)   volume = 0.125
   epoch 3:  38(SW) -> 25(gpu)   volume = 0.125
   epoch 3:  38(SW) -> 26(gpu)   volume = 0.125
   epoch 3:  38(SW) -> 28(gpu)   volume = 0.125
   epoch 3:  39(SW) ->  2(gpu)   volume = 0.125
   epoch 3:  39(SW) -> 12(gpu)   volume = 0.125
   epoch 3:  39(SW) -> 22(gpu)   volume = 0.125
   epoch 3:  39(SW) -> 23(gpu)   volume = 0.125
   epoch 3:  39(SW) -> 25(gpu)   volume = 0.125
   epoch 3:  39(SW) -> 26(gpu)   volume = 0.125
   epoch 3:  39(SW) -> 28(gpu)   volume = 0.125

-- source 4 --
   epoch 0:   4(gpu) -> 32(SW)   volume = 1.0
   epoch 0:   4(gpu) -> 33(SW)   volume = 1.0
   epoch 0:   4(gpu) -> 34(SW)   volume = 1.0
   epoch 0:   4(gpu) -> 35(SW)   volume = 1.0
   epoch 0:   4(gpu) -> 36(SW)   volume = 1.0
   epoch 0:   4(gpu) -> 37(SW)   volume = 1.0
   epoch 0:   4(gpu) -> 38(SW)   volume = 1.0
   epoch 0:   4(gpu) -> 39(SW)   volume = 1.0
   epoch 0:  32(SW) -> 13(gpu)   volume = 0.125
   epoch 0:  32(SW) -> 18(gpu)   volume = 0.125
   epoch 0:  32(SW) -> 21(gpu)   volume = 0.125
   epoch 0:  32(SW) -> 23(gpu)   volume = 0.125
   epoch 0:  32(SW) -> 26(gpu)   volume = 0.125
   epoch 0:  32(SW) -> 27(gpu)   volume = 0.125
   epoch 0:  32(SW) -> 29(gpu)   volume = 0.125
   epoch 0:  32(SW) -> 31(gpu)   volume = 0.125
   epoch 0:  33(SW) -> 13(gpu)   volume = 0.125
   epoch 0:  33(SW) -> 18(gpu)   volume = 0.125
   epoch 0:  33(SW) -> 21(gpu)   volume = 0.125
   epoch 0:  33(SW) -> 23(gpu)   volume = 0.125
   epoch 0:  33(SW) -> 26(gpu)   volume = 0.125
   epoch 0:  33(SW) -> 27(gpu)   volume = 0.125
   epoch 0:  33(SW) -> 29(gpu)   volume = 0.125
   epoch 0:  33(SW) -> 31(gpu)   volume = 0.125
   epoch 0:  34(SW) -> 13(gpu)   volume = 0.125
   epoch 0:  34(SW) -> 18(gpu)   volume = 0.125
   epoch 0:  34(SW) -> 21(gpu)   volume = 0.125
   epoch 0:  34(SW) -> 23(gpu)   volume = 0.125
   epoch 0:  34(SW) -> 26(gpu)   volume = 0.125
   epoch 0:  34(SW) -> 27(gpu)   volume = 0.125
   epoch 0:  34(SW) -> 29(gpu)   volume = 0.125
   epoch 0:  34(SW) -> 31(gpu)   volume = 0.125
   epoch 0:  35(SW) -> 13(gpu)   volume = 0.125
   epoch 0:  35(SW) -> 18(gpu)   volume = 0.125
   epoch 0:  35(SW) -> 21(gpu)   volume = 0.125
   epoch 0:  35(SW) -> 23(gpu)   volume = 0.125
   epoch 0:  35(SW) -> 26(gpu)   volume = 0.125
   epoch 0:  35(SW) -> 27(gpu)   volume = 0.125
   epoch 0:  35(SW) -> 29(gpu)   volume = 0.125
   epoch 0:  35(SW) -> 31(gpu)   volume = 0.125
   epoch 0:  36(SW) -> 13(gpu)   volume = 0.125
   epoch 0:  36(SW) -> 18(gpu)   volume = 0.125
   epoch 0:  36(SW) -> 21(gpu)   volume = 0.125
   epoch 0:  36(SW) -> 23(gpu)   volume = 0.125
   epoch 0:  36(SW) -> 26(gpu)   volume = 0.125
   epoch 0:  36(SW) -> 27(gpu)   volume = 0.125
   epoch 0:  36(SW) -> 29(gpu)   volume = 0.125
   epoch 0:  36(SW) -> 31(gpu)   volume = 0.125
   epoch 0:  37(SW) -> 13(gpu)   volume = 0.125
   epoch 0:  37(SW) -> 18(gpu)   volume = 0.125
   epoch 0:  37(SW) -> 21(gpu)   volume = 0.125
   epoch 0:  37(SW) -> 23(gpu)   volume = 0.125
   epoch 0:  37(SW) -> 26(gpu)   volume = 0.125
   epoch 0:  37(SW) -> 27(gpu)   volume = 0.125
   epoch 0:  37(SW) -> 29(gpu)   volume = 0.125
   epoch 0:  37(SW) -> 31(gpu)   volume = 0.125
   epoch 0:  38(SW) -> 13(gpu)   volume = 0.125
   epoch 0:  38(SW) -> 18(gpu)   volume = 0.125
   epoch 0:  38(SW) -> 21(gpu)   volume = 0.125
   epoch 0:  38(SW) -> 23(gpu)   volume = 0.125
   epoch 0:  38(SW) -> 26(gpu)   volume = 0.125
   epoch 0:  38(SW) -> 27(gpu)   volume = 0.125
   epoch 0:  38(SW) -> 29(gpu)   volume = 0.125
   epoch 0:  38(SW) -> 31(gpu)   volume = 0.125
   epoch 0:  39(SW) -> 13(gpu)   volume = 0.125
   epoch 0:  39(SW) -> 18(gpu)   volume = 0.125
   epoch 0:  39(SW) -> 21(gpu)   volume = 0.125
   epoch 0:  39(SW) -> 23(gpu)   volume = 0.125
   epoch 0:  39(SW) -> 26(gpu)   volume = 0.125
   epoch 0:  39(SW) -> 27(gpu)   volume = 0.125
   epoch 0:  39(SW) -> 29(gpu)   volume = 0.125
   epoch 0:  39(SW) -> 31(gpu)   volume = 0.125
   epoch 1:   4(gpu) -> 32(SW)   volume = 1.0
   epoch 1:   4(gpu) -> 33(SW)   volume = 1.0
   epoch 1:   4(gpu) -> 34(SW)   volume = 1.0
   epoch 1:   4(gpu) -> 35(SW)   volume = 1.0
   epoch 1:   4(gpu) -> 36(SW)   volume = 1.0
   epoch 1:   4(gpu) -> 37(SW)   volume = 1.0
   epoch 1:   4(gpu) -> 38(SW)   volume = 1.0
   epoch 1:   4(gpu) -> 39(SW)   volume = 1.0
   epoch 1:  32(SW) ->  0(gpu)   volume = 0.125
   epoch 1:  32(SW) ->  2(gpu)   volume = 0.125
   epoch 1:  32(SW) ->  7(gpu)   volume = 0.125
   epoch 1:  32(SW) -> 12(gpu)   volume = 0.125
   epoch 1:  32(SW) -> 14(gpu)   volume = 0.125
   epoch 1:  32(SW) -> 17(gpu)   volume = 0.125
   epoch 1:  32(SW) -> 22(gpu)   volume = 0.125
   epoch 1:  32(SW) -> 28(gpu)   volume = 0.125
   epoch 1:  33(SW) ->  0(gpu)   volume = 0.125
   epoch 1:  33(SW) ->  2(gpu)   volume = 0.125
   epoch 1:  33(SW) ->  7(gpu)   volume = 0.125
   epoch 1:  33(SW) -> 12(gpu)   volume = 0.125
   epoch 1:  33(SW) -> 14(gpu)   volume = 0.125
   epoch 1:  33(SW) -> 17(gpu)   volume = 0.125
   epoch 1:  33(SW) -> 22(gpu)   volume = 0.125
   epoch 1:  33(SW) -> 28(gpu)   volume = 0.125
   epoch 1:  34(SW) ->  0(gpu)   volume = 0.125
   epoch 1:  34(SW) ->  2(gpu)   volume = 0.125
   epoch 1:  34(SW) ->  7(gpu)   volume = 0.125
   epoch 1:  34(SW) -> 12(gpu)   volume = 0.125
   epoch 1:  34(SW) -> 14(gpu)   volume = 0.125
   epoch 1:  34(SW) -> 17(gpu)   volume = 0.125
   epoch 1:  34(SW) -> 22(gpu)   volume = 0.125
   epoch 1:  34(SW) -> 28(gpu)   volume = 0.125
   epoch 1:  35(SW) ->  0(gpu)   volume = 0.125
   epoch 1:  35(SW) ->  2(gpu)   volume = 0.125
   epoch 1:  35(SW) ->  7(gpu)   volume = 0.125
   epoch 1:  35(SW) -> 12(gpu)   volume = 0.125
   epoch 1:  35(SW) -> 14(gpu)   volume = 0.125
   epoch 1:  35(SW) -> 17(gpu)   volume = 0.125
   epoch 1:  35(SW) -> 22(gpu)   volume = 0.125
   epoch 1:  35(SW) -> 28(gpu)   volume = 0.125
   epoch 1:  36(SW) ->  0(gpu)   volume = 0.125
   epoch 1:  36(SW) ->  2(gpu)   volume = 0.125
   epoch 1:  36(SW) ->  7(gpu)   volume = 0.125
   epoch 1:  36(SW) -> 12(gpu)   volume = 0.125
   epoch 1:  36(SW) -> 14(gpu)   volume = 0.125
   epoch 1:  36(SW) -> 17(gpu)   volume = 0.125
   epoch 1:  36(SW) -> 22(gpu)   volume = 0.125
   epoch 1:  36(SW) -> 28(gpu)   volume = 0.125
   epoch 1:  37(SW) ->  0(gpu)   volume = 0.125
   epoch 1:  37(SW) ->  2(gpu)   volume = 0.125
   epoch 1:  37(SW) ->  7(gpu)   volume = 0.125
   epoch 1:  37(SW) -> 12(gpu)   volume = 0.125
   epoch 1:  37(SW) -> 14(gpu)   volume = 0.125
   epoch 1:  37(SW) -> 17(gpu)   volume = 0.125
   epoch 1:  37(SW) -> 22(gpu)   volume = 0.125
   epoch 1:  37(SW) -> 28(gpu)   volume = 0.125
   epoch 1:  38(SW) ->  0(gpu)   volume = 0.125
   epoch 1:  38(SW) ->  2(gpu)   volume = 0.125
   epoch 1:  38(SW) ->  7(gpu)   volume = 0.125
   epoch 1:  38(SW) -> 12(gpu)   volume = 0.125
   epoch 1:  38(SW) -> 14(gpu)   volume = 0.125
   epoch 1:  38(SW) -> 17(gpu)   volume = 0.125
   epoch 1:  38(SW) -> 22(gpu)   volume = 0.125
   epoch 1:  38(SW) -> 28(gpu)   volume = 0.125
   epoch 1:  39(SW) ->  0(gpu)   volume = 0.125
   epoch 1:  39(SW) ->  2(gpu)   volume = 0.125
   epoch 1:  39(SW) ->  7(gpu)   volume = 0.125
   epoch 1:  39(SW) -> 12(gpu)   volume = 0.125
   epoch 1:  39(SW) -> 14(gpu)   volume = 0.125
   epoch 1:  39(SW) -> 17(gpu)   volume = 0.125
   epoch 1:  39(SW) -> 22(gpu)   volume = 0.125
   epoch 1:  39(SW) -> 28(gpu)   volume = 0.125
   epoch 2:   4(gpu) -> 32(SW)   volume = 1.0
   epoch 2:   4(gpu) -> 33(SW)   volume = 1.0
   epoch 2:   4(gpu) -> 34(SW)   volume = 1.0
   epoch 2:   4(gpu) -> 35(SW)   volume = 1.0
   epoch 2:   4(gpu) -> 36(SW)   volume = 1.0
   epoch 2:   4(gpu) -> 37(SW)   volume = 1.0
   epoch 2:   4(gpu) -> 38(SW)   volume = 1.0
   epoch 2:   4(gpu) -> 39(SW)   volume = 1.0
   epoch 2:  32(SW) ->  1(gpu)   volume = 0.125
   epoch 2:  32(SW) ->  3(gpu)   volume = 0.125
   epoch 2:  32(SW) ->  6(gpu)   volume = 0.125
   epoch 2:  32(SW) -> 10(gpu)   volume = 0.125
   epoch 2:  32(SW) -> 15(gpu)   volume = 0.125
   epoch 2:  32(SW) -> 16(gpu)   volume = 0.125
   epoch 2:  32(SW) -> 20(gpu)   volume = 0.125
   epoch 2:  32(SW) -> 24(gpu)   volume = 0.125
   epoch 2:  33(SW) ->  1(gpu)   volume = 0.125
   epoch 2:  33(SW) ->  3(gpu)   volume = 0.125
   epoch 2:  33(SW) ->  6(gpu)   volume = 0.125
   epoch 2:  33(SW) -> 10(gpu)   volume = 0.125
   epoch 2:  33(SW) -> 15(gpu)   volume = 0.125
   epoch 2:  33(SW) -> 16(gpu)   volume = 0.125
   epoch 2:  33(SW) -> 20(gpu)   volume = 0.125
   epoch 2:  33(SW) -> 24(gpu)   volume = 0.125
   epoch 2:  34(SW) ->  1(gpu)   volume = 0.125
   epoch 2:  34(SW) ->  3(gpu)   volume = 0.125
   epoch 2:  34(SW) ->  6(gpu)   volume = 0.125
   epoch 2:  34(SW) -> 10(gpu)   volume = 0.125
   epoch 2:  34(SW) -> 15(gpu)   volume = 0.125
   epoch 2:  34(SW) -> 16(gpu)   volume = 0.125
   epoch 2:  34(SW) -> 20(gpu)   volume = 0.125
   epoch 2:  34(SW) -> 24(gpu)   volume = 0.125
   epoch 2:  35(SW) ->  1(gpu)   volume = 0.125
   epoch 2:  35(SW) ->  3(gpu)   volume = 0.125
   epoch 2:  35(SW) ->  6(gpu)   volume = 0.125
   epoch 2:  35(SW) -> 10(gpu)   volume = 0.125
   epoch 2:  35(SW) -> 15(gpu)   volume = 0.125
   epoch 2:  35(SW) -> 16(gpu)   volume = 0.125
   epoch 2:  35(SW) -> 20(gpu)   volume = 0.125
   epoch 2:  35(SW) -> 24(gpu)   volume = 0.125
   epoch 2:  36(SW) ->  1(gpu)   volume = 0.125
   epoch 2:  36(SW) ->  3(gpu)   volume = 0.125
   epoch 2:  36(SW) ->  6(gpu)   volume = 0.125
   epoch 2:  36(SW) -> 10(gpu)   volume = 0.125
   epoch 2:  36(SW) -> 15(gpu)   volume = 0.125
   epoch 2:  36(SW) -> 16(gpu)   volume = 0.125
   epoch 2:  36(SW) -> 20(gpu)   volume = 0.125
   epoch 2:  36(SW) -> 24(gpu)   volume = 0.125
   epoch 2:  37(SW) ->  1(gpu)   volume = 0.125
   epoch 2:  37(SW) ->  3(gpu)   volume = 0.125
   epoch 2:  37(SW) ->  6(gpu)   volume = 0.125
   epoch 2:  37(SW) -> 10(gpu)   volume = 0.125
   epoch 2:  37(SW) -> 15(gpu)   volume = 0.125
   epoch 2:  37(SW) -> 16(gpu)   volume = 0.125
   epoch 2:  37(SW) -> 20(gpu)   volume = 0.125
   epoch 2:  37(SW) -> 24(gpu)   volume = 0.125
   epoch 2:  38(SW) ->  1(gpu)   volume = 0.125
   epoch 2:  38(SW) ->  3(gpu)   volume = 0.125
   epoch 2:  38(SW) ->  6(gpu)   volume = 0.125
   epoch 2:  38(SW) -> 10(gpu)   volume = 0.125
   epoch 2:  38(SW) -> 15(gpu)   volume = 0.125
   epoch 2:  38(SW) -> 16(gpu)   volume = 0.125
   epoch 2:  38(SW) -> 20(gpu)   volume = 0.125
   epoch 2:  38(SW) -> 24(gpu)   volume = 0.125
   epoch 2:  39(SW) ->  1(gpu)   volume = 0.125
   epoch 2:  39(SW) ->  3(gpu)   volume = 0.125
   epoch 2:  39(SW) ->  6(gpu)   volume = 0.125
   epoch 2:  39(SW) -> 10(gpu)   volume = 0.125
   epoch 2:  39(SW) -> 15(gpu)   volume = 0.125
   epoch 2:  39(SW) -> 16(gpu)   volume = 0.125
   epoch 2:  39(SW) -> 20(gpu)   volume = 0.125
   epoch 2:  39(SW) -> 24(gpu)   volume = 0.125
   epoch 3:   4(gpu) -> 32(SW)   volume = 0.875
   epoch 3:   4(gpu) -> 33(SW)   volume = 0.875
   epoch 3:   4(gpu) -> 34(SW)   volume = 0.875
   epoch 3:   4(gpu) -> 35(SW)   volume = 0.875
   epoch 3:   4(gpu) -> 36(SW)   volume = 0.875
   epoch 3:   4(gpu) -> 37(SW)   volume = 0.875
   epoch 3:   4(gpu) -> 38(SW)   volume = 0.875
   epoch 3:   4(gpu) -> 39(SW)   volume = 0.875
   epoch 3:  32(SW) ->  5(gpu)   volume = 0.125
   epoch 3:  32(SW) ->  8(gpu)   volume = 0.125
   epoch 3:  32(SW) ->  9(gpu)   volume = 0.125
   epoch 3:  32(SW) -> 11(gpu)   volume = 0.125
   epoch 3:  32(SW) -> 19(gpu)   volume = 0.125
   epoch 3:  32(SW) -> 25(gpu)   volume = 0.125
   epoch 3:  32(SW) -> 30(gpu)   volume = 0.125
   epoch 3:  33(SW) ->  5(gpu)   volume = 0.125
   epoch 3:  33(SW) ->  8(gpu)   volume = 0.125
   epoch 3:  33(SW) ->  9(gpu)   volume = 0.125
   epoch 3:  33(SW) -> 11(gpu)   volume = 0.125
   epoch 3:  33(SW) -> 19(gpu)   volume = 0.125
   epoch 3:  33(SW) -> 25(gpu)   volume = 0.125
   epoch 3:  33(SW) -> 30(gpu)   volume = 0.125
   epoch 3:  34(SW) ->  5(gpu)   volume = 0.125
   epoch 3:  34(SW) ->  8(gpu)   volume = 0.125
   epoch 3:  34(SW) ->  9(gpu)   volume = 0.125
   epoch 3:  34(SW) -> 11(gpu)   volume = 0.125
   epoch 3:  34(SW) -> 19(gpu)   volume = 0.125
   epoch 3:  34(SW) -> 25(gpu)   volume = 0.125
   epoch 3:  34(SW) -> 30(gpu)   volume = 0.125
   epoch 3:  35(SW) ->  5(gpu)   volume = 0.125
   epoch 3:  35(SW) ->  8(gpu)   volume = 0.125
   epoch 3:  35(SW) ->  9(gpu)   volume = 0.125
   epoch 3:  35(SW) -> 11(gpu)   volume = 0.125
   epoch 3:  35(SW) -> 19(gpu)   volume = 0.125
   epoch 3:  35(SW) -> 25(gpu)   volume = 0.125
   epoch 3:  35(SW) -> 30(gpu)   volume = 0.125
   epoch 3:  36(SW) ->  5(gpu)   volume = 0.125
   epoch 3:  36(SW) ->  8(gpu)   volume = 0.125
   epoch 3:  36(SW) ->  9(gpu)   volume = 0.125
   epoch 3:  36(SW) -> 11(gpu)   volume = 0.125
   epoch 3:  36(SW) -> 19(gpu)   volume = 0.125
   epoch 3:  36(SW) -> 25(gpu)   volume = 0.125
   epoch 3:  36(SW) -> 30(gpu)   volume = 0.125
   epoch 3:  37(SW) ->  5(gpu)   volume = 0.125
   epoch 3:  37(SW) ->  8(gpu)   volume = 0.125
   epoch 3:  37(SW) ->  9(gpu)   volume = 0.125
   epoch 3:  37(SW) -> 11(gpu)   volume = 0.125
   epoch 3:  37(SW) -> 19(gpu)   volume = 0.125
   epoch 3:  37(SW) -> 25(gpu)   volume = 0.125
   epoch 3:  37(SW) -> 30(gpu)   volume = 0.125
   epoch 3:  38(SW) ->  5(gpu)   volume = 0.125
   epoch 3:  38(SW) ->  8(gpu)   volume = 0.125
   epoch 3:  38(SW) ->  9(gpu)   volume = 0.125
   epoch 3:  38(SW) -> 11(gpu)   volume = 0.125
   epoch 3:  38(SW) -> 19(gpu)   volume = 0.125
   epoch 3:  38(SW) -> 25(gpu)   volume = 0.125
   epoch 3:  38(SW) -> 30(gpu)   volume = 0.125
   epoch 3:  39(SW) ->  5(gpu)   volume = 0.125
   epoch 3:  39(SW) ->  8(gpu)   volume = 0.125
   epoch 3:  39(SW) ->  9(gpu)   volume = 0.125
   epoch 3:  39(SW) -> 11(gpu)   volume = 0.125
   epoch 3:  39(SW) -> 19(gpu)   volume = 0.125
   epoch 3:  39(SW) -> 25(gpu)   volume = 0.125
   epoch 3:  39(SW) -> 30(gpu)   volume = 0.125

-- source 5 --
   epoch 0:   5(gpu) -> 32(SW)   volume = 1.0
   epoch 0:   5(gpu) -> 33(SW)   volume = 1.0
   epoch 0:   5(gpu) -> 34(SW)   volume = 1.0
   epoch 0:   5(gpu) -> 35(SW)   volume = 1.0
   epoch 0:   5(gpu) -> 36(SW)   volume = 1.0
   epoch 0:   5(gpu) -> 37(SW)   volume = 1.0
   epoch 0:   5(gpu) -> 38(SW)   volume = 1.0
   epoch 0:   5(gpu) -> 39(SW)   volume = 1.0
   epoch 0:  32(SW) -> 14(gpu)   volume = 0.125
   epoch 0:  32(SW) -> 18(gpu)   volume = 0.125
   epoch 0:  32(SW) -> 20(gpu)   volume = 0.125
   epoch 0:  32(SW) -> 24(gpu)   volume = 0.125
   epoch 0:  32(SW) -> 25(gpu)   volume = 0.125
   epoch 0:  32(SW) -> 26(gpu)   volume = 0.125
   epoch 0:  32(SW) -> 29(gpu)   volume = 0.125
   epoch 0:  32(SW) -> 31(gpu)   volume = 0.125
   epoch 0:  33(SW) -> 14(gpu)   volume = 0.125
   epoch 0:  33(SW) -> 18(gpu)   volume = 0.125
   epoch 0:  33(SW) -> 20(gpu)   volume = 0.125
   epoch 0:  33(SW) -> 24(gpu)   volume = 0.125
   epoch 0:  33(SW) -> 25(gpu)   volume = 0.125
   epoch 0:  33(SW) -> 26(gpu)   volume = 0.125
   epoch 0:  33(SW) -> 29(gpu)   volume = 0.125
   epoch 0:  33(SW) -> 31(gpu)   volume = 0.125
   epoch 0:  34(SW) -> 14(gpu)   volume = 0.125
   epoch 0:  34(SW) -> 18(gpu)   volume = 0.125
   epoch 0:  34(SW) -> 20(gpu)   volume = 0.125
   epoch 0:  34(SW) -> 24(gpu)   volume = 0.125
   epoch 0:  34(SW) -> 25(gpu)   volume = 0.125
   epoch 0:  34(SW) -> 26(gpu)   volume = 0.125
   epoch 0:  34(SW) -> 29(gpu)   volume = 0.125
   epoch 0:  34(SW) -> 31(gpu)   volume = 0.125
   epoch 0:  35(SW) -> 14(gpu)   volume = 0.125
   epoch 0:  35(SW) -> 18(gpu)   volume = 0.125
   epoch 0:  35(SW) -> 20(gpu)   volume = 0.125
   epoch 0:  35(SW) -> 24(gpu)   volume = 0.125
   epoch 0:  35(SW) -> 25(gpu)   volume = 0.125
   epoch 0:  35(SW) -> 26(gpu)   volume = 0.125
   epoch 0:  35(SW) -> 29(gpu)   volume = 0.125
   epoch 0:  35(SW) -> 31(gpu)   volume = 0.125
   epoch 0:  36(SW) -> 14(gpu)   volume = 0.125
   epoch 0:  36(SW) -> 18(gpu)   volume = 0.125
   epoch 0:  36(SW) -> 20(gpu)   volume = 0.125
   epoch 0:  36(SW) -> 24(gpu)   volume = 0.125
   epoch 0:  36(SW) -> 25(gpu)   volume = 0.125
   epoch 0:  36(SW) -> 26(gpu)   volume = 0.125
   epoch 0:  36(SW) -> 29(gpu)   volume = 0.125
   epoch 0:  36(SW) -> 31(gpu)   volume = 0.125
   epoch 0:  37(SW) -> 14(gpu)   volume = 0.125
   epoch 0:  37(SW) -> 18(gpu)   volume = 0.125
   epoch 0:  37(SW) -> 20(gpu)   volume = 0.125
   epoch 0:  37(SW) -> 24(gpu)   volume = 0.125
   epoch 0:  37(SW) -> 25(gpu)   volume = 0.125
   epoch 0:  37(SW) -> 26(gpu)   volume = 0.125
   epoch 0:  37(SW) -> 29(gpu)   volume = 0.125
   epoch 0:  37(SW) -> 31(gpu)   volume = 0.125
   epoch 0:  38(SW) -> 14(gpu)   volume = 0.125
   epoch 0:  38(SW) -> 18(gpu)   volume = 0.125
   epoch 0:  38(SW) -> 20(gpu)   volume = 0.125
   epoch 0:  38(SW) -> 24(gpu)   volume = 0.125
   epoch 0:  38(SW) -> 25(gpu)   volume = 0.125
   epoch 0:  38(SW) -> 26(gpu)   volume = 0.125
   epoch 0:  38(SW) -> 29(gpu)   volume = 0.125
   epoch 0:  38(SW) -> 31(gpu)   volume = 0.125
   epoch 0:  39(SW) -> 14(gpu)   volume = 0.125
   epoch 0:  39(SW) -> 18(gpu)   volume = 0.125
   epoch 0:  39(SW) -> 20(gpu)   volume = 0.125
   epoch 0:  39(SW) -> 24(gpu)   volume = 0.125
   epoch 0:  39(SW) -> 25(gpu)   volume = 0.125
   epoch 0:  39(SW) -> 26(gpu)   volume = 0.125
   epoch 0:  39(SW) -> 29(gpu)   volume = 0.125
   epoch 0:  39(SW) -> 31(gpu)   volume = 0.125
   epoch 1:   5(gpu) -> 32(SW)   volume = 1.0
   epoch 1:   5(gpu) -> 33(SW)   volume = 1.0
   epoch 1:   5(gpu) -> 34(SW)   volume = 1.0
   epoch 1:   5(gpu) -> 35(SW)   volume = 1.0
   epoch 1:   5(gpu) -> 36(SW)   volume = 1.0
   epoch 1:   5(gpu) -> 37(SW)   volume = 1.0
   epoch 1:   5(gpu) -> 38(SW)   volume = 1.0
   epoch 1:   5(gpu) -> 39(SW)   volume = 1.0
   epoch 1:  32(SW) ->  2(gpu)   volume = 0.125
   epoch 1:  32(SW) ->  7(gpu)   volume = 0.125
   epoch 1:  32(SW) ->  8(gpu)   volume = 0.125
   epoch 1:  32(SW) ->  9(gpu)   volume = 0.125
   epoch 1:  32(SW) -> 11(gpu)   volume = 0.125
   epoch 1:  32(SW) -> 13(gpu)   volume = 0.125
   epoch 1:  32(SW) -> 16(gpu)   volume = 0.125
   epoch 1:  32(SW) -> 23(gpu)   volume = 0.125
   epoch 1:  33(SW) ->  2(gpu)   volume = 0.125
   epoch 1:  33(SW) ->  7(gpu)   volume = 0.125
   epoch 1:  33(SW) ->  8(gpu)   volume = 0.125
   epoch 1:  33(SW) ->  9(gpu)   volume = 0.125
   epoch 1:  33(SW) -> 11(gpu)   volume = 0.125
   epoch 1:  33(SW) -> 13(gpu)   volume = 0.125
   epoch 1:  33(SW) -> 16(gpu)   volume = 0.125
   epoch 1:  33(SW) -> 23(gpu)   volume = 0.125
   epoch 1:  34(SW) ->  2(gpu)   volume = 0.125
   epoch 1:  34(SW) ->  7(gpu)   volume = 0.125
   epoch 1:  34(SW) ->  8(gpu)   volume = 0.125
   epoch 1:  34(SW) ->  9(gpu)   volume = 0.125
   epoch 1:  34(SW) -> 11(gpu)   volume = 0.125
   epoch 1:  34(SW) -> 13(gpu)   volume = 0.125
   epoch 1:  34(SW) -> 16(gpu)   volume = 0.125
   epoch 1:  34(SW) -> 23(gpu)   volume = 0.125
   epoch 1:  35(SW) ->  2(gpu)   volume = 0.125
   epoch 1:  35(SW) ->  7(gpu)   volume = 0.125
   epoch 1:  35(SW) ->  8(gpu)   volume = 0.125
   epoch 1:  35(SW) ->  9(gpu)   volume = 0.125
   epoch 1:  35(SW) -> 11(gpu)   volume = 0.125
   epoch 1:  35(SW) -> 13(gpu)   volume = 0.125
   epoch 1:  35(SW) -> 16(gpu)   volume = 0.125
   epoch 1:  35(SW) -> 23(gpu)   volume = 0.125
   epoch 1:  36(SW) ->  2(gpu)   volume = 0.125
   epoch 1:  36(SW) ->  7(gpu)   volume = 0.125
   epoch 1:  36(SW) ->  8(gpu)   volume = 0.125
   epoch 1:  36(SW) ->  9(gpu)   volume = 0.125
   epoch 1:  36(SW) -> 11(gpu)   volume = 0.125
   epoch 1:  36(SW) -> 13(gpu)   volume = 0.125
   epoch 1:  36(SW) -> 16(gpu)   volume = 0.125
   epoch 1:  36(SW) -> 23(gpu)   volume = 0.125
   epoch 1:  37(SW) ->  2(gpu)   volume = 0.125
   epoch 1:  37(SW) ->  7(gpu)   volume = 0.125
   epoch 1:  37(SW) ->  8(gpu)   volume = 0.125
   epoch 1:  37(SW) ->  9(gpu)   volume = 0.125
   epoch 1:  37(SW) -> 11(gpu)   volume = 0.125
   epoch 1:  37(SW) -> 13(gpu)   volume = 0.125
   epoch 1:  37(SW) -> 16(gpu)   volume = 0.125
   epoch 1:  37(SW) -> 23(gpu)   volume = 0.125
   epoch 1:  38(SW) ->  2(gpu)   volume = 0.125
   epoch 1:  38(SW) ->  7(gpu)   volume = 0.125
   epoch 1:  38(SW) ->  8(gpu)   volume = 0.125
   epoch 1:  38(SW) ->  9(gpu)   volume = 0.125
   epoch 1:  38(SW) -> 11(gpu)   volume = 0.125
   epoch 1:  38(SW) -> 13(gpu)   volume = 0.125
   epoch 1:  38(SW) -> 16(gpu)   volume = 0.125
   epoch 1:  38(SW) -> 23(gpu)   volume = 0.125
   epoch 1:  39(SW) ->  2(gpu)   volume = 0.125
   epoch 1:  39(SW) ->  7(gpu)   volume = 0.125
   epoch 1:  39(SW) ->  8(gpu)   volume = 0.125
   epoch 1:  39(SW) ->  9(gpu)   volume = 0.125
   epoch 1:  39(SW) -> 11(gpu)   volume = 0.125
   epoch 1:  39(SW) -> 13(gpu)   volume = 0.125
   epoch 1:  39(SW) -> 16(gpu)   volume = 0.125
   epoch 1:  39(SW) -> 23(gpu)   volume = 0.125
   epoch 2:   5(gpu) -> 32(SW)   volume = 1.0
   epoch 2:   5(gpu) -> 33(SW)   volume = 1.0
   epoch 2:   5(gpu) -> 34(SW)   volume = 1.0
   epoch 2:   5(gpu) -> 35(SW)   volume = 1.0
   epoch 2:   5(gpu) -> 36(SW)   volume = 1.0
   epoch 2:   5(gpu) -> 37(SW)   volume = 1.0
   epoch 2:   5(gpu) -> 38(SW)   volume = 1.0
   epoch 2:   5(gpu) -> 39(SW)   volume = 1.0
   epoch 2:  32(SW) ->  1(gpu)   volume = 0.125
   epoch 2:  32(SW) ->  3(gpu)   volume = 0.125
   epoch 2:  32(SW) -> 10(gpu)   volume = 0.125
   epoch 2:  32(SW) -> 12(gpu)   volume = 0.125
   epoch 2:  32(SW) -> 15(gpu)   volume = 0.125
   epoch 2:  32(SW) -> 17(gpu)   volume = 0.125
   epoch 2:  32(SW) -> 22(gpu)   volume = 0.125
   epoch 2:  32(SW) -> 30(gpu)   volume = 0.125
   epoch 2:  33(SW) ->  1(gpu)   volume = 0.125
   epoch 2:  33(SW) ->  3(gpu)   volume = 0.125
   epoch 2:  33(SW) -> 10(gpu)   volume = 0.125
   epoch 2:  33(SW) -> 12(gpu)   volume = 0.125
   epoch 2:  33(SW) -> 15(gpu)   volume = 0.125
   epoch 2:  33(SW) -> 17(gpu)   volume = 0.125
   epoch 2:  33(SW) -> 22(gpu)   volume = 0.125
   epoch 2:  33(SW) -> 30(gpu)   volume = 0.125
   epoch 2:  34(SW) ->  1(gpu)   volume = 0.125
   epoch 2:  34(SW) ->  3(gpu)   volume = 0.125
   epoch 2:  34(SW) -> 10(gpu)   volume = 0.125
   epoch 2:  34(SW) -> 12(gpu)   volume = 0.125
   epoch 2:  34(SW) -> 15(gpu)   volume = 0.125
   epoch 2:  34(SW) -> 17(gpu)   volume = 0.125
   epoch 2:  34(SW) -> 22(gpu)   volume = 0.125
   epoch 2:  34(SW) -> 30(gpu)   volume = 0.125
   epoch 2:  35(SW) ->  1(gpu)   volume = 0.125
   epoch 2:  35(SW) ->  3(gpu)   volume = 0.125
   epoch 2:  35(SW) -> 10(gpu)   volume = 0.125
   epoch 2:  35(SW) -> 12(gpu)   volume = 0.125
   epoch 2:  35(SW) -> 15(gpu)   volume = 0.125
   epoch 2:  35(SW) -> 17(gpu)   volume = 0.125
   epoch 2:  35(SW) -> 22(gpu)   volume = 0.125
   epoch 2:  35(SW) -> 30(gpu)   volume = 0.125
   epoch 2:  36(SW) ->  1(gpu)   volume = 0.125
   epoch 2:  36(SW) ->  3(gpu)   volume = 0.125
   epoch 2:  36(SW) -> 10(gpu)   volume = 0.125
   epoch 2:  36(SW) -> 12(gpu)   volume = 0.125
   epoch 2:  36(SW) -> 15(gpu)   volume = 0.125
   epoch 2:  36(SW) -> 17(gpu)   volume = 0.125
   epoch 2:  36(SW) -> 22(gpu)   volume = 0.125
   epoch 2:  36(SW) -> 30(gpu)   volume = 0.125
   epoch 2:  37(SW) ->  1(gpu)   volume = 0.125
   epoch 2:  37(SW) ->  3(gpu)   volume = 0.125
   epoch 2:  37(SW) -> 10(gpu)   volume = 0.125
   epoch 2:  37(SW) -> 12(gpu)   volume = 0.125
   epoch 2:  37(SW) -> 15(gpu)   volume = 0.125
   epoch 2:  37(SW) -> 17(gpu)   volume = 0.125
   epoch 2:  37(SW) -> 22(gpu)   volume = 0.125
   epoch 2:  37(SW) -> 30(gpu)   volume = 0.125
   epoch 2:  38(SW) ->  1(gpu)   volume = 0.125
   epoch 2:  38(SW) ->  3(gpu)   volume = 0.125
   epoch 2:  38(SW) -> 10(gpu)   volume = 0.125
   epoch 2:  38(SW) -> 12(gpu)   volume = 0.125
   epoch 2:  38(SW) -> 15(gpu)   volume = 0.125
   epoch 2:  38(SW) -> 17(gpu)   volume = 0.125
   epoch 2:  38(SW) -> 22(gpu)   volume = 0.125
   epoch 2:  38(SW) -> 30(gpu)   volume = 0.125
   epoch 2:  39(SW) ->  1(gpu)   volume = 0.125
   epoch 2:  39(SW) ->  3(gpu)   volume = 0.125
   epoch 2:  39(SW) -> 10(gpu)   volume = 0.125
   epoch 2:  39(SW) -> 12(gpu)   volume = 0.125
   epoch 2:  39(SW) -> 15(gpu)   volume = 0.125
   epoch 2:  39(SW) -> 17(gpu)   volume = 0.125
   epoch 2:  39(SW) -> 22(gpu)   volume = 0.125
   epoch 2:  39(SW) -> 30(gpu)   volume = 0.125
   epoch 3:   5(gpu) -> 32(SW)   volume = 0.875
   epoch 3:   5(gpu) -> 33(SW)   volume = 0.875
   epoch 3:   5(gpu) -> 34(SW)   volume = 0.875
   epoch 3:   5(gpu) -> 35(SW)   volume = 0.875
   epoch 3:   5(gpu) -> 36(SW)   volume = 0.875
   epoch 3:   5(gpu) -> 37(SW)   volume = 0.875
   epoch 3:   5(gpu) -> 38(SW)   volume = 0.875
   epoch 3:   5(gpu) -> 39(SW)   volume = 0.875
   epoch 3:  32(SW) ->  0(gpu)   volume = 0.125
   epoch 3:  32(SW) ->  4(gpu)   volume = 0.125
   epoch 3:  32(SW) ->  6(gpu)   volume = 0.125
   epoch 3:  32(SW) -> 19(gpu)   volume = 0.125
   epoch 3:  32(SW) -> 21(gpu)   volume = 0.125
   epoch 3:  32(SW) -> 27(gpu)   volume = 0.125
   epoch 3:  32(SW) -> 28(gpu)   volume = 0.125
   epoch 3:  33(SW) ->  0(gpu)   volume = 0.125
   epoch 3:  33(SW) ->  4(gpu)   volume = 0.125
   epoch 3:  33(SW) ->  6(gpu)   volume = 0.125
   epoch 3:  33(SW) -> 19(gpu)   volume = 0.125
   epoch 3:  33(SW) -> 21(gpu)   volume = 0.125
   epoch 3:  33(SW) -> 27(gpu)   volume = 0.125
   epoch 3:  33(SW) -> 28(gpu)   volume = 0.125
   epoch 3:  34(SW) ->  0(gpu)   volume = 0.125
   epoch 3:  34(SW) ->  4(gpu)   volume = 0.125
   epoch 3:  34(SW) ->  6(gpu)   volume = 0.125
   epoch 3:  34(SW) -> 19(gpu)   volume = 0.125
   epoch 3:  34(SW) -> 21(gpu)   volume = 0.125
   epoch 3:  34(SW) -> 27(gpu)   volume = 0.125
   epoch 3:  34(SW) -> 28(gpu)   volume = 0.125
   epoch 3:  35(SW) ->  0(gpu)   volume = 0.125
   epoch 3:  35(SW) ->  4(gpu)   volume = 0.125
   epoch 3:  35(SW) ->  6(gpu)   volume = 0.125
   epoch 3:  35(SW) -> 19(gpu)   volume = 0.125
   epoch 3:  35(SW) -> 21(gpu)   volume = 0.125
   epoch 3:  35(SW) -> 27(gpu)   volume = 0.125
   epoch 3:  35(SW) -> 28(gpu)   volume = 0.125
   epoch 3:  36(SW) ->  0(gpu)   volume = 0.125
   epoch 3:  36(SW) ->  4(gpu)   volume = 0.125
   epoch 3:  36(SW) ->  6(gpu)   volume = 0.125
   epoch 3:  36(SW) -> 19(gpu)   volume = 0.125
   epoch 3:  36(SW) -> 21(gpu)   volume = 0.125
   epoch 3:  36(SW) -> 27(gpu)   volume = 0.125
   epoch 3:  36(SW) -> 28(gpu)   volume = 0.125
   epoch 3:  37(SW) ->  0(gpu)   volume = 0.125
   epoch 3:  37(SW) ->  4(gpu)   volume = 0.125
   epoch 3:  37(SW) ->  6(gpu)   volume = 0.125
   epoch 3:  37(SW) -> 19(gpu)   volume = 0.125
   epoch 3:  37(SW) -> 21(gpu)   volume = 0.125
   epoch 3:  37(SW) -> 27(gpu)   volume = 0.125
   epoch 3:  37(SW) -> 28(gpu)   volume = 0.125
   epoch 3:  38(SW) ->  0(gpu)   volume = 0.125
   epoch 3:  38(SW) ->  4(gpu)   volume = 0.125
   epoch 3:  38(SW) ->  6(gpu)   volume = 0.125
   epoch 3:  38(SW) -> 19(gpu)   volume = 0.125
   epoch 3:  38(SW) -> 21(gpu)   volume = 0.125
   epoch 3:  38(SW) -> 27(gpu)   volume = 0.125
   epoch 3:  38(SW) -> 28(gpu)   volume = 0.125
   epoch 3:  39(SW) ->  0(gpu)   volume = 0.125
   epoch 3:  39(SW) ->  4(gpu)   volume = 0.125
   epoch 3:  39(SW) ->  6(gpu)   volume = 0.125
   epoch 3:  39(SW) -> 19(gpu)   volume = 0.125
   epoch 3:  39(SW) -> 21(gpu)   volume = 0.125
   epoch 3:  39(SW) -> 27(gpu)   volume = 0.125
   epoch 3:  39(SW) -> 28(gpu)   volume = 0.125

-- source 6 --
   epoch 0:   6(gpu) -> 32(SW)   volume = 1.0
   epoch 0:   6(gpu) -> 33(SW)   volume = 1.0
   epoch 0:   6(gpu) -> 34(SW)   volume = 1.0
   epoch 0:   6(gpu) -> 35(SW)   volume = 1.0
   epoch 0:   6(gpu) -> 36(SW)   volume = 1.0
   epoch 0:   6(gpu) -> 37(SW)   volume = 1.0
   epoch 0:   6(gpu) -> 38(SW)   volume = 1.0
   epoch 0:   6(gpu) -> 39(SW)   volume = 1.0
   epoch 0:  32(SW) ->  2(gpu)   volume = 0.125
   epoch 0:  32(SW) ->  5(gpu)   volume = 0.125
   epoch 0:  32(SW) -> 11(gpu)   volume = 0.125
   epoch 0:  32(SW) -> 16(gpu)   volume = 0.125
   epoch 0:  32(SW) -> 23(gpu)   volume = 0.125
   epoch 0:  32(SW) -> 24(gpu)   volume = 0.125
   epoch 0:  32(SW) -> 27(gpu)   volume = 0.125
   epoch 0:  32(SW) -> 29(gpu)   volume = 0.125
   epoch 0:  33(SW) ->  2(gpu)   volume = 0.125
   epoch 0:  33(SW) ->  5(gpu)   volume = 0.125
   epoch 0:  33(SW) -> 11(gpu)   volume = 0.125
   epoch 0:  33(SW) -> 16(gpu)   volume = 0.125
   epoch 0:  33(SW) -> 23(gpu)   volume = 0.125
   epoch 0:  33(SW) -> 24(gpu)   volume = 0.125
   epoch 0:  33(SW) -> 27(gpu)   volume = 0.125
   epoch 0:  33(SW) -> 29(gpu)   volume = 0.125
   epoch 0:  34(SW) ->  2(gpu)   volume = 0.125
   epoch 0:  34(SW) ->  5(gpu)   volume = 0.125
   epoch 0:  34(SW) -> 11(gpu)   volume = 0.125
   epoch 0:  34(SW) -> 16(gpu)   volume = 0.125
   epoch 0:  34(SW) -> 23(gpu)   volume = 0.125
   epoch 0:  34(SW) -> 24(gpu)   volume = 0.125
   epoch 0:  34(SW) -> 27(gpu)   volume = 0.125
   epoch 0:  34(SW) -> 29(gpu)   volume = 0.125
   epoch 0:  35(SW) ->  2(gpu)   volume = 0.125
   epoch 0:  35(SW) ->  5(gpu)   volume = 0.125
   epoch 0:  35(SW) -> 11(gpu)   volume = 0.125
   epoch 0:  35(SW) -> 16(gpu)   volume = 0.125
   epoch 0:  35(SW) -> 23(gpu)   volume = 0.125
   epoch 0:  35(SW) -> 24(gpu)   volume = 0.125
   epoch 0:  35(SW) -> 27(gpu)   volume = 0.125
   epoch 0:  35(SW) -> 29(gpu)   volume = 0.125
   epoch 0:  36(SW) ->  2(gpu)   volume = 0.125
   epoch 0:  36(SW) ->  5(gpu)   volume = 0.125
   epoch 0:  36(SW) -> 11(gpu)   volume = 0.125
   epoch 0:  36(SW) -> 16(gpu)   volume = 0.125
   epoch 0:  36(SW) -> 23(gpu)   volume = 0.125
   epoch 0:  36(SW) -> 24(gpu)   volume = 0.125
   epoch 0:  36(SW) -> 27(gpu)   volume = 0.125
   epoch 0:  36(SW) -> 29(gpu)   volume = 0.125
   epoch 0:  37(SW) ->  2(gpu)   volume = 0.125
   epoch 0:  37(SW) ->  5(gpu)   volume = 0.125
   epoch 0:  37(SW) -> 11(gpu)   volume = 0.125
   epoch 0:  37(SW) -> 16(gpu)   volume = 0.125
   epoch 0:  37(SW) -> 23(gpu)   volume = 0.125
   epoch 0:  37(SW) -> 24(gpu)   volume = 0.125
   epoch 0:  37(SW) -> 27(gpu)   volume = 0.125
   epoch 0:  37(SW) -> 29(gpu)   volume = 0.125
   epoch 0:  38(SW) ->  2(gpu)   volume = 0.125
   epoch 0:  38(SW) ->  5(gpu)   volume = 0.125
   epoch 0:  38(SW) -> 11(gpu)   volume = 0.125
   epoch 0:  38(SW) -> 16(gpu)   volume = 0.125
   epoch 0:  38(SW) -> 23(gpu)   volume = 0.125
   epoch 0:  38(SW) -> 24(gpu)   volume = 0.125
   epoch 0:  38(SW) -> 27(gpu)   volume = 0.125
   epoch 0:  38(SW) -> 29(gpu)   volume = 0.125
   epoch 0:  39(SW) ->  2(gpu)   volume = 0.125
   epoch 0:  39(SW) ->  5(gpu)   volume = 0.125
   epoch 0:  39(SW) -> 11(gpu)   volume = 0.125
   epoch 0:  39(SW) -> 16(gpu)   volume = 0.125
   epoch 0:  39(SW) -> 23(gpu)   volume = 0.125
   epoch 0:  39(SW) -> 24(gpu)   volume = 0.125
   epoch 0:  39(SW) -> 27(gpu)   volume = 0.125
   epoch 0:  39(SW) -> 29(gpu)   volume = 0.125
   epoch 1:   6(gpu) -> 32(SW)   volume = 1.0
   epoch 1:   6(gpu) -> 33(SW)   volume = 1.0
   epoch 1:   6(gpu) -> 34(SW)   volume = 1.0
   epoch 1:   6(gpu) -> 35(SW)   volume = 1.0
   epoch 1:   6(gpu) -> 36(SW)   volume = 1.0
   epoch 1:   6(gpu) -> 37(SW)   volume = 1.0
   epoch 1:   6(gpu) -> 38(SW)   volume = 1.0
   epoch 1:   6(gpu) -> 39(SW)   volume = 1.0
   epoch 1:  32(SW) ->  0(gpu)   volume = 0.125
   epoch 1:  32(SW) ->  4(gpu)   volume = 0.125
   epoch 1:  32(SW) -> 10(gpu)   volume = 0.125
   epoch 1:  32(SW) -> 12(gpu)   volume = 0.125
   epoch 1:  32(SW) -> 18(gpu)   volume = 0.125
   epoch 1:  32(SW) -> 20(gpu)   volume = 0.125
   epoch 1:  32(SW) -> 26(gpu)   volume = 0.125
   epoch 1:  32(SW) -> 30(gpu)   volume = 0.125
   epoch 1:  33(SW) ->  0(gpu)   volume = 0.125
   epoch 1:  33(SW) ->  4(gpu)   volume = 0.125
   epoch 1:  33(SW) -> 10(gpu)   volume = 0.125
   epoch 1:  33(SW) -> 12(gpu)   volume = 0.125
   epoch 1:  33(SW) -> 18(gpu)   volume = 0.125
   epoch 1:  33(SW) -> 20(gpu)   volume = 0.125
   epoch 1:  33(SW) -> 26(gpu)   volume = 0.125
   epoch 1:  33(SW) -> 30(gpu)   volume = 0.125
   epoch 1:  34(SW) ->  0(gpu)   volume = 0.125
   epoch 1:  34(SW) ->  4(gpu)   volume = 0.125
   epoch 1:  34(SW) -> 10(gpu)   volume = 0.125
   epoch 1:  34(SW) -> 12(gpu)   volume = 0.125
   epoch 1:  34(SW) -> 18(gpu)   volume = 0.125
   epoch 1:  34(SW) -> 20(gpu)   volume = 0.125
   epoch 1:  34(SW) -> 26(gpu)   volume = 0.125
   epoch 1:  34(SW) -> 30(gpu)   volume = 0.125
   epoch 1:  35(SW) ->  0(gpu)   volume = 0.125
   epoch 1:  35(SW) ->  4(gpu)   volume = 0.125
   epoch 1:  35(SW) -> 10(gpu)   volume = 0.125
   epoch 1:  35(SW) -> 12(gpu)   volume = 0.125
   epoch 1:  35(SW) -> 18(gpu)   volume = 0.125
   epoch 1:  35(SW) -> 20(gpu)   volume = 0.125
   epoch 1:  35(SW) -> 26(gpu)   volume = 0.125
   epoch 1:  35(SW) -> 30(gpu)   volume = 0.125
   epoch 1:  36(SW) ->  0(gpu)   volume = 0.125
   epoch 1:  36(SW) ->  4(gpu)   volume = 0.125
   epoch 1:  36(SW) -> 10(gpu)   volume = 0.125
   epoch 1:  36(SW) -> 12(gpu)   volume = 0.125
   epoch 1:  36(SW) -> 18(gpu)   volume = 0.125
   epoch 1:  36(SW) -> 20(gpu)   volume = 0.125
   epoch 1:  36(SW) -> 26(gpu)   volume = 0.125
   epoch 1:  36(SW) -> 30(gpu)   volume = 0.125
   epoch 1:  37(SW) ->  0(gpu)   volume = 0.125
   epoch 1:  37(SW) ->  4(gpu)   volume = 0.125
   epoch 1:  37(SW) -> 10(gpu)   volume = 0.125
   epoch 1:  37(SW) -> 12(gpu)   volume = 0.125
   epoch 1:  37(SW) -> 18(gpu)   volume = 0.125
   epoch 1:  37(SW) -> 20(gpu)   volume = 0.125
   epoch 1:  37(SW) -> 26(gpu)   volume = 0.125
   epoch 1:  37(SW) -> 30(gpu)   volume = 0.125
   epoch 1:  38(SW) ->  0(gpu)   volume = 0.125
   epoch 1:  38(SW) ->  4(gpu)   volume = 0.125
   epoch 1:  38(SW) -> 10(gpu)   volume = 0.125
   epoch 1:  38(SW) -> 12(gpu)   volume = 0.125
   epoch 1:  38(SW) -> 18(gpu)   volume = 0.125
   epoch 1:  38(SW) -> 20(gpu)   volume = 0.125
   epoch 1:  38(SW) -> 26(gpu)   volume = 0.125
   epoch 1:  38(SW) -> 30(gpu)   volume = 0.125
   epoch 1:  39(SW) ->  0(gpu)   volume = 0.125
   epoch 1:  39(SW) ->  4(gpu)   volume = 0.125
   epoch 1:  39(SW) -> 10(gpu)   volume = 0.125
   epoch 1:  39(SW) -> 12(gpu)   volume = 0.125
   epoch 1:  39(SW) -> 18(gpu)   volume = 0.125
   epoch 1:  39(SW) -> 20(gpu)   volume = 0.125
   epoch 1:  39(SW) -> 26(gpu)   volume = 0.125
   epoch 1:  39(SW) -> 30(gpu)   volume = 0.125
   epoch 2:   6(gpu) -> 32(SW)   volume = 1.0
   epoch 2:   6(gpu) -> 33(SW)   volume = 1.0
   epoch 2:   6(gpu) -> 34(SW)   volume = 1.0
   epoch 2:   6(gpu) -> 35(SW)   volume = 1.0
   epoch 2:   6(gpu) -> 36(SW)   volume = 1.0
   epoch 2:   6(gpu) -> 37(SW)   volume = 1.0
   epoch 2:   6(gpu) -> 38(SW)   volume = 1.0
   epoch 2:   6(gpu) -> 39(SW)   volume = 1.0
   epoch 2:  32(SW) ->  7(gpu)   volume = 0.125
   epoch 2:  32(SW) ->  8(gpu)   volume = 0.125
   epoch 2:  32(SW) -> 13(gpu)   volume = 0.125
   epoch 2:  32(SW) -> 19(gpu)   volume = 0.125
   epoch 2:  32(SW) -> 21(gpu)   volume = 0.125
   epoch 2:  32(SW) -> 25(gpu)   volume = 0.125
   epoch 2:  32(SW) -> 28(gpu)   volume = 0.125
   epoch 2:  32(SW) -> 31(gpu)   volume = 0.125
   epoch 2:  33(SW) ->  7(gpu)   volume = 0.125
   epoch 2:  33(SW) ->  8(gpu)   volume = 0.125
   epoch 2:  33(SW) -> 13(gpu)   volume = 0.125
   epoch 2:  33(SW) -> 19(gpu)   volume = 0.125
   epoch 2:  33(SW) -> 21(gpu)   volume = 0.125
   epoch 2:  33(SW) -> 25(gpu)   volume = 0.125
   epoch 2:  33(SW) -> 28(gpu)   volume = 0.125
   epoch 2:  33(SW) -> 31(gpu)   volume = 0.125
   epoch 2:  34(SW) ->  7(gpu)   volume = 0.125
   epoch 2:  34(SW) ->  8(gpu)   volume = 0.125
   epoch 2:  34(SW) -> 13(gpu)   volume = 0.125
   epoch 2:  34(SW) -> 19(gpu)   volume = 0.125
   epoch 2:  34(SW) -> 21(gpu)   volume = 0.125
   epoch 2:  34(SW) -> 25(gpu)   volume = 0.125
   epoch 2:  34(SW) -> 28(gpu)   volume = 0.125
   epoch 2:  34(SW) -> 31(gpu)   volume = 0.125
   epoch 2:  35(SW) ->  7(gpu)   volume = 0.125
   epoch 2:  35(SW) ->  8(gpu)   volume = 0.125
   epoch 2:  35(SW) -> 13(gpu)   volume = 0.125
   epoch 2:  35(SW) -> 19(gpu)   volume = 0.125
   epoch 2:  35(SW) -> 21(gpu)   volume = 0.125
   epoch 2:  35(SW) -> 25(gpu)   volume = 0.125
   epoch 2:  35(SW) -> 28(gpu)   volume = 0.125
   epoch 2:  35(SW) -> 31(gpu)   volume = 0.125
   epoch 2:  36(SW) ->  7(gpu)   volume = 0.125
   epoch 2:  36(SW) ->  8(gpu)   volume = 0.125
   epoch 2:  36(SW) -> 13(gpu)   volume = 0.125
   epoch 2:  36(SW) -> 19(gpu)   volume = 0.125
   epoch 2:  36(SW) -> 21(gpu)   volume = 0.125
   epoch 2:  36(SW) -> 25(gpu)   volume = 0.125
   epoch 2:  36(SW) -> 28(gpu)   volume = 0.125
   epoch 2:  36(SW) -> 31(gpu)   volume = 0.125
   epoch 2:  37(SW) ->  7(gpu)   volume = 0.125
   epoch 2:  37(SW) ->  8(gpu)   volume = 0.125
   epoch 2:  37(SW) -> 13(gpu)   volume = 0.125
   epoch 2:  37(SW) -> 19(gpu)   volume = 0.125
   epoch 2:  37(SW) -> 21(gpu)   volume = 0.125
   epoch 2:  37(SW) -> 25(gpu)   volume = 0.125
   epoch 2:  37(SW) -> 28(gpu)   volume = 0.125
   epoch 2:  37(SW) -> 31(gpu)   volume = 0.125
   epoch 2:  38(SW) ->  7(gpu)   volume = 0.125
   epoch 2:  38(SW) ->  8(gpu)   volume = 0.125
   epoch 2:  38(SW) -> 13(gpu)   volume = 0.125
   epoch 2:  38(SW) -> 19(gpu)   volume = 0.125
   epoch 2:  38(SW) -> 21(gpu)   volume = 0.125
   epoch 2:  38(SW) -> 25(gpu)   volume = 0.125
   epoch 2:  38(SW) -> 28(gpu)   volume = 0.125
   epoch 2:  38(SW) -> 31(gpu)   volume = 0.125
   epoch 2:  39(SW) ->  7(gpu)   volume = 0.125
   epoch 2:  39(SW) ->  8(gpu)   volume = 0.125
   epoch 2:  39(SW) -> 13(gpu)   volume = 0.125
   epoch 2:  39(SW) -> 19(gpu)   volume = 0.125
   epoch 2:  39(SW) -> 21(gpu)   volume = 0.125
   epoch 2:  39(SW) -> 25(gpu)   volume = 0.125
   epoch 2:  39(SW) -> 28(gpu)   volume = 0.125
   epoch 2:  39(SW) -> 31(gpu)   volume = 0.125
   epoch 3:   6(gpu) -> 32(SW)   volume = 0.875
   epoch 3:   6(gpu) -> 33(SW)   volume = 0.875
   epoch 3:   6(gpu) -> 34(SW)   volume = 0.875
   epoch 3:   6(gpu) -> 35(SW)   volume = 0.875
   epoch 3:   6(gpu) -> 36(SW)   volume = 0.875
   epoch 3:   6(gpu) -> 37(SW)   volume = 0.875
   epoch 3:   6(gpu) -> 38(SW)   volume = 0.875
   epoch 3:   6(gpu) -> 39(SW)   volume = 0.875
   epoch 3:  32(SW) ->  1(gpu)   volume = 0.125
   epoch 3:  32(SW) ->  3(gpu)   volume = 0.125
   epoch 3:  32(SW) ->  9(gpu)   volume = 0.125
   epoch 3:  32(SW) -> 14(gpu)   volume = 0.125
   epoch 3:  32(SW) -> 15(gpu)   volume = 0.125
   epoch 3:  32(SW) -> 17(gpu)   volume = 0.125
   epoch 3:  32(SW) -> 22(gpu)   volume = 0.125
   epoch 3:  33(SW) ->  1(gpu)   volume = 0.125
   epoch 3:  33(SW) ->  3(gpu)   volume = 0.125
   epoch 3:  33(SW) ->  9(gpu)   volume = 0.125
   epoch 3:  33(SW) -> 14(gpu)   volume = 0.125
   epoch 3:  33(SW) -> 15(gpu)   volume = 0.125
   epoch 3:  33(SW) -> 17(gpu)   volume = 0.125
   epoch 3:  33(SW) -> 22(gpu)   volume = 0.125
   epoch 3:  34(SW) ->  1(gpu)   volume = 0.125
   epoch 3:  34(SW) ->  3(gpu)   volume = 0.125
   epoch 3:  34(SW) ->  9(gpu)   volume = 0.125
   epoch 3:  34(SW) -> 14(gpu)   volume = 0.125
   epoch 3:  34(SW) -> 15(gpu)   volume = 0.125
   epoch 3:  34(SW) -> 17(gpu)   volume = 0.125
   epoch 3:  34(SW) -> 22(gpu)   volume = 0.125
   epoch 3:  35(SW) ->  1(gpu)   volume = 0.125
   epoch 3:  35(SW) ->  3(gpu)   volume = 0.125
   epoch 3:  35(SW) ->  9(gpu)   volume = 0.125
   epoch 3:  35(SW) -> 14(gpu)   volume = 0.125
   epoch 3:  35(SW) -> 15(gpu)   volume = 0.125
   epoch 3:  35(SW) -> 17(gpu)   volume = 0.125
   epoch 3:  35(SW) -> 22(gpu)   volume = 0.125
   epoch 3:  36(SW) ->  1(gpu)   volume = 0.125
   epoch 3:  36(SW) ->  3(gpu)   volume = 0.125
   epoch 3:  36(SW) ->  9(gpu)   volume = 0.125
   epoch 3:  36(SW) -> 14(gpu)   volume = 0.125
   epoch 3:  36(SW) -> 15(gpu)   volume = 0.125
   epoch 3:  36(SW) -> 17(gpu)   volume = 0.125
   epoch 3:  36(SW) -> 22(gpu)   volume = 0.125
   epoch 3:  37(SW) ->  1(gpu)   volume = 0.125
   epoch 3:  37(SW) ->  3(gpu)   volume = 0.125
   epoch 3:  37(SW) ->  9(gpu)   volume = 0.125
   epoch 3:  37(SW) -> 14(gpu)   volume = 0.125
   epoch 3:  37(SW) -> 15(gpu)   volume = 0.125
   epoch 3:  37(SW) -> 17(gpu)   volume = 0.125
   epoch 3:  37(SW) -> 22(gpu)   volume = 0.125
   epoch 3:  38(SW) ->  1(gpu)   volume = 0.125
   epoch 3:  38(SW) ->  3(gpu)   volume = 0.125
   epoch 3:  38(SW) ->  9(gpu)   volume = 0.125
   epoch 3:  38(SW) -> 14(gpu)   volume = 0.125
   epoch 3:  38(SW) -> 15(gpu)   volume = 0.125
   epoch 3:  38(SW) -> 17(gpu)   volume = 0.125
   epoch 3:  38(SW) -> 22(gpu)   volume = 0.125
   epoch 3:  39(SW) ->  1(gpu)   volume = 0.125
   epoch 3:  39(SW) ->  3(gpu)   volume = 0.125
   epoch 3:  39(SW) ->  9(gpu)   volume = 0.125
   epoch 3:  39(SW) -> 14(gpu)   volume = 0.125
   epoch 3:  39(SW) -> 15(gpu)   volume = 0.125
   epoch 3:  39(SW) -> 17(gpu)   volume = 0.125
   epoch 3:  39(SW) -> 22(gpu)   volume = 0.125

-- source 7 --
   epoch 0:   7(gpu) -> 32(SW)   volume = 1.0
   epoch 0:   7(gpu) -> 33(SW)   volume = 1.0
   epoch 0:   7(gpu) -> 34(SW)   volume = 1.0
   epoch 0:   7(gpu) -> 35(SW)   volume = 1.0
   epoch 0:   7(gpu) -> 36(SW)   volume = 1.0
   epoch 0:   7(gpu) -> 37(SW)   volume = 1.0
   epoch 0:   7(gpu) -> 38(SW)   volume = 1.0
   epoch 0:   7(gpu) -> 39(SW)   volume = 1.0
   epoch 0:  32(SW) ->  2(gpu)   volume = 0.125
   epoch 0:  32(SW) ->  6(gpu)   volume = 0.125
   epoch 0:  32(SW) -> 16(gpu)   volume = 0.125
   epoch 0:  32(SW) -> 22(gpu)   volume = 0.125
   epoch 0:  32(SW) -> 24(gpu)   volume = 0.125
   epoch 0:  32(SW) -> 28(gpu)   volume = 0.125
   epoch 0:  32(SW) -> 29(gpu)   volume = 0.125
   epoch 0:  32(SW) -> 31(gpu)   volume = 0.125
   epoch 0:  33(SW) ->  2(gpu)   volume = 0.125
   epoch 0:  33(SW) ->  6(gpu)   volume = 0.125
   epoch 0:  33(SW) -> 16(gpu)   volume = 0.125
   epoch 0:  33(SW) -> 22(gpu)   volume = 0.125
   epoch 0:  33(SW) -> 24(gpu)   volume = 0.125
   epoch 0:  33(SW) -> 28(gpu)   volume = 0.125
   epoch 0:  33(SW) -> 29(gpu)   volume = 0.125
   epoch 0:  33(SW) -> 31(gpu)   volume = 0.125
   epoch 0:  34(SW) ->  2(gpu)   volume = 0.125
   epoch 0:  34(SW) ->  6(gpu)   volume = 0.125
   epoch 0:  34(SW) -> 16(gpu)   volume = 0.125
   epoch 0:  34(SW) -> 22(gpu)   volume = 0.125
   epoch 0:  34(SW) -> 24(gpu)   volume = 0.125
   epoch 0:  34(SW) -> 28(gpu)   volume = 0.125
   epoch 0:  34(SW) -> 29(gpu)   volume = 0.125
   epoch 0:  34(SW) -> 31(gpu)   volume = 0.125
   epoch 0:  35(SW) ->  2(gpu)   volume = 0.125
   epoch 0:  35(SW) ->  6(gpu)   volume = 0.125
   epoch 0:  35(SW) -> 16(gpu)   volume = 0.125
   epoch 0:  35(SW) -> 22(gpu)   volume = 0.125
   epoch 0:  35(SW) -> 24(gpu)   volume = 0.125
   epoch 0:  35(SW) -> 28(gpu)   volume = 0.125
   epoch 0:  35(SW) -> 29(gpu)   volume = 0.125
   epoch 0:  35(SW) -> 31(gpu)   volume = 0.125
   epoch 0:  36(SW) ->  2(gpu)   volume = 0.125
   epoch 0:  36(SW) ->  6(gpu)   volume = 0.125
   epoch 0:  36(SW) -> 16(gpu)   volume = 0.125
   epoch 0:  36(SW) -> 22(gpu)   volume = 0.125
   epoch 0:  36(SW) -> 24(gpu)   volume = 0.125
   epoch 0:  36(SW) -> 28(gpu)   volume = 0.125
   epoch 0:  36(SW) -> 29(gpu)   volume = 0.125
   epoch 0:  36(SW) -> 31(gpu)   volume = 0.125
   epoch 0:  37(SW) ->  2(gpu)   volume = 0.125
   epoch 0:  37(SW) ->  6(gpu)   volume = 0.125
   epoch 0:  37(SW) -> 16(gpu)   volume = 0.125
   epoch 0:  37(SW) -> 22(gpu)   volume = 0.125
   epoch 0:  37(SW) -> 24(gpu)   volume = 0.125
   epoch 0:  37(SW) -> 28(gpu)   volume = 0.125
   epoch 0:  37(SW) -> 29(gpu)   volume = 0.125
   epoch 0:  37(SW) -> 31(gpu)   volume = 0.125
   epoch 0:  38(SW) ->  2(gpu)   volume = 0.125
   epoch 0:  38(SW) ->  6(gpu)   volume = 0.125
   epoch 0:  38(SW) -> 16(gpu)   volume = 0.125
   epoch 0:  38(SW) -> 22(gpu)   volume = 0.125
   epoch 0:  38(SW) -> 24(gpu)   volume = 0.125
   epoch 0:  38(SW) -> 28(gpu)   volume = 0.125
   epoch 0:  38(SW) -> 29(gpu)   volume = 0.125
   epoch 0:  38(SW) -> 31(gpu)   volume = 0.125
   epoch 0:  39(SW) ->  2(gpu)   volume = 0.125
   epoch 0:  39(SW) ->  6(gpu)   volume = 0.125
   epoch 0:  39(SW) -> 16(gpu)   volume = 0.125
   epoch 0:  39(SW) -> 22(gpu)   volume = 0.125
   epoch 0:  39(SW) -> 24(gpu)   volume = 0.125
   epoch 0:  39(SW) -> 28(gpu)   volume = 0.125
   epoch 0:  39(SW) -> 29(gpu)   volume = 0.125
   epoch 0:  39(SW) -> 31(gpu)   volume = 0.125
   epoch 1:   7(gpu) -> 32(SW)   volume = 1.0
   epoch 1:   7(gpu) -> 33(SW)   volume = 1.0
   epoch 1:   7(gpu) -> 34(SW)   volume = 1.0
   epoch 1:   7(gpu) -> 35(SW)   volume = 1.0
   epoch 1:   7(gpu) -> 36(SW)   volume = 1.0
   epoch 1:   7(gpu) -> 37(SW)   volume = 1.0
   epoch 1:   7(gpu) -> 38(SW)   volume = 1.0
   epoch 1:   7(gpu) -> 39(SW)   volume = 1.0
   epoch 1:  32(SW) ->  1(gpu)   volume = 0.125
   epoch 1:  32(SW) ->  8(gpu)   volume = 0.125
   epoch 1:  32(SW) ->  9(gpu)   volume = 0.125
   epoch 1:  32(SW) -> 14(gpu)   volume = 0.125
   epoch 1:  32(SW) -> 20(gpu)   volume = 0.125
   epoch 1:  32(SW) -> 25(gpu)   volume = 0.125
   epoch 1:  32(SW) -> 27(gpu)   volume = 0.125
   epoch 1:  32(SW) -> 30(gpu)   volume = 0.125
   epoch 1:  33(SW) ->  1(gpu)   volume = 0.125
   epoch 1:  33(SW) ->  8(gpu)   volume = 0.125
   epoch 1:  33(SW) ->  9(gpu)   volume = 0.125
   epoch 1:  33(SW) -> 14(gpu)   volume = 0.125
   epoch 1:  33(SW) -> 20(gpu)   volume = 0.125
   epoch 1:  33(SW) -> 25(gpu)   volume = 0.125
   epoch 1:  33(SW) -> 27(gpu)   volume = 0.125
   epoch 1:  33(SW) -> 30(gpu)   volume = 0.125
   epoch 1:  34(SW) ->  1(gpu)   volume = 0.125
   epoch 1:  34(SW) ->  8(gpu)   volume = 0.125
   epoch 1:  34(SW) ->  9(gpu)   volume = 0.125
   epoch 1:  34(SW) -> 14(gpu)   volume = 0.125
   epoch 1:  34(SW) -> 20(gpu)   volume = 0.125
   epoch 1:  34(SW) -> 25(gpu)   volume = 0.125
   epoch 1:  34(SW) -> 27(gpu)   volume = 0.125
   epoch 1:  34(SW) -> 30(gpu)   volume = 0.125
   epoch 1:  35(SW) ->  1(gpu)   volume = 0.125
   epoch 1:  35(SW) ->  8(gpu)   volume = 0.125
   epoch 1:  35(SW) ->  9(gpu)   volume = 0.125
   epoch 1:  35(SW) -> 14(gpu)   volume = 0.125
   epoch 1:  35(SW) -> 20(gpu)   volume = 0.125
   epoch 1:  35(SW) -> 25(gpu)   volume = 0.125
   epoch 1:  35(SW) -> 27(gpu)   volume = 0.125
   epoch 1:  35(SW) -> 30(gpu)   volume = 0.125
   epoch 1:  36(SW) ->  1(gpu)   volume = 0.125
   epoch 1:  36(SW) ->  8(gpu)   volume = 0.125
   epoch 1:  36(SW) ->  9(gpu)   volume = 0.125
   epoch 1:  36(SW) -> 14(gpu)   volume = 0.125
   epoch 1:  36(SW) -> 20(gpu)   volume = 0.125
   epoch 1:  36(SW) -> 25(gpu)   volume = 0.125
   epoch 1:  36(SW) -> 27(gpu)   volume = 0.125
   epoch 1:  36(SW) -> 30(gpu)   volume = 0.125
   epoch 1:  37(SW) ->  1(gpu)   volume = 0.125
   epoch 1:  37(SW) ->  8(gpu)   volume = 0.125
   epoch 1:  37(SW) ->  9(gpu)   volume = 0.125
   epoch 1:  37(SW) -> 14(gpu)   volume = 0.125
   epoch 1:  37(SW) -> 20(gpu)   volume = 0.125
   epoch 1:  37(SW) -> 25(gpu)   volume = 0.125
   epoch 1:  37(SW) -> 27(gpu)   volume = 0.125
   epoch 1:  37(SW) -> 30(gpu)   volume = 0.125
   epoch 1:  38(SW) ->  1(gpu)   volume = 0.125
   epoch 1:  38(SW) ->  8(gpu)   volume = 0.125
   epoch 1:  38(SW) ->  9(gpu)   volume = 0.125
   epoch 1:  38(SW) -> 14(gpu)   volume = 0.125
   epoch 1:  38(SW) -> 20(gpu)   volume = 0.125
   epoch 1:  38(SW) -> 25(gpu)   volume = 0.125
   epoch 1:  38(SW) -> 27(gpu)   volume = 0.125
   epoch 1:  38(SW) -> 30(gpu)   volume = 0.125
   epoch 1:  39(SW) ->  1(gpu)   volume = 0.125
   epoch 1:  39(SW) ->  8(gpu)   volume = 0.125
   epoch 1:  39(SW) ->  9(gpu)   volume = 0.125
   epoch 1:  39(SW) -> 14(gpu)   volume = 0.125
   epoch 1:  39(SW) -> 20(gpu)   volume = 0.125
   epoch 1:  39(SW) -> 25(gpu)   volume = 0.125
   epoch 1:  39(SW) -> 27(gpu)   volume = 0.125
   epoch 1:  39(SW) -> 30(gpu)   volume = 0.125
   epoch 2:   7(gpu) -> 32(SW)   volume = 1.0
   epoch 2:   7(gpu) -> 33(SW)   volume = 1.0
   epoch 2:   7(gpu) -> 34(SW)   volume = 1.0
   epoch 2:   7(gpu) -> 35(SW)   volume = 1.0
   epoch 2:   7(gpu) -> 36(SW)   volume = 1.0
   epoch 2:   7(gpu) -> 37(SW)   volume = 1.0
   epoch 2:   7(gpu) -> 38(SW)   volume = 1.0
   epoch 2:   7(gpu) -> 39(SW)   volume = 1.0
   epoch 2:  32(SW) ->  3(gpu)   volume = 0.125
   epoch 2:  32(SW) ->  5(gpu)   volume = 0.125
   epoch 2:  32(SW) -> 11(gpu)   volume = 0.125
   epoch 2:  32(SW) -> 12(gpu)   volume = 0.125
   epoch 2:  32(SW) -> 17(gpu)   volume = 0.125
   epoch 2:  32(SW) -> 18(gpu)   volume = 0.125
   epoch 2:  32(SW) -> 21(gpu)   volume = 0.125
   epoch 2:  32(SW) -> 26(gpu)   volume = 0.125
   epoch 2:  33(SW) ->  3(gpu)   volume = 0.125
   epoch 2:  33(SW) ->  5(gpu)   volume = 0.125
   epoch 2:  33(SW) -> 11(gpu)   volume = 0.125
   epoch 2:  33(SW) -> 12(gpu)   volume = 0.125
   epoch 2:  33(SW) -> 17(gpu)   volume = 0.125
   epoch 2:  33(SW) -> 18(gpu)   volume = 0.125
   epoch 2:  33(SW) -> 21(gpu)   volume = 0.125
   epoch 2:  33(SW) -> 26(gpu)   volume = 0.125
   epoch 2:  34(SW) ->  3(gpu)   volume = 0.125
   epoch 2:  34(SW) ->  5(gpu)   volume = 0.125
   epoch 2:  34(SW) -> 11(gpu)   volume = 0.125
   epoch 2:  34(SW) -> 12(gpu)   volume = 0.125
   epoch 2:  34(SW) -> 17(gpu)   volume = 0.125
   epoch 2:  34(SW) -> 18(gpu)   volume = 0.125
   epoch 2:  34(SW) -> 21(gpu)   volume = 0.125
   epoch 2:  34(SW) -> 26(gpu)   volume = 0.125
   epoch 2:  35(SW) ->  3(gpu)   volume = 0.125
   epoch 2:  35(SW) ->  5(gpu)   volume = 0.125
   epoch 2:  35(SW) -> 11(gpu)   volume = 0.125
   epoch 2:  35(SW) -> 12(gpu)   volume = 0.125
   epoch 2:  35(SW) -> 17(gpu)   volume = 0.125
   epoch 2:  35(SW) -> 18(gpu)   volume = 0.125
   epoch 2:  35(SW) -> 21(gpu)   volume = 0.125
   epoch 2:  35(SW) -> 26(gpu)   volume = 0.125
   epoch 2:  36(SW) ->  3(gpu)   volume = 0.125
   epoch 2:  36(SW) ->  5(gpu)   volume = 0.125
   epoch 2:  36(SW) -> 11(gpu)   volume = 0.125
   epoch 2:  36(SW) -> 12(gpu)   volume = 0.125
   epoch 2:  36(SW) -> 17(gpu)   volume = 0.125
   epoch 2:  36(SW) -> 18(gpu)   volume = 0.125
   epoch 2:  36(SW) -> 21(gpu)   volume = 0.125
   epoch 2:  36(SW) -> 26(gpu)   volume = 0.125
   epoch 2:  37(SW) ->  3(gpu)   volume = 0.125
   epoch 2:  37(SW) ->  5(gpu)   volume = 0.125
   epoch 2:  37(SW) -> 11(gpu)   volume = 0.125
   epoch 2:  37(SW) -> 12(gpu)   volume = 0.125
   epoch 2:  37(SW) -> 17(gpu)   volume = 0.125
   epoch 2:  37(SW) -> 18(gpu)   volume = 0.125
   epoch 2:  37(SW) -> 21(gpu)   volume = 0.125
   epoch 2:  37(SW) -> 26(gpu)   volume = 0.125
   epoch 2:  38(SW) ->  3(gpu)   volume = 0.125
   epoch 2:  38(SW) ->  5(gpu)   volume = 0.125
   epoch 2:  38(SW) -> 11(gpu)   volume = 0.125
   epoch 2:  38(SW) -> 12(gpu)   volume = 0.125
   epoch 2:  38(SW) -> 17(gpu)   volume = 0.125
   epoch 2:  38(SW) -> 18(gpu)   volume = 0.125
   epoch 2:  38(SW) -> 21(gpu)   volume = 0.125
   epoch 2:  38(SW) -> 26(gpu)   volume = 0.125
   epoch 2:  39(SW) ->  3(gpu)   volume = 0.125
   epoch 2:  39(SW) ->  5(gpu)   volume = 0.125
   epoch 2:  39(SW) -> 11(gpu)   volume = 0.125
   epoch 2:  39(SW) -> 12(gpu)   volume = 0.125
   epoch 2:  39(SW) -> 17(gpu)   volume = 0.125
   epoch 2:  39(SW) -> 18(gpu)   volume = 0.125
   epoch 2:  39(SW) -> 21(gpu)   volume = 0.125
   epoch 2:  39(SW) -> 26(gpu)   volume = 0.125
   epoch 3:   7(gpu) -> 32(SW)   volume = 0.875
   epoch 3:   7(gpu) -> 33(SW)   volume = 0.875
   epoch 3:   7(gpu) -> 34(SW)   volume = 0.875
   epoch 3:   7(gpu) -> 35(SW)   volume = 0.875
   epoch 3:   7(gpu) -> 36(SW)   volume = 0.875
   epoch 3:   7(gpu) -> 37(SW)   volume = 0.875
   epoch 3:   7(gpu) -> 38(SW)   volume = 0.875
   epoch 3:   7(gpu) -> 39(SW)   volume = 0.875
   epoch 3:  32(SW) ->  0(gpu)   volume = 0.125
   epoch 3:  32(SW) ->  4(gpu)   volume = 0.125
   epoch 3:  32(SW) -> 10(gpu)   volume = 0.125
   epoch 3:  32(SW) -> 13(gpu)   volume = 0.125
   epoch 3:  32(SW) -> 15(gpu)   volume = 0.125
   epoch 3:  32(SW) -> 19(gpu)   volume = 0.125
   epoch 3:  32(SW) -> 23(gpu)   volume = 0.125
   epoch 3:  33(SW) ->  0(gpu)   volume = 0.125
   epoch 3:  33(SW) ->  4(gpu)   volume = 0.125
   epoch 3:  33(SW) -> 10(gpu)   volume = 0.125
   epoch 3:  33(SW) -> 13(gpu)   volume = 0.125
   epoch 3:  33(SW) -> 15(gpu)   volume = 0.125
   epoch 3:  33(SW) -> 19(gpu)   volume = 0.125
   epoch 3:  33(SW) -> 23(gpu)   volume = 0.125
   epoch 3:  34(SW) ->  0(gpu)   volume = 0.125
   epoch 3:  34(SW) ->  4(gpu)   volume = 0.125
   epoch 3:  34(SW) -> 10(gpu)   volume = 0.125
   epoch 3:  34(SW) -> 13(gpu)   volume = 0.125
   epoch 3:  34(SW) -> 15(gpu)   volume = 0.125
   epoch 3:  34(SW) -> 19(gpu)   volume = 0.125
   epoch 3:  34(SW) -> 23(gpu)   volume = 0.125
   epoch 3:  35(SW) ->  0(gpu)   volume = 0.125
   epoch 3:  35(SW) ->  4(gpu)   volume = 0.125
   epoch 3:  35(SW) -> 10(gpu)   volume = 0.125
   epoch 3:  35(SW) -> 13(gpu)   volume = 0.125
   epoch 3:  35(SW) -> 15(gpu)   volume = 0.125
   epoch 3:  35(SW) -> 19(gpu)   volume = 0.125
   epoch 3:  35(SW) -> 23(gpu)   volume = 0.125
   epoch 3:  36(SW) ->  0(gpu)   volume = 0.125
   epoch 3:  36(SW) ->  4(gpu)   volume = 0.125
   epoch 3:  36(SW) -> 10(gpu)   volume = 0.125
   epoch 3:  36(SW) -> 13(gpu)   volume = 0.125
   epoch 3:  36(SW) -> 15(gpu)   volume = 0.125
   epoch 3:  36(SW) -> 19(gpu)   volume = 0.125
   epoch 3:  36(SW) -> 23(gpu)   volume = 0.125
   epoch 3:  37(SW) ->  0(gpu)   volume = 0.125
   epoch 3:  37(SW) ->  4(gpu)   volume = 0.125
   epoch 3:  37(SW) -> 10(gpu)   volume = 0.125
   epoch 3:  37(SW) -> 13(gpu)   volume = 0.125
   epoch 3:  37(SW) -> 15(gpu)   volume = 0.125
   epoch 3:  37(SW) -> 19(gpu)   volume = 0.125
   epoch 3:  37(SW) -> 23(gpu)   volume = 0.125
   epoch 3:  38(SW) ->  0(gpu)   volume = 0.125
   epoch 3:  38(SW) ->  4(gpu)   volume = 0.125
   epoch 3:  38(SW) -> 10(gpu)   volume = 0.125
   epoch 3:  38(SW) -> 13(gpu)   volume = 0.125
   epoch 3:  38(SW) -> 15(gpu)   volume = 0.125
   epoch 3:  38(SW) -> 19(gpu)   volume = 0.125
   epoch 3:  38(SW) -> 23(gpu)   volume = 0.125
   epoch 3:  39(SW) ->  0(gpu)   volume = 0.125
   epoch 3:  39(SW) ->  4(gpu)   volume = 0.125
   epoch 3:  39(SW) -> 10(gpu)   volume = 0.125
   epoch 3:  39(SW) -> 13(gpu)   volume = 0.125
   epoch 3:  39(SW) -> 15(gpu)   volume = 0.125
   epoch 3:  39(SW) -> 19(gpu)   volume = 0.125
   epoch 3:  39(SW) -> 23(gpu)   volume = 0.125

-- source 8 --
   epoch 0:   8(gpu) -> 32(SW)   volume = 1.0
   epoch 0:   8(gpu) -> 33(SW)   volume = 1.0
   epoch 0:   8(gpu) -> 34(SW)   volume = 1.0
   epoch 0:   8(gpu) -> 35(SW)   volume = 1.0
   epoch 0:   8(gpu) -> 36(SW)   volume = 1.0
   epoch 0:   8(gpu) -> 37(SW)   volume = 1.0
   epoch 0:   8(gpu) -> 38(SW)   volume = 1.0
   epoch 0:   8(gpu) -> 39(SW)   volume = 1.0
   epoch 0:  32(SW) -> 10(gpu)   volume = 0.125
   epoch 0:  32(SW) -> 13(gpu)   volume = 0.125
   epoch 0:  32(SW) -> 15(gpu)   volume = 0.125
   epoch 0:  32(SW) -> 22(gpu)   volume = 0.125
   epoch 0:  32(SW) -> 23(gpu)   volume = 0.125
   epoch 0:  32(SW) -> 27(gpu)   volume = 0.125
   epoch 0:  32(SW) -> 28(gpu)   volume = 0.125
   epoch 0:  32(SW) -> 29(gpu)   volume = 0.125
   epoch 0:  33(SW) -> 10(gpu)   volume = 0.125
   epoch 0:  33(SW) -> 13(gpu)   volume = 0.125
   epoch 0:  33(SW) -> 15(gpu)   volume = 0.125
   epoch 0:  33(SW) -> 22(gpu)   volume = 0.125
   epoch 0:  33(SW) -> 23(gpu)   volume = 0.125
   epoch 0:  33(SW) -> 27(gpu)   volume = 0.125
   epoch 0:  33(SW) -> 28(gpu)   volume = 0.125
   epoch 0:  33(SW) -> 29(gpu)   volume = 0.125
   epoch 0:  34(SW) -> 10(gpu)   volume = 0.125
   epoch 0:  34(SW) -> 13(gpu)   volume = 0.125
   epoch 0:  34(SW) -> 15(gpu)   volume = 0.125
   epoch 0:  34(SW) -> 22(gpu)   volume = 0.125
   epoch 0:  34(SW) -> 23(gpu)   volume = 0.125
   epoch 0:  34(SW) -> 27(gpu)   volume = 0.125
   epoch 0:  34(SW) -> 28(gpu)   volume = 0.125
   epoch 0:  34(SW) -> 29(gpu)   volume = 0.125
   epoch 0:  35(SW) -> 10(gpu)   volume = 0.125
   epoch 0:  35(SW) -> 13(gpu)   volume = 0.125
   epoch 0:  35(SW) -> 15(gpu)   volume = 0.125
   epoch 0:  35(SW) -> 22(gpu)   volume = 0.125
   epoch 0:  35(SW) -> 23(gpu)   volume = 0.125
   epoch 0:  35(SW) -> 27(gpu)   volume = 0.125
   epoch 0:  35(SW) -> 28(gpu)   volume = 0.125
   epoch 0:  35(SW) -> 29(gpu)   volume = 0.125
   epoch 0:  36(SW) -> 10(gpu)   volume = 0.125
   epoch 0:  36(SW) -> 13(gpu)   volume = 0.125
   epoch 0:  36(SW) -> 15(gpu)   volume = 0.125
   epoch 0:  36(SW) -> 22(gpu)   volume = 0.125
   epoch 0:  36(SW) -> 23(gpu)   volume = 0.125
   epoch 0:  36(SW) -> 27(gpu)   volume = 0.125
   epoch 0:  36(SW) -> 28(gpu)   volume = 0.125
   epoch 0:  36(SW) -> 29(gpu)   volume = 0.125
   epoch 0:  37(SW) -> 10(gpu)   volume = 0.125
   epoch 0:  37(SW) -> 13(gpu)   volume = 0.125
   epoch 0:  37(SW) -> 15(gpu)   volume = 0.125
   epoch 0:  37(SW) -> 22(gpu)   volume = 0.125
   epoch 0:  37(SW) -> 23(gpu)   volume = 0.125
   epoch 0:  37(SW) -> 27(gpu)   volume = 0.125
   epoch 0:  37(SW) -> 28(gpu)   volume = 0.125
   epoch 0:  37(SW) -> 29(gpu)   volume = 0.125
   epoch 0:  38(SW) -> 10(gpu)   volume = 0.125
   epoch 0:  38(SW) -> 13(gpu)   volume = 0.125
   epoch 0:  38(SW) -> 15(gpu)   volume = 0.125
   epoch 0:  38(SW) -> 22(gpu)   volume = 0.125
   epoch 0:  38(SW) -> 23(gpu)   volume = 0.125
   epoch 0:  38(SW) -> 27(gpu)   volume = 0.125
   epoch 0:  38(SW) -> 28(gpu)   volume = 0.125
   epoch 0:  38(SW) -> 29(gpu)   volume = 0.125
   epoch 0:  39(SW) -> 10(gpu)   volume = 0.125
   epoch 0:  39(SW) -> 13(gpu)   volume = 0.125
   epoch 0:  39(SW) -> 15(gpu)   volume = 0.125
   epoch 0:  39(SW) -> 22(gpu)   volume = 0.125
   epoch 0:  39(SW) -> 23(gpu)   volume = 0.125
   epoch 0:  39(SW) -> 27(gpu)   volume = 0.125
   epoch 0:  39(SW) -> 28(gpu)   volume = 0.125
   epoch 0:  39(SW) -> 29(gpu)   volume = 0.125
   epoch 1:   8(gpu) -> 32(SW)   volume = 1.0
   epoch 1:   8(gpu) -> 33(SW)   volume = 1.0
   epoch 1:   8(gpu) -> 34(SW)   volume = 1.0
   epoch 1:   8(gpu) -> 35(SW)   volume = 1.0
   epoch 1:   8(gpu) -> 36(SW)   volume = 1.0
   epoch 1:   8(gpu) -> 37(SW)   volume = 1.0
   epoch 1:   8(gpu) -> 38(SW)   volume = 1.0
   epoch 1:   8(gpu) -> 39(SW)   volume = 1.0
   epoch 1:  32(SW) ->  2(gpu)   volume = 0.125
   epoch 1:  32(SW) ->  3(gpu)   volume = 0.125
   epoch 1:  32(SW) ->  6(gpu)   volume = 0.125
   epoch 1:  32(SW) ->  7(gpu)   volume = 0.125
   epoch 1:  32(SW) -> 11(gpu)   volume = 0.125
   epoch 1:  32(SW) -> 16(gpu)   volume = 0.125
   epoch 1:  32(SW) -> 17(gpu)   volume = 0.125
   epoch 1:  32(SW) -> 19(gpu)   volume = 0.125
   epoch 1:  33(SW) ->  2(gpu)   volume = 0.125
   epoch 1:  33(SW) ->  3(gpu)   volume = 0.125
   epoch 1:  33(SW) ->  6(gpu)   volume = 0.125
   epoch 1:  33(SW) ->  7(gpu)   volume = 0.125
   epoch 1:  33(SW) -> 11(gpu)   volume = 0.125
   epoch 1:  33(SW) -> 16(gpu)   volume = 0.125
   epoch 1:  33(SW) -> 17(gpu)   volume = 0.125
   epoch 1:  33(SW) -> 19(gpu)   volume = 0.125
   epoch 1:  34(SW) ->  2(gpu)   volume = 0.125
   epoch 1:  34(SW) ->  3(gpu)   volume = 0.125
   epoch 1:  34(SW) ->  6(gpu)   volume = 0.125
   epoch 1:  34(SW) ->  7(gpu)   volume = 0.125
   epoch 1:  34(SW) -> 11(gpu)   volume = 0.125
   epoch 1:  34(SW) -> 16(gpu)   volume = 0.125
   epoch 1:  34(SW) -> 17(gpu)   volume = 0.125
   epoch 1:  34(SW) -> 19(gpu)   volume = 0.125
   epoch 1:  35(SW) ->  2(gpu)   volume = 0.125
   epoch 1:  35(SW) ->  3(gpu)   volume = 0.125
   epoch 1:  35(SW) ->  6(gpu)   volume = 0.125
   epoch 1:  35(SW) ->  7(gpu)   volume = 0.125
   epoch 1:  35(SW) -> 11(gpu)   volume = 0.125
   epoch 1:  35(SW) -> 16(gpu)   volume = 0.125
   epoch 1:  35(SW) -> 17(gpu)   volume = 0.125
   epoch 1:  35(SW) -> 19(gpu)   volume = 0.125
   epoch 1:  36(SW) ->  2(gpu)   volume = 0.125
   epoch 1:  36(SW) ->  3(gpu)   volume = 0.125
   epoch 1:  36(SW) ->  6(gpu)   volume = 0.125
   epoch 1:  36(SW) ->  7(gpu)   volume = 0.125
   epoch 1:  36(SW) -> 11(gpu)   volume = 0.125
   epoch 1:  36(SW) -> 16(gpu)   volume = 0.125
   epoch 1:  36(SW) -> 17(gpu)   volume = 0.125
   epoch 1:  36(SW) -> 19(gpu)   volume = 0.125
   epoch 1:  37(SW) ->  2(gpu)   volume = 0.125
   epoch 1:  37(SW) ->  3(gpu)   volume = 0.125
   epoch 1:  37(SW) ->  6(gpu)   volume = 0.125
   epoch 1:  37(SW) ->  7(gpu)   volume = 0.125
   epoch 1:  37(SW) -> 11(gpu)   volume = 0.125
   epoch 1:  37(SW) -> 16(gpu)   volume = 0.125
   epoch 1:  37(SW) -> 17(gpu)   volume = 0.125
   epoch 1:  37(SW) -> 19(gpu)   volume = 0.125
   epoch 1:  38(SW) ->  2(gpu)   volume = 0.125
   epoch 1:  38(SW) ->  3(gpu)   volume = 0.125
   epoch 1:  38(SW) ->  6(gpu)   volume = 0.125
   epoch 1:  38(SW) ->  7(gpu)   volume = 0.125
   epoch 1:  38(SW) -> 11(gpu)   volume = 0.125
   epoch 1:  38(SW) -> 16(gpu)   volume = 0.125
   epoch 1:  38(SW) -> 17(gpu)   volume = 0.125
   epoch 1:  38(SW) -> 19(gpu)   volume = 0.125
   epoch 1:  39(SW) ->  2(gpu)   volume = 0.125
   epoch 1:  39(SW) ->  3(gpu)   volume = 0.125
   epoch 1:  39(SW) ->  6(gpu)   volume = 0.125
   epoch 1:  39(SW) ->  7(gpu)   volume = 0.125
   epoch 1:  39(SW) -> 11(gpu)   volume = 0.125
   epoch 1:  39(SW) -> 16(gpu)   volume = 0.125
   epoch 1:  39(SW) -> 17(gpu)   volume = 0.125
   epoch 1:  39(SW) -> 19(gpu)   volume = 0.125
   epoch 2:   8(gpu) -> 32(SW)   volume = 1.0
   epoch 2:   8(gpu) -> 33(SW)   volume = 1.0
   epoch 2:   8(gpu) -> 34(SW)   volume = 1.0
   epoch 2:   8(gpu) -> 35(SW)   volume = 1.0
   epoch 2:   8(gpu) -> 36(SW)   volume = 1.0
   epoch 2:   8(gpu) -> 37(SW)   volume = 1.0
   epoch 2:   8(gpu) -> 38(SW)   volume = 1.0
   epoch 2:   8(gpu) -> 39(SW)   volume = 1.0
   epoch 2:  32(SW) ->  0(gpu)   volume = 0.125
   epoch 2:  32(SW) ->  4(gpu)   volume = 0.125
   epoch 2:  32(SW) ->  5(gpu)   volume = 0.125
   epoch 2:  32(SW) ->  9(gpu)   volume = 0.125
   epoch 2:  32(SW) -> 14(gpu)   volume = 0.125
   epoch 2:  32(SW) -> 20(gpu)   volume = 0.125
   epoch 2:  32(SW) -> 21(gpu)   volume = 0.125
   epoch 2:  32(SW) -> 25(gpu)   volume = 0.125
   epoch 2:  33(SW) ->  0(gpu)   volume = 0.125
   epoch 2:  33(SW) ->  4(gpu)   volume = 0.125
   epoch 2:  33(SW) ->  5(gpu)   volume = 0.125
   epoch 2:  33(SW) ->  9(gpu)   volume = 0.125
   epoch 2:  33(SW) -> 14(gpu)   volume = 0.125
   epoch 2:  33(SW) -> 20(gpu)   volume = 0.125
   epoch 2:  33(SW) -> 21(gpu)   volume = 0.125
   epoch 2:  33(SW) -> 25(gpu)   volume = 0.125
   epoch 2:  34(SW) ->  0(gpu)   volume = 0.125
   epoch 2:  34(SW) ->  4(gpu)   volume = 0.125
   epoch 2:  34(SW) ->  5(gpu)   volume = 0.125
   epoch 2:  34(SW) ->  9(gpu)   volume = 0.125
   epoch 2:  34(SW) -> 14(gpu)   volume = 0.125
   epoch 2:  34(SW) -> 20(gpu)   volume = 0.125
   epoch 2:  34(SW) -> 21(gpu)   volume = 0.125
   epoch 2:  34(SW) -> 25(gpu)   volume = 0.125
   epoch 2:  35(SW) ->  0(gpu)   volume = 0.125
   epoch 2:  35(SW) ->  4(gpu)   volume = 0.125
   epoch 2:  35(SW) ->  5(gpu)   volume = 0.125
   epoch 2:  35(SW) ->  9(gpu)   volume = 0.125
   epoch 2:  35(SW) -> 14(gpu)   volume = 0.125
   epoch 2:  35(SW) -> 20(gpu)   volume = 0.125
   epoch 2:  35(SW) -> 21(gpu)   volume = 0.125
   epoch 2:  35(SW) -> 25(gpu)   volume = 0.125
   epoch 2:  36(SW) ->  0(gpu)   volume = 0.125
   epoch 2:  36(SW) ->  4(gpu)   volume = 0.125
   epoch 2:  36(SW) ->  5(gpu)   volume = 0.125
   epoch 2:  36(SW) ->  9(gpu)   volume = 0.125
   epoch 2:  36(SW) -> 14(gpu)   volume = 0.125
   epoch 2:  36(SW) -> 20(gpu)   volume = 0.125
   epoch 2:  36(SW) -> 21(gpu)   volume = 0.125
   epoch 2:  36(SW) -> 25(gpu)   volume = 0.125
   epoch 2:  37(SW) ->  0(gpu)   volume = 0.125
   epoch 2:  37(SW) ->  4(gpu)   volume = 0.125
   epoch 2:  37(SW) ->  5(gpu)   volume = 0.125
   epoch 2:  37(SW) ->  9(gpu)   volume = 0.125
   epoch 2:  37(SW) -> 14(gpu)   volume = 0.125
   epoch 2:  37(SW) -> 20(gpu)   volume = 0.125
   epoch 2:  37(SW) -> 21(gpu)   volume = 0.125
   epoch 2:  37(SW) -> 25(gpu)   volume = 0.125
   epoch 2:  38(SW) ->  0(gpu)   volume = 0.125
   epoch 2:  38(SW) ->  4(gpu)   volume = 0.125
   epoch 2:  38(SW) ->  5(gpu)   volume = 0.125
   epoch 2:  38(SW) ->  9(gpu)   volume = 0.125
   epoch 2:  38(SW) -> 14(gpu)   volume = 0.125
   epoch 2:  38(SW) -> 20(gpu)   volume = 0.125
   epoch 2:  38(SW) -> 21(gpu)   volume = 0.125
   epoch 2:  38(SW) -> 25(gpu)   volume = 0.125
   epoch 2:  39(SW) ->  0(gpu)   volume = 0.125
   epoch 2:  39(SW) ->  4(gpu)   volume = 0.125
   epoch 2:  39(SW) ->  5(gpu)   volume = 0.125
   epoch 2:  39(SW) ->  9(gpu)   volume = 0.125
   epoch 2:  39(SW) -> 14(gpu)   volume = 0.125
   epoch 2:  39(SW) -> 20(gpu)   volume = 0.125
   epoch 2:  39(SW) -> 21(gpu)   volume = 0.125
   epoch 2:  39(SW) -> 25(gpu)   volume = 0.125
   epoch 3:   8(gpu) -> 32(SW)   volume = 0.875
   epoch 3:   8(gpu) -> 33(SW)   volume = 0.875
   epoch 3:   8(gpu) -> 34(SW)   volume = 0.875
   epoch 3:   8(gpu) -> 35(SW)   volume = 0.875
   epoch 3:   8(gpu) -> 36(SW)   volume = 0.875
   epoch 3:   8(gpu) -> 37(SW)   volume = 0.875
   epoch 3:   8(gpu) -> 38(SW)   volume = 0.875
   epoch 3:   8(gpu) -> 39(SW)   volume = 0.875
   epoch 3:  32(SW) ->  1(gpu)   volume = 0.125
   epoch 3:  32(SW) -> 12(gpu)   volume = 0.125
   epoch 3:  32(SW) -> 18(gpu)   volume = 0.125
   epoch 3:  32(SW) -> 24(gpu)   volume = 0.125
   epoch 3:  32(SW) -> 26(gpu)   volume = 0.125
   epoch 3:  32(SW) -> 30(gpu)   volume = 0.125
   epoch 3:  32(SW) -> 31(gpu)   volume = 0.125
   epoch 3:  33(SW) ->  1(gpu)   volume = 0.125
   epoch 3:  33(SW) -> 12(gpu)   volume = 0.125
   epoch 3:  33(SW) -> 18(gpu)   volume = 0.125
   epoch 3:  33(SW) -> 24(gpu)   volume = 0.125
   epoch 3:  33(SW) -> 26(gpu)   volume = 0.125
   epoch 3:  33(SW) -> 30(gpu)   volume = 0.125
   epoch 3:  33(SW) -> 31(gpu)   volume = 0.125
   epoch 3:  34(SW) ->  1(gpu)   volume = 0.125
   epoch 3:  34(SW) -> 12(gpu)   volume = 0.125
   epoch 3:  34(SW) -> 18(gpu)   volume = 0.125
   epoch 3:  34(SW) -> 24(gpu)   volume = 0.125
   epoch 3:  34(SW) -> 26(gpu)   volume = 0.125
   epoch 3:  34(SW) -> 30(gpu)   volume = 0.125
   epoch 3:  34(SW) -> 31(gpu)   volume = 0.125
   epoch 3:  35(SW) ->  1(gpu)   volume = 0.125
   epoch 3:  35(SW) -> 12(gpu)   volume = 0.125
   epoch 3:  35(SW) -> 18(gpu)   volume = 0.125
   epoch 3:  35(SW) -> 24(gpu)   volume = 0.125
   epoch 3:  35(SW) -> 26(gpu)   volume = 0.125
   epoch 3:  35(SW) -> 30(gpu)   volume = 0.125
   epoch 3:  35(SW) -> 31(gpu)   volume = 0.125
   epoch 3:  36(SW) ->  1(gpu)   volume = 0.125
   epoch 3:  36(SW) -> 12(gpu)   volume = 0.125
   epoch 3:  36(SW) -> 18(gpu)   volume = 0.125
   epoch 3:  36(SW) -> 24(gpu)   volume = 0.125
   epoch 3:  36(SW) -> 26(gpu)   volume = 0.125
   epoch 3:  36(SW) -> 30(gpu)   volume = 0.125
   epoch 3:  36(SW) -> 31(gpu)   volume = 0.125
   epoch 3:  37(SW) ->  1(gpu)   volume = 0.125
   epoch 3:  37(SW) -> 12(gpu)   volume = 0.125
   epoch 3:  37(SW) -> 18(gpu)   volume = 0.125
   epoch 3:  37(SW) -> 24(gpu)   volume = 0.125
   epoch 3:  37(SW) -> 26(gpu)   volume = 0.125
   epoch 3:  37(SW) -> 30(gpu)   volume = 0.125
   epoch 3:  37(SW) -> 31(gpu)   volume = 0.125
   epoch 3:  38(SW) ->  1(gpu)   volume = 0.125
   epoch 3:  38(SW) -> 12(gpu)   volume = 0.125
   epoch 3:  38(SW) -> 18(gpu)   volume = 0.125
   epoch 3:  38(SW) -> 24(gpu)   volume = 0.125
   epoch 3:  38(SW) -> 26(gpu)   volume = 0.125
   epoch 3:  38(SW) -> 30(gpu)   volume = 0.125
   epoch 3:  38(SW) -> 31(gpu)   volume = 0.125
   epoch 3:  39(SW) ->  1(gpu)   volume = 0.125
   epoch 3:  39(SW) -> 12(gpu)   volume = 0.125
   epoch 3:  39(SW) -> 18(gpu)   volume = 0.125
   epoch 3:  39(SW) -> 24(gpu)   volume = 0.125
   epoch 3:  39(SW) -> 26(gpu)   volume = 0.125
   epoch 3:  39(SW) -> 30(gpu)   volume = 0.125
   epoch 3:  39(SW) -> 31(gpu)   volume = 0.125

-- source 9 --
   epoch 0:   9(gpu) -> 32(SW)   volume = 1.0
   epoch 0:   9(gpu) -> 33(SW)   volume = 1.0
   epoch 0:   9(gpu) -> 34(SW)   volume = 1.0
   epoch 0:   9(gpu) -> 35(SW)   volume = 1.0
   epoch 0:   9(gpu) -> 36(SW)   volume = 1.0
   epoch 0:   9(gpu) -> 37(SW)   volume = 1.0
   epoch 0:   9(gpu) -> 38(SW)   volume = 1.0
   epoch 0:   9(gpu) -> 39(SW)   volume = 1.0
   epoch 0:  32(SW) ->  3(gpu)   volume = 0.125
   epoch 0:  32(SW) ->  6(gpu)   volume = 0.125
   epoch 0:  32(SW) ->  8(gpu)   volume = 0.125
   epoch 0:  32(SW) -> 11(gpu)   volume = 0.125
   epoch 0:  32(SW) -> 12(gpu)   volume = 0.125
   epoch 0:  32(SW) -> 15(gpu)   volume = 0.125
   epoch 0:  32(SW) -> 19(gpu)   volume = 0.125
   epoch 0:  32(SW) -> 25(gpu)   volume = 0.125
   epoch 0:  33(SW) ->  3(gpu)   volume = 0.125
   epoch 0:  33(SW) ->  6(gpu)   volume = 0.125
   epoch 0:  33(SW) ->  8(gpu)   volume = 0.125
   epoch 0:  33(SW) -> 11(gpu)   volume = 0.125
   epoch 0:  33(SW) -> 12(gpu)   volume = 0.125
   epoch 0:  33(SW) -> 15(gpu)   volume = 0.125
   epoch 0:  33(SW) -> 19(gpu)   volume = 0.125
   epoch 0:  33(SW) -> 25(gpu)   volume = 0.125
   epoch 0:  34(SW) ->  3(gpu)   volume = 0.125
   epoch 0:  34(SW) ->  6(gpu)   volume = 0.125
   epoch 0:  34(SW) ->  8(gpu)   volume = 0.125
   epoch 0:  34(SW) -> 11(gpu)   volume = 0.125
   epoch 0:  34(SW) -> 12(gpu)   volume = 0.125
   epoch 0:  34(SW) -> 15(gpu)   volume = 0.125
   epoch 0:  34(SW) -> 19(gpu)   volume = 0.125
   epoch 0:  34(SW) -> 25(gpu)   volume = 0.125
   epoch 0:  35(SW) ->  3(gpu)   volume = 0.125
   epoch 0:  35(SW) ->  6(gpu)   volume = 0.125
   epoch 0:  35(SW) ->  8(gpu)   volume = 0.125
   epoch 0:  35(SW) -> 11(gpu)   volume = 0.125
   epoch 0:  35(SW) -> 12(gpu)   volume = 0.125
   epoch 0:  35(SW) -> 15(gpu)   volume = 0.125
   epoch 0:  35(SW) -> 19(gpu)   volume = 0.125
   epoch 0:  35(SW) -> 25(gpu)   volume = 0.125
   epoch 0:  36(SW) ->  3(gpu)   volume = 0.125
   epoch 0:  36(SW) ->  6(gpu)   volume = 0.125
   epoch 0:  36(SW) ->  8(gpu)   volume = 0.125
   epoch 0:  36(SW) -> 11(gpu)   volume = 0.125
   epoch 0:  36(SW) -> 12(gpu)   volume = 0.125
   epoch 0:  36(SW) -> 15(gpu)   volume = 0.125
   epoch 0:  36(SW) -> 19(gpu)   volume = 0.125
   epoch 0:  36(SW) -> 25(gpu)   volume = 0.125
   epoch 0:  37(SW) ->  3(gpu)   volume = 0.125
   epoch 0:  37(SW) ->  6(gpu)   volume = 0.125
   epoch 0:  37(SW) ->  8(gpu)   volume = 0.125
   epoch 0:  37(SW) -> 11(gpu)   volume = 0.125
   epoch 0:  37(SW) -> 12(gpu)   volume = 0.125
   epoch 0:  37(SW) -> 15(gpu)   volume = 0.125
   epoch 0:  37(SW) -> 19(gpu)   volume = 0.125
   epoch 0:  37(SW) -> 25(gpu)   volume = 0.125
   epoch 0:  38(SW) ->  3(gpu)   volume = 0.125
   epoch 0:  38(SW) ->  6(gpu)   volume = 0.125
   epoch 0:  38(SW) ->  8(gpu)   volume = 0.125
   epoch 0:  38(SW) -> 11(gpu)   volume = 0.125
   epoch 0:  38(SW) -> 12(gpu)   volume = 0.125
   epoch 0:  38(SW) -> 15(gpu)   volume = 0.125
   epoch 0:  38(SW) -> 19(gpu)   volume = 0.125
   epoch 0:  38(SW) -> 25(gpu)   volume = 0.125
   epoch 0:  39(SW) ->  3(gpu)   volume = 0.125
   epoch 0:  39(SW) ->  6(gpu)   volume = 0.125
   epoch 0:  39(SW) ->  8(gpu)   volume = 0.125
   epoch 0:  39(SW) -> 11(gpu)   volume = 0.125
   epoch 0:  39(SW) -> 12(gpu)   volume = 0.125
   epoch 0:  39(SW) -> 15(gpu)   volume = 0.125
   epoch 0:  39(SW) -> 19(gpu)   volume = 0.125
   epoch 0:  39(SW) -> 25(gpu)   volume = 0.125
   epoch 1:   9(gpu) -> 32(SW)   volume = 1.0
   epoch 1:   9(gpu) -> 33(SW)   volume = 1.0
   epoch 1:   9(gpu) -> 34(SW)   volume = 1.0
   epoch 1:   9(gpu) -> 35(SW)   volume = 1.0
   epoch 1:   9(gpu) -> 36(SW)   volume = 1.0
   epoch 1:   9(gpu) -> 37(SW)   volume = 1.0
   epoch 1:   9(gpu) -> 38(SW)   volume = 1.0
   epoch 1:   9(gpu) -> 39(SW)   volume = 1.0
   epoch 1:  32(SW) ->  1(gpu)   volume = 0.125
   epoch 1:  32(SW) ->  5(gpu)   volume = 0.125
   epoch 1:  32(SW) -> 14(gpu)   volume = 0.125
   epoch 1:  32(SW) -> 21(gpu)   volume = 0.125
   epoch 1:  32(SW) -> 22(gpu)   volume = 0.125
   epoch 1:  32(SW) -> 27(gpu)   volume = 0.125
   epoch 1:  32(SW) -> 29(gpu)   volume = 0.125
   epoch 1:  32(SW) -> 31(gpu)   volume = 0.125
   epoch 1:  33(SW) ->  1(gpu)   volume = 0.125
   epoch 1:  33(SW) ->  5(gpu)   volume = 0.125
   epoch 1:  33(SW) -> 14(gpu)   volume = 0.125
   epoch 1:  33(SW) -> 21(gpu)   volume = 0.125
   epoch 1:  33(SW) -> 22(gpu)   volume = 0.125
   epoch 1:  33(SW) -> 27(gpu)   volume = 0.125
   epoch 1:  33(SW) -> 29(gpu)   volume = 0.125
   epoch 1:  33(SW) -> 31(gpu)   volume = 0.125
   epoch 1:  34(SW) ->  1(gpu)   volume = 0.125
   epoch 1:  34(SW) ->  5(gpu)   volume = 0.125
   epoch 1:  34(SW) -> 14(gpu)   volume = 0.125
   epoch 1:  34(SW) -> 21(gpu)   volume = 0.125
   epoch 1:  34(SW) -> 22(gpu)   volume = 0.125
   epoch 1:  34(SW) -> 27(gpu)   volume = 0.125
   epoch 1:  34(SW) -> 29(gpu)   volume = 0.125
   epoch 1:  34(SW) -> 31(gpu)   volume = 0.125
   epoch 1:  35(SW) ->  1(gpu)   volume = 0.125
   epoch 1:  35(SW) ->  5(gpu)   volume = 0.125
   epoch 1:  35(SW) -> 14(gpu)   volume = 0.125
   epoch 1:  35(SW) -> 21(gpu)   volume = 0.125
   epoch 1:  35(SW) -> 22(gpu)   volume = 0.125
   epoch 1:  35(SW) -> 27(gpu)   volume = 0.125
   epoch 1:  35(SW) -> 29(gpu)   volume = 0.125
   epoch 1:  35(SW) -> 31(gpu)   volume = 0.125
   epoch 1:  36(SW) ->  1(gpu)   volume = 0.125
   epoch 1:  36(SW) ->  5(gpu)   volume = 0.125
   epoch 1:  36(SW) -> 14(gpu)   volume = 0.125
   epoch 1:  36(SW) -> 21(gpu)   volume = 0.125
   epoch 1:  36(SW) -> 22(gpu)   volume = 0.125
   epoch 1:  36(SW) -> 27(gpu)   volume = 0.125
   epoch 1:  36(SW) -> 29(gpu)   volume = 0.125
   epoch 1:  36(SW) -> 31(gpu)   volume = 0.125
   epoch 1:  37(SW) ->  1(gpu)   volume = 0.125
   epoch 1:  37(SW) ->  5(gpu)   volume = 0.125
   epoch 1:  37(SW) -> 14(gpu)   volume = 0.125
   epoch 1:  37(SW) -> 21(gpu)   volume = 0.125
   epoch 1:  37(SW) -> 22(gpu)   volume = 0.125
   epoch 1:  37(SW) -> 27(gpu)   volume = 0.125
   epoch 1:  37(SW) -> 29(gpu)   volume = 0.125
   epoch 1:  37(SW) -> 31(gpu)   volume = 0.125
   epoch 1:  38(SW) ->  1(gpu)   volume = 0.125
   epoch 1:  38(SW) ->  5(gpu)   volume = 0.125
   epoch 1:  38(SW) -> 14(gpu)   volume = 0.125
   epoch 1:  38(SW) -> 21(gpu)   volume = 0.125
   epoch 1:  38(SW) -> 22(gpu)   volume = 0.125
   epoch 1:  38(SW) -> 27(gpu)   volume = 0.125
   epoch 1:  38(SW) -> 29(gpu)   volume = 0.125
   epoch 1:  38(SW) -> 31(gpu)   volume = 0.125
   epoch 1:  39(SW) ->  1(gpu)   volume = 0.125
   epoch 1:  39(SW) ->  5(gpu)   volume = 0.125
   epoch 1:  39(SW) -> 14(gpu)   volume = 0.125
   epoch 1:  39(SW) -> 21(gpu)   volume = 0.125
   epoch 1:  39(SW) -> 22(gpu)   volume = 0.125
   epoch 1:  39(SW) -> 27(gpu)   volume = 0.125
   epoch 1:  39(SW) -> 29(gpu)   volume = 0.125
   epoch 1:  39(SW) -> 31(gpu)   volume = 0.125
   epoch 2:   9(gpu) -> 32(SW)   volume = 1.0
   epoch 2:   9(gpu) -> 33(SW)   volume = 1.0
   epoch 2:   9(gpu) -> 34(SW)   volume = 1.0
   epoch 2:   9(gpu) -> 35(SW)   volume = 1.0
   epoch 2:   9(gpu) -> 36(SW)   volume = 1.0
   epoch 2:   9(gpu) -> 37(SW)   volume = 1.0
   epoch 2:   9(gpu) -> 38(SW)   volume = 1.0
   epoch 2:   9(gpu) -> 39(SW)   volume = 1.0
   epoch 2:  32(SW) ->  0(gpu)   volume = 0.125
   epoch 2:  32(SW) -> 10(gpu)   volume = 0.125
   epoch 2:  32(SW) -> 13(gpu)   volume = 0.125
   epoch 2:  32(SW) -> 16(gpu)   volume = 0.125
   epoch 2:  32(SW) -> 18(gpu)   volume = 0.125
   epoch 2:  32(SW) -> 20(gpu)   volume = 0.125
   epoch 2:  32(SW) -> 23(gpu)   volume = 0.125
   epoch 2:  32(SW) -> 30(gpu)   volume = 0.125
   epoch 2:  33(SW) ->  0(gpu)   volume = 0.125
   epoch 2:  33(SW) -> 10(gpu)   volume = 0.125
   epoch 2:  33(SW) -> 13(gpu)   volume = 0.125
   epoch 2:  33(SW) -> 16(gpu)   volume = 0.125
   epoch 2:  33(SW) -> 18(gpu)   volume = 0.125
   epoch 2:  33(SW) -> 20(gpu)   volume = 0.125
   epoch 2:  33(SW) -> 23(gpu)   volume = 0.125
   epoch 2:  33(SW) -> 30(gpu)   volume = 0.125
   epoch 2:  34(SW) ->  0(gpu)   volume = 0.125
   epoch 2:  34(SW) -> 10(gpu)   volume = 0.125
   epoch 2:  34(SW) -> 13(gpu)   volume = 0.125
   epoch 2:  34(SW) -> 16(gpu)   volume = 0.125
   epoch 2:  34(SW) -> 18(gpu)   volume = 0.125
   epoch 2:  34(SW) -> 20(gpu)   volume = 0.125
   epoch 2:  34(SW) -> 23(gpu)   volume = 0.125
   epoch 2:  34(SW) -> 30(gpu)   volume = 0.125
   epoch 2:  35(SW) ->  0(gpu)   volume = 0.125
   epoch 2:  35(SW) -> 10(gpu)   volume = 0.125
   epoch 2:  35(SW) -> 13(gpu)   volume = 0.125
   epoch 2:  35(SW) -> 16(gpu)   volume = 0.125
   epoch 2:  35(SW) -> 18(gpu)   volume = 0.125
   epoch 2:  35(SW) -> 20(gpu)   volume = 0.125
   epoch 2:  35(SW) -> 23(gpu)   volume = 0.125
   epoch 2:  35(SW) -> 30(gpu)   volume = 0.125
   epoch 2:  36(SW) ->  0(gpu)   volume = 0.125
   epoch 2:  36(SW) -> 10(gpu)   volume = 0.125
   epoch 2:  36(SW) -> 13(gpu)   volume = 0.125
   epoch 2:  36(SW) -> 16(gpu)   volume = 0.125
   epoch 2:  36(SW) -> 18(gpu)   volume = 0.125
   epoch 2:  36(SW) -> 20(gpu)   volume = 0.125
   epoch 2:  36(SW) -> 23(gpu)   volume = 0.125
   epoch 2:  36(SW) -> 30(gpu)   volume = 0.125
   epoch 2:  37(SW) ->  0(gpu)   volume = 0.125
   epoch 2:  37(SW) -> 10(gpu)   volume = 0.125
   epoch 2:  37(SW) -> 13(gpu)   volume = 0.125
   epoch 2:  37(SW) -> 16(gpu)   volume = 0.125
   epoch 2:  37(SW) -> 18(gpu)   volume = 0.125
   epoch 2:  37(SW) -> 20(gpu)   volume = 0.125
   epoch 2:  37(SW) -> 23(gpu)   volume = 0.125
   epoch 2:  37(SW) -> 30(gpu)   volume = 0.125
   epoch 2:  38(SW) ->  0(gpu)   volume = 0.125
   epoch 2:  38(SW) -> 10(gpu)   volume = 0.125
   epoch 2:  38(SW) -> 13(gpu)   volume = 0.125
   epoch 2:  38(SW) -> 16(gpu)   volume = 0.125
   epoch 2:  38(SW) -> 18(gpu)   volume = 0.125
   epoch 2:  38(SW) -> 20(gpu)   volume = 0.125
   epoch 2:  38(SW) -> 23(gpu)   volume = 0.125
   epoch 2:  38(SW) -> 30(gpu)   volume = 0.125
   epoch 2:  39(SW) ->  0(gpu)   volume = 0.125
   epoch 2:  39(SW) -> 10(gpu)   volume = 0.125
   epoch 2:  39(SW) -> 13(gpu)   volume = 0.125
   epoch 2:  39(SW) -> 16(gpu)   volume = 0.125
   epoch 2:  39(SW) -> 18(gpu)   volume = 0.125
   epoch 2:  39(SW) -> 20(gpu)   volume = 0.125
   epoch 2:  39(SW) -> 23(gpu)   volume = 0.125
   epoch 2:  39(SW) -> 30(gpu)   volume = 0.125
   epoch 3:   9(gpu) -> 32(SW)   volume = 0.875
   epoch 3:   9(gpu) -> 33(SW)   volume = 0.875
   epoch 3:   9(gpu) -> 34(SW)   volume = 0.875
   epoch 3:   9(gpu) -> 35(SW)   volume = 0.875
   epoch 3:   9(gpu) -> 36(SW)   volume = 0.875
   epoch 3:   9(gpu) -> 37(SW)   volume = 0.875
   epoch 3:   9(gpu) -> 38(SW)   volume = 0.875
   epoch 3:   9(gpu) -> 39(SW)   volume = 0.875
   epoch 3:  32(SW) ->  2(gpu)   volume = 0.125
   epoch 3:  32(SW) ->  4(gpu)   volume = 0.125
   epoch 3:  32(SW) ->  7(gpu)   volume = 0.125
   epoch 3:  32(SW) -> 17(gpu)   volume = 0.125
   epoch 3:  32(SW) -> 24(gpu)   volume = 0.125
   epoch 3:  32(SW) -> 26(gpu)   volume = 0.125
   epoch 3:  32(SW) -> 28(gpu)   volume = 0.125
   epoch 3:  33(SW) ->  2(gpu)   volume = 0.125
   epoch 3:  33(SW) ->  4(gpu)   volume = 0.125
   epoch 3:  33(SW) ->  7(gpu)   volume = 0.125
   epoch 3:  33(SW) -> 17(gpu)   volume = 0.125
   epoch 3:  33(SW) -> 24(gpu)   volume = 0.125
   epoch 3:  33(SW) -> 26(gpu)   volume = 0.125
   epoch 3:  33(SW) -> 28(gpu)   volume = 0.125
   epoch 3:  34(SW) ->  2(gpu)   volume = 0.125
   epoch 3:  34(SW) ->  4(gpu)   volume = 0.125
   epoch 3:  34(SW) ->  7(gpu)   volume = 0.125
   epoch 3:  34(SW) -> 17(gpu)   volume = 0.125
   epoch 3:  34(SW) -> 24(gpu)   volume = 0.125
   epoch 3:  34(SW) -> 26(gpu)   volume = 0.125
   epoch 3:  34(SW) -> 28(gpu)   volume = 0.125
   epoch 3:  35(SW) ->  2(gpu)   volume = 0.125
   epoch 3:  35(SW) ->  4(gpu)   volume = 0.125
   epoch 3:  35(SW) ->  7(gpu)   volume = 0.125
   epoch 3:  35(SW) -> 17(gpu)   volume = 0.125
   epoch 3:  35(SW) -> 24(gpu)   volume = 0.125
   epoch 3:  35(SW) -> 26(gpu)   volume = 0.125
   epoch 3:  35(SW) -> 28(gpu)   volume = 0.125
   epoch 3:  36(SW) ->  2(gpu)   volume = 0.125
   epoch 3:  36(SW) ->  4(gpu)   volume = 0.125
   epoch 3:  36(SW) ->  7(gpu)   volume = 0.125
   epoch 3:  36(SW) -> 17(gpu)   volume = 0.125
   epoch 3:  36(SW) -> 24(gpu)   volume = 0.125
   epoch 3:  36(SW) -> 26(gpu)   volume = 0.125
   epoch 3:  36(SW) -> 28(gpu)   volume = 0.125
   epoch 3:  37(SW) ->  2(gpu)   volume = 0.125
   epoch 3:  37(SW) ->  4(gpu)   volume = 0.125
   epoch 3:  37(SW) ->  7(gpu)   volume = 0.125
   epoch 3:  37(SW) -> 17(gpu)   volume = 0.125
   epoch 3:  37(SW) -> 24(gpu)   volume = 0.125
   epoch 3:  37(SW) -> 26(gpu)   volume = 0.125
   epoch 3:  37(SW) -> 28(gpu)   volume = 0.125
   epoch 3:  38(SW) ->  2(gpu)   volume = 0.125
   epoch 3:  38(SW) ->  4(gpu)   volume = 0.125
   epoch 3:  38(SW) ->  7(gpu)   volume = 0.125
   epoch 3:  38(SW) -> 17(gpu)   volume = 0.125
   epoch 3:  38(SW) -> 24(gpu)   volume = 0.125
   epoch 3:  38(SW) -> 26(gpu)   volume = 0.125
   epoch 3:  38(SW) -> 28(gpu)   volume = 0.125
   epoch 3:  39(SW) ->  2(gpu)   volume = 0.125
   epoch 3:  39(SW) ->  4(gpu)   volume = 0.125
   epoch 3:  39(SW) ->  7(gpu)   volume = 0.125
   epoch 3:  39(SW) -> 17(gpu)   volume = 0.125
   epoch 3:  39(SW) -> 24(gpu)   volume = 0.125
   epoch 3:  39(SW) -> 26(gpu)   volume = 0.125
   epoch 3:  39(SW) -> 28(gpu)   volume = 0.125

-- source 10 --
   epoch 0:  10(gpu) -> 32(SW)   volume = 1.0
   epoch 0:  10(gpu) -> 33(SW)   volume = 1.0
   epoch 0:  10(gpu) -> 34(SW)   volume = 1.0
   epoch 0:  10(gpu) -> 35(SW)   volume = 1.0
   epoch 0:  10(gpu) -> 36(SW)   volume = 1.0
   epoch 0:  10(gpu) -> 37(SW)   volume = 1.0
   epoch 0:  10(gpu) -> 38(SW)   volume = 1.0
   epoch 0:  10(gpu) -> 39(SW)   volume = 1.0
   epoch 0:  32(SW) ->  3(gpu)   volume = 0.125
   epoch 0:  32(SW) -> 13(gpu)   volume = 0.125
   epoch 0:  32(SW) -> 17(gpu)   volume = 0.125
   epoch 0:  32(SW) -> 22(gpu)   volume = 0.125
   epoch 0:  32(SW) -> 23(gpu)   volume = 0.125
   epoch 0:  32(SW) -> 27(gpu)   volume = 0.125
   epoch 0:  32(SW) -> 29(gpu)   volume = 0.125
   epoch 0:  32(SW) -> 30(gpu)   volume = 0.125
   epoch 0:  33(SW) ->  3(gpu)   volume = 0.125
   epoch 0:  33(SW) -> 13(gpu)   volume = 0.125
   epoch 0:  33(SW) -> 17(gpu)   volume = 0.125
   epoch 0:  33(SW) -> 22(gpu)   volume = 0.125
   epoch 0:  33(SW) -> 23(gpu)   volume = 0.125
   epoch 0:  33(SW) -> 27(gpu)   volume = 0.125
   epoch 0:  33(SW) -> 29(gpu)   volume = 0.125
   epoch 0:  33(SW) -> 30(gpu)   volume = 0.125
   epoch 0:  34(SW) ->  3(gpu)   volume = 0.125
   epoch 0:  34(SW) -> 13(gpu)   volume = 0.125
   epoch 0:  34(SW) -> 17(gpu)   volume = 0.125
   epoch 0:  34(SW) -> 22(gpu)   volume = 0.125
   epoch 0:  34(SW) -> 23(gpu)   volume = 0.125
   epoch 0:  34(SW) -> 27(gpu)   volume = 0.125
   epoch 0:  34(SW) -> 29(gpu)   volume = 0.125
   epoch 0:  34(SW) -> 30(gpu)   volume = 0.125
   epoch 0:  35(SW) ->  3(gpu)   volume = 0.125
   epoch 0:  35(SW) -> 13(gpu)   volume = 0.125
   epoch 0:  35(SW) -> 17(gpu)   volume = 0.125
   epoch 0:  35(SW) -> 22(gpu)   volume = 0.125
   epoch 0:  35(SW) -> 23(gpu)   volume = 0.125
   epoch 0:  35(SW) -> 27(gpu)   volume = 0.125
   epoch 0:  35(SW) -> 29(gpu)   volume = 0.125
   epoch 0:  35(SW) -> 30(gpu)   volume = 0.125
   epoch 0:  36(SW) ->  3(gpu)   volume = 0.125
   epoch 0:  36(SW) -> 13(gpu)   volume = 0.125
   epoch 0:  36(SW) -> 17(gpu)   volume = 0.125
   epoch 0:  36(SW) -> 22(gpu)   volume = 0.125
   epoch 0:  36(SW) -> 23(gpu)   volume = 0.125
   epoch 0:  36(SW) -> 27(gpu)   volume = 0.125
   epoch 0:  36(SW) -> 29(gpu)   volume = 0.125
   epoch 0:  36(SW) -> 30(gpu)   volume = 0.125
   epoch 0:  37(SW) ->  3(gpu)   volume = 0.125
   epoch 0:  37(SW) -> 13(gpu)   volume = 0.125
   epoch 0:  37(SW) -> 17(gpu)   volume = 0.125
   epoch 0:  37(SW) -> 22(gpu)   volume = 0.125
   epoch 0:  37(SW) -> 23(gpu)   volume = 0.125
   epoch 0:  37(SW) -> 27(gpu)   volume = 0.125
   epoch 0:  37(SW) -> 29(gpu)   volume = 0.125
   epoch 0:  37(SW) -> 30(gpu)   volume = 0.125
   epoch 0:  38(SW) ->  3(gpu)   volume = 0.125
   epoch 0:  38(SW) -> 13(gpu)   volume = 0.125
   epoch 0:  38(SW) -> 17(gpu)   volume = 0.125
   epoch 0:  38(SW) -> 22(gpu)   volume = 0.125
   epoch 0:  38(SW) -> 23(gpu)   volume = 0.125
   epoch 0:  38(SW) -> 27(gpu)   volume = 0.125
   epoch 0:  38(SW) -> 29(gpu)   volume = 0.125
   epoch 0:  38(SW) -> 30(gpu)   volume = 0.125
   epoch 0:  39(SW) ->  3(gpu)   volume = 0.125
   epoch 0:  39(SW) -> 13(gpu)   volume = 0.125
   epoch 0:  39(SW) -> 17(gpu)   volume = 0.125
   epoch 0:  39(SW) -> 22(gpu)   volume = 0.125
   epoch 0:  39(SW) -> 23(gpu)   volume = 0.125
   epoch 0:  39(SW) -> 27(gpu)   volume = 0.125
   epoch 0:  39(SW) -> 29(gpu)   volume = 0.125
   epoch 0:  39(SW) -> 30(gpu)   volume = 0.125
   epoch 1:  10(gpu) -> 32(SW)   volume = 1.0
   epoch 1:  10(gpu) -> 33(SW)   volume = 1.0
   epoch 1:  10(gpu) -> 34(SW)   volume = 1.0
   epoch 1:  10(gpu) -> 35(SW)   volume = 1.0
   epoch 1:  10(gpu) -> 36(SW)   volume = 1.0
   epoch 1:  10(gpu) -> 37(SW)   volume = 1.0
   epoch 1:  10(gpu) -> 38(SW)   volume = 1.0
   epoch 1:  10(gpu) -> 39(SW)   volume = 1.0
   epoch 1:  32(SW) ->  2(gpu)   volume = 0.125
   epoch 1:  32(SW) ->  5(gpu)   volume = 0.125
   epoch 1:  32(SW) -> 11(gpu)   volume = 0.125
   epoch 1:  32(SW) -> 12(gpu)   volume = 0.125
   epoch 1:  32(SW) -> 14(gpu)   volume = 0.125
   epoch 1:  32(SW) -> 16(gpu)   volume = 0.125
   epoch 1:  32(SW) -> 21(gpu)   volume = 0.125
   epoch 1:  32(SW) -> 24(gpu)   volume = 0.125
   epoch 1:  33(SW) ->  2(gpu)   volume = 0.125
   epoch 1:  33(SW) ->  5(gpu)   volume = 0.125
   epoch 1:  33(SW) -> 11(gpu)   volume = 0.125
   epoch 1:  33(SW) -> 12(gpu)   volume = 0.125
   epoch 1:  33(SW) -> 14(gpu)   volume = 0.125
   epoch 1:  33(SW) -> 16(gpu)   volume = 0.125
   epoch 1:  33(SW) -> 21(gpu)   volume = 0.125
   epoch 1:  33(SW) -> 24(gpu)   volume = 0.125
   epoch 1:  34(SW) ->  2(gpu)   volume = 0.125
   epoch 1:  34(SW) ->  5(gpu)   volume = 0.125
   epoch 1:  34(SW) -> 11(gpu)   volume = 0.125
   epoch 1:  34(SW) -> 12(gpu)   volume = 0.125
   epoch 1:  34(SW) -> 14(gpu)   volume = 0.125
   epoch 1:  34(SW) -> 16(gpu)   volume = 0.125
   epoch 1:  34(SW) -> 21(gpu)   volume = 0.125
   epoch 1:  34(SW) -> 24(gpu)   volume = 0.125
   epoch 1:  35(SW) ->  2(gpu)   volume = 0.125
   epoch 1:  35(SW) ->  5(gpu)   volume = 0.125
   epoch 1:  35(SW) -> 11(gpu)   volume = 0.125
   epoch 1:  35(SW) -> 12(gpu)   volume = 0.125
   epoch 1:  35(SW) -> 14(gpu)   volume = 0.125
   epoch 1:  35(SW) -> 16(gpu)   volume = 0.125
   epoch 1:  35(SW) -> 21(gpu)   volume = 0.125
   epoch 1:  35(SW) -> 24(gpu)   volume = 0.125
   epoch 1:  36(SW) ->  2(gpu)   volume = 0.125
   epoch 1:  36(SW) ->  5(gpu)   volume = 0.125
   epoch 1:  36(SW) -> 11(gpu)   volume = 0.125
   epoch 1:  36(SW) -> 12(gpu)   volume = 0.125
   epoch 1:  36(SW) -> 14(gpu)   volume = 0.125
   epoch 1:  36(SW) -> 16(gpu)   volume = 0.125
   epoch 1:  36(SW) -> 21(gpu)   volume = 0.125
   epoch 1:  36(SW) -> 24(gpu)   volume = 0.125
   epoch 1:  37(SW) ->  2(gpu)   volume = 0.125
   epoch 1:  37(SW) ->  5(gpu)   volume = 0.125
   epoch 1:  37(SW) -> 11(gpu)   volume = 0.125
   epoch 1:  37(SW) -> 12(gpu)   volume = 0.125
   epoch 1:  37(SW) -> 14(gpu)   volume = 0.125
   epoch 1:  37(SW) -> 16(gpu)   volume = 0.125
   epoch 1:  37(SW) -> 21(gpu)   volume = 0.125
   epoch 1:  37(SW) -> 24(gpu)   volume = 0.125
   epoch 1:  38(SW) ->  2(gpu)   volume = 0.125
   epoch 1:  38(SW) ->  5(gpu)   volume = 0.125
   epoch 1:  38(SW) -> 11(gpu)   volume = 0.125
   epoch 1:  38(SW) -> 12(gpu)   volume = 0.125
   epoch 1:  38(SW) -> 14(gpu)   volume = 0.125
   epoch 1:  38(SW) -> 16(gpu)   volume = 0.125
   epoch 1:  38(SW) -> 21(gpu)   volume = 0.125
   epoch 1:  38(SW) -> 24(gpu)   volume = 0.125
   epoch 1:  39(SW) ->  2(gpu)   volume = 0.125
   epoch 1:  39(SW) ->  5(gpu)   volume = 0.125
   epoch 1:  39(SW) -> 11(gpu)   volume = 0.125
   epoch 1:  39(SW) -> 12(gpu)   volume = 0.125
   epoch 1:  39(SW) -> 14(gpu)   volume = 0.125
   epoch 1:  39(SW) -> 16(gpu)   volume = 0.125
   epoch 1:  39(SW) -> 21(gpu)   volume = 0.125
   epoch 1:  39(SW) -> 24(gpu)   volume = 0.125
   epoch 2:  10(gpu) -> 32(SW)   volume = 1.0
   epoch 2:  10(gpu) -> 33(SW)   volume = 1.0
   epoch 2:  10(gpu) -> 34(SW)   volume = 1.0
   epoch 2:  10(gpu) -> 35(SW)   volume = 1.0
   epoch 2:  10(gpu) -> 36(SW)   volume = 1.0
   epoch 2:  10(gpu) -> 37(SW)   volume = 1.0
   epoch 2:  10(gpu) -> 38(SW)   volume = 1.0
   epoch 2:  10(gpu) -> 39(SW)   volume = 1.0
   epoch 2:  32(SW) ->  1(gpu)   volume = 0.125
   epoch 2:  32(SW) ->  4(gpu)   volume = 0.125
   epoch 2:  32(SW) ->  6(gpu)   volume = 0.125
   epoch 2:  32(SW) ->  8(gpu)   volume = 0.125
   epoch 2:  32(SW) -> 18(gpu)   volume = 0.125
   epoch 2:  32(SW) -> 20(gpu)   volume = 0.125
   epoch 2:  32(SW) -> 25(gpu)   volume = 0.125
   epoch 2:  32(SW) -> 28(gpu)   volume = 0.125
   epoch 2:  33(SW) ->  1(gpu)   volume = 0.125
   epoch 2:  33(SW) ->  4(gpu)   volume = 0.125
   epoch 2:  33(SW) ->  6(gpu)   volume = 0.125
   epoch 2:  33(SW) ->  8(gpu)   volume = 0.125
   epoch 2:  33(SW) -> 18(gpu)   volume = 0.125
   epoch 2:  33(SW) -> 20(gpu)   volume = 0.125
   epoch 2:  33(SW) -> 25(gpu)   volume = 0.125
   epoch 2:  33(SW) -> 28(gpu)   volume = 0.125
   epoch 2:  34(SW) ->  1(gpu)   volume = 0.125
   epoch 2:  34(SW) ->  4(gpu)   volume = 0.125
   epoch 2:  34(SW) ->  6(gpu)   volume = 0.125
   epoch 2:  34(SW) ->  8(gpu)   volume = 0.125
   epoch 2:  34(SW) -> 18(gpu)   volume = 0.125
   epoch 2:  34(SW) -> 20(gpu)   volume = 0.125
   epoch 2:  34(SW) -> 25(gpu)   volume = 0.125
   epoch 2:  34(SW) -> 28(gpu)   volume = 0.125
   epoch 2:  35(SW) ->  1(gpu)   volume = 0.125
   epoch 2:  35(SW) ->  4(gpu)   volume = 0.125
   epoch 2:  35(SW) ->  6(gpu)   volume = 0.125
   epoch 2:  35(SW) ->  8(gpu)   volume = 0.125
   epoch 2:  35(SW) -> 18(gpu)   volume = 0.125
   epoch 2:  35(SW) -> 20(gpu)   volume = 0.125
   epoch 2:  35(SW) -> 25(gpu)   volume = 0.125
   epoch 2:  35(SW) -> 28(gpu)   volume = 0.125
   epoch 2:  36(SW) ->  1(gpu)   volume = 0.125
   epoch 2:  36(SW) ->  4(gpu)   volume = 0.125
   epoch 2:  36(SW) ->  6(gpu)   volume = 0.125
   epoch 2:  36(SW) ->  8(gpu)   volume = 0.125
   epoch 2:  36(SW) -> 18(gpu)   volume = 0.125
   epoch 2:  36(SW) -> 20(gpu)   volume = 0.125
   epoch 2:  36(SW) -> 25(gpu)   volume = 0.125
   epoch 2:  36(SW) -> 28(gpu)   volume = 0.125
   epoch 2:  37(SW) ->  1(gpu)   volume = 0.125
   epoch 2:  37(SW) ->  4(gpu)   volume = 0.125
   epoch 2:  37(SW) ->  6(gpu)   volume = 0.125
   epoch 2:  37(SW) ->  8(gpu)   volume = 0.125
   epoch 2:  37(SW) -> 18(gpu)   volume = 0.125
   epoch 2:  37(SW) -> 20(gpu)   volume = 0.125
   epoch 2:  37(SW) -> 25(gpu)   volume = 0.125
   epoch 2:  37(SW) -> 28(gpu)   volume = 0.125
   epoch 2:  38(SW) ->  1(gpu)   volume = 0.125
   epoch 2:  38(SW) ->  4(gpu)   volume = 0.125
   epoch 2:  38(SW) ->  6(gpu)   volume = 0.125
   epoch 2:  38(SW) ->  8(gpu)   volume = 0.125
   epoch 2:  38(SW) -> 18(gpu)   volume = 0.125
   epoch 2:  38(SW) -> 20(gpu)   volume = 0.125
   epoch 2:  38(SW) -> 25(gpu)   volume = 0.125
   epoch 2:  38(SW) -> 28(gpu)   volume = 0.125
   epoch 2:  39(SW) ->  1(gpu)   volume = 0.125
   epoch 2:  39(SW) ->  4(gpu)   volume = 0.125
   epoch 2:  39(SW) ->  6(gpu)   volume = 0.125
   epoch 2:  39(SW) ->  8(gpu)   volume = 0.125
   epoch 2:  39(SW) -> 18(gpu)   volume = 0.125
   epoch 2:  39(SW) -> 20(gpu)   volume = 0.125
   epoch 2:  39(SW) -> 25(gpu)   volume = 0.125
   epoch 2:  39(SW) -> 28(gpu)   volume = 0.125
   epoch 3:  10(gpu) -> 32(SW)   volume = 0.875
   epoch 3:  10(gpu) -> 33(SW)   volume = 0.875
   epoch 3:  10(gpu) -> 34(SW)   volume = 0.875
   epoch 3:  10(gpu) -> 35(SW)   volume = 0.875
   epoch 3:  10(gpu) -> 36(SW)   volume = 0.875
   epoch 3:  10(gpu) -> 37(SW)   volume = 0.875
   epoch 3:  10(gpu) -> 38(SW)   volume = 0.875
   epoch 3:  10(gpu) -> 39(SW)   volume = 0.875
   epoch 3:  32(SW) ->  0(gpu)   volume = 0.125
   epoch 3:  32(SW) ->  7(gpu)   volume = 0.125
   epoch 3:  32(SW) ->  9(gpu)   volume = 0.125
   epoch 3:  32(SW) -> 15(gpu)   volume = 0.125
   epoch 3:  32(SW) -> 19(gpu)   volume = 0.125
   epoch 3:  32(SW) -> 26(gpu)   volume = 0.125
   epoch 3:  32(SW) -> 31(gpu)   volume = 0.125
   epoch 3:  33(SW) ->  0(gpu)   volume = 0.125
   epoch 3:  33(SW) ->  7(gpu)   volume = 0.125
   epoch 3:  33(SW) ->  9(gpu)   volume = 0.125
   epoch 3:  33(SW) -> 15(gpu)   volume = 0.125
   epoch 3:  33(SW) -> 19(gpu)   volume = 0.125
   epoch 3:  33(SW) -> 26(gpu)   volume = 0.125
   epoch 3:  33(SW) -> 31(gpu)   volume = 0.125
   epoch 3:  34(SW) ->  0(gpu)   volume = 0.125
   epoch 3:  34(SW) ->  7(gpu)   volume = 0.125
   epoch 3:  34(SW) ->  9(gpu)   volume = 0.125
   epoch 3:  34(SW) -> 15(gpu)   volume = 0.125
   epoch 3:  34(SW) -> 19(gpu)   volume = 0.125
   epoch 3:  34(SW) -> 26(gpu)   volume = 0.125
   epoch 3:  34(SW) -> 31(gpu)   volume = 0.125
   epoch 3:  35(SW) ->  0(gpu)   volume = 0.125
   epoch 3:  35(SW) ->  7(gpu)   volume = 0.125
   epoch 3:  35(SW) ->  9(gpu)   volume = 0.125
   epoch 3:  35(SW) -> 15(gpu)   volume = 0.125
   epoch 3:  35(SW) -> 19(gpu)   volume = 0.125
   epoch 3:  35(SW) -> 26(gpu)   volume = 0.125
   epoch 3:  35(SW) -> 31(gpu)   volume = 0.125
   epoch 3:  36(SW) ->  0(gpu)   volume = 0.125
   epoch 3:  36(SW) ->  7(gpu)   volume = 0.125
   epoch 3:  36(SW) ->  9(gpu)   volume = 0.125
   epoch 3:  36(SW) -> 15(gpu)   volume = 0.125
   epoch 3:  36(SW) -> 19(gpu)   volume = 0.125
   epoch 3:  36(SW) -> 26(gpu)   volume = 0.125
   epoch 3:  36(SW) -> 31(gpu)   volume = 0.125
   epoch 3:  37(SW) ->  0(gpu)   volume = 0.125
   epoch 3:  37(SW) ->  7(gpu)   volume = 0.125
   epoch 3:  37(SW) ->  9(gpu)   volume = 0.125
   epoch 3:  37(SW) -> 15(gpu)   volume = 0.125
   epoch 3:  37(SW) -> 19(gpu)   volume = 0.125
   epoch 3:  37(SW) -> 26(gpu)   volume = 0.125
   epoch 3:  37(SW) -> 31(gpu)   volume = 0.125
   epoch 3:  38(SW) ->  0(gpu)   volume = 0.125
   epoch 3:  38(SW) ->  7(gpu)   volume = 0.125
   epoch 3:  38(SW) ->  9(gpu)   volume = 0.125
   epoch 3:  38(SW) -> 15(gpu)   volume = 0.125
   epoch 3:  38(SW) -> 19(gpu)   volume = 0.125
   epoch 3:  38(SW) -> 26(gpu)   volume = 0.125
   epoch 3:  38(SW) -> 31(gpu)   volume = 0.125
   epoch 3:  39(SW) ->  0(gpu)   volume = 0.125
   epoch 3:  39(SW) ->  7(gpu)   volume = 0.125
   epoch 3:  39(SW) ->  9(gpu)   volume = 0.125
   epoch 3:  39(SW) -> 15(gpu)   volume = 0.125
   epoch 3:  39(SW) -> 19(gpu)   volume = 0.125
   epoch 3:  39(SW) -> 26(gpu)   volume = 0.125
   epoch 3:  39(SW) -> 31(gpu)   volume = 0.125

-- source 11 --
   epoch 0:  11(gpu) -> 32(SW)   volume = 1.0
   epoch 0:  11(gpu) -> 33(SW)   volume = 1.0
   epoch 0:  11(gpu) -> 34(SW)   volume = 1.0
   epoch 0:  11(gpu) -> 35(SW)   volume = 1.0
   epoch 0:  11(gpu) -> 36(SW)   volume = 1.0
   epoch 0:  11(gpu) -> 37(SW)   volume = 1.0
   epoch 0:  11(gpu) -> 38(SW)   volume = 1.0
   epoch 0:  11(gpu) -> 39(SW)   volume = 1.0
   epoch 0:  32(SW) ->  1(gpu)   volume = 0.125
   epoch 0:  32(SW) ->  3(gpu)   volume = 0.125
   epoch 0:  32(SW) -> 12(gpu)   volume = 0.125
   epoch 0:  32(SW) -> 15(gpu)   volume = 0.125
   epoch 0:  32(SW) -> 21(gpu)   volume = 0.125
   epoch 0:  32(SW) -> 22(gpu)   volume = 0.125
   epoch 0:  32(SW) -> 24(gpu)   volume = 0.125
   epoch 0:  32(SW) -> 31(gpu)   volume = 0.125
   epoch 0:  33(SW) ->  1(gpu)   volume = 0.125
   epoch 0:  33(SW) ->  3(gpu)   volume = 0.125
   epoch 0:  33(SW) -> 12(gpu)   volume = 0.125
   epoch 0:  33(SW) -> 15(gpu)   volume = 0.125
   epoch 0:  33(SW) -> 21(gpu)   volume = 0.125
   epoch 0:  33(SW) -> 22(gpu)   volume = 0.125
   epoch 0:  33(SW) -> 24(gpu)   volume = 0.125
   epoch 0:  33(SW) -> 31(gpu)   volume = 0.125
   epoch 0:  34(SW) ->  1(gpu)   volume = 0.125
   epoch 0:  34(SW) ->  3(gpu)   volume = 0.125
   epoch 0:  34(SW) -> 12(gpu)   volume = 0.125
   epoch 0:  34(SW) -> 15(gpu)   volume = 0.125
   epoch 0:  34(SW) -> 21(gpu)   volume = 0.125
   epoch 0:  34(SW) -> 22(gpu)   volume = 0.125
   epoch 0:  34(SW) -> 24(gpu)   volume = 0.125
   epoch 0:  34(SW) -> 31(gpu)   volume = 0.125
   epoch 0:  35(SW) ->  1(gpu)   volume = 0.125
   epoch 0:  35(SW) ->  3(gpu)   volume = 0.125
   epoch 0:  35(SW) -> 12(gpu)   volume = 0.125
   epoch 0:  35(SW) -> 15(gpu)   volume = 0.125
   epoch 0:  35(SW) -> 21(gpu)   volume = 0.125
   epoch 0:  35(SW) -> 22(gpu)   volume = 0.125
   epoch 0:  35(SW) -> 24(gpu)   volume = 0.125
   epoch 0:  35(SW) -> 31(gpu)   volume = 0.125
   epoch 0:  36(SW) ->  1(gpu)   volume = 0.125
   epoch 0:  36(SW) ->  3(gpu)   volume = 0.125
   epoch 0:  36(SW) -> 12(gpu)   volume = 0.125
   epoch 0:  36(SW) -> 15(gpu)   volume = 0.125
   epoch 0:  36(SW) -> 21(gpu)   volume = 0.125
   epoch 0:  36(SW) -> 22(gpu)   volume = 0.125
   epoch 0:  36(SW) -> 24(gpu)   volume = 0.125
   epoch 0:  36(SW) -> 31(gpu)   volume = 0.125
   epoch 0:  37(SW) ->  1(gpu)   volume = 0.125
   epoch 0:  37(SW) ->  3(gpu)   volume = 0.125
   epoch 0:  37(SW) -> 12(gpu)   volume = 0.125
   epoch 0:  37(SW) -> 15(gpu)   volume = 0.125
   epoch 0:  37(SW) -> 21(gpu)   volume = 0.125
   epoch 0:  37(SW) -> 22(gpu)   volume = 0.125
   epoch 0:  37(SW) -> 24(gpu)   volume = 0.125
   epoch 0:  37(SW) -> 31(gpu)   volume = 0.125
   epoch 0:  38(SW) ->  1(gpu)   volume = 0.125
   epoch 0:  38(SW) ->  3(gpu)   volume = 0.125
   epoch 0:  38(SW) -> 12(gpu)   volume = 0.125
   epoch 0:  38(SW) -> 15(gpu)   volume = 0.125
   epoch 0:  38(SW) -> 21(gpu)   volume = 0.125
   epoch 0:  38(SW) -> 22(gpu)   volume = 0.125
   epoch 0:  38(SW) -> 24(gpu)   volume = 0.125
   epoch 0:  38(SW) -> 31(gpu)   volume = 0.125
   epoch 0:  39(SW) ->  1(gpu)   volume = 0.125
   epoch 0:  39(SW) ->  3(gpu)   volume = 0.125
   epoch 0:  39(SW) -> 12(gpu)   volume = 0.125
   epoch 0:  39(SW) -> 15(gpu)   volume = 0.125
   epoch 0:  39(SW) -> 21(gpu)   volume = 0.125
   epoch 0:  39(SW) -> 22(gpu)   volume = 0.125
   epoch 0:  39(SW) -> 24(gpu)   volume = 0.125
   epoch 0:  39(SW) -> 31(gpu)   volume = 0.125
   epoch 1:  11(gpu) -> 32(SW)   volume = 1.0
   epoch 1:  11(gpu) -> 33(SW)   volume = 1.0
   epoch 1:  11(gpu) -> 34(SW)   volume = 1.0
   epoch 1:  11(gpu) -> 35(SW)   volume = 1.0
   epoch 1:  11(gpu) -> 36(SW)   volume = 1.0
   epoch 1:  11(gpu) -> 37(SW)   volume = 1.0
   epoch 1:  11(gpu) -> 38(SW)   volume = 1.0
   epoch 1:  11(gpu) -> 39(SW)   volume = 1.0
   epoch 1:  32(SW) ->  2(gpu)   volume = 0.125
   epoch 1:  32(SW) ->  6(gpu)   volume = 0.125
   epoch 1:  32(SW) ->  8(gpu)   volume = 0.125
   epoch 1:  32(SW) ->  9(gpu)   volume = 0.125
   epoch 1:  32(SW) -> 10(gpu)   volume = 0.125
   epoch 1:  32(SW) -> 17(gpu)   volume = 0.125
   epoch 1:  32(SW) -> 18(gpu)   volume = 0.125
   epoch 1:  32(SW) -> 26(gpu)   volume = 0.125
   epoch 1:  33(SW) ->  2(gpu)   volume = 0.125
   epoch 1:  33(SW) ->  6(gpu)   volume = 0.125
   epoch 1:  33(SW) ->  8(gpu)   volume = 0.125
   epoch 1:  33(SW) ->  9(gpu)   volume = 0.125
   epoch 1:  33(SW) -> 10(gpu)   volume = 0.125
   epoch 1:  33(SW) -> 17(gpu)   volume = 0.125
   epoch 1:  33(SW) -> 18(gpu)   volume = 0.125
   epoch 1:  33(SW) -> 26(gpu)   volume = 0.125
   epoch 1:  34(SW) ->  2(gpu)   volume = 0.125
   epoch 1:  34(SW) ->  6(gpu)   volume = 0.125
   epoch 1:  34(SW) ->  8(gpu)   volume = 0.125
   epoch 1:  34(SW) ->  9(gpu)   volume = 0.125
   epoch 1:  34(SW) -> 10(gpu)   volume = 0.125
   epoch 1:  34(SW) -> 17(gpu)   volume = 0.125
   epoch 1:  34(SW) -> 18(gpu)   volume = 0.125
   epoch 1:  34(SW) -> 26(gpu)   volume = 0.125
   epoch 1:  35(SW) ->  2(gpu)   volume = 0.125
   epoch 1:  35(SW) ->  6(gpu)   volume = 0.125
   epoch 1:  35(SW) ->  8(gpu)   volume = 0.125
   epoch 1:  35(SW) ->  9(gpu)   volume = 0.125
   epoch 1:  35(SW) -> 10(gpu)   volume = 0.125
   epoch 1:  35(SW) -> 17(gpu)   volume = 0.125
   epoch 1:  35(SW) -> 18(gpu)   volume = 0.125
   epoch 1:  35(SW) -> 26(gpu)   volume = 0.125
   epoch 1:  36(SW) ->  2(gpu)   volume = 0.125
   epoch 1:  36(SW) ->  6(gpu)   volume = 0.125
   epoch 1:  36(SW) ->  8(gpu)   volume = 0.125
   epoch 1:  36(SW) ->  9(gpu)   volume = 0.125
   epoch 1:  36(SW) -> 10(gpu)   volume = 0.125
   epoch 1:  36(SW) -> 17(gpu)   volume = 0.125
   epoch 1:  36(SW) -> 18(gpu)   volume = 0.125
   epoch 1:  36(SW) -> 26(gpu)   volume = 0.125
   epoch 1:  37(SW) ->  2(gpu)   volume = 0.125
   epoch 1:  37(SW) ->  6(gpu)   volume = 0.125
   epoch 1:  37(SW) ->  8(gpu)   volume = 0.125
   epoch 1:  37(SW) ->  9(gpu)   volume = 0.125
   epoch 1:  37(SW) -> 10(gpu)   volume = 0.125
   epoch 1:  37(SW) -> 17(gpu)   volume = 0.125
   epoch 1:  37(SW) -> 18(gpu)   volume = 0.125
   epoch 1:  37(SW) -> 26(gpu)   volume = 0.125
   epoch 1:  38(SW) ->  2(gpu)   volume = 0.125
   epoch 1:  38(SW) ->  6(gpu)   volume = 0.125
   epoch 1:  38(SW) ->  8(gpu)   volume = 0.125
   epoch 1:  38(SW) ->  9(gpu)   volume = 0.125
   epoch 1:  38(SW) -> 10(gpu)   volume = 0.125
   epoch 1:  38(SW) -> 17(gpu)   volume = 0.125
   epoch 1:  38(SW) -> 18(gpu)   volume = 0.125
   epoch 1:  38(SW) -> 26(gpu)   volume = 0.125
   epoch 1:  39(SW) ->  2(gpu)   volume = 0.125
   epoch 1:  39(SW) ->  6(gpu)   volume = 0.125
   epoch 1:  39(SW) ->  8(gpu)   volume = 0.125
   epoch 1:  39(SW) ->  9(gpu)   volume = 0.125
   epoch 1:  39(SW) -> 10(gpu)   volume = 0.125
   epoch 1:  39(SW) -> 17(gpu)   volume = 0.125
   epoch 1:  39(SW) -> 18(gpu)   volume = 0.125
   epoch 1:  39(SW) -> 26(gpu)   volume = 0.125
   epoch 2:  11(gpu) -> 32(SW)   volume = 1.0
   epoch 2:  11(gpu) -> 33(SW)   volume = 1.0
   epoch 2:  11(gpu) -> 34(SW)   volume = 1.0
   epoch 2:  11(gpu) -> 35(SW)   volume = 1.0
   epoch 2:  11(gpu) -> 36(SW)   volume = 1.0
   epoch 2:  11(gpu) -> 37(SW)   volume = 1.0
   epoch 2:  11(gpu) -> 38(SW)   volume = 1.0
   epoch 2:  11(gpu) -> 39(SW)   volume = 1.0
   epoch 2:  32(SW) ->  0(gpu)   volume = 0.125
   epoch 2:  32(SW) -> 13(gpu)   volume = 0.125
   epoch 2:  32(SW) -> 19(gpu)   volume = 0.125
   epoch 2:  32(SW) -> 23(gpu)   volume = 0.125
   epoch 2:  32(SW) -> 25(gpu)   volume = 0.125
   epoch 2:  32(SW) -> 27(gpu)   volume = 0.125
   epoch 2:  32(SW) -> 29(gpu)   volume = 0.125
   epoch 2:  32(SW) -> 30(gpu)   volume = 0.125
   epoch 2:  33(SW) ->  0(gpu)   volume = 0.125
   epoch 2:  33(SW) -> 13(gpu)   volume = 0.125
   epoch 2:  33(SW) -> 19(gpu)   volume = 0.125
   epoch 2:  33(SW) -> 23(gpu)   volume = 0.125
   epoch 2:  33(SW) -> 25(gpu)   volume = 0.125
   epoch 2:  33(SW) -> 27(gpu)   volume = 0.125
   epoch 2:  33(SW) -> 29(gpu)   volume = 0.125
   epoch 2:  33(SW) -> 30(gpu)   volume = 0.125
   epoch 2:  34(SW) ->  0(gpu)   volume = 0.125
   epoch 2:  34(SW) -> 13(gpu)   volume = 0.125
   epoch 2:  34(SW) -> 19(gpu)   volume = 0.125
   epoch 2:  34(SW) -> 23(gpu)   volume = 0.125
   epoch 2:  34(SW) -> 25(gpu)   volume = 0.125
   epoch 2:  34(SW) -> 27(gpu)   volume = 0.125
   epoch 2:  34(SW) -> 29(gpu)   volume = 0.125
   epoch 2:  34(SW) -> 30(gpu)   volume = 0.125
   epoch 2:  35(SW) ->  0(gpu)   volume = 0.125
   epoch 2:  35(SW) -> 13(gpu)   volume = 0.125
   epoch 2:  35(SW) -> 19(gpu)   volume = 0.125
   epoch 2:  35(SW) -> 23(gpu)   volume = 0.125
   epoch 2:  35(SW) -> 25(gpu)   volume = 0.125
   epoch 2:  35(SW) -> 27(gpu)   volume = 0.125
   epoch 2:  35(SW) -> 29(gpu)   volume = 0.125
   epoch 2:  35(SW) -> 30(gpu)   volume = 0.125
   epoch 2:  36(SW) ->  0(gpu)   volume = 0.125
   epoch 2:  36(SW) -> 13(gpu)   volume = 0.125
   epoch 2:  36(SW) -> 19(gpu)   volume = 0.125
   epoch 2:  36(SW) -> 23(gpu)   volume = 0.125
   epoch 2:  36(SW) -> 25(gpu)   volume = 0.125
   epoch 2:  36(SW) -> 27(gpu)   volume = 0.125
   epoch 2:  36(SW) -> 29(gpu)   volume = 0.125
   epoch 2:  36(SW) -> 30(gpu)   volume = 0.125
   epoch 2:  37(SW) ->  0(gpu)   volume = 0.125
   epoch 2:  37(SW) -> 13(gpu)   volume = 0.125
   epoch 2:  37(SW) -> 19(gpu)   volume = 0.125
   epoch 2:  37(SW) -> 23(gpu)   volume = 0.125
   epoch 2:  37(SW) -> 25(gpu)   volume = 0.125
   epoch 2:  37(SW) -> 27(gpu)   volume = 0.125
   epoch 2:  37(SW) -> 29(gpu)   volume = 0.125
   epoch 2:  37(SW) -> 30(gpu)   volume = 0.125
   epoch 2:  38(SW) ->  0(gpu)   volume = 0.125
   epoch 2:  38(SW) -> 13(gpu)   volume = 0.125
   epoch 2:  38(SW) -> 19(gpu)   volume = 0.125
   epoch 2:  38(SW) -> 23(gpu)   volume = 0.125
   epoch 2:  38(SW) -> 25(gpu)   volume = 0.125
   epoch 2:  38(SW) -> 27(gpu)   volume = 0.125
   epoch 2:  38(SW) -> 29(gpu)   volume = 0.125
   epoch 2:  38(SW) -> 30(gpu)   volume = 0.125
   epoch 2:  39(SW) ->  0(gpu)   volume = 0.125
   epoch 2:  39(SW) -> 13(gpu)   volume = 0.125
   epoch 2:  39(SW) -> 19(gpu)   volume = 0.125
   epoch 2:  39(SW) -> 23(gpu)   volume = 0.125
   epoch 2:  39(SW) -> 25(gpu)   volume = 0.125
   epoch 2:  39(SW) -> 27(gpu)   volume = 0.125
   epoch 2:  39(SW) -> 29(gpu)   volume = 0.125
   epoch 2:  39(SW) -> 30(gpu)   volume = 0.125
   epoch 3:  11(gpu) -> 32(SW)   volume = 0.875
   epoch 3:  11(gpu) -> 33(SW)   volume = 0.875
   epoch 3:  11(gpu) -> 34(SW)   volume = 0.875
   epoch 3:  11(gpu) -> 35(SW)   volume = 0.875
   epoch 3:  11(gpu) -> 36(SW)   volume = 0.875
   epoch 3:  11(gpu) -> 37(SW)   volume = 0.875
   epoch 3:  11(gpu) -> 38(SW)   volume = 0.875
   epoch 3:  11(gpu) -> 39(SW)   volume = 0.875
   epoch 3:  32(SW) ->  4(gpu)   volume = 0.125
   epoch 3:  32(SW) ->  5(gpu)   volume = 0.125
   epoch 3:  32(SW) ->  7(gpu)   volume = 0.125
   epoch 3:  32(SW) -> 14(gpu)   volume = 0.125
   epoch 3:  32(SW) -> 16(gpu)   volume = 0.125
   epoch 3:  32(SW) -> 20(gpu)   volume = 0.125
   epoch 3:  32(SW) -> 28(gpu)   volume = 0.125
   epoch 3:  33(SW) ->  4(gpu)   volume = 0.125
   epoch 3:  33(SW) ->  5(gpu)   volume = 0.125
   epoch 3:  33(SW) ->  7(gpu)   volume = 0.125
   epoch 3:  33(SW) -> 14(gpu)   volume = 0.125
   epoch 3:  33(SW) -> 16(gpu)   volume = 0.125
   epoch 3:  33(SW) -> 20(gpu)   volume = 0.125
   epoch 3:  33(SW) -> 28(gpu)   volume = 0.125
   epoch 3:  34(SW) ->  4(gpu)   volume = 0.125
   epoch 3:  34(SW) ->  5(gpu)   volume = 0.125
   epoch 3:  34(SW) ->  7(gpu)   volume = 0.125
   epoch 3:  34(SW) -> 14(gpu)   volume = 0.125
   epoch 3:  34(SW) -> 16(gpu)   volume = 0.125
   epoch 3:  34(SW) -> 20(gpu)   volume = 0.125
   epoch 3:  34(SW) -> 28(gpu)   volume = 0.125
   epoch 3:  35(SW) ->  4(gpu)   volume = 0.125
   epoch 3:  35(SW) ->  5(gpu)   volume = 0.125
   epoch 3:  35(SW) ->  7(gpu)   volume = 0.125
   epoch 3:  35(SW) -> 14(gpu)   volume = 0.125
   epoch 3:  35(SW) -> 16(gpu)   volume = 0.125
   epoch 3:  35(SW) -> 20(gpu)   volume = 0.125
   epoch 3:  35(SW) -> 28(gpu)   volume = 0.125
   epoch 3:  36(SW) ->  4(gpu)   volume = 0.125
   epoch 3:  36(SW) ->  5(gpu)   volume = 0.125
   epoch 3:  36(SW) ->  7(gpu)   volume = 0.125
   epoch 3:  36(SW) -> 14(gpu)   volume = 0.125
   epoch 3:  36(SW) -> 16(gpu)   volume = 0.125
   epoch 3:  36(SW) -> 20(gpu)   volume = 0.125
   epoch 3:  36(SW) -> 28(gpu)   volume = 0.125
   epoch 3:  37(SW) ->  4(gpu)   volume = 0.125
   epoch 3:  37(SW) ->  5(gpu)   volume = 0.125
   epoch 3:  37(SW) ->  7(gpu)   volume = 0.125
   epoch 3:  37(SW) -> 14(gpu)   volume = 0.125
   epoch 3:  37(SW) -> 16(gpu)   volume = 0.125
   epoch 3:  37(SW) -> 20(gpu)   volume = 0.125
   epoch 3:  37(SW) -> 28(gpu)   volume = 0.125
   epoch 3:  38(SW) ->  4(gpu)   volume = 0.125
   epoch 3:  38(SW) ->  5(gpu)   volume = 0.125
   epoch 3:  38(SW) ->  7(gpu)   volume = 0.125
   epoch 3:  38(SW) -> 14(gpu)   volume = 0.125
   epoch 3:  38(SW) -> 16(gpu)   volume = 0.125
   epoch 3:  38(SW) -> 20(gpu)   volume = 0.125
   epoch 3:  38(SW) -> 28(gpu)   volume = 0.125
   epoch 3:  39(SW) ->  4(gpu)   volume = 0.125
   epoch 3:  39(SW) ->  5(gpu)   volume = 0.125
   epoch 3:  39(SW) ->  7(gpu)   volume = 0.125
   epoch 3:  39(SW) -> 14(gpu)   volume = 0.125
   epoch 3:  39(SW) -> 16(gpu)   volume = 0.125
   epoch 3:  39(SW) -> 20(gpu)   volume = 0.125
   epoch 3:  39(SW) -> 28(gpu)   volume = 0.125

-- source 12 --
   epoch 0:  12(gpu) -> 32(SW)   volume = 1.0
   epoch 0:  12(gpu) -> 33(SW)   volume = 1.0
   epoch 0:  12(gpu) -> 34(SW)   volume = 1.0
   epoch 0:  12(gpu) -> 35(SW)   volume = 1.0
   epoch 0:  12(gpu) -> 36(SW)   volume = 1.0
   epoch 0:  12(gpu) -> 37(SW)   volume = 1.0
   epoch 0:  12(gpu) -> 38(SW)   volume = 1.0
   epoch 0:  12(gpu) -> 39(SW)   volume = 1.0
   epoch 0:  32(SW) ->  1(gpu)   volume = 0.125
   epoch 0:  32(SW) ->  9(gpu)   volume = 0.125
   epoch 0:  32(SW) -> 14(gpu)   volume = 0.125
   epoch 0:  32(SW) -> 22(gpu)   volume = 0.125
   epoch 0:  32(SW) -> 24(gpu)   volume = 0.125
   epoch 0:  32(SW) -> 26(gpu)   volume = 0.125
   epoch 0:  32(SW) -> 28(gpu)   volume = 0.125
   epoch 0:  32(SW) -> 30(gpu)   volume = 0.125
   epoch 0:  33(SW) ->  1(gpu)   volume = 0.125
   epoch 0:  33(SW) ->  9(gpu)   volume = 0.125
   epoch 0:  33(SW) -> 14(gpu)   volume = 0.125
   epoch 0:  33(SW) -> 22(gpu)   volume = 0.125
   epoch 0:  33(SW) -> 24(gpu)   volume = 0.125
   epoch 0:  33(SW) -> 26(gpu)   volume = 0.125
   epoch 0:  33(SW) -> 28(gpu)   volume = 0.125
   epoch 0:  33(SW) -> 30(gpu)   volume = 0.125
   epoch 0:  34(SW) ->  1(gpu)   volume = 0.125
   epoch 0:  34(SW) ->  9(gpu)   volume = 0.125
   epoch 0:  34(SW) -> 14(gpu)   volume = 0.125
   epoch 0:  34(SW) -> 22(gpu)   volume = 0.125
   epoch 0:  34(SW) -> 24(gpu)   volume = 0.125
   epoch 0:  34(SW) -> 26(gpu)   volume = 0.125
   epoch 0:  34(SW) -> 28(gpu)   volume = 0.125
   epoch 0:  34(SW) -> 30(gpu)   volume = 0.125
   epoch 0:  35(SW) ->  1(gpu)   volume = 0.125
   epoch 0:  35(SW) ->  9(gpu)   volume = 0.125
   epoch 0:  35(SW) -> 14(gpu)   volume = 0.125
   epoch 0:  35(SW) -> 22(gpu)   volume = 0.125
   epoch 0:  35(SW) -> 24(gpu)   volume = 0.125
   epoch 0:  35(SW) -> 26(gpu)   volume = 0.125
   epoch 0:  35(SW) -> 28(gpu)   volume = 0.125
   epoch 0:  35(SW) -> 30(gpu)   volume = 0.125
   epoch 0:  36(SW) ->  1(gpu)   volume = 0.125
   epoch 0:  36(SW) ->  9(gpu)   volume = 0.125
   epoch 0:  36(SW) -> 14(gpu)   volume = 0.125
   epoch 0:  36(SW) -> 22(gpu)   volume = 0.125
   epoch 0:  36(SW) -> 24(gpu)   volume = 0.125
   epoch 0:  36(SW) -> 26(gpu)   volume = 0.125
   epoch 0:  36(SW) -> 28(gpu)   volume = 0.125
   epoch 0:  36(SW) -> 30(gpu)   volume = 0.125
   epoch 0:  37(SW) ->  1(gpu)   volume = 0.125
   epoch 0:  37(SW) ->  9(gpu)   volume = 0.125
   epoch 0:  37(SW) -> 14(gpu)   volume = 0.125
   epoch 0:  37(SW) -> 22(gpu)   volume = 0.125
   epoch 0:  37(SW) -> 24(gpu)   volume = 0.125
   epoch 0:  37(SW) -> 26(gpu)   volume = 0.125
   epoch 0:  37(SW) -> 28(gpu)   volume = 0.125
   epoch 0:  37(SW) -> 30(gpu)   volume = 0.125
   epoch 0:  38(SW) ->  1(gpu)   volume = 0.125
   epoch 0:  38(SW) ->  9(gpu)   volume = 0.125
   epoch 0:  38(SW) -> 14(gpu)   volume = 0.125
   epoch 0:  38(SW) -> 22(gpu)   volume = 0.125
   epoch 0:  38(SW) -> 24(gpu)   volume = 0.125
   epoch 0:  38(SW) -> 26(gpu)   volume = 0.125
   epoch 0:  38(SW) -> 28(gpu)   volume = 0.125
   epoch 0:  38(SW) -> 30(gpu)   volume = 0.125
   epoch 0:  39(SW) ->  1(gpu)   volume = 0.125
   epoch 0:  39(SW) ->  9(gpu)   volume = 0.125
   epoch 0:  39(SW) -> 14(gpu)   volume = 0.125
   epoch 0:  39(SW) -> 22(gpu)   volume = 0.125
   epoch 0:  39(SW) -> 24(gpu)   volume = 0.125
   epoch 0:  39(SW) -> 26(gpu)   volume = 0.125
   epoch 0:  39(SW) -> 28(gpu)   volume = 0.125
   epoch 0:  39(SW) -> 30(gpu)   volume = 0.125
   epoch 1:  12(gpu) -> 32(SW)   volume = 1.0
   epoch 1:  12(gpu) -> 33(SW)   volume = 1.0
   epoch 1:  12(gpu) -> 34(SW)   volume = 1.0
   epoch 1:  12(gpu) -> 35(SW)   volume = 1.0
   epoch 1:  12(gpu) -> 36(SW)   volume = 1.0
   epoch 1:  12(gpu) -> 37(SW)   volume = 1.0
   epoch 1:  12(gpu) -> 38(SW)   volume = 1.0
   epoch 1:  12(gpu) -> 39(SW)   volume = 1.0
   epoch 1:  32(SW) ->  4(gpu)   volume = 0.125
   epoch 1:  32(SW) ->  5(gpu)   volume = 0.125
   epoch 1:  32(SW) ->  6(gpu)   volume = 0.125
   epoch 1:  32(SW) -> 11(gpu)   volume = 0.125
   epoch 1:  32(SW) -> 13(gpu)   volume = 0.125
   epoch 1:  32(SW) -> 21(gpu)   volume = 0.125
   epoch 1:  32(SW) -> 23(gpu)   volume = 0.125
   epoch 1:  32(SW) -> 25(gpu)   volume = 0.125
   epoch 1:  33(SW) ->  4(gpu)   volume = 0.125
   epoch 1:  33(SW) ->  5(gpu)   volume = 0.125
   epoch 1:  33(SW) ->  6(gpu)   volume = 0.125
   epoch 1:  33(SW) -> 11(gpu)   volume = 0.125
   epoch 1:  33(SW) -> 13(gpu)   volume = 0.125
   epoch 1:  33(SW) -> 21(gpu)   volume = 0.125
   epoch 1:  33(SW) -> 23(gpu)   volume = 0.125
   epoch 1:  33(SW) -> 25(gpu)   volume = 0.125
   epoch 1:  34(SW) ->  4(gpu)   volume = 0.125
   epoch 1:  34(SW) ->  5(gpu)   volume = 0.125
   epoch 1:  34(SW) ->  6(gpu)   volume = 0.125
   epoch 1:  34(SW) -> 11(gpu)   volume = 0.125
   epoch 1:  34(SW) -> 13(gpu)   volume = 0.125
   epoch 1:  34(SW) -> 21(gpu)   volume = 0.125
   epoch 1:  34(SW) -> 23(gpu)   volume = 0.125
   epoch 1:  34(SW) -> 25(gpu)   volume = 0.125
   epoch 1:  35(SW) ->  4(gpu)   volume = 0.125
   epoch 1:  35(SW) ->  5(gpu)   volume = 0.125
   epoch 1:  35(SW) ->  6(gpu)   volume = 0.125
   epoch 1:  35(SW) -> 11(gpu)   volume = 0.125
   epoch 1:  35(SW) -> 13(gpu)   volume = 0.125
   epoch 1:  35(SW) -> 21(gpu)   volume = 0.125
   epoch 1:  35(SW) -> 23(gpu)   volume = 0.125
   epoch 1:  35(SW) -> 25(gpu)   volume = 0.125
   epoch 1:  36(SW) ->  4(gpu)   volume = 0.125
   epoch 1:  36(SW) ->  5(gpu)   volume = 0.125
   epoch 1:  36(SW) ->  6(gpu)   volume = 0.125
   epoch 1:  36(SW) -> 11(gpu)   volume = 0.125
   epoch 1:  36(SW) -> 13(gpu)   volume = 0.125
   epoch 1:  36(SW) -> 21(gpu)   volume = 0.125
   epoch 1:  36(SW) -> 23(gpu)   volume = 0.125
   epoch 1:  36(SW) -> 25(gpu)   volume = 0.125
   epoch 1:  37(SW) ->  4(gpu)   volume = 0.125
   epoch 1:  37(SW) ->  5(gpu)   volume = 0.125
   epoch 1:  37(SW) ->  6(gpu)   volume = 0.125
   epoch 1:  37(SW) -> 11(gpu)   volume = 0.125
   epoch 1:  37(SW) -> 13(gpu)   volume = 0.125
   epoch 1:  37(SW) -> 21(gpu)   volume = 0.125
   epoch 1:  37(SW) -> 23(gpu)   volume = 0.125
   epoch 1:  37(SW) -> 25(gpu)   volume = 0.125
   epoch 1:  38(SW) ->  4(gpu)   volume = 0.125
   epoch 1:  38(SW) ->  5(gpu)   volume = 0.125
   epoch 1:  38(SW) ->  6(gpu)   volume = 0.125
   epoch 1:  38(SW) -> 11(gpu)   volume = 0.125
   epoch 1:  38(SW) -> 13(gpu)   volume = 0.125
   epoch 1:  38(SW) -> 21(gpu)   volume = 0.125
   epoch 1:  38(SW) -> 23(gpu)   volume = 0.125
   epoch 1:  38(SW) -> 25(gpu)   volume = 0.125
   epoch 1:  39(SW) ->  4(gpu)   volume = 0.125
   epoch 1:  39(SW) ->  5(gpu)   volume = 0.125
   epoch 1:  39(SW) ->  6(gpu)   volume = 0.125
   epoch 1:  39(SW) -> 11(gpu)   volume = 0.125
   epoch 1:  39(SW) -> 13(gpu)   volume = 0.125
   epoch 1:  39(SW) -> 21(gpu)   volume = 0.125
   epoch 1:  39(SW) -> 23(gpu)   volume = 0.125
   epoch 1:  39(SW) -> 25(gpu)   volume = 0.125
   epoch 2:  12(gpu) -> 32(SW)   volume = 1.0
   epoch 2:  12(gpu) -> 33(SW)   volume = 1.0
   epoch 2:  12(gpu) -> 34(SW)   volume = 1.0
   epoch 2:  12(gpu) -> 35(SW)   volume = 1.0
   epoch 2:  12(gpu) -> 36(SW)   volume = 1.0
   epoch 2:  12(gpu) -> 37(SW)   volume = 1.0
   epoch 2:  12(gpu) -> 38(SW)   volume = 1.0
   epoch 2:  12(gpu) -> 39(SW)   volume = 1.0
   epoch 2:  32(SW) ->  0(gpu)   volume = 0.125
   epoch 2:  32(SW) ->  2(gpu)   volume = 0.125
   epoch 2:  32(SW) ->  3(gpu)   volume = 0.125
   epoch 2:  32(SW) ->  8(gpu)   volume = 0.125
   epoch 2:  32(SW) -> 10(gpu)   volume = 0.125
   epoch 2:  32(SW) -> 15(gpu)   volume = 0.125
   epoch 2:  32(SW) -> 17(gpu)   volume = 0.125
   epoch 2:  32(SW) -> 19(gpu)   volume = 0.125
   epoch 2:  33(SW) ->  0(gpu)   volume = 0.125
   epoch 2:  33(SW) ->  2(gpu)   volume = 0.125
   epoch 2:  33(SW) ->  3(gpu)   volume = 0.125
   epoch 2:  33(SW) ->  8(gpu)   volume = 0.125
   epoch 2:  33(SW) -> 10(gpu)   volume = 0.125
   epoch 2:  33(SW) -> 15(gpu)   volume = 0.125
   epoch 2:  33(SW) -> 17(gpu)   volume = 0.125
   epoch 2:  33(SW) -> 19(gpu)   volume = 0.125
   epoch 2:  34(SW) ->  0(gpu)   volume = 0.125
   epoch 2:  34(SW) ->  2(gpu)   volume = 0.125
   epoch 2:  34(SW) ->  3(gpu)   volume = 0.125
   epoch 2:  34(SW) ->  8(gpu)   volume = 0.125
   epoch 2:  34(SW) -> 10(gpu)   volume = 0.125
   epoch 2:  34(SW) -> 15(gpu)   volume = 0.125
   epoch 2:  34(SW) -> 17(gpu)   volume = 0.125
   epoch 2:  34(SW) -> 19(gpu)   volume = 0.125
   epoch 2:  35(SW) ->  0(gpu)   volume = 0.125
   epoch 2:  35(SW) ->  2(gpu)   volume = 0.125
   epoch 2:  35(SW) ->  3(gpu)   volume = 0.125
   epoch 2:  35(SW) ->  8(gpu)   volume = 0.125
   epoch 2:  35(SW) -> 10(gpu)   volume = 0.125
   epoch 2:  35(SW) -> 15(gpu)   volume = 0.125
   epoch 2:  35(SW) -> 17(gpu)   volume = 0.125
   epoch 2:  35(SW) -> 19(gpu)   volume = 0.125
   epoch 2:  36(SW) ->  0(gpu)   volume = 0.125
   epoch 2:  36(SW) ->  2(gpu)   volume = 0.125
   epoch 2:  36(SW) ->  3(gpu)   volume = 0.125
   epoch 2:  36(SW) ->  8(gpu)   volume = 0.125
   epoch 2:  36(SW) -> 10(gpu)   volume = 0.125
   epoch 2:  36(SW) -> 15(gpu)   volume = 0.125
   epoch 2:  36(SW) -> 17(gpu)   volume = 0.125
   epoch 2:  36(SW) -> 19(gpu)   volume = 0.125
   epoch 2:  37(SW) ->  0(gpu)   volume = 0.125
   epoch 2:  37(SW) ->  2(gpu)   volume = 0.125
   epoch 2:  37(SW) ->  3(gpu)   volume = 0.125
   epoch 2:  37(SW) ->  8(gpu)   volume = 0.125
   epoch 2:  37(SW) -> 10(gpu)   volume = 0.125
   epoch 2:  37(SW) -> 15(gpu)   volume = 0.125
   epoch 2:  37(SW) -> 17(gpu)   volume = 0.125
   epoch 2:  37(SW) -> 19(gpu)   volume = 0.125
   epoch 2:  38(SW) ->  0(gpu)   volume = 0.125
   epoch 2:  38(SW) ->  2(gpu)   volume = 0.125
   epoch 2:  38(SW) ->  3(gpu)   volume = 0.125
   epoch 2:  38(SW) ->  8(gpu)   volume = 0.125
   epoch 2:  38(SW) -> 10(gpu)   volume = 0.125
   epoch 2:  38(SW) -> 15(gpu)   volume = 0.125
   epoch 2:  38(SW) -> 17(gpu)   volume = 0.125
   epoch 2:  38(SW) -> 19(gpu)   volume = 0.125
   epoch 2:  39(SW) ->  0(gpu)   volume = 0.125
   epoch 2:  39(SW) ->  2(gpu)   volume = 0.125
   epoch 2:  39(SW) ->  3(gpu)   volume = 0.125
   epoch 2:  39(SW) ->  8(gpu)   volume = 0.125
   epoch 2:  39(SW) -> 10(gpu)   volume = 0.125
   epoch 2:  39(SW) -> 15(gpu)   volume = 0.125
   epoch 2:  39(SW) -> 17(gpu)   volume = 0.125
   epoch 2:  39(SW) -> 19(gpu)   volume = 0.125
   epoch 3:  12(gpu) -> 32(SW)   volume = 0.875
   epoch 3:  12(gpu) -> 33(SW)   volume = 0.875
   epoch 3:  12(gpu) -> 34(SW)   volume = 0.875
   epoch 3:  12(gpu) -> 35(SW)   volume = 0.875
   epoch 3:  12(gpu) -> 36(SW)   volume = 0.875
   epoch 3:  12(gpu) -> 37(SW)   volume = 0.875
   epoch 3:  12(gpu) -> 38(SW)   volume = 0.875
   epoch 3:  12(gpu) -> 39(SW)   volume = 0.875
   epoch 3:  32(SW) ->  7(gpu)   volume = 0.125
   epoch 3:  32(SW) -> 16(gpu)   volume = 0.125
   epoch 3:  32(SW) -> 18(gpu)   volume = 0.125
   epoch 3:  32(SW) -> 20(gpu)   volume = 0.125
   epoch 3:  32(SW) -> 27(gpu)   volume = 0.125
   epoch 3:  32(SW) -> 29(gpu)   volume = 0.125
   epoch 3:  32(SW) -> 31(gpu)   volume = 0.125
   epoch 3:  33(SW) ->  7(gpu)   volume = 0.125
   epoch 3:  33(SW) -> 16(gpu)   volume = 0.125
   epoch 3:  33(SW) -> 18(gpu)   volume = 0.125
   epoch 3:  33(SW) -> 20(gpu)   volume = 0.125
   epoch 3:  33(SW) -> 27(gpu)   volume = 0.125
   epoch 3:  33(SW) -> 29(gpu)   volume = 0.125
   epoch 3:  33(SW) -> 31(gpu)   volume = 0.125
   epoch 3:  34(SW) ->  7(gpu)   volume = 0.125
   epoch 3:  34(SW) -> 16(gpu)   volume = 0.125
   epoch 3:  34(SW) -> 18(gpu)   volume = 0.125
   epoch 3:  34(SW) -> 20(gpu)   volume = 0.125
   epoch 3:  34(SW) -> 27(gpu)   volume = 0.125
   epoch 3:  34(SW) -> 29(gpu)   volume = 0.125
   epoch 3:  34(SW) -> 31(gpu)   volume = 0.125
   epoch 3:  35(SW) ->  7(gpu)   volume = 0.125
   epoch 3:  35(SW) -> 16(gpu)   volume = 0.125
   epoch 3:  35(SW) -> 18(gpu)   volume = 0.125
   epoch 3:  35(SW) -> 20(gpu)   volume = 0.125
   epoch 3:  35(SW) -> 27(gpu)   volume = 0.125
   epoch 3:  35(SW) -> 29(gpu)   volume = 0.125
   epoch 3:  35(SW) -> 31(gpu)   volume = 0.125
   epoch 3:  36(SW) ->  7(gpu)   volume = 0.125
   epoch 3:  36(SW) -> 16(gpu)   volume = 0.125
   epoch 3:  36(SW) -> 18(gpu)   volume = 0.125
   epoch 3:  36(SW) -> 20(gpu)   volume = 0.125
   epoch 3:  36(SW) -> 27(gpu)   volume = 0.125
   epoch 3:  36(SW) -> 29(gpu)   volume = 0.125
   epoch 3:  36(SW) -> 31(gpu)   volume = 0.125
   epoch 3:  37(SW) ->  7(gpu)   volume = 0.125
   epoch 3:  37(SW) -> 16(gpu)   volume = 0.125
   epoch 3:  37(SW) -> 18(gpu)   volume = 0.125
   epoch 3:  37(SW) -> 20(gpu)   volume = 0.125
   epoch 3:  37(SW) -> 27(gpu)   volume = 0.125
   epoch 3:  37(SW) -> 29(gpu)   volume = 0.125
   epoch 3:  37(SW) -> 31(gpu)   volume = 0.125
   epoch 3:  38(SW) ->  7(gpu)   volume = 0.125
   epoch 3:  38(SW) -> 16(gpu)   volume = 0.125
   epoch 3:  38(SW) -> 18(gpu)   volume = 0.125
   epoch 3:  38(SW) -> 20(gpu)   volume = 0.125
   epoch 3:  38(SW) -> 27(gpu)   volume = 0.125
   epoch 3:  38(SW) -> 29(gpu)   volume = 0.125
   epoch 3:  38(SW) -> 31(gpu)   volume = 0.125
   epoch 3:  39(SW) ->  7(gpu)   volume = 0.125
   epoch 3:  39(SW) -> 16(gpu)   volume = 0.125
   epoch 3:  39(SW) -> 18(gpu)   volume = 0.125
   epoch 3:  39(SW) -> 20(gpu)   volume = 0.125
   epoch 3:  39(SW) -> 27(gpu)   volume = 0.125
   epoch 3:  39(SW) -> 29(gpu)   volume = 0.125
   epoch 3:  39(SW) -> 31(gpu)   volume = 0.125

-- source 13 --
   epoch 0:  13(gpu) -> 32(SW)   volume = 1.0
   epoch 0:  13(gpu) -> 33(SW)   volume = 1.0
   epoch 0:  13(gpu) -> 34(SW)   volume = 1.0
   epoch 0:  13(gpu) -> 35(SW)   volume = 1.0
   epoch 0:  13(gpu) -> 36(SW)   volume = 1.0
   epoch 0:  13(gpu) -> 37(SW)   volume = 1.0
   epoch 0:  13(gpu) -> 38(SW)   volume = 1.0
   epoch 0:  13(gpu) -> 39(SW)   volume = 1.0
   epoch 0:  32(SW) ->  2(gpu)   volume = 0.125
   epoch 0:  32(SW) ->  7(gpu)   volume = 0.125
   epoch 0:  32(SW) -> 10(gpu)   volume = 0.125
   epoch 0:  32(SW) -> 12(gpu)   volume = 0.125
   epoch 0:  32(SW) -> 14(gpu)   volume = 0.125
   epoch 0:  32(SW) -> 17(gpu)   volume = 0.125
   epoch 0:  32(SW) -> 30(gpu)   volume = 0.125
   epoch 0:  32(SW) -> 31(gpu)   volume = 0.125
   epoch 0:  33(SW) ->  2(gpu)   volume = 0.125
   epoch 0:  33(SW) ->  7(gpu)   volume = 0.125
   epoch 0:  33(SW) -> 10(gpu)   volume = 0.125
   epoch 0:  33(SW) -> 12(gpu)   volume = 0.125
   epoch 0:  33(SW) -> 14(gpu)   volume = 0.125
   epoch 0:  33(SW) -> 17(gpu)   volume = 0.125
   epoch 0:  33(SW) -> 30(gpu)   volume = 0.125
   epoch 0:  33(SW) -> 31(gpu)   volume = 0.125
   epoch 0:  34(SW) ->  2(gpu)   volume = 0.125
   epoch 0:  34(SW) ->  7(gpu)   volume = 0.125
   epoch 0:  34(SW) -> 10(gpu)   volume = 0.125
   epoch 0:  34(SW) -> 12(gpu)   volume = 0.125
   epoch 0:  34(SW) -> 14(gpu)   volume = 0.125
   epoch 0:  34(SW) -> 17(gpu)   volume = 0.125
   epoch 0:  34(SW) -> 30(gpu)   volume = 0.125
   epoch 0:  34(SW) -> 31(gpu)   volume = 0.125
   epoch 0:  35(SW) ->  2(gpu)   volume = 0.125
   epoch 0:  35(SW) ->  7(gpu)   volume = 0.125
   epoch 0:  35(SW) -> 10(gpu)   volume = 0.125
   epoch 0:  35(SW) -> 12(gpu)   volume = 0.125
   epoch 0:  35(SW) -> 14(gpu)   volume = 0.125
   epoch 0:  35(SW) -> 17(gpu)   volume = 0.125
   epoch 0:  35(SW) -> 30(gpu)   volume = 0.125
   epoch 0:  35(SW) -> 31(gpu)   volume = 0.125
   epoch 0:  36(SW) ->  2(gpu)   volume = 0.125
   epoch 0:  36(SW) ->  7(gpu)   volume = 0.125
   epoch 0:  36(SW) -> 10(gpu)   volume = 0.125
   epoch 0:  36(SW) -> 12(gpu)   volume = 0.125
   epoch 0:  36(SW) -> 14(gpu)   volume = 0.125
   epoch 0:  36(SW) -> 17(gpu)   volume = 0.125
   epoch 0:  36(SW) -> 30(gpu)   volume = 0.125
   epoch 0:  36(SW) -> 31(gpu)   volume = 0.125
   epoch 0:  37(SW) ->  2(gpu)   volume = 0.125
   epoch 0:  37(SW) ->  7(gpu)   volume = 0.125
   epoch 0:  37(SW) -> 10(gpu)   volume = 0.125
   epoch 0:  37(SW) -> 12(gpu)   volume = 0.125
   epoch 0:  37(SW) -> 14(gpu)   volume = 0.125
   epoch 0:  37(SW) -> 17(gpu)   volume = 0.125
   epoch 0:  37(SW) -> 30(gpu)   volume = 0.125
   epoch 0:  37(SW) -> 31(gpu)   volume = 0.125
   epoch 0:  38(SW) ->  2(gpu)   volume = 0.125
   epoch 0:  38(SW) ->  7(gpu)   volume = 0.125
   epoch 0:  38(SW) -> 10(gpu)   volume = 0.125
   epoch 0:  38(SW) -> 12(gpu)   volume = 0.125
   epoch 0:  38(SW) -> 14(gpu)   volume = 0.125
   epoch 0:  38(SW) -> 17(gpu)   volume = 0.125
   epoch 0:  38(SW) -> 30(gpu)   volume = 0.125
   epoch 0:  38(SW) -> 31(gpu)   volume = 0.125
   epoch 0:  39(SW) ->  2(gpu)   volume = 0.125
   epoch 0:  39(SW) ->  7(gpu)   volume = 0.125
   epoch 0:  39(SW) -> 10(gpu)   volume = 0.125
   epoch 0:  39(SW) -> 12(gpu)   volume = 0.125
   epoch 0:  39(SW) -> 14(gpu)   volume = 0.125
   epoch 0:  39(SW) -> 17(gpu)   volume = 0.125
   epoch 0:  39(SW) -> 30(gpu)   volume = 0.125
   epoch 0:  39(SW) -> 31(gpu)   volume = 0.125
   epoch 1:  13(gpu) -> 32(SW)   volume = 1.0
   epoch 1:  13(gpu) -> 33(SW)   volume = 1.0
   epoch 1:  13(gpu) -> 34(SW)   volume = 1.0
   epoch 1:  13(gpu) -> 35(SW)   volume = 1.0
   epoch 1:  13(gpu) -> 36(SW)   volume = 1.0
   epoch 1:  13(gpu) -> 37(SW)   volume = 1.0
   epoch 1:  13(gpu) -> 38(SW)   volume = 1.0
   epoch 1:  13(gpu) -> 39(SW)   volume = 1.0
   epoch 1:  32(SW) ->  0(gpu)   volume = 0.125
   epoch 1:  32(SW) -> 15(gpu)   volume = 0.125
   epoch 1:  32(SW) -> 18(gpu)   volume = 0.125
   epoch 1:  32(SW) -> 19(gpu)   volume = 0.125
   epoch 1:  32(SW) -> 22(gpu)   volume = 0.125
   epoch 1:  32(SW) -> 26(gpu)   volume = 0.125
   epoch 1:  32(SW) -> 28(gpu)   volume = 0.125
   epoch 1:  32(SW) -> 29(gpu)   volume = 0.125
   epoch 1:  33(SW) ->  0(gpu)   volume = 0.125
   epoch 1:  33(SW) -> 15(gpu)   volume = 0.125
   epoch 1:  33(SW) -> 18(gpu)   volume = 0.125
   epoch 1:  33(SW) -> 19(gpu)   volume = 0.125
   epoch 1:  33(SW) -> 22(gpu)   volume = 0.125
   epoch 1:  33(SW) -> 26(gpu)   volume = 0.125
   epoch 1:  33(SW) -> 28(gpu)   volume = 0.125
   epoch 1:  33(SW) -> 29(gpu)   volume = 0.125
   epoch 1:  34(SW) ->  0(gpu)   volume = 0.125
   epoch 1:  34(SW) -> 15(gpu)   volume = 0.125
   epoch 1:  34(SW) -> 18(gpu)   volume = 0.125
   epoch 1:  34(SW) -> 19(gpu)   volume = 0.125
   epoch 1:  34(SW) -> 22(gpu)   volume = 0.125
   epoch 1:  34(SW) -> 26(gpu)   volume = 0.125
   epoch 1:  34(SW) -> 28(gpu)   volume = 0.125
   epoch 1:  34(SW) -> 29(gpu)   volume = 0.125
   epoch 1:  35(SW) ->  0(gpu)   volume = 0.125
   epoch 1:  35(SW) -> 15(gpu)   volume = 0.125
   epoch 1:  35(SW) -> 18(gpu)   volume = 0.125
   epoch 1:  35(SW) -> 19(gpu)   volume = 0.125
   epoch 1:  35(SW) -> 22(gpu)   volume = 0.125
   epoch 1:  35(SW) -> 26(gpu)   volume = 0.125
   epoch 1:  35(SW) -> 28(gpu)   volume = 0.125
   epoch 1:  35(SW) -> 29(gpu)   volume = 0.125
   epoch 1:  36(SW) ->  0(gpu)   volume = 0.125
   epoch 1:  36(SW) -> 15(gpu)   volume = 0.125
   epoch 1:  36(SW) -> 18(gpu)   volume = 0.125
   epoch 1:  36(SW) -> 19(gpu)   volume = 0.125
   epoch 1:  36(SW) -> 22(gpu)   volume = 0.125
   epoch 1:  36(SW) -> 26(gpu)   volume = 0.125
   epoch 1:  36(SW) -> 28(gpu)   volume = 0.125
   epoch 1:  36(SW) -> 29(gpu)   volume = 0.125
   epoch 1:  37(SW) ->  0(gpu)   volume = 0.125
   epoch 1:  37(SW) -> 15(gpu)   volume = 0.125
   epoch 1:  37(SW) -> 18(gpu)   volume = 0.125
   epoch 1:  37(SW) -> 19(gpu)   volume = 0.125
   epoch 1:  37(SW) -> 22(gpu)   volume = 0.125
   epoch 1:  37(SW) -> 26(gpu)   volume = 0.125
   epoch 1:  37(SW) -> 28(gpu)   volume = 0.125
   epoch 1:  37(SW) -> 29(gpu)   volume = 0.125
   epoch 1:  38(SW) ->  0(gpu)   volume = 0.125
   epoch 1:  38(SW) -> 15(gpu)   volume = 0.125
   epoch 1:  38(SW) -> 18(gpu)   volume = 0.125
   epoch 1:  38(SW) -> 19(gpu)   volume = 0.125
   epoch 1:  38(SW) -> 22(gpu)   volume = 0.125
   epoch 1:  38(SW) -> 26(gpu)   volume = 0.125
   epoch 1:  38(SW) -> 28(gpu)   volume = 0.125
   epoch 1:  38(SW) -> 29(gpu)   volume = 0.125
   epoch 1:  39(SW) ->  0(gpu)   volume = 0.125
   epoch 1:  39(SW) -> 15(gpu)   volume = 0.125
   epoch 1:  39(SW) -> 18(gpu)   volume = 0.125
   epoch 1:  39(SW) -> 19(gpu)   volume = 0.125
   epoch 1:  39(SW) -> 22(gpu)   volume = 0.125
   epoch 1:  39(SW) -> 26(gpu)   volume = 0.125
   epoch 1:  39(SW) -> 28(gpu)   volume = 0.125
   epoch 1:  39(SW) -> 29(gpu)   volume = 0.125
   epoch 2:  13(gpu) -> 32(SW)   volume = 1.0
   epoch 2:  13(gpu) -> 33(SW)   volume = 1.0
   epoch 2:  13(gpu) -> 34(SW)   volume = 1.0
   epoch 2:  13(gpu) -> 35(SW)   volume = 1.0
   epoch 2:  13(gpu) -> 36(SW)   volume = 1.0
   epoch 2:  13(gpu) -> 37(SW)   volume = 1.0
   epoch 2:  13(gpu) -> 38(SW)   volume = 1.0
   epoch 2:  13(gpu) -> 39(SW)   volume = 1.0
   epoch 2:  32(SW) ->  1(gpu)   volume = 0.125
   epoch 2:  32(SW) ->  4(gpu)   volume = 0.125
   epoch 2:  32(SW) ->  8(gpu)   volume = 0.125
   epoch 2:  32(SW) ->  9(gpu)   volume = 0.125
   epoch 2:  32(SW) -> 16(gpu)   volume = 0.125
   epoch 2:  32(SW) -> 21(gpu)   volume = 0.125
   epoch 2:  32(SW) -> 23(gpu)   volume = 0.125
   epoch 2:  32(SW) -> 24(gpu)   volume = 0.125
   epoch 2:  33(SW) ->  1(gpu)   volume = 0.125
   epoch 2:  33(SW) ->  4(gpu)   volume = 0.125
   epoch 2:  33(SW) ->  8(gpu)   volume = 0.125
   epoch 2:  33(SW) ->  9(gpu)   volume = 0.125
   epoch 2:  33(SW) -> 16(gpu)   volume = 0.125
   epoch 2:  33(SW) -> 21(gpu)   volume = 0.125
   epoch 2:  33(SW) -> 23(gpu)   volume = 0.125
   epoch 2:  33(SW) -> 24(gpu)   volume = 0.125
   epoch 2:  34(SW) ->  1(gpu)   volume = 0.125
   epoch 2:  34(SW) ->  4(gpu)   volume = 0.125
   epoch 2:  34(SW) ->  8(gpu)   volume = 0.125
   epoch 2:  34(SW) ->  9(gpu)   volume = 0.125
   epoch 2:  34(SW) -> 16(gpu)   volume = 0.125
   epoch 2:  34(SW) -> 21(gpu)   volume = 0.125
   epoch 2:  34(SW) -> 23(gpu)   volume = 0.125
   epoch 2:  34(SW) -> 24(gpu)   volume = 0.125
   epoch 2:  35(SW) ->  1(gpu)   volume = 0.125
   epoch 2:  35(SW) ->  4(gpu)   volume = 0.125
   epoch 2:  35(SW) ->  8(gpu)   volume = 0.125
   epoch 2:  35(SW) ->  9(gpu)   volume = 0.125
   epoch 2:  35(SW) -> 16(gpu)   volume = 0.125
   epoch 2:  35(SW) -> 21(gpu)   volume = 0.125
   epoch 2:  35(SW) -> 23(gpu)   volume = 0.125
   epoch 2:  35(SW) -> 24(gpu)   volume = 0.125
   epoch 2:  36(SW) ->  1(gpu)   volume = 0.125
   epoch 2:  36(SW) ->  4(gpu)   volume = 0.125
   epoch 2:  36(SW) ->  8(gpu)   volume = 0.125
   epoch 2:  36(SW) ->  9(gpu)   volume = 0.125
   epoch 2:  36(SW) -> 16(gpu)   volume = 0.125
   epoch 2:  36(SW) -> 21(gpu)   volume = 0.125
   epoch 2:  36(SW) -> 23(gpu)   volume = 0.125
   epoch 2:  36(SW) -> 24(gpu)   volume = 0.125
   epoch 2:  37(SW) ->  1(gpu)   volume = 0.125
   epoch 2:  37(SW) ->  4(gpu)   volume = 0.125
   epoch 2:  37(SW) ->  8(gpu)   volume = 0.125
   epoch 2:  37(SW) ->  9(gpu)   volume = 0.125
   epoch 2:  37(SW) -> 16(gpu)   volume = 0.125
   epoch 2:  37(SW) -> 21(gpu)   volume = 0.125
   epoch 2:  37(SW) -> 23(gpu)   volume = 0.125
   epoch 2:  37(SW) -> 24(gpu)   volume = 0.125
   epoch 2:  38(SW) ->  1(gpu)   volume = 0.125
   epoch 2:  38(SW) ->  4(gpu)   volume = 0.125
   epoch 2:  38(SW) ->  8(gpu)   volume = 0.125
   epoch 2:  38(SW) ->  9(gpu)   volume = 0.125
   epoch 2:  38(SW) -> 16(gpu)   volume = 0.125
   epoch 2:  38(SW) -> 21(gpu)   volume = 0.125
   epoch 2:  38(SW) -> 23(gpu)   volume = 0.125
   epoch 2:  38(SW) -> 24(gpu)   volume = 0.125
   epoch 2:  39(SW) ->  1(gpu)   volume = 0.125
   epoch 2:  39(SW) ->  4(gpu)   volume = 0.125
   epoch 2:  39(SW) ->  8(gpu)   volume = 0.125
   epoch 2:  39(SW) ->  9(gpu)   volume = 0.125
   epoch 2:  39(SW) -> 16(gpu)   volume = 0.125
   epoch 2:  39(SW) -> 21(gpu)   volume = 0.125
   epoch 2:  39(SW) -> 23(gpu)   volume = 0.125
   epoch 2:  39(SW) -> 24(gpu)   volume = 0.125
   epoch 3:  13(gpu) -> 32(SW)   volume = 0.875
   epoch 3:  13(gpu) -> 33(SW)   volume = 0.875
   epoch 3:  13(gpu) -> 34(SW)   volume = 0.875
   epoch 3:  13(gpu) -> 35(SW)   volume = 0.875
   epoch 3:  13(gpu) -> 36(SW)   volume = 0.875
   epoch 3:  13(gpu) -> 37(SW)   volume = 0.875
   epoch 3:  13(gpu) -> 38(SW)   volume = 0.875
   epoch 3:  13(gpu) -> 39(SW)   volume = 0.875
   epoch 3:  32(SW) ->  3(gpu)   volume = 0.125
   epoch 3:  32(SW) ->  5(gpu)   volume = 0.125
   epoch 3:  32(SW) ->  6(gpu)   volume = 0.125
   epoch 3:  32(SW) -> 11(gpu)   volume = 0.125
   epoch 3:  32(SW) -> 20(gpu)   volume = 0.125
   epoch 3:  32(SW) -> 25(gpu)   volume = 0.125
   epoch 3:  32(SW) -> 27(gpu)   volume = 0.125
   epoch 3:  33(SW) ->  3(gpu)   volume = 0.125
   epoch 3:  33(SW) ->  5(gpu)   volume = 0.125
   epoch 3:  33(SW) ->  6(gpu)   volume = 0.125
   epoch 3:  33(SW) -> 11(gpu)   volume = 0.125
   epoch 3:  33(SW) -> 20(gpu)   volume = 0.125
   epoch 3:  33(SW) -> 25(gpu)   volume = 0.125
   epoch 3:  33(SW) -> 27(gpu)   volume = 0.125
   epoch 3:  34(SW) ->  3(gpu)   volume = 0.125
   epoch 3:  34(SW) ->  5(gpu)   volume = 0.125
   epoch 3:  34(SW) ->  6(gpu)   volume = 0.125
   epoch 3:  34(SW) -> 11(gpu)   volume = 0.125
   epoch 3:  34(SW) -> 20(gpu)   volume = 0.125
   epoch 3:  34(SW) -> 25(gpu)   volume = 0.125
   epoch 3:  34(SW) -> 27(gpu)   volume = 0.125
   epoch 3:  35(SW) ->  3(gpu)   volume = 0.125
   epoch 3:  35(SW) ->  5(gpu)   volume = 0.125
   epoch 3:  35(SW) ->  6(gpu)   volume = 0.125
   epoch 3:  35(SW) -> 11(gpu)   volume = 0.125
   epoch 3:  35(SW) -> 20(gpu)   volume = 0.125
   epoch 3:  35(SW) -> 25(gpu)   volume = 0.125
   epoch 3:  35(SW) -> 27(gpu)   volume = 0.125
   epoch 3:  36(SW) ->  3(gpu)   volume = 0.125
   epoch 3:  36(SW) ->  5(gpu)   volume = 0.125
   epoch 3:  36(SW) ->  6(gpu)   volume = 0.125
   epoch 3:  36(SW) -> 11(gpu)   volume = 0.125
   epoch 3:  36(SW) -> 20(gpu)   volume = 0.125
   epoch 3:  36(SW) -> 25(gpu)   volume = 0.125
   epoch 3:  36(SW) -> 27(gpu)   volume = 0.125
   epoch 3:  37(SW) ->  3(gpu)   volume = 0.125
   epoch 3:  37(SW) ->  5(gpu)   volume = 0.125
   epoch 3:  37(SW) ->  6(gpu)   volume = 0.125
   epoch 3:  37(SW) -> 11(gpu)   volume = 0.125
   epoch 3:  37(SW) -> 20(gpu)   volume = 0.125
   epoch 3:  37(SW) -> 25(gpu)   volume = 0.125
   epoch 3:  37(SW) -> 27(gpu)   volume = 0.125
   epoch 3:  38(SW) ->  3(gpu)   volume = 0.125
   epoch 3:  38(SW) ->  5(gpu)   volume = 0.125
   epoch 3:  38(SW) ->  6(gpu)   volume = 0.125
   epoch 3:  38(SW) -> 11(gpu)   volume = 0.125
   epoch 3:  38(SW) -> 20(gpu)   volume = 0.125
   epoch 3:  38(SW) -> 25(gpu)   volume = 0.125
   epoch 3:  38(SW) -> 27(gpu)   volume = 0.125
   epoch 3:  39(SW) ->  3(gpu)   volume = 0.125
   epoch 3:  39(SW) ->  5(gpu)   volume = 0.125
   epoch 3:  39(SW) ->  6(gpu)   volume = 0.125
   epoch 3:  39(SW) -> 11(gpu)   volume = 0.125
   epoch 3:  39(SW) -> 20(gpu)   volume = 0.125
   epoch 3:  39(SW) -> 25(gpu)   volume = 0.125
   epoch 3:  39(SW) -> 27(gpu)   volume = 0.125

-- source 14 --
   epoch 0:  14(gpu) -> 32(SW)   volume = 1.0
   epoch 0:  14(gpu) -> 33(SW)   volume = 1.0
   epoch 0:  14(gpu) -> 34(SW)   volume = 1.0
   epoch 0:  14(gpu) -> 35(SW)   volume = 1.0
   epoch 0:  14(gpu) -> 36(SW)   volume = 1.0
   epoch 0:  14(gpu) -> 37(SW)   volume = 1.0
   epoch 0:  14(gpu) -> 38(SW)   volume = 1.0
   epoch 0:  14(gpu) -> 39(SW)   volume = 1.0
   epoch 0:  32(SW) ->  4(gpu)   volume = 0.125
   epoch 0:  32(SW) ->  5(gpu)   volume = 0.125
   epoch 0:  32(SW) -> 10(gpu)   volume = 0.125
   epoch 0:  32(SW) -> 12(gpu)   volume = 0.125
   epoch 0:  32(SW) -> 17(gpu)   volume = 0.125
   epoch 0:  32(SW) -> 20(gpu)   volume = 0.125
   epoch 0:  32(SW) -> 21(gpu)   volume = 0.125
   epoch 0:  32(SW) -> 28(gpu)   volume = 0.125
   epoch 0:  33(SW) ->  4(gpu)   volume = 0.125
   epoch 0:  33(SW) ->  5(gpu)   volume = 0.125
   epoch 0:  33(SW) -> 10(gpu)   volume = 0.125
   epoch 0:  33(SW) -> 12(gpu)   volume = 0.125
   epoch 0:  33(SW) -> 17(gpu)   volume = 0.125
   epoch 0:  33(SW) -> 20(gpu)   volume = 0.125
   epoch 0:  33(SW) -> 21(gpu)   volume = 0.125
   epoch 0:  33(SW) -> 28(gpu)   volume = 0.125
   epoch 0:  34(SW) ->  4(gpu)   volume = 0.125
   epoch 0:  34(SW) ->  5(gpu)   volume = 0.125
   epoch 0:  34(SW) -> 10(gpu)   volume = 0.125
   epoch 0:  34(SW) -> 12(gpu)   volume = 0.125
   epoch 0:  34(SW) -> 17(gpu)   volume = 0.125
   epoch 0:  34(SW) -> 20(gpu)   volume = 0.125
   epoch 0:  34(SW) -> 21(gpu)   volume = 0.125
   epoch 0:  34(SW) -> 28(gpu)   volume = 0.125
   epoch 0:  35(SW) ->  4(gpu)   volume = 0.125
   epoch 0:  35(SW) ->  5(gpu)   volume = 0.125
   epoch 0:  35(SW) -> 10(gpu)   volume = 0.125
   epoch 0:  35(SW) -> 12(gpu)   volume = 0.125
   epoch 0:  35(SW) -> 17(gpu)   volume = 0.125
   epoch 0:  35(SW) -> 20(gpu)   volume = 0.125
   epoch 0:  35(SW) -> 21(gpu)   volume = 0.125
   epoch 0:  35(SW) -> 28(gpu)   volume = 0.125
   epoch 0:  36(SW) ->  4(gpu)   volume = 0.125
   epoch 0:  36(SW) ->  5(gpu)   volume = 0.125
   epoch 0:  36(SW) -> 10(gpu)   volume = 0.125
   epoch 0:  36(SW) -> 12(gpu)   volume = 0.125
   epoch 0:  36(SW) -> 17(gpu)   volume = 0.125
   epoch 0:  36(SW) -> 20(gpu)   volume = 0.125
   epoch 0:  36(SW) -> 21(gpu)   volume = 0.125
   epoch 0:  36(SW) -> 28(gpu)   volume = 0.125
   epoch 0:  37(SW) ->  4(gpu)   volume = 0.125
   epoch 0:  37(SW) ->  5(gpu)   volume = 0.125
   epoch 0:  37(SW) -> 10(gpu)   volume = 0.125
   epoch 0:  37(SW) -> 12(gpu)   volume = 0.125
   epoch 0:  37(SW) -> 17(gpu)   volume = 0.125
   epoch 0:  37(SW) -> 20(gpu)   volume = 0.125
   epoch 0:  37(SW) -> 21(gpu)   volume = 0.125
   epoch 0:  37(SW) -> 28(gpu)   volume = 0.125
   epoch 0:  38(SW) ->  4(gpu)   volume = 0.125
   epoch 0:  38(SW) ->  5(gpu)   volume = 0.125
   epoch 0:  38(SW) -> 10(gpu)   volume = 0.125
   epoch 0:  38(SW) -> 12(gpu)   volume = 0.125
   epoch 0:  38(SW) -> 17(gpu)   volume = 0.125
   epoch 0:  38(SW) -> 20(gpu)   volume = 0.125
   epoch 0:  38(SW) -> 21(gpu)   volume = 0.125
   epoch 0:  38(SW) -> 28(gpu)   volume = 0.125
   epoch 0:  39(SW) ->  4(gpu)   volume = 0.125
   epoch 0:  39(SW) ->  5(gpu)   volume = 0.125
   epoch 0:  39(SW) -> 10(gpu)   volume = 0.125
   epoch 0:  39(SW) -> 12(gpu)   volume = 0.125
   epoch 0:  39(SW) -> 17(gpu)   volume = 0.125
   epoch 0:  39(SW) -> 20(gpu)   volume = 0.125
   epoch 0:  39(SW) -> 21(gpu)   volume = 0.125
   epoch 0:  39(SW) -> 28(gpu)   volume = 0.125
   epoch 1:  14(gpu) -> 32(SW)   volume = 1.0
   epoch 1:  14(gpu) -> 33(SW)   volume = 1.0
   epoch 1:  14(gpu) -> 34(SW)   volume = 1.0
   epoch 1:  14(gpu) -> 35(SW)   volume = 1.0
   epoch 1:  14(gpu) -> 36(SW)   volume = 1.0
   epoch 1:  14(gpu) -> 37(SW)   volume = 1.0
   epoch 1:  14(gpu) -> 38(SW)   volume = 1.0
   epoch 1:  14(gpu) -> 39(SW)   volume = 1.0
   epoch 1:  32(SW) ->  0(gpu)   volume = 0.125
   epoch 1:  32(SW) ->  9(gpu)   volume = 0.125
   epoch 1:  32(SW) -> 15(gpu)   volume = 0.125
   epoch 1:  32(SW) -> 19(gpu)   volume = 0.125
   epoch 1:  32(SW) -> 24(gpu)   volume = 0.125
   epoch 1:  32(SW) -> 27(gpu)   volume = 0.125
   epoch 1:  32(SW) -> 29(gpu)   volume = 0.125
   epoch 1:  32(SW) -> 30(gpu)   volume = 0.125
   epoch 1:  33(SW) ->  0(gpu)   volume = 0.125
   epoch 1:  33(SW) ->  9(gpu)   volume = 0.125
   epoch 1:  33(SW) -> 15(gpu)   volume = 0.125
   epoch 1:  33(SW) -> 19(gpu)   volume = 0.125
   epoch 1:  33(SW) -> 24(gpu)   volume = 0.125
   epoch 1:  33(SW) -> 27(gpu)   volume = 0.125
   epoch 1:  33(SW) -> 29(gpu)   volume = 0.125
   epoch 1:  33(SW) -> 30(gpu)   volume = 0.125
   epoch 1:  34(SW) ->  0(gpu)   volume = 0.125
   epoch 1:  34(SW) ->  9(gpu)   volume = 0.125
   epoch 1:  34(SW) -> 15(gpu)   volume = 0.125
   epoch 1:  34(SW) -> 19(gpu)   volume = 0.125
   epoch 1:  34(SW) -> 24(gpu)   volume = 0.125
   epoch 1:  34(SW) -> 27(gpu)   volume = 0.125
   epoch 1:  34(SW) -> 29(gpu)   volume = 0.125
   epoch 1:  34(SW) -> 30(gpu)   volume = 0.125
   epoch 1:  35(SW) ->  0(gpu)   volume = 0.125
   epoch 1:  35(SW) ->  9(gpu)   volume = 0.125
   epoch 1:  35(SW) -> 15(gpu)   volume = 0.125
   epoch 1:  35(SW) -> 19(gpu)   volume = 0.125
   epoch 1:  35(SW) -> 24(gpu)   volume = 0.125
   epoch 1:  35(SW) -> 27(gpu)   volume = 0.125
   epoch 1:  35(SW) -> 29(gpu)   volume = 0.125
   epoch 1:  35(SW) -> 30(gpu)   volume = 0.125
   epoch 1:  36(SW) ->  0(gpu)   volume = 0.125
   epoch 1:  36(SW) ->  9(gpu)   volume = 0.125
   epoch 1:  36(SW) -> 15(gpu)   volume = 0.125
   epoch 1:  36(SW) -> 19(gpu)   volume = 0.125
   epoch 1:  36(SW) -> 24(gpu)   volume = 0.125
   epoch 1:  36(SW) -> 27(gpu)   volume = 0.125
   epoch 1:  36(SW) -> 29(gpu)   volume = 0.125
   epoch 1:  36(SW) -> 30(gpu)   volume = 0.125
   epoch 1:  37(SW) ->  0(gpu)   volume = 0.125
   epoch 1:  37(SW) ->  9(gpu)   volume = 0.125
   epoch 1:  37(SW) -> 15(gpu)   volume = 0.125
   epoch 1:  37(SW) -> 19(gpu)   volume = 0.125
   epoch 1:  37(SW) -> 24(gpu)   volume = 0.125
   epoch 1:  37(SW) -> 27(gpu)   volume = 0.125
   epoch 1:  37(SW) -> 29(gpu)   volume = 0.125
   epoch 1:  37(SW) -> 30(gpu)   volume = 0.125
   epoch 1:  38(SW) ->  0(gpu)   volume = 0.125
   epoch 1:  38(SW) ->  9(gpu)   volume = 0.125
   epoch 1:  38(SW) -> 15(gpu)   volume = 0.125
   epoch 1:  38(SW) -> 19(gpu)   volume = 0.125
   epoch 1:  38(SW) -> 24(gpu)   volume = 0.125
   epoch 1:  38(SW) -> 27(gpu)   volume = 0.125
   epoch 1:  38(SW) -> 29(gpu)   volume = 0.125
   epoch 1:  38(SW) -> 30(gpu)   volume = 0.125
   epoch 1:  39(SW) ->  0(gpu)   volume = 0.125
   epoch 1:  39(SW) ->  9(gpu)   volume = 0.125
   epoch 1:  39(SW) -> 15(gpu)   volume = 0.125
   epoch 1:  39(SW) -> 19(gpu)   volume = 0.125
   epoch 1:  39(SW) -> 24(gpu)   volume = 0.125
   epoch 1:  39(SW) -> 27(gpu)   volume = 0.125
   epoch 1:  39(SW) -> 29(gpu)   volume = 0.125
   epoch 1:  39(SW) -> 30(gpu)   volume = 0.125
   epoch 2:  14(gpu) -> 32(SW)   volume = 1.0
   epoch 2:  14(gpu) -> 33(SW)   volume = 1.0
   epoch 2:  14(gpu) -> 34(SW)   volume = 1.0
   epoch 2:  14(gpu) -> 35(SW)   volume = 1.0
   epoch 2:  14(gpu) -> 36(SW)   volume = 1.0
   epoch 2:  14(gpu) -> 37(SW)   volume = 1.0
   epoch 2:  14(gpu) -> 38(SW)   volume = 1.0
   epoch 2:  14(gpu) -> 39(SW)   volume = 1.0
   epoch 2:  32(SW) ->  1(gpu)   volume = 0.125
   epoch 2:  32(SW) ->  2(gpu)   volume = 0.125
   epoch 2:  32(SW) -> 11(gpu)   volume = 0.125
   epoch 2:  32(SW) -> 18(gpu)   volume = 0.125
   epoch 2:  32(SW) -> 22(gpu)   volume = 0.125
   epoch 2:  32(SW) -> 25(gpu)   volume = 0.125
   epoch 2:  32(SW) -> 26(gpu)   volume = 0.125
   epoch 2:  32(SW) -> 31(gpu)   volume = 0.125
   epoch 2:  33(SW) ->  1(gpu)   volume = 0.125
   epoch 2:  33(SW) ->  2(gpu)   volume = 0.125
   epoch 2:  33(SW) -> 11(gpu)   volume = 0.125
   epoch 2:  33(SW) -> 18(gpu)   volume = 0.125
   epoch 2:  33(SW) -> 22(gpu)   volume = 0.125
   epoch 2:  33(SW) -> 25(gpu)   volume = 0.125
   epoch 2:  33(SW) -> 26(gpu)   volume = 0.125
   epoch 2:  33(SW) -> 31(gpu)   volume = 0.125
   epoch 2:  34(SW) ->  1(gpu)   volume = 0.125
   epoch 2:  34(SW) ->  2(gpu)   volume = 0.125
   epoch 2:  34(SW) -> 11(gpu)   volume = 0.125
   epoch 2:  34(SW) -> 18(gpu)   volume = 0.125
   epoch 2:  34(SW) -> 22(gpu)   volume = 0.125
   epoch 2:  34(SW) -> 25(gpu)   volume = 0.125
   epoch 2:  34(SW) -> 26(gpu)   volume = 0.125
   epoch 2:  34(SW) -> 31(gpu)   volume = 0.125
   epoch 2:  35(SW) ->  1(gpu)   volume = 0.125
   epoch 2:  35(SW) ->  2(gpu)   volume = 0.125
   epoch 2:  35(SW) -> 11(gpu)   volume = 0.125
   epoch 2:  35(SW) -> 18(gpu)   volume = 0.125
   epoch 2:  35(SW) -> 22(gpu)   volume = 0.125
   epoch 2:  35(SW) -> 25(gpu)   volume = 0.125
   epoch 2:  35(SW) -> 26(gpu)   volume = 0.125
   epoch 2:  35(SW) -> 31(gpu)   volume = 0.125
   epoch 2:  36(SW) ->  1(gpu)   volume = 0.125
   epoch 2:  36(SW) ->  2(gpu)   volume = 0.125
   epoch 2:  36(SW) -> 11(gpu)   volume = 0.125
   epoch 2:  36(SW) -> 18(gpu)   volume = 0.125
   epoch 2:  36(SW) -> 22(gpu)   volume = 0.125
   epoch 2:  36(SW) -> 25(gpu)   volume = 0.125
   epoch 2:  36(SW) -> 26(gpu)   volume = 0.125
   epoch 2:  36(SW) -> 31(gpu)   volume = 0.125
   epoch 2:  37(SW) ->  1(gpu)   volume = 0.125
   epoch 2:  37(SW) ->  2(gpu)   volume = 0.125
   epoch 2:  37(SW) -> 11(gpu)   volume = 0.125
   epoch 2:  37(SW) -> 18(gpu)   volume = 0.125
   epoch 2:  37(SW) -> 22(gpu)   volume = 0.125
   epoch 2:  37(SW) -> 25(gpu)   volume = 0.125
   epoch 2:  37(SW) -> 26(gpu)   volume = 0.125
   epoch 2:  37(SW) -> 31(gpu)   volume = 0.125
   epoch 2:  38(SW) ->  1(gpu)   volume = 0.125
   epoch 2:  38(SW) ->  2(gpu)   volume = 0.125
   epoch 2:  38(SW) -> 11(gpu)   volume = 0.125
   epoch 2:  38(SW) -> 18(gpu)   volume = 0.125
   epoch 2:  38(SW) -> 22(gpu)   volume = 0.125
   epoch 2:  38(SW) -> 25(gpu)   volume = 0.125
   epoch 2:  38(SW) -> 26(gpu)   volume = 0.125
   epoch 2:  38(SW) -> 31(gpu)   volume = 0.125
   epoch 2:  39(SW) ->  1(gpu)   volume = 0.125
   epoch 2:  39(SW) ->  2(gpu)   volume = 0.125
   epoch 2:  39(SW) -> 11(gpu)   volume = 0.125
   epoch 2:  39(SW) -> 18(gpu)   volume = 0.125
   epoch 2:  39(SW) -> 22(gpu)   volume = 0.125
   epoch 2:  39(SW) -> 25(gpu)   volume = 0.125
   epoch 2:  39(SW) -> 26(gpu)   volume = 0.125
   epoch 2:  39(SW) -> 31(gpu)   volume = 0.125
   epoch 3:  14(gpu) -> 32(SW)   volume = 0.875
   epoch 3:  14(gpu) -> 33(SW)   volume = 0.875
   epoch 3:  14(gpu) -> 34(SW)   volume = 0.875
   epoch 3:  14(gpu) -> 35(SW)   volume = 0.875
   epoch 3:  14(gpu) -> 36(SW)   volume = 0.875
   epoch 3:  14(gpu) -> 37(SW)   volume = 0.875
   epoch 3:  14(gpu) -> 38(SW)   volume = 0.875
   epoch 3:  14(gpu) -> 39(SW)   volume = 0.875
   epoch 3:  32(SW) ->  3(gpu)   volume = 0.125
   epoch 3:  32(SW) ->  6(gpu)   volume = 0.125
   epoch 3:  32(SW) ->  7(gpu)   volume = 0.125
   epoch 3:  32(SW) ->  8(gpu)   volume = 0.125
   epoch 3:  32(SW) -> 13(gpu)   volume = 0.125
   epoch 3:  32(SW) -> 16(gpu)   volume = 0.125
   epoch 3:  32(SW) -> 23(gpu)   volume = 0.125
   epoch 3:  33(SW) ->  3(gpu)   volume = 0.125
   epoch 3:  33(SW) ->  6(gpu)   volume = 0.125
   epoch 3:  33(SW) ->  7(gpu)   volume = 0.125
   epoch 3:  33(SW) ->  8(gpu)   volume = 0.125
   epoch 3:  33(SW) -> 13(gpu)   volume = 0.125
   epoch 3:  33(SW) -> 16(gpu)   volume = 0.125
   epoch 3:  33(SW) -> 23(gpu)   volume = 0.125
   epoch 3:  34(SW) ->  3(gpu)   volume = 0.125
   epoch 3:  34(SW) ->  6(gpu)   volume = 0.125
   epoch 3:  34(SW) ->  7(gpu)   volume = 0.125
   epoch 3:  34(SW) ->  8(gpu)   volume = 0.125
   epoch 3:  34(SW) -> 13(gpu)   volume = 0.125
   epoch 3:  34(SW) -> 16(gpu)   volume = 0.125
   epoch 3:  34(SW) -> 23(gpu)   volume = 0.125
   epoch 3:  35(SW) ->  3(gpu)   volume = 0.125
   epoch 3:  35(SW) ->  6(gpu)   volume = 0.125
   epoch 3:  35(SW) ->  7(gpu)   volume = 0.125
   epoch 3:  35(SW) ->  8(gpu)   volume = 0.125
   epoch 3:  35(SW) -> 13(gpu)   volume = 0.125
   epoch 3:  35(SW) -> 16(gpu)   volume = 0.125
   epoch 3:  35(SW) -> 23(gpu)   volume = 0.125
   epoch 3:  36(SW) ->  3(gpu)   volume = 0.125
   epoch 3:  36(SW) ->  6(gpu)   volume = 0.125
   epoch 3:  36(SW) ->  7(gpu)   volume = 0.125
   epoch 3:  36(SW) ->  8(gpu)   volume = 0.125
   epoch 3:  36(SW) -> 13(gpu)   volume = 0.125
   epoch 3:  36(SW) -> 16(gpu)   volume = 0.125
   epoch 3:  36(SW) -> 23(gpu)   volume = 0.125
   epoch 3:  37(SW) ->  3(gpu)   volume = 0.125
   epoch 3:  37(SW) ->  6(gpu)   volume = 0.125
   epoch 3:  37(SW) ->  7(gpu)   volume = 0.125
   epoch 3:  37(SW) ->  8(gpu)   volume = 0.125
   epoch 3:  37(SW) -> 13(gpu)   volume = 0.125
   epoch 3:  37(SW) -> 16(gpu)   volume = 0.125
   epoch 3:  37(SW) -> 23(gpu)   volume = 0.125
   epoch 3:  38(SW) ->  3(gpu)   volume = 0.125
   epoch 3:  38(SW) ->  6(gpu)   volume = 0.125
   epoch 3:  38(SW) ->  7(gpu)   volume = 0.125
   epoch 3:  38(SW) ->  8(gpu)   volume = 0.125
   epoch 3:  38(SW) -> 13(gpu)   volume = 0.125
   epoch 3:  38(SW) -> 16(gpu)   volume = 0.125
   epoch 3:  38(SW) -> 23(gpu)   volume = 0.125
   epoch 3:  39(SW) ->  3(gpu)   volume = 0.125
   epoch 3:  39(SW) ->  6(gpu)   volume = 0.125
   epoch 3:  39(SW) ->  7(gpu)   volume = 0.125
   epoch 3:  39(SW) ->  8(gpu)   volume = 0.125
   epoch 3:  39(SW) -> 13(gpu)   volume = 0.125
   epoch 3:  39(SW) -> 16(gpu)   volume = 0.125
   epoch 3:  39(SW) -> 23(gpu)   volume = 0.125

-- source 15 --
   epoch 0:  15(gpu) -> 32(SW)   volume = 1.0
   epoch 0:  15(gpu) -> 33(SW)   volume = 1.0
   epoch 0:  15(gpu) -> 34(SW)   volume = 1.0
   epoch 0:  15(gpu) -> 35(SW)   volume = 1.0
   epoch 0:  15(gpu) -> 36(SW)   volume = 1.0
   epoch 0:  15(gpu) -> 37(SW)   volume = 1.0
   epoch 0:  15(gpu) -> 38(SW)   volume = 1.0
   epoch 0:  15(gpu) -> 39(SW)   volume = 1.0
   epoch 0:  32(SW) ->  0(gpu)   volume = 0.125
   epoch 0:  32(SW) ->  7(gpu)   volume = 0.125
   epoch 0:  32(SW) ->  9(gpu)   volume = 0.125
   epoch 0:  32(SW) -> 14(gpu)   volume = 0.125
   epoch 0:  32(SW) -> 18(gpu)   volume = 0.125
   epoch 0:  32(SW) -> 21(gpu)   volume = 0.125
   epoch 0:  32(SW) -> 25(gpu)   volume = 0.125
   epoch 0:  32(SW) -> 28(gpu)   volume = 0.125
   epoch 0:  33(SW) ->  0(gpu)   volume = 0.125
   epoch 0:  33(SW) ->  7(gpu)   volume = 0.125
   epoch 0:  33(SW) ->  9(gpu)   volume = 0.125
   epoch 0:  33(SW) -> 14(gpu)   volume = 0.125
   epoch 0:  33(SW) -> 18(gpu)   volume = 0.125
   epoch 0:  33(SW) -> 21(gpu)   volume = 0.125
   epoch 0:  33(SW) -> 25(gpu)   volume = 0.125
   epoch 0:  33(SW) -> 28(gpu)   volume = 0.125
   epoch 0:  34(SW) ->  0(gpu)   volume = 0.125
   epoch 0:  34(SW) ->  7(gpu)   volume = 0.125
   epoch 0:  34(SW) ->  9(gpu)   volume = 0.125
   epoch 0:  34(SW) -> 14(gpu)   volume = 0.125
   epoch 0:  34(SW) -> 18(gpu)   volume = 0.125
   epoch 0:  34(SW) -> 21(gpu)   volume = 0.125
   epoch 0:  34(SW) -> 25(gpu)   volume = 0.125
   epoch 0:  34(SW) -> 28(gpu)   volume = 0.125
   epoch 0:  35(SW) ->  0(gpu)   volume = 0.125
   epoch 0:  35(SW) ->  7(gpu)   volume = 0.125
   epoch 0:  35(SW) ->  9(gpu)   volume = 0.125
   epoch 0:  35(SW) -> 14(gpu)   volume = 0.125
   epoch 0:  35(SW) -> 18(gpu)   volume = 0.125
   epoch 0:  35(SW) -> 21(gpu)   volume = 0.125
   epoch 0:  35(SW) -> 25(gpu)   volume = 0.125
   epoch 0:  35(SW) -> 28(gpu)   volume = 0.125
   epoch 0:  36(SW) ->  0(gpu)   volume = 0.125
   epoch 0:  36(SW) ->  7(gpu)   volume = 0.125
   epoch 0:  36(SW) ->  9(gpu)   volume = 0.125
   epoch 0:  36(SW) -> 14(gpu)   volume = 0.125
   epoch 0:  36(SW) -> 18(gpu)   volume = 0.125
   epoch 0:  36(SW) -> 21(gpu)   volume = 0.125
   epoch 0:  36(SW) -> 25(gpu)   volume = 0.125
   epoch 0:  36(SW) -> 28(gpu)   volume = 0.125
   epoch 0:  37(SW) ->  0(gpu)   volume = 0.125
   epoch 0:  37(SW) ->  7(gpu)   volume = 0.125
   epoch 0:  37(SW) ->  9(gpu)   volume = 0.125
   epoch 0:  37(SW) -> 14(gpu)   volume = 0.125
   epoch 0:  37(SW) -> 18(gpu)   volume = 0.125
   epoch 0:  37(SW) -> 21(gpu)   volume = 0.125
   epoch 0:  37(SW) -> 25(gpu)   volume = 0.125
   epoch 0:  37(SW) -> 28(gpu)   volume = 0.125
   epoch 0:  38(SW) ->  0(gpu)   volume = 0.125
   epoch 0:  38(SW) ->  7(gpu)   volume = 0.125
   epoch 0:  38(SW) ->  9(gpu)   volume = 0.125
   epoch 0:  38(SW) -> 14(gpu)   volume = 0.125
   epoch 0:  38(SW) -> 18(gpu)   volume = 0.125
   epoch 0:  38(SW) -> 21(gpu)   volume = 0.125
   epoch 0:  38(SW) -> 25(gpu)   volume = 0.125
   epoch 0:  38(SW) -> 28(gpu)   volume = 0.125
   epoch 0:  39(SW) ->  0(gpu)   volume = 0.125
   epoch 0:  39(SW) ->  7(gpu)   volume = 0.125
   epoch 0:  39(SW) ->  9(gpu)   volume = 0.125
   epoch 0:  39(SW) -> 14(gpu)   volume = 0.125
   epoch 0:  39(SW) -> 18(gpu)   volume = 0.125
   epoch 0:  39(SW) -> 21(gpu)   volume = 0.125
   epoch 0:  39(SW) -> 25(gpu)   volume = 0.125
   epoch 0:  39(SW) -> 28(gpu)   volume = 0.125
   epoch 1:  15(gpu) -> 32(SW)   volume = 1.0
   epoch 1:  15(gpu) -> 33(SW)   volume = 1.0
   epoch 1:  15(gpu) -> 34(SW)   volume = 1.0
   epoch 1:  15(gpu) -> 35(SW)   volume = 1.0
   epoch 1:  15(gpu) -> 36(SW)   volume = 1.0
   epoch 1:  15(gpu) -> 37(SW)   volume = 1.0
   epoch 1:  15(gpu) -> 38(SW)   volume = 1.0
   epoch 1:  15(gpu) -> 39(SW)   volume = 1.0
   epoch 1:  32(SW) ->  2(gpu)   volume = 0.125
   epoch 1:  32(SW) ->  4(gpu)   volume = 0.125
   epoch 1:  32(SW) ->  8(gpu)   volume = 0.125
   epoch 1:  32(SW) -> 10(gpu)   volume = 0.125
   epoch 1:  32(SW) -> 12(gpu)   volume = 0.125
   epoch 1:  32(SW) -> 16(gpu)   volume = 0.125
   epoch 1:  32(SW) -> 23(gpu)   volume = 0.125
   epoch 1:  32(SW) -> 31(gpu)   volume = 0.125
   epoch 1:  33(SW) ->  2(gpu)   volume = 0.125
   epoch 1:  33(SW) ->  4(gpu)   volume = 0.125
   epoch 1:  33(SW) ->  8(gpu)   volume = 0.125
   epoch 1:  33(SW) -> 10(gpu)   volume = 0.125
   epoch 1:  33(SW) -> 12(gpu)   volume = 0.125
   epoch 1:  33(SW) -> 16(gpu)   volume = 0.125
   epoch 1:  33(SW) -> 23(gpu)   volume = 0.125
   epoch 1:  33(SW) -> 31(gpu)   volume = 0.125
   epoch 1:  34(SW) ->  2(gpu)   volume = 0.125
   epoch 1:  34(SW) ->  4(gpu)   volume = 0.125
   epoch 1:  34(SW) ->  8(gpu)   volume = 0.125
   epoch 1:  34(SW) -> 10(gpu)   volume = 0.125
   epoch 1:  34(SW) -> 12(gpu)   volume = 0.125
   epoch 1:  34(SW) -> 16(gpu)   volume = 0.125
   epoch 1:  34(SW) -> 23(gpu)   volume = 0.125
   epoch 1:  34(SW) -> 31(gpu)   volume = 0.125
   epoch 1:  35(SW) ->  2(gpu)   volume = 0.125
   epoch 1:  35(SW) ->  4(gpu)   volume = 0.125
   epoch 1:  35(SW) ->  8(gpu)   volume = 0.125
   epoch 1:  35(SW) -> 10(gpu)   volume = 0.125
   epoch 1:  35(SW) -> 12(gpu)   volume = 0.125
   epoch 1:  35(SW) -> 16(gpu)   volume = 0.125
   epoch 1:  35(SW) -> 23(gpu)   volume = 0.125
   epoch 1:  35(SW) -> 31(gpu)   volume = 0.125
   epoch 1:  36(SW) ->  2(gpu)   volume = 0.125
   epoch 1:  36(SW) ->  4(gpu)   volume = 0.125
   epoch 1:  36(SW) ->  8(gpu)   volume = 0.125
   epoch 1:  36(SW) -> 10(gpu)   volume = 0.125
   epoch 1:  36(SW) -> 12(gpu)   volume = 0.125
   epoch 1:  36(SW) -> 16(gpu)   volume = 0.125
   epoch 1:  36(SW) -> 23(gpu)   volume = 0.125
   epoch 1:  36(SW) -> 31(gpu)   volume = 0.125
   epoch 1:  37(SW) ->  2(gpu)   volume = 0.125
   epoch 1:  37(SW) ->  4(gpu)   volume = 0.125
   epoch 1:  37(SW) ->  8(gpu)   volume = 0.125
   epoch 1:  37(SW) -> 10(gpu)   volume = 0.125
   epoch 1:  37(SW) -> 12(gpu)   volume = 0.125
   epoch 1:  37(SW) -> 16(gpu)   volume = 0.125
   epoch 1:  37(SW) -> 23(gpu)   volume = 0.125
   epoch 1:  37(SW) -> 31(gpu)   volume = 0.125
   epoch 1:  38(SW) ->  2(gpu)   volume = 0.125
   epoch 1:  38(SW) ->  4(gpu)   volume = 0.125
   epoch 1:  38(SW) ->  8(gpu)   volume = 0.125
   epoch 1:  38(SW) -> 10(gpu)   volume = 0.125
   epoch 1:  38(SW) -> 12(gpu)   volume = 0.125
   epoch 1:  38(SW) -> 16(gpu)   volume = 0.125
   epoch 1:  38(SW) -> 23(gpu)   volume = 0.125
   epoch 1:  38(SW) -> 31(gpu)   volume = 0.125
   epoch 1:  39(SW) ->  2(gpu)   volume = 0.125
   epoch 1:  39(SW) ->  4(gpu)   volume = 0.125
   epoch 1:  39(SW) ->  8(gpu)   volume = 0.125
   epoch 1:  39(SW) -> 10(gpu)   volume = 0.125
   epoch 1:  39(SW) -> 12(gpu)   volume = 0.125
   epoch 1:  39(SW) -> 16(gpu)   volume = 0.125
   epoch 1:  39(SW) -> 23(gpu)   volume = 0.125
   epoch 1:  39(SW) -> 31(gpu)   volume = 0.125
   epoch 2:  15(gpu) -> 32(SW)   volume = 1.0
   epoch 2:  15(gpu) -> 33(SW)   volume = 1.0
   epoch 2:  15(gpu) -> 34(SW)   volume = 1.0
   epoch 2:  15(gpu) -> 35(SW)   volume = 1.0
   epoch 2:  15(gpu) -> 36(SW)   volume = 1.0
   epoch 2:  15(gpu) -> 37(SW)   volume = 1.0
   epoch 2:  15(gpu) -> 38(SW)   volume = 1.0
   epoch 2:  15(gpu) -> 39(SW)   volume = 1.0
   epoch 2:  32(SW) ->  6(gpu)   volume = 0.125
   epoch 2:  32(SW) -> 13(gpu)   volume = 0.125
   epoch 2:  32(SW) -> 17(gpu)   volume = 0.125
   epoch 2:  32(SW) -> 19(gpu)   volume = 0.125
   epoch 2:  32(SW) -> 20(gpu)   volume = 0.125
   epoch 2:  32(SW) -> 27(gpu)   volume = 0.125
   epoch 2:  32(SW) -> 29(gpu)   volume = 0.125
   epoch 2:  32(SW) -> 30(gpu)   volume = 0.125
   epoch 2:  33(SW) ->  6(gpu)   volume = 0.125
   epoch 2:  33(SW) -> 13(gpu)   volume = 0.125
   epoch 2:  33(SW) -> 17(gpu)   volume = 0.125
   epoch 2:  33(SW) -> 19(gpu)   volume = 0.125
   epoch 2:  33(SW) -> 20(gpu)   volume = 0.125
   epoch 2:  33(SW) -> 27(gpu)   volume = 0.125
   epoch 2:  33(SW) -> 29(gpu)   volume = 0.125
   epoch 2:  33(SW) -> 30(gpu)   volume = 0.125
   epoch 2:  34(SW) ->  6(gpu)   volume = 0.125
   epoch 2:  34(SW) -> 13(gpu)   volume = 0.125
   epoch 2:  34(SW) -> 17(gpu)   volume = 0.125
   epoch 2:  34(SW) -> 19(gpu)   volume = 0.125
   epoch 2:  34(SW) -> 20(gpu)   volume = 0.125
   epoch 2:  34(SW) -> 27(gpu)   volume = 0.125
   epoch 2:  34(SW) -> 29(gpu)   volume = 0.125
   epoch 2:  34(SW) -> 30(gpu)   volume = 0.125
   epoch 2:  35(SW) ->  6(gpu)   volume = 0.125
   epoch 2:  35(SW) -> 13(gpu)   volume = 0.125
   epoch 2:  35(SW) -> 17(gpu)   volume = 0.125
   epoch 2:  35(SW) -> 19(gpu)   volume = 0.125
   epoch 2:  35(SW) -> 20(gpu)   volume = 0.125
   epoch 2:  35(SW) -> 27(gpu)   volume = 0.125
   epoch 2:  35(SW) -> 29(gpu)   volume = 0.125
   epoch 2:  35(SW) -> 30(gpu)   volume = 0.125
   epoch 2:  36(SW) ->  6(gpu)   volume = 0.125
   epoch 2:  36(SW) -> 13(gpu)   volume = 0.125
   epoch 2:  36(SW) -> 17(gpu)   volume = 0.125
   epoch 2:  36(SW) -> 19(gpu)   volume = 0.125
   epoch 2:  36(SW) -> 20(gpu)   volume = 0.125
   epoch 2:  36(SW) -> 27(gpu)   volume = 0.125
   epoch 2:  36(SW) -> 29(gpu)   volume = 0.125
   epoch 2:  36(SW) -> 30(gpu)   volume = 0.125
   epoch 2:  37(SW) ->  6(gpu)   volume = 0.125
   epoch 2:  37(SW) -> 13(gpu)   volume = 0.125
   epoch 2:  37(SW) -> 17(gpu)   volume = 0.125
   epoch 2:  37(SW) -> 19(gpu)   volume = 0.125
   epoch 2:  37(SW) -> 20(gpu)   volume = 0.125
   epoch 2:  37(SW) -> 27(gpu)   volume = 0.125
   epoch 2:  37(SW) -> 29(gpu)   volume = 0.125
   epoch 2:  37(SW) -> 30(gpu)   volume = 0.125
   epoch 2:  38(SW) ->  6(gpu)   volume = 0.125
   epoch 2:  38(SW) -> 13(gpu)   volume = 0.125
   epoch 2:  38(SW) -> 17(gpu)   volume = 0.125
   epoch 2:  38(SW) -> 19(gpu)   volume = 0.125
   epoch 2:  38(SW) -> 20(gpu)   volume = 0.125
   epoch 2:  38(SW) -> 27(gpu)   volume = 0.125
   epoch 2:  38(SW) -> 29(gpu)   volume = 0.125
   epoch 2:  38(SW) -> 30(gpu)   volume = 0.125
   epoch 2:  39(SW) ->  6(gpu)   volume = 0.125
   epoch 2:  39(SW) -> 13(gpu)   volume = 0.125
   epoch 2:  39(SW) -> 17(gpu)   volume = 0.125
   epoch 2:  39(SW) -> 19(gpu)   volume = 0.125
   epoch 2:  39(SW) -> 20(gpu)   volume = 0.125
   epoch 2:  39(SW) -> 27(gpu)   volume = 0.125
   epoch 2:  39(SW) -> 29(gpu)   volume = 0.125
   epoch 2:  39(SW) -> 30(gpu)   volume = 0.125
   epoch 3:  15(gpu) -> 32(SW)   volume = 0.875
   epoch 3:  15(gpu) -> 33(SW)   volume = 0.875
   epoch 3:  15(gpu) -> 34(SW)   volume = 0.875
   epoch 3:  15(gpu) -> 35(SW)   volume = 0.875
   epoch 3:  15(gpu) -> 36(SW)   volume = 0.875
   epoch 3:  15(gpu) -> 37(SW)   volume = 0.875
   epoch 3:  15(gpu) -> 38(SW)   volume = 0.875
   epoch 3:  15(gpu) -> 39(SW)   volume = 0.875
   epoch 3:  32(SW) ->  1(gpu)   volume = 0.125
   epoch 3:  32(SW) ->  3(gpu)   volume = 0.125
   epoch 3:  32(SW) ->  5(gpu)   volume = 0.125
   epoch 3:  32(SW) -> 11(gpu)   volume = 0.125
   epoch 3:  32(SW) -> 22(gpu)   volume = 0.125
   epoch 3:  32(SW) -> 24(gpu)   volume = 0.125
   epoch 3:  32(SW) -> 26(gpu)   volume = 0.125
   epoch 3:  33(SW) ->  1(gpu)   volume = 0.125
   epoch 3:  33(SW) ->  3(gpu)   volume = 0.125
   epoch 3:  33(SW) ->  5(gpu)   volume = 0.125
   epoch 3:  33(SW) -> 11(gpu)   volume = 0.125
   epoch 3:  33(SW) -> 22(gpu)   volume = 0.125
   epoch 3:  33(SW) -> 24(gpu)   volume = 0.125
   epoch 3:  33(SW) -> 26(gpu)   volume = 0.125
   epoch 3:  34(SW) ->  1(gpu)   volume = 0.125
   epoch 3:  34(SW) ->  3(gpu)   volume = 0.125
   epoch 3:  34(SW) ->  5(gpu)   volume = 0.125
   epoch 3:  34(SW) -> 11(gpu)   volume = 0.125
   epoch 3:  34(SW) -> 22(gpu)   volume = 0.125
   epoch 3:  34(SW) -> 24(gpu)   volume = 0.125
   epoch 3:  34(SW) -> 26(gpu)   volume = 0.125
   epoch 3:  35(SW) ->  1(gpu)   volume = 0.125
   epoch 3:  35(SW) ->  3(gpu)   volume = 0.125
   epoch 3:  35(SW) ->  5(gpu)   volume = 0.125
   epoch 3:  35(SW) -> 11(gpu)   volume = 0.125
   epoch 3:  35(SW) -> 22(gpu)   volume = 0.125
   epoch 3:  35(SW) -> 24(gpu)   volume = 0.125
   epoch 3:  35(SW) -> 26(gpu)   volume = 0.125
   epoch 3:  36(SW) ->  1(gpu)   volume = 0.125
   epoch 3:  36(SW) ->  3(gpu)   volume = 0.125
   epoch 3:  36(SW) ->  5(gpu)   volume = 0.125
   epoch 3:  36(SW) -> 11(gpu)   volume = 0.125
   epoch 3:  36(SW) -> 22(gpu)   volume = 0.125
   epoch 3:  36(SW) -> 24(gpu)   volume = 0.125
   epoch 3:  36(SW) -> 26(gpu)   volume = 0.125
   epoch 3:  37(SW) ->  1(gpu)   volume = 0.125
   epoch 3:  37(SW) ->  3(gpu)   volume = 0.125
   epoch 3:  37(SW) ->  5(gpu)   volume = 0.125
   epoch 3:  37(SW) -> 11(gpu)   volume = 0.125
   epoch 3:  37(SW) -> 22(gpu)   volume = 0.125
   epoch 3:  37(SW) -> 24(gpu)   volume = 0.125
   epoch 3:  37(SW) -> 26(gpu)   volume = 0.125
   epoch 3:  38(SW) ->  1(gpu)   volume = 0.125
   epoch 3:  38(SW) ->  3(gpu)   volume = 0.125
   epoch 3:  38(SW) ->  5(gpu)   volume = 0.125
   epoch 3:  38(SW) -> 11(gpu)   volume = 0.125
   epoch 3:  38(SW) -> 22(gpu)   volume = 0.125
   epoch 3:  38(SW) -> 24(gpu)   volume = 0.125
   epoch 3:  38(SW) -> 26(gpu)   volume = 0.125
   epoch 3:  39(SW) ->  1(gpu)   volume = 0.125
   epoch 3:  39(SW) ->  3(gpu)   volume = 0.125
   epoch 3:  39(SW) ->  5(gpu)   volume = 0.125
   epoch 3:  39(SW) -> 11(gpu)   volume = 0.125
   epoch 3:  39(SW) -> 22(gpu)   volume = 0.125
   epoch 3:  39(SW) -> 24(gpu)   volume = 0.125
   epoch 3:  39(SW) -> 26(gpu)   volume = 0.125

-- source 16 --
   epoch 0:  16(gpu) -> 32(SW)   volume = 1.0
   epoch 0:  16(gpu) -> 33(SW)   volume = 1.0
   epoch 0:  16(gpu) -> 34(SW)   volume = 1.0
   epoch 0:  16(gpu) -> 35(SW)   volume = 1.0
   epoch 0:  16(gpu) -> 36(SW)   volume = 1.0
   epoch 0:  16(gpu) -> 37(SW)   volume = 1.0
   epoch 0:  16(gpu) -> 38(SW)   volume = 1.0
   epoch 0:  16(gpu) -> 39(SW)   volume = 1.0
   epoch 0:  32(SW) ->  0(gpu)   volume = 0.125
   epoch 0:  32(SW) ->  5(gpu)   volume = 0.125
   epoch 0:  32(SW) ->  8(gpu)   volume = 0.125
   epoch 0:  32(SW) -> 11(gpu)   volume = 0.125
   epoch 0:  32(SW) -> 13(gpu)   volume = 0.125
   epoch 0:  32(SW) -> 14(gpu)   volume = 0.125
   epoch 0:  32(SW) -> 22(gpu)   volume = 0.125
   epoch 0:  32(SW) -> 24(gpu)   volume = 0.125
   epoch 0:  33(SW) ->  0(gpu)   volume = 0.125
   epoch 0:  33(SW) ->  5(gpu)   volume = 0.125
   epoch 0:  33(SW) ->  8(gpu)   volume = 0.125
   epoch 0:  33(SW) -> 11(gpu)   volume = 0.125
   epoch 0:  33(SW) -> 13(gpu)   volume = 0.125
   epoch 0:  33(SW) -> 14(gpu)   volume = 0.125
   epoch 0:  33(SW) -> 22(gpu)   volume = 0.125
   epoch 0:  33(SW) -> 24(gpu)   volume = 0.125
   epoch 0:  34(SW) ->  0(gpu)   volume = 0.125
   epoch 0:  34(SW) ->  5(gpu)   volume = 0.125
   epoch 0:  34(SW) ->  8(gpu)   volume = 0.125
   epoch 0:  34(SW) -> 11(gpu)   volume = 0.125
   epoch 0:  34(SW) -> 13(gpu)   volume = 0.125
   epoch 0:  34(SW) -> 14(gpu)   volume = 0.125
   epoch 0:  34(SW) -> 22(gpu)   volume = 0.125
   epoch 0:  34(SW) -> 24(gpu)   volume = 0.125
   epoch 0:  35(SW) ->  0(gpu)   volume = 0.125
   epoch 0:  35(SW) ->  5(gpu)   volume = 0.125
   epoch 0:  35(SW) ->  8(gpu)   volume = 0.125
   epoch 0:  35(SW) -> 11(gpu)   volume = 0.125
   epoch 0:  35(SW) -> 13(gpu)   volume = 0.125
   epoch 0:  35(SW) -> 14(gpu)   volume = 0.125
   epoch 0:  35(SW) -> 22(gpu)   volume = 0.125
   epoch 0:  35(SW) -> 24(gpu)   volume = 0.125
   epoch 0:  36(SW) ->  0(gpu)   volume = 0.125
   epoch 0:  36(SW) ->  5(gpu)   volume = 0.125
   epoch 0:  36(SW) ->  8(gpu)   volume = 0.125
   epoch 0:  36(SW) -> 11(gpu)   volume = 0.125
   epoch 0:  36(SW) -> 13(gpu)   volume = 0.125
   epoch 0:  36(SW) -> 14(gpu)   volume = 0.125
   epoch 0:  36(SW) -> 22(gpu)   volume = 0.125
   epoch 0:  36(SW) -> 24(gpu)   volume = 0.125
   epoch 0:  37(SW) ->  0(gpu)   volume = 0.125
   epoch 0:  37(SW) ->  5(gpu)   volume = 0.125
   epoch 0:  37(SW) ->  8(gpu)   volume = 0.125
   epoch 0:  37(SW) -> 11(gpu)   volume = 0.125
   epoch 0:  37(SW) -> 13(gpu)   volume = 0.125
   epoch 0:  37(SW) -> 14(gpu)   volume = 0.125
   epoch 0:  37(SW) -> 22(gpu)   volume = 0.125
   epoch 0:  37(SW) -> 24(gpu)   volume = 0.125
   epoch 0:  38(SW) ->  0(gpu)   volume = 0.125
   epoch 0:  38(SW) ->  5(gpu)   volume = 0.125
   epoch 0:  38(SW) ->  8(gpu)   volume = 0.125
   epoch 0:  38(SW) -> 11(gpu)   volume = 0.125
   epoch 0:  38(SW) -> 13(gpu)   volume = 0.125
   epoch 0:  38(SW) -> 14(gpu)   volume = 0.125
   epoch 0:  38(SW) -> 22(gpu)   volume = 0.125
   epoch 0:  38(SW) -> 24(gpu)   volume = 0.125
   epoch 0:  39(SW) ->  0(gpu)   volume = 0.125
   epoch 0:  39(SW) ->  5(gpu)   volume = 0.125
   epoch 0:  39(SW) ->  8(gpu)   volume = 0.125
   epoch 0:  39(SW) -> 11(gpu)   volume = 0.125
   epoch 0:  39(SW) -> 13(gpu)   volume = 0.125
   epoch 0:  39(SW) -> 14(gpu)   volume = 0.125
   epoch 0:  39(SW) -> 22(gpu)   volume = 0.125
   epoch 0:  39(SW) -> 24(gpu)   volume = 0.125
   epoch 1:  16(gpu) -> 32(SW)   volume = 1.0
   epoch 1:  16(gpu) -> 33(SW)   volume = 1.0
   epoch 1:  16(gpu) -> 34(SW)   volume = 1.0
   epoch 1:  16(gpu) -> 35(SW)   volume = 1.0
   epoch 1:  16(gpu) -> 36(SW)   volume = 1.0
   epoch 1:  16(gpu) -> 37(SW)   volume = 1.0
   epoch 1:  16(gpu) -> 38(SW)   volume = 1.0
   epoch 1:  16(gpu) -> 39(SW)   volume = 1.0
   epoch 1:  32(SW) ->  4(gpu)   volume = 0.125
   epoch 1:  32(SW) ->  9(gpu)   volume = 0.125
   epoch 1:  32(SW) -> 17(gpu)   volume = 0.125
   epoch 1:  32(SW) -> 19(gpu)   volume = 0.125
   epoch 1:  32(SW) -> 20(gpu)   volume = 0.125
   epoch 1:  32(SW) -> 27(gpu)   volume = 0.125
   epoch 1:  32(SW) -> 29(gpu)   volume = 0.125
   epoch 1:  32(SW) -> 30(gpu)   volume = 0.125
   epoch 1:  33(SW) ->  4(gpu)   volume = 0.125
   epoch 1:  33(SW) ->  9(gpu)   volume = 0.125
   epoch 1:  33(SW) -> 17(gpu)   volume = 0.125
   epoch 1:  33(SW) -> 19(gpu)   volume = 0.125
   epoch 1:  33(SW) -> 20(gpu)   volume = 0.125
   epoch 1:  33(SW) -> 27(gpu)   volume = 0.125
   epoch 1:  33(SW) -> 29(gpu)   volume = 0.125
   epoch 1:  33(SW) -> 30(gpu)   volume = 0.125
   epoch 1:  34(SW) ->  4(gpu)   volume = 0.125
   epoch 1:  34(SW) ->  9(gpu)   volume = 0.125
   epoch 1:  34(SW) -> 17(gpu)   volume = 0.125
   epoch 1:  34(SW) -> 19(gpu)   volume = 0.125
   epoch 1:  34(SW) -> 20(gpu)   volume = 0.125
   epoch 1:  34(SW) -> 27(gpu)   volume = 0.125
   epoch 1:  34(SW) -> 29(gpu)   volume = 0.125
   epoch 1:  34(SW) -> 30(gpu)   volume = 0.125
   epoch 1:  35(SW) ->  4(gpu)   volume = 0.125
   epoch 1:  35(SW) ->  9(gpu)   volume = 0.125
   epoch 1:  35(SW) -> 17(gpu)   volume = 0.125
   epoch 1:  35(SW) -> 19(gpu)   volume = 0.125
   epoch 1:  35(SW) -> 20(gpu)   volume = 0.125
   epoch 1:  35(SW) -> 27(gpu)   volume = 0.125
   epoch 1:  35(SW) -> 29(gpu)   volume = 0.125
   epoch 1:  35(SW) -> 30(gpu)   volume = 0.125
   epoch 1:  36(SW) ->  4(gpu)   volume = 0.125
   epoch 1:  36(SW) ->  9(gpu)   volume = 0.125
   epoch 1:  36(SW) -> 17(gpu)   volume = 0.125
   epoch 1:  36(SW) -> 19(gpu)   volume = 0.125
   epoch 1:  36(SW) -> 20(gpu)   volume = 0.125
   epoch 1:  36(SW) -> 27(gpu)   volume = 0.125
   epoch 1:  36(SW) -> 29(gpu)   volume = 0.125
   epoch 1:  36(SW) -> 30(gpu)   volume = 0.125
   epoch 1:  37(SW) ->  4(gpu)   volume = 0.125
   epoch 1:  37(SW) ->  9(gpu)   volume = 0.125
   epoch 1:  37(SW) -> 17(gpu)   volume = 0.125
   epoch 1:  37(SW) -> 19(gpu)   volume = 0.125
   epoch 1:  37(SW) -> 20(gpu)   volume = 0.125
   epoch 1:  37(SW) -> 27(gpu)   volume = 0.125
   epoch 1:  37(SW) -> 29(gpu)   volume = 0.125
   epoch 1:  37(SW) -> 30(gpu)   volume = 0.125
   epoch 1:  38(SW) ->  4(gpu)   volume = 0.125
   epoch 1:  38(SW) ->  9(gpu)   volume = 0.125
   epoch 1:  38(SW) -> 17(gpu)   volume = 0.125
   epoch 1:  38(SW) -> 19(gpu)   volume = 0.125
   epoch 1:  38(SW) -> 20(gpu)   volume = 0.125
   epoch 1:  38(SW) -> 27(gpu)   volume = 0.125
   epoch 1:  38(SW) -> 29(gpu)   volume = 0.125
   epoch 1:  38(SW) -> 30(gpu)   volume = 0.125
   epoch 1:  39(SW) ->  4(gpu)   volume = 0.125
   epoch 1:  39(SW) ->  9(gpu)   volume = 0.125
   epoch 1:  39(SW) -> 17(gpu)   volume = 0.125
   epoch 1:  39(SW) -> 19(gpu)   volume = 0.125
   epoch 1:  39(SW) -> 20(gpu)   volume = 0.125
   epoch 1:  39(SW) -> 27(gpu)   volume = 0.125
   epoch 1:  39(SW) -> 29(gpu)   volume = 0.125
   epoch 1:  39(SW) -> 30(gpu)   volume = 0.125
   epoch 2:  16(gpu) -> 32(SW)   volume = 1.0
   epoch 2:  16(gpu) -> 33(SW)   volume = 1.0
   epoch 2:  16(gpu) -> 34(SW)   volume = 1.0
   epoch 2:  16(gpu) -> 35(SW)   volume = 1.0
   epoch 2:  16(gpu) -> 36(SW)   volume = 1.0
   epoch 2:  16(gpu) -> 37(SW)   volume = 1.0
   epoch 2:  16(gpu) -> 38(SW)   volume = 1.0
   epoch 2:  16(gpu) -> 39(SW)   volume = 1.0
   epoch 2:  32(SW) ->  2(gpu)   volume = 0.125
   epoch 2:  32(SW) ->  3(gpu)   volume = 0.125
   epoch 2:  32(SW) ->  6(gpu)   volume = 0.125
   epoch 2:  32(SW) ->  7(gpu)   volume = 0.125
   epoch 2:  32(SW) -> 10(gpu)   volume = 0.125
   epoch 2:  32(SW) -> 15(gpu)   volume = 0.125
   epoch 2:  32(SW) -> 23(gpu)   volume = 0.125
   epoch 2:  32(SW) -> 26(gpu)   volume = 0.125
   epoch 2:  33(SW) ->  2(gpu)   volume = 0.125
   epoch 2:  33(SW) ->  3(gpu)   volume = 0.125
   epoch 2:  33(SW) ->  6(gpu)   volume = 0.125
   epoch 2:  33(SW) ->  7(gpu)   volume = 0.125
   epoch 2:  33(SW) -> 10(gpu)   volume = 0.125
   epoch 2:  33(SW) -> 15(gpu)   volume = 0.125
   epoch 2:  33(SW) -> 23(gpu)   volume = 0.125
   epoch 2:  33(SW) -> 26(gpu)   volume = 0.125
   epoch 2:  34(SW) ->  2(gpu)   volume = 0.125
   epoch 2:  34(SW) ->  3(gpu)   volume = 0.125
   epoch 2:  34(SW) ->  6(gpu)   volume = 0.125
   epoch 2:  34(SW) ->  7(gpu)   volume = 0.125
   epoch 2:  34(SW) -> 10(gpu)   volume = 0.125
   epoch 2:  34(SW) -> 15(gpu)   volume = 0.125
   epoch 2:  34(SW) -> 23(gpu)   volume = 0.125
   epoch 2:  34(SW) -> 26(gpu)   volume = 0.125
   epoch 2:  35(SW) ->  2(gpu)   volume = 0.125
   epoch 2:  35(SW) ->  3(gpu)   volume = 0.125
   epoch 2:  35(SW) ->  6(gpu)   volume = 0.125
   epoch 2:  35(SW) ->  7(gpu)   volume = 0.125
   epoch 2:  35(SW) -> 10(gpu)   volume = 0.125
   epoch 2:  35(SW) -> 15(gpu)   volume = 0.125
   epoch 2:  35(SW) -> 23(gpu)   volume = 0.125
   epoch 2:  35(SW) -> 26(gpu)   volume = 0.125
   epoch 2:  36(SW) ->  2(gpu)   volume = 0.125
   epoch 2:  36(SW) ->  3(gpu)   volume = 0.125
   epoch 2:  36(SW) ->  6(gpu)   volume = 0.125
   epoch 2:  36(SW) ->  7(gpu)   volume = 0.125
   epoch 2:  36(SW) -> 10(gpu)   volume = 0.125
   epoch 2:  36(SW) -> 15(gpu)   volume = 0.125
   epoch 2:  36(SW) -> 23(gpu)   volume = 0.125
   epoch 2:  36(SW) -> 26(gpu)   volume = 0.125
   epoch 2:  37(SW) ->  2(gpu)   volume = 0.125
   epoch 2:  37(SW) ->  3(gpu)   volume = 0.125
   epoch 2:  37(SW) ->  6(gpu)   volume = 0.125
   epoch 2:  37(SW) ->  7(gpu)   volume = 0.125
   epoch 2:  37(SW) -> 10(gpu)   volume = 0.125
   epoch 2:  37(SW) -> 15(gpu)   volume = 0.125
   epoch 2:  37(SW) -> 23(gpu)   volume = 0.125
   epoch 2:  37(SW) -> 26(gpu)   volume = 0.125
   epoch 2:  38(SW) ->  2(gpu)   volume = 0.125
   epoch 2:  38(SW) ->  3(gpu)   volume = 0.125
   epoch 2:  38(SW) ->  6(gpu)   volume = 0.125
   epoch 2:  38(SW) ->  7(gpu)   volume = 0.125
   epoch 2:  38(SW) -> 10(gpu)   volume = 0.125
   epoch 2:  38(SW) -> 15(gpu)   volume = 0.125
   epoch 2:  38(SW) -> 23(gpu)   volume = 0.125
   epoch 2:  38(SW) -> 26(gpu)   volume = 0.125
   epoch 2:  39(SW) ->  2(gpu)   volume = 0.125
   epoch 2:  39(SW) ->  3(gpu)   volume = 0.125
   epoch 2:  39(SW) ->  6(gpu)   volume = 0.125
   epoch 2:  39(SW) ->  7(gpu)   volume = 0.125
   epoch 2:  39(SW) -> 10(gpu)   volume = 0.125
   epoch 2:  39(SW) -> 15(gpu)   volume = 0.125
   epoch 2:  39(SW) -> 23(gpu)   volume = 0.125
   epoch 2:  39(SW) -> 26(gpu)   volume = 0.125
   epoch 3:  16(gpu) -> 32(SW)   volume = 0.875
   epoch 3:  16(gpu) -> 33(SW)   volume = 0.875
   epoch 3:  16(gpu) -> 34(SW)   volume = 0.875
   epoch 3:  16(gpu) -> 35(SW)   volume = 0.875
   epoch 3:  16(gpu) -> 36(SW)   volume = 0.875
   epoch 3:  16(gpu) -> 37(SW)   volume = 0.875
   epoch 3:  16(gpu) -> 38(SW)   volume = 0.875
   epoch 3:  16(gpu) -> 39(SW)   volume = 0.875
   epoch 3:  32(SW) ->  1(gpu)   volume = 0.125
   epoch 3:  32(SW) -> 12(gpu)   volume = 0.125
   epoch 3:  32(SW) -> 18(gpu)   volume = 0.125
   epoch 3:  32(SW) -> 21(gpu)   volume = 0.125
   epoch 3:  32(SW) -> 25(gpu)   volume = 0.125
   epoch 3:  32(SW) -> 28(gpu)   volume = 0.125
   epoch 3:  32(SW) -> 31(gpu)   volume = 0.125
   epoch 3:  33(SW) ->  1(gpu)   volume = 0.125
   epoch 3:  33(SW) -> 12(gpu)   volume = 0.125
   epoch 3:  33(SW) -> 18(gpu)   volume = 0.125
   epoch 3:  33(SW) -> 21(gpu)   volume = 0.125
   epoch 3:  33(SW) -> 25(gpu)   volume = 0.125
   epoch 3:  33(SW) -> 28(gpu)   volume = 0.125
   epoch 3:  33(SW) -> 31(gpu)   volume = 0.125
   epoch 3:  34(SW) ->  1(gpu)   volume = 0.125
   epoch 3:  34(SW) -> 12(gpu)   volume = 0.125
   epoch 3:  34(SW) -> 18(gpu)   volume = 0.125
   epoch 3:  34(SW) -> 21(gpu)   volume = 0.125
   epoch 3:  34(SW) -> 25(gpu)   volume = 0.125
   epoch 3:  34(SW) -> 28(gpu)   volume = 0.125
   epoch 3:  34(SW) -> 31(gpu)   volume = 0.125
   epoch 3:  35(SW) ->  1(gpu)   volume = 0.125
   epoch 3:  35(SW) -> 12(gpu)   volume = 0.125
   epoch 3:  35(SW) -> 18(gpu)   volume = 0.125
   epoch 3:  35(SW) -> 21(gpu)   volume = 0.125
   epoch 3:  35(SW) -> 25(gpu)   volume = 0.125
   epoch 3:  35(SW) -> 28(gpu)   volume = 0.125
   epoch 3:  35(SW) -> 31(gpu)   volume = 0.125
   epoch 3:  36(SW) ->  1(gpu)   volume = 0.125
   epoch 3:  36(SW) -> 12(gpu)   volume = 0.125
   epoch 3:  36(SW) -> 18(gpu)   volume = 0.125
   epoch 3:  36(SW) -> 21(gpu)   volume = 0.125
   epoch 3:  36(SW) -> 25(gpu)   volume = 0.125
   epoch 3:  36(SW) -> 28(gpu)   volume = 0.125
   epoch 3:  36(SW) -> 31(gpu)   volume = 0.125
   epoch 3:  37(SW) ->  1(gpu)   volume = 0.125
   epoch 3:  37(SW) -> 12(gpu)   volume = 0.125
   epoch 3:  37(SW) -> 18(gpu)   volume = 0.125
   epoch 3:  37(SW) -> 21(gpu)   volume = 0.125
   epoch 3:  37(SW) -> 25(gpu)   volume = 0.125
   epoch 3:  37(SW) -> 28(gpu)   volume = 0.125
   epoch 3:  37(SW) -> 31(gpu)   volume = 0.125
   epoch 3:  38(SW) ->  1(gpu)   volume = 0.125
   epoch 3:  38(SW) -> 12(gpu)   volume = 0.125
   epoch 3:  38(SW) -> 18(gpu)   volume = 0.125
   epoch 3:  38(SW) -> 21(gpu)   volume = 0.125
   epoch 3:  38(SW) -> 25(gpu)   volume = 0.125
   epoch 3:  38(SW) -> 28(gpu)   volume = 0.125
   epoch 3:  38(SW) -> 31(gpu)   volume = 0.125
   epoch 3:  39(SW) ->  1(gpu)   volume = 0.125
   epoch 3:  39(SW) -> 12(gpu)   volume = 0.125
   epoch 3:  39(SW) -> 18(gpu)   volume = 0.125
   epoch 3:  39(SW) -> 21(gpu)   volume = 0.125
   epoch 3:  39(SW) -> 25(gpu)   volume = 0.125
   epoch 3:  39(SW) -> 28(gpu)   volume = 0.125
   epoch 3:  39(SW) -> 31(gpu)   volume = 0.125

-- source 17 --
   epoch 0:  17(gpu) -> 32(SW)   volume = 1.0
   epoch 0:  17(gpu) -> 33(SW)   volume = 1.0
   epoch 0:  17(gpu) -> 34(SW)   volume = 1.0
   epoch 0:  17(gpu) -> 35(SW)   volume = 1.0
   epoch 0:  17(gpu) -> 36(SW)   volume = 1.0
   epoch 0:  17(gpu) -> 37(SW)   volume = 1.0
   epoch 0:  17(gpu) -> 38(SW)   volume = 1.0
   epoch 0:  17(gpu) -> 39(SW)   volume = 1.0
   epoch 0:  32(SW) ->  3(gpu)   volume = 0.125
   epoch 0:  32(SW) ->  6(gpu)   volume = 0.125
   epoch 0:  32(SW) ->  7(gpu)   volume = 0.125
   epoch 0:  32(SW) -> 13(gpu)   volume = 0.125
   epoch 0:  32(SW) -> 16(gpu)   volume = 0.125
   epoch 0:  32(SW) -> 18(gpu)   volume = 0.125
   epoch 0:  32(SW) -> 19(gpu)   volume = 0.125
   epoch 0:  32(SW) -> 27(gpu)   volume = 0.125
   epoch 0:  33(SW) ->  3(gpu)   volume = 0.125
   epoch 0:  33(SW) ->  6(gpu)   volume = 0.125
   epoch 0:  33(SW) ->  7(gpu)   volume = 0.125
   epoch 0:  33(SW) -> 13(gpu)   volume = 0.125
   epoch 0:  33(SW) -> 16(gpu)   volume = 0.125
   epoch 0:  33(SW) -> 18(gpu)   volume = 0.125
   epoch 0:  33(SW) -> 19(gpu)   volume = 0.125
   epoch 0:  33(SW) -> 27(gpu)   volume = 0.125
   epoch 0:  34(SW) ->  3(gpu)   volume = 0.125
   epoch 0:  34(SW) ->  6(gpu)   volume = 0.125
   epoch 0:  34(SW) ->  7(gpu)   volume = 0.125
   epoch 0:  34(SW) -> 13(gpu)   volume = 0.125
   epoch 0:  34(SW) -> 16(gpu)   volume = 0.125
   epoch 0:  34(SW) -> 18(gpu)   volume = 0.125
   epoch 0:  34(SW) -> 19(gpu)   volume = 0.125
   epoch 0:  34(SW) -> 27(gpu)   volume = 0.125
   epoch 0:  35(SW) ->  3(gpu)   volume = 0.125
   epoch 0:  35(SW) ->  6(gpu)   volume = 0.125
   epoch 0:  35(SW) ->  7(gpu)   volume = 0.125
   epoch 0:  35(SW) -> 13(gpu)   volume = 0.125
   epoch 0:  35(SW) -> 16(gpu)   volume = 0.125
   epoch 0:  35(SW) -> 18(gpu)   volume = 0.125
   epoch 0:  35(SW) -> 19(gpu)   volume = 0.125
   epoch 0:  35(SW) -> 27(gpu)   volume = 0.125
   epoch 0:  36(SW) ->  3(gpu)   volume = 0.125
   epoch 0:  36(SW) ->  6(gpu)   volume = 0.125
   epoch 0:  36(SW) ->  7(gpu)   volume = 0.125
   epoch 0:  36(SW) -> 13(gpu)   volume = 0.125
   epoch 0:  36(SW) -> 16(gpu)   volume = 0.125
   epoch 0:  36(SW) -> 18(gpu)   volume = 0.125
   epoch 0:  36(SW) -> 19(gpu)   volume = 0.125
   epoch 0:  36(SW) -> 27(gpu)   volume = 0.125
   epoch 0:  37(SW) ->  3(gpu)   volume = 0.125
   epoch 0:  37(SW) ->  6(gpu)   volume = 0.125
   epoch 0:  37(SW) ->  7(gpu)   volume = 0.125
   epoch 0:  37(SW) -> 13(gpu)   volume = 0.125
   epoch 0:  37(SW) -> 16(gpu)   volume = 0.125
   epoch 0:  37(SW) -> 18(gpu)   volume = 0.125
   epoch 0:  37(SW) -> 19(gpu)   volume = 0.125
   epoch 0:  37(SW) -> 27(gpu)   volume = 0.125
   epoch 0:  38(SW) ->  3(gpu)   volume = 0.125
   epoch 0:  38(SW) ->  6(gpu)   volume = 0.125
   epoch 0:  38(SW) ->  7(gpu)   volume = 0.125
   epoch 0:  38(SW) -> 13(gpu)   volume = 0.125
   epoch 0:  38(SW) -> 16(gpu)   volume = 0.125
   epoch 0:  38(SW) -> 18(gpu)   volume = 0.125
   epoch 0:  38(SW) -> 19(gpu)   volume = 0.125
   epoch 0:  38(SW) -> 27(gpu)   volume = 0.125
   epoch 0:  39(SW) ->  3(gpu)   volume = 0.125
   epoch 0:  39(SW) ->  6(gpu)   volume = 0.125
   epoch 0:  39(SW) ->  7(gpu)   volume = 0.125
   epoch 0:  39(SW) -> 13(gpu)   volume = 0.125
   epoch 0:  39(SW) -> 16(gpu)   volume = 0.125
   epoch 0:  39(SW) -> 18(gpu)   volume = 0.125
   epoch 0:  39(SW) -> 19(gpu)   volume = 0.125
   epoch 0:  39(SW) -> 27(gpu)   volume = 0.125
   epoch 1:  17(gpu) -> 32(SW)   volume = 1.0
   epoch 1:  17(gpu) -> 33(SW)   volume = 1.0
   epoch 1:  17(gpu) -> 34(SW)   volume = 1.0
   epoch 1:  17(gpu) -> 35(SW)   volume = 1.0
   epoch 1:  17(gpu) -> 36(SW)   volume = 1.0
   epoch 1:  17(gpu) -> 37(SW)   volume = 1.0
   epoch 1:  17(gpu) -> 38(SW)   volume = 1.0
   epoch 1:  17(gpu) -> 39(SW)   volume = 1.0
   epoch 1:  32(SW) ->  2(gpu)   volume = 0.125
   epoch 1:  32(SW) ->  5(gpu)   volume = 0.125
   epoch 1:  32(SW) ->  8(gpu)   volume = 0.125
   epoch 1:  32(SW) -> 12(gpu)   volume = 0.125
   epoch 1:  32(SW) -> 20(gpu)   volume = 0.125
   epoch 1:  32(SW) -> 25(gpu)   volume = 0.125
   epoch 1:  32(SW) -> 28(gpu)   volume = 0.125
   epoch 1:  32(SW) -> 30(gpu)   volume = 0.125
   epoch 1:  33(SW) ->  2(gpu)   volume = 0.125
   epoch 1:  33(SW) ->  5(gpu)   volume = 0.125
   epoch 1:  33(SW) ->  8(gpu)   volume = 0.125
   epoch 1:  33(SW) -> 12(gpu)   volume = 0.125
   epoch 1:  33(SW) -> 20(gpu)   volume = 0.125
   epoch 1:  33(SW) -> 25(gpu)   volume = 0.125
   epoch 1:  33(SW) -> 28(gpu)   volume = 0.125
   epoch 1:  33(SW) -> 30(gpu)   volume = 0.125
   epoch 1:  34(SW) ->  2(gpu)   volume = 0.125
   epoch 1:  34(SW) ->  5(gpu)   volume = 0.125
   epoch 1:  34(SW) ->  8(gpu)   volume = 0.125
   epoch 1:  34(SW) -> 12(gpu)   volume = 0.125
   epoch 1:  34(SW) -> 20(gpu)   volume = 0.125
   epoch 1:  34(SW) -> 25(gpu)   volume = 0.125
   epoch 1:  34(SW) -> 28(gpu)   volume = 0.125
   epoch 1:  34(SW) -> 30(gpu)   volume = 0.125
   epoch 1:  35(SW) ->  2(gpu)   volume = 0.125
   epoch 1:  35(SW) ->  5(gpu)   volume = 0.125
   epoch 1:  35(SW) ->  8(gpu)   volume = 0.125
   epoch 1:  35(SW) -> 12(gpu)   volume = 0.125
   epoch 1:  35(SW) -> 20(gpu)   volume = 0.125
   epoch 1:  35(SW) -> 25(gpu)   volume = 0.125
   epoch 1:  35(SW) -> 28(gpu)   volume = 0.125
   epoch 1:  35(SW) -> 30(gpu)   volume = 0.125
   epoch 1:  36(SW) ->  2(gpu)   volume = 0.125
   epoch 1:  36(SW) ->  5(gpu)   volume = 0.125
   epoch 1:  36(SW) ->  8(gpu)   volume = 0.125
   epoch 1:  36(SW) -> 12(gpu)   volume = 0.125
   epoch 1:  36(SW) -> 20(gpu)   volume = 0.125
   epoch 1:  36(SW) -> 25(gpu)   volume = 0.125
   epoch 1:  36(SW) -> 28(gpu)   volume = 0.125
   epoch 1:  36(SW) -> 30(gpu)   volume = 0.125
   epoch 1:  37(SW) ->  2(gpu)   volume = 0.125
   epoch 1:  37(SW) ->  5(gpu)   volume = 0.125
   epoch 1:  37(SW) ->  8(gpu)   volume = 0.125
   epoch 1:  37(SW) -> 12(gpu)   volume = 0.125
   epoch 1:  37(SW) -> 20(gpu)   volume = 0.125
   epoch 1:  37(SW) -> 25(gpu)   volume = 0.125
   epoch 1:  37(SW) -> 28(gpu)   volume = 0.125
   epoch 1:  37(SW) -> 30(gpu)   volume = 0.125
   epoch 1:  38(SW) ->  2(gpu)   volume = 0.125
   epoch 1:  38(SW) ->  5(gpu)   volume = 0.125
   epoch 1:  38(SW) ->  8(gpu)   volume = 0.125
   epoch 1:  38(SW) -> 12(gpu)   volume = 0.125
   epoch 1:  38(SW) -> 20(gpu)   volume = 0.125
   epoch 1:  38(SW) -> 25(gpu)   volume = 0.125
   epoch 1:  38(SW) -> 28(gpu)   volume = 0.125
   epoch 1:  38(SW) -> 30(gpu)   volume = 0.125
   epoch 1:  39(SW) ->  2(gpu)   volume = 0.125
   epoch 1:  39(SW) ->  5(gpu)   volume = 0.125
   epoch 1:  39(SW) ->  8(gpu)   volume = 0.125
   epoch 1:  39(SW) -> 12(gpu)   volume = 0.125
   epoch 1:  39(SW) -> 20(gpu)   volume = 0.125
   epoch 1:  39(SW) -> 25(gpu)   volume = 0.125
   epoch 1:  39(SW) -> 28(gpu)   volume = 0.125
   epoch 1:  39(SW) -> 30(gpu)   volume = 0.125
   epoch 2:  17(gpu) -> 32(SW)   volume = 1.0
   epoch 2:  17(gpu) -> 33(SW)   volume = 1.0
   epoch 2:  17(gpu) -> 34(SW)   volume = 1.0
   epoch 2:  17(gpu) -> 35(SW)   volume = 1.0
   epoch 2:  17(gpu) -> 36(SW)   volume = 1.0
   epoch 2:  17(gpu) -> 37(SW)   volume = 1.0
   epoch 2:  17(gpu) -> 38(SW)   volume = 1.0
   epoch 2:  17(gpu) -> 39(SW)   volume = 1.0
   epoch 2:  32(SW) ->  1(gpu)   volume = 0.125
   epoch 2:  32(SW) ->  4(gpu)   volume = 0.125
   epoch 2:  32(SW) -> 11(gpu)   volume = 0.125
   epoch 2:  32(SW) -> 15(gpu)   volume = 0.125
   epoch 2:  32(SW) -> 21(gpu)   volume = 0.125
   epoch 2:  32(SW) -> 24(gpu)   volume = 0.125
   epoch 2:  32(SW) -> 26(gpu)   volume = 0.125
   epoch 2:  32(SW) -> 31(gpu)   volume = 0.125
   epoch 2:  33(SW) ->  1(gpu)   volume = 0.125
   epoch 2:  33(SW) ->  4(gpu)   volume = 0.125
   epoch 2:  33(SW) -> 11(gpu)   volume = 0.125
   epoch 2:  33(SW) -> 15(gpu)   volume = 0.125
   epoch 2:  33(SW) -> 21(gpu)   volume = 0.125
   epoch 2:  33(SW) -> 24(gpu)   volume = 0.125
   epoch 2:  33(SW) -> 26(gpu)   volume = 0.125
   epoch 2:  33(SW) -> 31(gpu)   volume = 0.125
   epoch 2:  34(SW) ->  1(gpu)   volume = 0.125
   epoch 2:  34(SW) ->  4(gpu)   volume = 0.125
   epoch 2:  34(SW) -> 11(gpu)   volume = 0.125
   epoch 2:  34(SW) -> 15(gpu)   volume = 0.125
   epoch 2:  34(SW) -> 21(gpu)   volume = 0.125
   epoch 2:  34(SW) -> 24(gpu)   volume = 0.125
   epoch 2:  34(SW) -> 26(gpu)   volume = 0.125
   epoch 2:  34(SW) -> 31(gpu)   volume = 0.125
   epoch 2:  35(SW) ->  1(gpu)   volume = 0.125
   epoch 2:  35(SW) ->  4(gpu)   volume = 0.125
   epoch 2:  35(SW) -> 11(gpu)   volume = 0.125
   epoch 2:  35(SW) -> 15(gpu)   volume = 0.125
   epoch 2:  35(SW) -> 21(gpu)   volume = 0.125
   epoch 2:  35(SW) -> 24(gpu)   volume = 0.125
   epoch 2:  35(SW) -> 26(gpu)   volume = 0.125
   epoch 2:  35(SW) -> 31(gpu)   volume = 0.125
   epoch 2:  36(SW) ->  1(gpu)   volume = 0.125
   epoch 2:  36(SW) ->  4(gpu)   volume = 0.125
   epoch 2:  36(SW) -> 11(gpu)   volume = 0.125
   epoch 2:  36(SW) -> 15(gpu)   volume = 0.125
   epoch 2:  36(SW) -> 21(gpu)   volume = 0.125
   epoch 2:  36(SW) -> 24(gpu)   volume = 0.125
   epoch 2:  36(SW) -> 26(gpu)   volume = 0.125
   epoch 2:  36(SW) -> 31(gpu)   volume = 0.125
   epoch 2:  37(SW) ->  1(gpu)   volume = 0.125
   epoch 2:  37(SW) ->  4(gpu)   volume = 0.125
   epoch 2:  37(SW) -> 11(gpu)   volume = 0.125
   epoch 2:  37(SW) -> 15(gpu)   volume = 0.125
   epoch 2:  37(SW) -> 21(gpu)   volume = 0.125
   epoch 2:  37(SW) -> 24(gpu)   volume = 0.125
   epoch 2:  37(SW) -> 26(gpu)   volume = 0.125
   epoch 2:  37(SW) -> 31(gpu)   volume = 0.125
   epoch 2:  38(SW) ->  1(gpu)   volume = 0.125
   epoch 2:  38(SW) ->  4(gpu)   volume = 0.125
   epoch 2:  38(SW) -> 11(gpu)   volume = 0.125
   epoch 2:  38(SW) -> 15(gpu)   volume = 0.125
   epoch 2:  38(SW) -> 21(gpu)   volume = 0.125
   epoch 2:  38(SW) -> 24(gpu)   volume = 0.125
   epoch 2:  38(SW) -> 26(gpu)   volume = 0.125
   epoch 2:  38(SW) -> 31(gpu)   volume = 0.125
   epoch 2:  39(SW) ->  1(gpu)   volume = 0.125
   epoch 2:  39(SW) ->  4(gpu)   volume = 0.125
   epoch 2:  39(SW) -> 11(gpu)   volume = 0.125
   epoch 2:  39(SW) -> 15(gpu)   volume = 0.125
   epoch 2:  39(SW) -> 21(gpu)   volume = 0.125
   epoch 2:  39(SW) -> 24(gpu)   volume = 0.125
   epoch 2:  39(SW) -> 26(gpu)   volume = 0.125
   epoch 2:  39(SW) -> 31(gpu)   volume = 0.125
   epoch 3:  17(gpu) -> 32(SW)   volume = 0.875
   epoch 3:  17(gpu) -> 33(SW)   volume = 0.875
   epoch 3:  17(gpu) -> 34(SW)   volume = 0.875
   epoch 3:  17(gpu) -> 35(SW)   volume = 0.875
   epoch 3:  17(gpu) -> 36(SW)   volume = 0.875
   epoch 3:  17(gpu) -> 37(SW)   volume = 0.875
   epoch 3:  17(gpu) -> 38(SW)   volume = 0.875
   epoch 3:  17(gpu) -> 39(SW)   volume = 0.875
   epoch 3:  32(SW) ->  0(gpu)   volume = 0.125
   epoch 3:  32(SW) ->  9(gpu)   volume = 0.125
   epoch 3:  32(SW) -> 10(gpu)   volume = 0.125
   epoch 3:  32(SW) -> 14(gpu)   volume = 0.125
   epoch 3:  32(SW) -> 22(gpu)   volume = 0.125
   epoch 3:  32(SW) -> 23(gpu)   volume = 0.125
   epoch 3:  32(SW) -> 29(gpu)   volume = 0.125
   epoch 3:  33(SW) ->  0(gpu)   volume = 0.125
   epoch 3:  33(SW) ->  9(gpu)   volume = 0.125
   epoch 3:  33(SW) -> 10(gpu)   volume = 0.125
   epoch 3:  33(SW) -> 14(gpu)   volume = 0.125
   epoch 3:  33(SW) -> 22(gpu)   volume = 0.125
   epoch 3:  33(SW) -> 23(gpu)   volume = 0.125
   epoch 3:  33(SW) -> 29(gpu)   volume = 0.125
   epoch 3:  34(SW) ->  0(gpu)   volume = 0.125
   epoch 3:  34(SW) ->  9(gpu)   volume = 0.125
   epoch 3:  34(SW) -> 10(gpu)   volume = 0.125
   epoch 3:  34(SW) -> 14(gpu)   volume = 0.125
   epoch 3:  34(SW) -> 22(gpu)   volume = 0.125
   epoch 3:  34(SW) -> 23(gpu)   volume = 0.125
   epoch 3:  34(SW) -> 29(gpu)   volume = 0.125
   epoch 3:  35(SW) ->  0(gpu)   volume = 0.125
   epoch 3:  35(SW) ->  9(gpu)   volume = 0.125
   epoch 3:  35(SW) -> 10(gpu)   volume = 0.125
   epoch 3:  35(SW) -> 14(gpu)   volume = 0.125
   epoch 3:  35(SW) -> 22(gpu)   volume = 0.125
   epoch 3:  35(SW) -> 23(gpu)   volume = 0.125
   epoch 3:  35(SW) -> 29(gpu)   volume = 0.125
   epoch 3:  36(SW) ->  0(gpu)   volume = 0.125
   epoch 3:  36(SW) ->  9(gpu)   volume = 0.125
   epoch 3:  36(SW) -> 10(gpu)   volume = 0.125
   epoch 3:  36(SW) -> 14(gpu)   volume = 0.125
   epoch 3:  36(SW) -> 22(gpu)   volume = 0.125
   epoch 3:  36(SW) -> 23(gpu)   volume = 0.125
   epoch 3:  36(SW) -> 29(gpu)   volume = 0.125
   epoch 3:  37(SW) ->  0(gpu)   volume = 0.125
   epoch 3:  37(SW) ->  9(gpu)   volume = 0.125
   epoch 3:  37(SW) -> 10(gpu)   volume = 0.125
   epoch 3:  37(SW) -> 14(gpu)   volume = 0.125
   epoch 3:  37(SW) -> 22(gpu)   volume = 0.125
   epoch 3:  37(SW) -> 23(gpu)   volume = 0.125
   epoch 3:  37(SW) -> 29(gpu)   volume = 0.125
   epoch 3:  38(SW) ->  0(gpu)   volume = 0.125
   epoch 3:  38(SW) ->  9(gpu)   volume = 0.125
   epoch 3:  38(SW) -> 10(gpu)   volume = 0.125
   epoch 3:  38(SW) -> 14(gpu)   volume = 0.125
   epoch 3:  38(SW) -> 22(gpu)   volume = 0.125
   epoch 3:  38(SW) -> 23(gpu)   volume = 0.125
   epoch 3:  38(SW) -> 29(gpu)   volume = 0.125
   epoch 3:  39(SW) ->  0(gpu)   volume = 0.125
   epoch 3:  39(SW) ->  9(gpu)   volume = 0.125
   epoch 3:  39(SW) -> 10(gpu)   volume = 0.125
   epoch 3:  39(SW) -> 14(gpu)   volume = 0.125
   epoch 3:  39(SW) -> 22(gpu)   volume = 0.125
   epoch 3:  39(SW) -> 23(gpu)   volume = 0.125
   epoch 3:  39(SW) -> 29(gpu)   volume = 0.125

-- source 18 --
   epoch 0:  18(gpu) -> 32(SW)   volume = 1.0
   epoch 0:  18(gpu) -> 33(SW)   volume = 1.0
   epoch 0:  18(gpu) -> 34(SW)   volume = 1.0
   epoch 0:  18(gpu) -> 35(SW)   volume = 1.0
   epoch 0:  18(gpu) -> 36(SW)   volume = 1.0
   epoch 0:  18(gpu) -> 37(SW)   volume = 1.0
   epoch 0:  18(gpu) -> 38(SW)   volume = 1.0
   epoch 0:  18(gpu) -> 39(SW)   volume = 1.0
   epoch 0:  32(SW) ->  1(gpu)   volume = 0.125
   epoch 0:  32(SW) ->  4(gpu)   volume = 0.125
   epoch 0:  32(SW) ->  7(gpu)   volume = 0.125
   epoch 0:  32(SW) ->  8(gpu)   volume = 0.125
   epoch 0:  32(SW) -> 10(gpu)   volume = 0.125
   epoch 0:  32(SW) -> 19(gpu)   volume = 0.125
   epoch 0:  32(SW) -> 21(gpu)   volume = 0.125
   epoch 0:  32(SW) -> 24(gpu)   volume = 0.125
   epoch 0:  33(SW) ->  1(gpu)   volume = 0.125
   epoch 0:  33(SW) ->  4(gpu)   volume = 0.125
   epoch 0:  33(SW) ->  7(gpu)   volume = 0.125
   epoch 0:  33(SW) ->  8(gpu)   volume = 0.125
   epoch 0:  33(SW) -> 10(gpu)   volume = 0.125
   epoch 0:  33(SW) -> 19(gpu)   volume = 0.125
   epoch 0:  33(SW) -> 21(gpu)   volume = 0.125
   epoch 0:  33(SW) -> 24(gpu)   volume = 0.125
   epoch 0:  34(SW) ->  1(gpu)   volume = 0.125
   epoch 0:  34(SW) ->  4(gpu)   volume = 0.125
   epoch 0:  34(SW) ->  7(gpu)   volume = 0.125
   epoch 0:  34(SW) ->  8(gpu)   volume = 0.125
   epoch 0:  34(SW) -> 10(gpu)   volume = 0.125
   epoch 0:  34(SW) -> 19(gpu)   volume = 0.125
   epoch 0:  34(SW) -> 21(gpu)   volume = 0.125
   epoch 0:  34(SW) -> 24(gpu)   volume = 0.125
   epoch 0:  35(SW) ->  1(gpu)   volume = 0.125
   epoch 0:  35(SW) ->  4(gpu)   volume = 0.125
   epoch 0:  35(SW) ->  7(gpu)   volume = 0.125
   epoch 0:  35(SW) ->  8(gpu)   volume = 0.125
   epoch 0:  35(SW) -> 10(gpu)   volume = 0.125
   epoch 0:  35(SW) -> 19(gpu)   volume = 0.125
   epoch 0:  35(SW) -> 21(gpu)   volume = 0.125
   epoch 0:  35(SW) -> 24(gpu)   volume = 0.125
   epoch 0:  36(SW) ->  1(gpu)   volume = 0.125
   epoch 0:  36(SW) ->  4(gpu)   volume = 0.125
   epoch 0:  36(SW) ->  7(gpu)   volume = 0.125
   epoch 0:  36(SW) ->  8(gpu)   volume = 0.125
   epoch 0:  36(SW) -> 10(gpu)   volume = 0.125
   epoch 0:  36(SW) -> 19(gpu)   volume = 0.125
   epoch 0:  36(SW) -> 21(gpu)   volume = 0.125
   epoch 0:  36(SW) -> 24(gpu)   volume = 0.125
   epoch 0:  37(SW) ->  1(gpu)   volume = 0.125
   epoch 0:  37(SW) ->  4(gpu)   volume = 0.125
   epoch 0:  37(SW) ->  7(gpu)   volume = 0.125
   epoch 0:  37(SW) ->  8(gpu)   volume = 0.125
   epoch 0:  37(SW) -> 10(gpu)   volume = 0.125
   epoch 0:  37(SW) -> 19(gpu)   volume = 0.125
   epoch 0:  37(SW) -> 21(gpu)   volume = 0.125
   epoch 0:  37(SW) -> 24(gpu)   volume = 0.125
   epoch 0:  38(SW) ->  1(gpu)   volume = 0.125
   epoch 0:  38(SW) ->  4(gpu)   volume = 0.125
   epoch 0:  38(SW) ->  7(gpu)   volume = 0.125
   epoch 0:  38(SW) ->  8(gpu)   volume = 0.125
   epoch 0:  38(SW) -> 10(gpu)   volume = 0.125
   epoch 0:  38(SW) -> 19(gpu)   volume = 0.125
   epoch 0:  38(SW) -> 21(gpu)   volume = 0.125
   epoch 0:  38(SW) -> 24(gpu)   volume = 0.125
   epoch 0:  39(SW) ->  1(gpu)   volume = 0.125
   epoch 0:  39(SW) ->  4(gpu)   volume = 0.125
   epoch 0:  39(SW) ->  7(gpu)   volume = 0.125
   epoch 0:  39(SW) ->  8(gpu)   volume = 0.125
   epoch 0:  39(SW) -> 10(gpu)   volume = 0.125
   epoch 0:  39(SW) -> 19(gpu)   volume = 0.125
   epoch 0:  39(SW) -> 21(gpu)   volume = 0.125
   epoch 0:  39(SW) -> 24(gpu)   volume = 0.125
   epoch 1:  18(gpu) -> 32(SW)   volume = 1.0
   epoch 1:  18(gpu) -> 33(SW)   volume = 1.0
   epoch 1:  18(gpu) -> 34(SW)   volume = 1.0
   epoch 1:  18(gpu) -> 35(SW)   volume = 1.0
   epoch 1:  18(gpu) -> 36(SW)   volume = 1.0
   epoch 1:  18(gpu) -> 37(SW)   volume = 1.0
   epoch 1:  18(gpu) -> 38(SW)   volume = 1.0
   epoch 1:  18(gpu) -> 39(SW)   volume = 1.0
   epoch 1:  32(SW) ->  2(gpu)   volume = 0.125
   epoch 1:  32(SW) ->  3(gpu)   volume = 0.125
   epoch 1:  32(SW) ->  6(gpu)   volume = 0.125
   epoch 1:  32(SW) -> 15(gpu)   volume = 0.125
   epoch 1:  32(SW) -> 17(gpu)   volume = 0.125
   epoch 1:  32(SW) -> 23(gpu)   volume = 0.125
   epoch 1:  32(SW) -> 26(gpu)   volume = 0.125
   epoch 1:  32(SW) -> 28(gpu)   volume = 0.125
   epoch 1:  33(SW) ->  2(gpu)   volume = 0.125
   epoch 1:  33(SW) ->  3(gpu)   volume = 0.125
   epoch 1:  33(SW) ->  6(gpu)   volume = 0.125
   epoch 1:  33(SW) -> 15(gpu)   volume = 0.125
   epoch 1:  33(SW) -> 17(gpu)   volume = 0.125
   epoch 1:  33(SW) -> 23(gpu)   volume = 0.125
   epoch 1:  33(SW) -> 26(gpu)   volume = 0.125
   epoch 1:  33(SW) -> 28(gpu)   volume = 0.125
   epoch 1:  34(SW) ->  2(gpu)   volume = 0.125
   epoch 1:  34(SW) ->  3(gpu)   volume = 0.125
   epoch 1:  34(SW) ->  6(gpu)   volume = 0.125
   epoch 1:  34(SW) -> 15(gpu)   volume = 0.125
   epoch 1:  34(SW) -> 17(gpu)   volume = 0.125
   epoch 1:  34(SW) -> 23(gpu)   volume = 0.125
   epoch 1:  34(SW) -> 26(gpu)   volume = 0.125
   epoch 1:  34(SW) -> 28(gpu)   volume = 0.125
   epoch 1:  35(SW) ->  2(gpu)   volume = 0.125
   epoch 1:  35(SW) ->  3(gpu)   volume = 0.125
   epoch 1:  35(SW) ->  6(gpu)   volume = 0.125
   epoch 1:  35(SW) -> 15(gpu)   volume = 0.125
   epoch 1:  35(SW) -> 17(gpu)   volume = 0.125
   epoch 1:  35(SW) -> 23(gpu)   volume = 0.125
   epoch 1:  35(SW) -> 26(gpu)   volume = 0.125
   epoch 1:  35(SW) -> 28(gpu)   volume = 0.125
   epoch 1:  36(SW) ->  2(gpu)   volume = 0.125
   epoch 1:  36(SW) ->  3(gpu)   volume = 0.125
   epoch 1:  36(SW) ->  6(gpu)   volume = 0.125
   epoch 1:  36(SW) -> 15(gpu)   volume = 0.125
   epoch 1:  36(SW) -> 17(gpu)   volume = 0.125
   epoch 1:  36(SW) -> 23(gpu)   volume = 0.125
   epoch 1:  36(SW) -> 26(gpu)   volume = 0.125
   epoch 1:  36(SW) -> 28(gpu)   volume = 0.125
   epoch 1:  37(SW) ->  2(gpu)   volume = 0.125
   epoch 1:  37(SW) ->  3(gpu)   volume = 0.125
   epoch 1:  37(SW) ->  6(gpu)   volume = 0.125
   epoch 1:  37(SW) -> 15(gpu)   volume = 0.125
   epoch 1:  37(SW) -> 17(gpu)   volume = 0.125
   epoch 1:  37(SW) -> 23(gpu)   volume = 0.125
   epoch 1:  37(SW) -> 26(gpu)   volume = 0.125
   epoch 1:  37(SW) -> 28(gpu)   volume = 0.125
   epoch 1:  38(SW) ->  2(gpu)   volume = 0.125
   epoch 1:  38(SW) ->  3(gpu)   volume = 0.125
   epoch 1:  38(SW) ->  6(gpu)   volume = 0.125
   epoch 1:  38(SW) -> 15(gpu)   volume = 0.125
   epoch 1:  38(SW) -> 17(gpu)   volume = 0.125
   epoch 1:  38(SW) -> 23(gpu)   volume = 0.125
   epoch 1:  38(SW) -> 26(gpu)   volume = 0.125
   epoch 1:  38(SW) -> 28(gpu)   volume = 0.125
   epoch 1:  39(SW) ->  2(gpu)   volume = 0.125
   epoch 1:  39(SW) ->  3(gpu)   volume = 0.125
   epoch 1:  39(SW) ->  6(gpu)   volume = 0.125
   epoch 1:  39(SW) -> 15(gpu)   volume = 0.125
   epoch 1:  39(SW) -> 17(gpu)   volume = 0.125
   epoch 1:  39(SW) -> 23(gpu)   volume = 0.125
   epoch 1:  39(SW) -> 26(gpu)   volume = 0.125
   epoch 1:  39(SW) -> 28(gpu)   volume = 0.125
   epoch 2:  18(gpu) -> 32(SW)   volume = 1.0
   epoch 2:  18(gpu) -> 33(SW)   volume = 1.0
   epoch 2:  18(gpu) -> 34(SW)   volume = 1.0
   epoch 2:  18(gpu) -> 35(SW)   volume = 1.0
   epoch 2:  18(gpu) -> 36(SW)   volume = 1.0
   epoch 2:  18(gpu) -> 37(SW)   volume = 1.0
   epoch 2:  18(gpu) -> 38(SW)   volume = 1.0
   epoch 2:  18(gpu) -> 39(SW)   volume = 1.0
   epoch 2:  32(SW) ->  5(gpu)   volume = 0.125
   epoch 2:  32(SW) ->  9(gpu)   volume = 0.125
   epoch 2:  32(SW) -> 12(gpu)   volume = 0.125
   epoch 2:  32(SW) -> 13(gpu)   volume = 0.125
   epoch 2:  32(SW) -> 14(gpu)   volume = 0.125
   epoch 2:  32(SW) -> 16(gpu)   volume = 0.125
   epoch 2:  32(SW) -> 20(gpu)   volume = 0.125
   epoch 2:  32(SW) -> 29(gpu)   volume = 0.125
   epoch 2:  33(SW) ->  5(gpu)   volume = 0.125
   epoch 2:  33(SW) ->  9(gpu)   volume = 0.125
   epoch 2:  33(SW) -> 12(gpu)   volume = 0.125
   epoch 2:  33(SW) -> 13(gpu)   volume = 0.125
   epoch 2:  33(SW) -> 14(gpu)   volume = 0.125
   epoch 2:  33(SW) -> 16(gpu)   volume = 0.125
   epoch 2:  33(SW) -> 20(gpu)   volume = 0.125
   epoch 2:  33(SW) -> 29(gpu)   volume = 0.125
   epoch 2:  34(SW) ->  5(gpu)   volume = 0.125
   epoch 2:  34(SW) ->  9(gpu)   volume = 0.125
   epoch 2:  34(SW) -> 12(gpu)   volume = 0.125
   epoch 2:  34(SW) -> 13(gpu)   volume = 0.125
   epoch 2:  34(SW) -> 14(gpu)   volume = 0.125
   epoch 2:  34(SW) -> 16(gpu)   volume = 0.125
   epoch 2:  34(SW) -> 20(gpu)   volume = 0.125
   epoch 2:  34(SW) -> 29(gpu)   volume = 0.125
   epoch 2:  35(SW) ->  5(gpu)   volume = 0.125
   epoch 2:  35(SW) ->  9(gpu)   volume = 0.125
   epoch 2:  35(SW) -> 12(gpu)   volume = 0.125
   epoch 2:  35(SW) -> 13(gpu)   volume = 0.125
   epoch 2:  35(SW) -> 14(gpu)   volume = 0.125
   epoch 2:  35(SW) -> 16(gpu)   volume = 0.125
   epoch 2:  35(SW) -> 20(gpu)   volume = 0.125
   epoch 2:  35(SW) -> 29(gpu)   volume = 0.125
   epoch 2:  36(SW) ->  5(gpu)   volume = 0.125
   epoch 2:  36(SW) ->  9(gpu)   volume = 0.125
   epoch 2:  36(SW) -> 12(gpu)   volume = 0.125
   epoch 2:  36(SW) -> 13(gpu)   volume = 0.125
   epoch 2:  36(SW) -> 14(gpu)   volume = 0.125
   epoch 2:  36(SW) -> 16(gpu)   volume = 0.125
   epoch 2:  36(SW) -> 20(gpu)   volume = 0.125
   epoch 2:  36(SW) -> 29(gpu)   volume = 0.125
   epoch 2:  37(SW) ->  5(gpu)   volume = 0.125
   epoch 2:  37(SW) ->  9(gpu)   volume = 0.125
   epoch 2:  37(SW) -> 12(gpu)   volume = 0.125
   epoch 2:  37(SW) -> 13(gpu)   volume = 0.125
   epoch 2:  37(SW) -> 14(gpu)   volume = 0.125
   epoch 2:  37(SW) -> 16(gpu)   volume = 0.125
   epoch 2:  37(SW) -> 20(gpu)   volume = 0.125
   epoch 2:  37(SW) -> 29(gpu)   volume = 0.125
   epoch 2:  38(SW) ->  5(gpu)   volume = 0.125
   epoch 2:  38(SW) ->  9(gpu)   volume = 0.125
   epoch 2:  38(SW) -> 12(gpu)   volume = 0.125
   epoch 2:  38(SW) -> 13(gpu)   volume = 0.125
   epoch 2:  38(SW) -> 14(gpu)   volume = 0.125
   epoch 2:  38(SW) -> 16(gpu)   volume = 0.125
   epoch 2:  38(SW) -> 20(gpu)   volume = 0.125
   epoch 2:  38(SW) -> 29(gpu)   volume = 0.125
   epoch 2:  39(SW) ->  5(gpu)   volume = 0.125
   epoch 2:  39(SW) ->  9(gpu)   volume = 0.125
   epoch 2:  39(SW) -> 12(gpu)   volume = 0.125
   epoch 2:  39(SW) -> 13(gpu)   volume = 0.125
   epoch 2:  39(SW) -> 14(gpu)   volume = 0.125
   epoch 2:  39(SW) -> 16(gpu)   volume = 0.125
   epoch 2:  39(SW) -> 20(gpu)   volume = 0.125
   epoch 2:  39(SW) -> 29(gpu)   volume = 0.125
   epoch 3:  18(gpu) -> 32(SW)   volume = 0.875
   epoch 3:  18(gpu) -> 33(SW)   volume = 0.875
   epoch 3:  18(gpu) -> 34(SW)   volume = 0.875
   epoch 3:  18(gpu) -> 35(SW)   volume = 0.875
   epoch 3:  18(gpu) -> 36(SW)   volume = 0.875
   epoch 3:  18(gpu) -> 37(SW)   volume = 0.875
   epoch 3:  18(gpu) -> 38(SW)   volume = 0.875
   epoch 3:  18(gpu) -> 39(SW)   volume = 0.875
   epoch 3:  32(SW) ->  0(gpu)   volume = 0.125
   epoch 3:  32(SW) -> 11(gpu)   volume = 0.125
   epoch 3:  32(SW) -> 22(gpu)   volume = 0.125
   epoch 3:  32(SW) -> 25(gpu)   volume = 0.125
   epoch 3:  32(SW) -> 27(gpu)   volume = 0.125
   epoch 3:  32(SW) -> 30(gpu)   volume = 0.125
   epoch 3:  32(SW) -> 31(gpu)   volume = 0.125
   epoch 3:  33(SW) ->  0(gpu)   volume = 0.125
   epoch 3:  33(SW) -> 11(gpu)   volume = 0.125
   epoch 3:  33(SW) -> 22(gpu)   volume = 0.125
   epoch 3:  33(SW) -> 25(gpu)   volume = 0.125
   epoch 3:  33(SW) -> 27(gpu)   volume = 0.125
   epoch 3:  33(SW) -> 30(gpu)   volume = 0.125
   epoch 3:  33(SW) -> 31(gpu)   volume = 0.125
   epoch 3:  34(SW) ->  0(gpu)   volume = 0.125
   epoch 3:  34(SW) -> 11(gpu)   volume = 0.125
   epoch 3:  34(SW) -> 22(gpu)   volume = 0.125
   epoch 3:  34(SW) -> 25(gpu)   volume = 0.125
   epoch 3:  34(SW) -> 27(gpu)   volume = 0.125
   epoch 3:  34(SW) -> 30(gpu)   volume = 0.125
   epoch 3:  34(SW) -> 31(gpu)   volume = 0.125
   epoch 3:  35(SW) ->  0(gpu)   volume = 0.125
   epoch 3:  35(SW) -> 11(gpu)   volume = 0.125
   epoch 3:  35(SW) -> 22(gpu)   volume = 0.125
   epoch 3:  35(SW) -> 25(gpu)   volume = 0.125
   epoch 3:  35(SW) -> 27(gpu)   volume = 0.125
   epoch 3:  35(SW) -> 30(gpu)   volume = 0.125
   epoch 3:  35(SW) -> 31(gpu)   volume = 0.125
   epoch 3:  36(SW) ->  0(gpu)   volume = 0.125
   epoch 3:  36(SW) -> 11(gpu)   volume = 0.125
   epoch 3:  36(SW) -> 22(gpu)   volume = 0.125
   epoch 3:  36(SW) -> 25(gpu)   volume = 0.125
   epoch 3:  36(SW) -> 27(gpu)   volume = 0.125
   epoch 3:  36(SW) -> 30(gpu)   volume = 0.125
   epoch 3:  36(SW) -> 31(gpu)   volume = 0.125
   epoch 3:  37(SW) ->  0(gpu)   volume = 0.125
   epoch 3:  37(SW) -> 11(gpu)   volume = 0.125
   epoch 3:  37(SW) -> 22(gpu)   volume = 0.125
   epoch 3:  37(SW) -> 25(gpu)   volume = 0.125
   epoch 3:  37(SW) -> 27(gpu)   volume = 0.125
   epoch 3:  37(SW) -> 30(gpu)   volume = 0.125
   epoch 3:  37(SW) -> 31(gpu)   volume = 0.125
   epoch 3:  38(SW) ->  0(gpu)   volume = 0.125
   epoch 3:  38(SW) -> 11(gpu)   volume = 0.125
   epoch 3:  38(SW) -> 22(gpu)   volume = 0.125
   epoch 3:  38(SW) -> 25(gpu)   volume = 0.125
   epoch 3:  38(SW) -> 27(gpu)   volume = 0.125
   epoch 3:  38(SW) -> 30(gpu)   volume = 0.125
   epoch 3:  38(SW) -> 31(gpu)   volume = 0.125
   epoch 3:  39(SW) ->  0(gpu)   volume = 0.125
   epoch 3:  39(SW) -> 11(gpu)   volume = 0.125
   epoch 3:  39(SW) -> 22(gpu)   volume = 0.125
   epoch 3:  39(SW) -> 25(gpu)   volume = 0.125
   epoch 3:  39(SW) -> 27(gpu)   volume = 0.125
   epoch 3:  39(SW) -> 30(gpu)   volume = 0.125
   epoch 3:  39(SW) -> 31(gpu)   volume = 0.125

-- source 19 --
   epoch 0:  19(gpu) -> 32(SW)   volume = 1.0
   epoch 0:  19(gpu) -> 33(SW)   volume = 1.0
   epoch 0:  19(gpu) -> 34(SW)   volume = 1.0
   epoch 0:  19(gpu) -> 35(SW)   volume = 1.0
   epoch 0:  19(gpu) -> 36(SW)   volume = 1.0
   epoch 0:  19(gpu) -> 37(SW)   volume = 1.0
   epoch 0:  19(gpu) -> 38(SW)   volume = 1.0
   epoch 0:  19(gpu) -> 39(SW)   volume = 1.0
   epoch 0:  32(SW) ->  1(gpu)   volume = 0.125
   epoch 0:  32(SW) ->  5(gpu)   volume = 0.125
   epoch 0:  32(SW) ->  6(gpu)   volume = 0.125
   epoch 0:  32(SW) ->  7(gpu)   volume = 0.125
   epoch 0:  32(SW) -> 23(gpu)   volume = 0.125
   epoch 0:  32(SW) -> 25(gpu)   volume = 0.125
   epoch 0:  32(SW) -> 26(gpu)   volume = 0.125
   epoch 0:  32(SW) -> 28(gpu)   volume = 0.125
   epoch 0:  33(SW) ->  1(gpu)   volume = 0.125
   epoch 0:  33(SW) ->  5(gpu)   volume = 0.125
   epoch 0:  33(SW) ->  6(gpu)   volume = 0.125
   epoch 0:  33(SW) ->  7(gpu)   volume = 0.125
   epoch 0:  33(SW) -> 23(gpu)   volume = 0.125
   epoch 0:  33(SW) -> 25(gpu)   volume = 0.125
   epoch 0:  33(SW) -> 26(gpu)   volume = 0.125
   epoch 0:  33(SW) -> 28(gpu)   volume = 0.125
   epoch 0:  34(SW) ->  1(gpu)   volume = 0.125
   epoch 0:  34(SW) ->  5(gpu)   volume = 0.125
   epoch 0:  34(SW) ->  6(gpu)   volume = 0.125
   epoch 0:  34(SW) ->  7(gpu)   volume = 0.125
   epoch 0:  34(SW) -> 23(gpu)   volume = 0.125
   epoch 0:  34(SW) -> 25(gpu)   volume = 0.125
   epoch 0:  34(SW) -> 26(gpu)   volume = 0.125
   epoch 0:  34(SW) -> 28(gpu)   volume = 0.125
   epoch 0:  35(SW) ->  1(gpu)   volume = 0.125
   epoch 0:  35(SW) ->  5(gpu)   volume = 0.125
   epoch 0:  35(SW) ->  6(gpu)   volume = 0.125
   epoch 0:  35(SW) ->  7(gpu)   volume = 0.125
   epoch 0:  35(SW) -> 23(gpu)   volume = 0.125
   epoch 0:  35(SW) -> 25(gpu)   volume = 0.125
   epoch 0:  35(SW) -> 26(gpu)   volume = 0.125
   epoch 0:  35(SW) -> 28(gpu)   volume = 0.125
   epoch 0:  36(SW) ->  1(gpu)   volume = 0.125
   epoch 0:  36(SW) ->  5(gpu)   volume = 0.125
   epoch 0:  36(SW) ->  6(gpu)   volume = 0.125
   epoch 0:  36(SW) ->  7(gpu)   volume = 0.125
   epoch 0:  36(SW) -> 23(gpu)   volume = 0.125
   epoch 0:  36(SW) -> 25(gpu)   volume = 0.125
   epoch 0:  36(SW) -> 26(gpu)   volume = 0.125
   epoch 0:  36(SW) -> 28(gpu)   volume = 0.125
   epoch 0:  37(SW) ->  1(gpu)   volume = 0.125
   epoch 0:  37(SW) ->  5(gpu)   volume = 0.125
   epoch 0:  37(SW) ->  6(gpu)   volume = 0.125
   epoch 0:  37(SW) ->  7(gpu)   volume = 0.125
   epoch 0:  37(SW) -> 23(gpu)   volume = 0.125
   epoch 0:  37(SW) -> 25(gpu)   volume = 0.125
   epoch 0:  37(SW) -> 26(gpu)   volume = 0.125
   epoch 0:  37(SW) -> 28(gpu)   volume = 0.125
   epoch 0:  38(SW) ->  1(gpu)   volume = 0.125
   epoch 0:  38(SW) ->  5(gpu)   volume = 0.125
   epoch 0:  38(SW) ->  6(gpu)   volume = 0.125
   epoch 0:  38(SW) ->  7(gpu)   volume = 0.125
   epoch 0:  38(SW) -> 23(gpu)   volume = 0.125
   epoch 0:  38(SW) -> 25(gpu)   volume = 0.125
   epoch 0:  38(SW) -> 26(gpu)   volume = 0.125
   epoch 0:  38(SW) -> 28(gpu)   volume = 0.125
   epoch 0:  39(SW) ->  1(gpu)   volume = 0.125
   epoch 0:  39(SW) ->  5(gpu)   volume = 0.125
   epoch 0:  39(SW) ->  6(gpu)   volume = 0.125
   epoch 0:  39(SW) ->  7(gpu)   volume = 0.125
   epoch 0:  39(SW) -> 23(gpu)   volume = 0.125
   epoch 0:  39(SW) -> 25(gpu)   volume = 0.125
   epoch 0:  39(SW) -> 26(gpu)   volume = 0.125
   epoch 0:  39(SW) -> 28(gpu)   volume = 0.125
   epoch 1:  19(gpu) -> 32(SW)   volume = 1.0
   epoch 1:  19(gpu) -> 33(SW)   volume = 1.0
   epoch 1:  19(gpu) -> 34(SW)   volume = 1.0
   epoch 1:  19(gpu) -> 35(SW)   volume = 1.0
   epoch 1:  19(gpu) -> 36(SW)   volume = 1.0
   epoch 1:  19(gpu) -> 37(SW)   volume = 1.0
   epoch 1:  19(gpu) -> 38(SW)   volume = 1.0
   epoch 1:  19(gpu) -> 39(SW)   volume = 1.0
   epoch 1:  32(SW) ->  4(gpu)   volume = 0.125
   epoch 1:  32(SW) ->  9(gpu)   volume = 0.125
   epoch 1:  32(SW) -> 11(gpu)   volume = 0.125
   epoch 1:  32(SW) -> 13(gpu)   volume = 0.125
   epoch 1:  32(SW) -> 16(gpu)   volume = 0.125
   epoch 1:  32(SW) -> 21(gpu)   volume = 0.125
   epoch 1:  32(SW) -> 24(gpu)   volume = 0.125
   epoch 1:  32(SW) -> 31(gpu)   volume = 0.125
   epoch 1:  33(SW) ->  4(gpu)   volume = 0.125
   epoch 1:  33(SW) ->  9(gpu)   volume = 0.125
   epoch 1:  33(SW) -> 11(gpu)   volume = 0.125
   epoch 1:  33(SW) -> 13(gpu)   volume = 0.125
   epoch 1:  33(SW) -> 16(gpu)   volume = 0.125
   epoch 1:  33(SW) -> 21(gpu)   volume = 0.125
   epoch 1:  33(SW) -> 24(gpu)   volume = 0.125
   epoch 1:  33(SW) -> 31(gpu)   volume = 0.125
   epoch 1:  34(SW) ->  4(gpu)   volume = 0.125
   epoch 1:  34(SW) ->  9(gpu)   volume = 0.125
   epoch 1:  34(SW) -> 11(gpu)   volume = 0.125
   epoch 1:  34(SW) -> 13(gpu)   volume = 0.125
   epoch 1:  34(SW) -> 16(gpu)   volume = 0.125
   epoch 1:  34(SW) -> 21(gpu)   volume = 0.125
   epoch 1:  34(SW) -> 24(gpu)   volume = 0.125
   epoch 1:  34(SW) -> 31(gpu)   volume = 0.125
   epoch 1:  35(SW) ->  4(gpu)   volume = 0.125
   epoch 1:  35(SW) ->  9(gpu)   volume = 0.125
   epoch 1:  35(SW) -> 11(gpu)   volume = 0.125
   epoch 1:  35(SW) -> 13(gpu)   volume = 0.125
   epoch 1:  35(SW) -> 16(gpu)   volume = 0.125
   epoch 1:  35(SW) -> 21(gpu)   volume = 0.125
   epoch 1:  35(SW) -> 24(gpu)   volume = 0.125
   epoch 1:  35(SW) -> 31(gpu)   volume = 0.125
   epoch 1:  36(SW) ->  4(gpu)   volume = 0.125
   epoch 1:  36(SW) ->  9(gpu)   volume = 0.125
   epoch 1:  36(SW) -> 11(gpu)   volume = 0.125
   epoch 1:  36(SW) -> 13(gpu)   volume = 0.125
   epoch 1:  36(SW) -> 16(gpu)   volume = 0.125
   epoch 1:  36(SW) -> 21(gpu)   volume = 0.125
   epoch 1:  36(SW) -> 24(gpu)   volume = 0.125
   epoch 1:  36(SW) -> 31(gpu)   volume = 0.125
   epoch 1:  37(SW) ->  4(gpu)   volume = 0.125
   epoch 1:  37(SW) ->  9(gpu)   volume = 0.125
   epoch 1:  37(SW) -> 11(gpu)   volume = 0.125
   epoch 1:  37(SW) -> 13(gpu)   volume = 0.125
   epoch 1:  37(SW) -> 16(gpu)   volume = 0.125
   epoch 1:  37(SW) -> 21(gpu)   volume = 0.125
   epoch 1:  37(SW) -> 24(gpu)   volume = 0.125
   epoch 1:  37(SW) -> 31(gpu)   volume = 0.125
   epoch 1:  38(SW) ->  4(gpu)   volume = 0.125
   epoch 1:  38(SW) ->  9(gpu)   volume = 0.125
   epoch 1:  38(SW) -> 11(gpu)   volume = 0.125
   epoch 1:  38(SW) -> 13(gpu)   volume = 0.125
   epoch 1:  38(SW) -> 16(gpu)   volume = 0.125
   epoch 1:  38(SW) -> 21(gpu)   volume = 0.125
   epoch 1:  38(SW) -> 24(gpu)   volume = 0.125
   epoch 1:  38(SW) -> 31(gpu)   volume = 0.125
   epoch 1:  39(SW) ->  4(gpu)   volume = 0.125
   epoch 1:  39(SW) ->  9(gpu)   volume = 0.125
   epoch 1:  39(SW) -> 11(gpu)   volume = 0.125
   epoch 1:  39(SW) -> 13(gpu)   volume = 0.125
   epoch 1:  39(SW) -> 16(gpu)   volume = 0.125
   epoch 1:  39(SW) -> 21(gpu)   volume = 0.125
   epoch 1:  39(SW) -> 24(gpu)   volume = 0.125
   epoch 1:  39(SW) -> 31(gpu)   volume = 0.125
   epoch 2:  19(gpu) -> 32(SW)   volume = 1.0
   epoch 2:  19(gpu) -> 33(SW)   volume = 1.0
   epoch 2:  19(gpu) -> 34(SW)   volume = 1.0
   epoch 2:  19(gpu) -> 35(SW)   volume = 1.0
   epoch 2:  19(gpu) -> 36(SW)   volume = 1.0
   epoch 2:  19(gpu) -> 37(SW)   volume = 1.0
   epoch 2:  19(gpu) -> 38(SW)   volume = 1.0
   epoch 2:  19(gpu) -> 39(SW)   volume = 1.0
   epoch 2:  32(SW) ->  0(gpu)   volume = 0.125
   epoch 2:  32(SW) ->  2(gpu)   volume = 0.125
   epoch 2:  32(SW) ->  3(gpu)   volume = 0.125
   epoch 2:  32(SW) ->  8(gpu)   volume = 0.125
   epoch 2:  32(SW) -> 14(gpu)   volume = 0.125
   epoch 2:  32(SW) -> 17(gpu)   volume = 0.125
   epoch 2:  32(SW) -> 22(gpu)   volume = 0.125
   epoch 2:  32(SW) -> 27(gpu)   volume = 0.125
   epoch 2:  33(SW) ->  0(gpu)   volume = 0.125
   epoch 2:  33(SW) ->  2(gpu)   volume = 0.125
   epoch 2:  33(SW) ->  3(gpu)   volume = 0.125
   epoch 2:  33(SW) ->  8(gpu)   volume = 0.125
   epoch 2:  33(SW) -> 14(gpu)   volume = 0.125
   epoch 2:  33(SW) -> 17(gpu)   volume = 0.125
   epoch 2:  33(SW) -> 22(gpu)   volume = 0.125
   epoch 2:  33(SW) -> 27(gpu)   volume = 0.125
   epoch 2:  34(SW) ->  0(gpu)   volume = 0.125
   epoch 2:  34(SW) ->  2(gpu)   volume = 0.125
   epoch 2:  34(SW) ->  3(gpu)   volume = 0.125
   epoch 2:  34(SW) ->  8(gpu)   volume = 0.125
   epoch 2:  34(SW) -> 14(gpu)   volume = 0.125
   epoch 2:  34(SW) -> 17(gpu)   volume = 0.125
   epoch 2:  34(SW) -> 22(gpu)   volume = 0.125
   epoch 2:  34(SW) -> 27(gpu)   volume = 0.125
   epoch 2:  35(SW) ->  0(gpu)   volume = 0.125
   epoch 2:  35(SW) ->  2(gpu)   volume = 0.125
   epoch 2:  35(SW) ->  3(gpu)   volume = 0.125
   epoch 2:  35(SW) ->  8(gpu)   volume = 0.125
   epoch 2:  35(SW) -> 14(gpu)   volume = 0.125
   epoch 2:  35(SW) -> 17(gpu)   volume = 0.125
   epoch 2:  35(SW) -> 22(gpu)   volume = 0.125
   epoch 2:  35(SW) -> 27(gpu)   volume = 0.125
   epoch 2:  36(SW) ->  0(gpu)   volume = 0.125
   epoch 2:  36(SW) ->  2(gpu)   volume = 0.125
   epoch 2:  36(SW) ->  3(gpu)   volume = 0.125
   epoch 2:  36(SW) ->  8(gpu)   volume = 0.125
   epoch 2:  36(SW) -> 14(gpu)   volume = 0.125
   epoch 2:  36(SW) -> 17(gpu)   volume = 0.125
   epoch 2:  36(SW) -> 22(gpu)   volume = 0.125
   epoch 2:  36(SW) -> 27(gpu)   volume = 0.125
   epoch 2:  37(SW) ->  0(gpu)   volume = 0.125
   epoch 2:  37(SW) ->  2(gpu)   volume = 0.125
   epoch 2:  37(SW) ->  3(gpu)   volume = 0.125
   epoch 2:  37(SW) ->  8(gpu)   volume = 0.125
   epoch 2:  37(SW) -> 14(gpu)   volume = 0.125
   epoch 2:  37(SW) -> 17(gpu)   volume = 0.125
   epoch 2:  37(SW) -> 22(gpu)   volume = 0.125
   epoch 2:  37(SW) -> 27(gpu)   volume = 0.125
   epoch 2:  38(SW) ->  0(gpu)   volume = 0.125
   epoch 2:  38(SW) ->  2(gpu)   volume = 0.125
   epoch 2:  38(SW) ->  3(gpu)   volume = 0.125
   epoch 2:  38(SW) ->  8(gpu)   volume = 0.125
   epoch 2:  38(SW) -> 14(gpu)   volume = 0.125
   epoch 2:  38(SW) -> 17(gpu)   volume = 0.125
   epoch 2:  38(SW) -> 22(gpu)   volume = 0.125
   epoch 2:  38(SW) -> 27(gpu)   volume = 0.125
   epoch 2:  39(SW) ->  0(gpu)   volume = 0.125
   epoch 2:  39(SW) ->  2(gpu)   volume = 0.125
   epoch 2:  39(SW) ->  3(gpu)   volume = 0.125
   epoch 2:  39(SW) ->  8(gpu)   volume = 0.125
   epoch 2:  39(SW) -> 14(gpu)   volume = 0.125
   epoch 2:  39(SW) -> 17(gpu)   volume = 0.125
   epoch 2:  39(SW) -> 22(gpu)   volume = 0.125
   epoch 2:  39(SW) -> 27(gpu)   volume = 0.125
   epoch 3:  19(gpu) -> 32(SW)   volume = 0.875
   epoch 3:  19(gpu) -> 33(SW)   volume = 0.875
   epoch 3:  19(gpu) -> 34(SW)   volume = 0.875
   epoch 3:  19(gpu) -> 35(SW)   volume = 0.875
   epoch 3:  19(gpu) -> 36(SW)   volume = 0.875
   epoch 3:  19(gpu) -> 37(SW)   volume = 0.875
   epoch 3:  19(gpu) -> 38(SW)   volume = 0.875
   epoch 3:  19(gpu) -> 39(SW)   volume = 0.875
   epoch 3:  32(SW) -> 10(gpu)   volume = 0.125
   epoch 3:  32(SW) -> 12(gpu)   volume = 0.125
   epoch 3:  32(SW) -> 15(gpu)   volume = 0.125
   epoch 3:  32(SW) -> 18(gpu)   volume = 0.125
   epoch 3:  32(SW) -> 20(gpu)   volume = 0.125
   epoch 3:  32(SW) -> 29(gpu)   volume = 0.125
   epoch 3:  32(SW) -> 30(gpu)   volume = 0.125
   epoch 3:  33(SW) -> 10(gpu)   volume = 0.125
   epoch 3:  33(SW) -> 12(gpu)   volume = 0.125
   epoch 3:  33(SW) -> 15(gpu)   volume = 0.125
   epoch 3:  33(SW) -> 18(gpu)   volume = 0.125
   epoch 3:  33(SW) -> 20(gpu)   volume = 0.125
   epoch 3:  33(SW) -> 29(gpu)   volume = 0.125
   epoch 3:  33(SW) -> 30(gpu)   volume = 0.125
   epoch 3:  34(SW) -> 10(gpu)   volume = 0.125
   epoch 3:  34(SW) -> 12(gpu)   volume = 0.125
   epoch 3:  34(SW) -> 15(gpu)   volume = 0.125
   epoch 3:  34(SW) -> 18(gpu)   volume = 0.125
   epoch 3:  34(SW) -> 20(gpu)   volume = 0.125
   epoch 3:  34(SW) -> 29(gpu)   volume = 0.125
   epoch 3:  34(SW) -> 30(gpu)   volume = 0.125
   epoch 3:  35(SW) -> 10(gpu)   volume = 0.125
   epoch 3:  35(SW) -> 12(gpu)   volume = 0.125
   epoch 3:  35(SW) -> 15(gpu)   volume = 0.125
   epoch 3:  35(SW) -> 18(gpu)   volume = 0.125
   epoch 3:  35(SW) -> 20(gpu)   volume = 0.125
   epoch 3:  35(SW) -> 29(gpu)   volume = 0.125
   epoch 3:  35(SW) -> 30(gpu)   volume = 0.125
   epoch 3:  36(SW) -> 10(gpu)   volume = 0.125
   epoch 3:  36(SW) -> 12(gpu)   volume = 0.125
   epoch 3:  36(SW) -> 15(gpu)   volume = 0.125
   epoch 3:  36(SW) -> 18(gpu)   volume = 0.125
   epoch 3:  36(SW) -> 20(gpu)   volume = 0.125
   epoch 3:  36(SW) -> 29(gpu)   volume = 0.125
   epoch 3:  36(SW) -> 30(gpu)   volume = 0.125
   epoch 3:  37(SW) -> 10(gpu)   volume = 0.125
   epoch 3:  37(SW) -> 12(gpu)   volume = 0.125
   epoch 3:  37(SW) -> 15(gpu)   volume = 0.125
   epoch 3:  37(SW) -> 18(gpu)   volume = 0.125
   epoch 3:  37(SW) -> 20(gpu)   volume = 0.125
   epoch 3:  37(SW) -> 29(gpu)   volume = 0.125
   epoch 3:  37(SW) -> 30(gpu)   volume = 0.125
   epoch 3:  38(SW) -> 10(gpu)   volume = 0.125
   epoch 3:  38(SW) -> 12(gpu)   volume = 0.125
   epoch 3:  38(SW) -> 15(gpu)   volume = 0.125
   epoch 3:  38(SW) -> 18(gpu)   volume = 0.125
   epoch 3:  38(SW) -> 20(gpu)   volume = 0.125
   epoch 3:  38(SW) -> 29(gpu)   volume = 0.125
   epoch 3:  38(SW) -> 30(gpu)   volume = 0.125
   epoch 3:  39(SW) -> 10(gpu)   volume = 0.125
   epoch 3:  39(SW) -> 12(gpu)   volume = 0.125
   epoch 3:  39(SW) -> 15(gpu)   volume = 0.125
   epoch 3:  39(SW) -> 18(gpu)   volume = 0.125
   epoch 3:  39(SW) -> 20(gpu)   volume = 0.125
   epoch 3:  39(SW) -> 29(gpu)   volume = 0.125
   epoch 3:  39(SW) -> 30(gpu)   volume = 0.125

-- source 20 --
   epoch 0:  20(gpu) -> 32(SW)   volume = 1.0
   epoch 0:  20(gpu) -> 33(SW)   volume = 1.0
   epoch 0:  20(gpu) -> 34(SW)   volume = 1.0
   epoch 0:  20(gpu) -> 35(SW)   volume = 1.0
   epoch 0:  20(gpu) -> 36(SW)   volume = 1.0
   epoch 0:  20(gpu) -> 37(SW)   volume = 1.0
   epoch 0:  20(gpu) -> 38(SW)   volume = 1.0
   epoch 0:  20(gpu) -> 39(SW)   volume = 1.0
   epoch 0:  32(SW) ->  0(gpu)   volume = 0.125
   epoch 0:  32(SW) ->  2(gpu)   volume = 0.125
   epoch 0:  32(SW) -> 10(gpu)   volume = 0.125
   epoch 0:  32(SW) -> 12(gpu)   volume = 0.125
   epoch 0:  32(SW) -> 18(gpu)   volume = 0.125
   epoch 0:  32(SW) -> 22(gpu)   volume = 0.125
   epoch 0:  32(SW) -> 25(gpu)   volume = 0.125
   epoch 0:  32(SW) -> 30(gpu)   volume = 0.125
   epoch 0:  33(SW) ->  0(gpu)   volume = 0.125
   epoch 0:  33(SW) ->  2(gpu)   volume = 0.125
   epoch 0:  33(SW) -> 10(gpu)   volume = 0.125
   epoch 0:  33(SW) -> 12(gpu)   volume = 0.125
   epoch 0:  33(SW) -> 18(gpu)   volume = 0.125
   epoch 0:  33(SW) -> 22(gpu)   volume = 0.125
   epoch 0:  33(SW) -> 25(gpu)   volume = 0.125
   epoch 0:  33(SW) -> 30(gpu)   volume = 0.125
   epoch 0:  34(SW) ->  0(gpu)   volume = 0.125
   epoch 0:  34(SW) ->  2(gpu)   volume = 0.125
   epoch 0:  34(SW) -> 10(gpu)   volume = 0.125
   epoch 0:  34(SW) -> 12(gpu)   volume = 0.125
   epoch 0:  34(SW) -> 18(gpu)   volume = 0.125
   epoch 0:  34(SW) -> 22(gpu)   volume = 0.125
   epoch 0:  34(SW) -> 25(gpu)   volume = 0.125
   epoch 0:  34(SW) -> 30(gpu)   volume = 0.125
   epoch 0:  35(SW) ->  0(gpu)   volume = 0.125
   epoch 0:  35(SW) ->  2(gpu)   volume = 0.125
   epoch 0:  35(SW) -> 10(gpu)   volume = 0.125
   epoch 0:  35(SW) -> 12(gpu)   volume = 0.125
   epoch 0:  35(SW) -> 18(gpu)   volume = 0.125
   epoch 0:  35(SW) -> 22(gpu)   volume = 0.125
   epoch 0:  35(SW) -> 25(gpu)   volume = 0.125
   epoch 0:  35(SW) -> 30(gpu)   volume = 0.125
   epoch 0:  36(SW) ->  0(gpu)   volume = 0.125
   epoch 0:  36(SW) ->  2(gpu)   volume = 0.125
   epoch 0:  36(SW) -> 10(gpu)   volume = 0.125
   epoch 0:  36(SW) -> 12(gpu)   volume = 0.125
   epoch 0:  36(SW) -> 18(gpu)   volume = 0.125
   epoch 0:  36(SW) -> 22(gpu)   volume = 0.125
   epoch 0:  36(SW) -> 25(gpu)   volume = 0.125
   epoch 0:  36(SW) -> 30(gpu)   volume = 0.125
   epoch 0:  37(SW) ->  0(gpu)   volume = 0.125
   epoch 0:  37(SW) ->  2(gpu)   volume = 0.125
   epoch 0:  37(SW) -> 10(gpu)   volume = 0.125
   epoch 0:  37(SW) -> 12(gpu)   volume = 0.125
   epoch 0:  37(SW) -> 18(gpu)   volume = 0.125
   epoch 0:  37(SW) -> 22(gpu)   volume = 0.125
   epoch 0:  37(SW) -> 25(gpu)   volume = 0.125
   epoch 0:  37(SW) -> 30(gpu)   volume = 0.125
   epoch 0:  38(SW) ->  0(gpu)   volume = 0.125
   epoch 0:  38(SW) ->  2(gpu)   volume = 0.125
   epoch 0:  38(SW) -> 10(gpu)   volume = 0.125
   epoch 0:  38(SW) -> 12(gpu)   volume = 0.125
   epoch 0:  38(SW) -> 18(gpu)   volume = 0.125
   epoch 0:  38(SW) -> 22(gpu)   volume = 0.125
   epoch 0:  38(SW) -> 25(gpu)   volume = 0.125
   epoch 0:  38(SW) -> 30(gpu)   volume = 0.125
   epoch 0:  39(SW) ->  0(gpu)   volume = 0.125
   epoch 0:  39(SW) ->  2(gpu)   volume = 0.125
   epoch 0:  39(SW) -> 10(gpu)   volume = 0.125
   epoch 0:  39(SW) -> 12(gpu)   volume = 0.125
   epoch 0:  39(SW) -> 18(gpu)   volume = 0.125
   epoch 0:  39(SW) -> 22(gpu)   volume = 0.125
   epoch 0:  39(SW) -> 25(gpu)   volume = 0.125
   epoch 0:  39(SW) -> 30(gpu)   volume = 0.125
   epoch 1:  20(gpu) -> 32(SW)   volume = 1.0
   epoch 1:  20(gpu) -> 33(SW)   volume = 1.0
   epoch 1:  20(gpu) -> 34(SW)   volume = 1.0
   epoch 1:  20(gpu) -> 35(SW)   volume = 1.0
   epoch 1:  20(gpu) -> 36(SW)   volume = 1.0
   epoch 1:  20(gpu) -> 37(SW)   volume = 1.0
   epoch 1:  20(gpu) -> 38(SW)   volume = 1.0
   epoch 1:  20(gpu) -> 39(SW)   volume = 1.0
   epoch 1:  32(SW) ->  1(gpu)   volume = 0.125
   epoch 1:  32(SW) ->  6(gpu)   volume = 0.125
   epoch 1:  32(SW) ->  8(gpu)   volume = 0.125
   epoch 1:  32(SW) -> 11(gpu)   volume = 0.125
   epoch 1:  32(SW) -> 15(gpu)   volume = 0.125
   epoch 1:  32(SW) -> 19(gpu)   volume = 0.125
   epoch 1:  32(SW) -> 21(gpu)   volume = 0.125
   epoch 1:  32(SW) -> 31(gpu)   volume = 0.125
   epoch 1:  33(SW) ->  1(gpu)   volume = 0.125
   epoch 1:  33(SW) ->  6(gpu)   volume = 0.125
   epoch 1:  33(SW) ->  8(gpu)   volume = 0.125
   epoch 1:  33(SW) -> 11(gpu)   volume = 0.125
   epoch 1:  33(SW) -> 15(gpu)   volume = 0.125
   epoch 1:  33(SW) -> 19(gpu)   volume = 0.125
   epoch 1:  33(SW) -> 21(gpu)   volume = 0.125
   epoch 1:  33(SW) -> 31(gpu)   volume = 0.125
   epoch 1:  34(SW) ->  1(gpu)   volume = 0.125
   epoch 1:  34(SW) ->  6(gpu)   volume = 0.125
   epoch 1:  34(SW) ->  8(gpu)   volume = 0.125
   epoch 1:  34(SW) -> 11(gpu)   volume = 0.125
   epoch 1:  34(SW) -> 15(gpu)   volume = 0.125
   epoch 1:  34(SW) -> 19(gpu)   volume = 0.125
   epoch 1:  34(SW) -> 21(gpu)   volume = 0.125
   epoch 1:  34(SW) -> 31(gpu)   volume = 0.125
   epoch 1:  35(SW) ->  1(gpu)   volume = 0.125
   epoch 1:  35(SW) ->  6(gpu)   volume = 0.125
   epoch 1:  35(SW) ->  8(gpu)   volume = 0.125
   epoch 1:  35(SW) -> 11(gpu)   volume = 0.125
   epoch 1:  35(SW) -> 15(gpu)   volume = 0.125
   epoch 1:  35(SW) -> 19(gpu)   volume = 0.125
   epoch 1:  35(SW) -> 21(gpu)   volume = 0.125
   epoch 1:  35(SW) -> 31(gpu)   volume = 0.125
   epoch 1:  36(SW) ->  1(gpu)   volume = 0.125
   epoch 1:  36(SW) ->  6(gpu)   volume = 0.125
   epoch 1:  36(SW) ->  8(gpu)   volume = 0.125
   epoch 1:  36(SW) -> 11(gpu)   volume = 0.125
   epoch 1:  36(SW) -> 15(gpu)   volume = 0.125
   epoch 1:  36(SW) -> 19(gpu)   volume = 0.125
   epoch 1:  36(SW) -> 21(gpu)   volume = 0.125
   epoch 1:  36(SW) -> 31(gpu)   volume = 0.125
   epoch 1:  37(SW) ->  1(gpu)   volume = 0.125
   epoch 1:  37(SW) ->  6(gpu)   volume = 0.125
   epoch 1:  37(SW) ->  8(gpu)   volume = 0.125
   epoch 1:  37(SW) -> 11(gpu)   volume = 0.125
   epoch 1:  37(SW) -> 15(gpu)   volume = 0.125
   epoch 1:  37(SW) -> 19(gpu)   volume = 0.125
   epoch 1:  37(SW) -> 21(gpu)   volume = 0.125
   epoch 1:  37(SW) -> 31(gpu)   volume = 0.125
   epoch 1:  38(SW) ->  1(gpu)   volume = 0.125
   epoch 1:  38(SW) ->  6(gpu)   volume = 0.125
   epoch 1:  38(SW) ->  8(gpu)   volume = 0.125
   epoch 1:  38(SW) -> 11(gpu)   volume = 0.125
   epoch 1:  38(SW) -> 15(gpu)   volume = 0.125
   epoch 1:  38(SW) -> 19(gpu)   volume = 0.125
   epoch 1:  38(SW) -> 21(gpu)   volume = 0.125
   epoch 1:  38(SW) -> 31(gpu)   volume = 0.125
   epoch 1:  39(SW) ->  1(gpu)   volume = 0.125
   epoch 1:  39(SW) ->  6(gpu)   volume = 0.125
   epoch 1:  39(SW) ->  8(gpu)   volume = 0.125
   epoch 1:  39(SW) -> 11(gpu)   volume = 0.125
   epoch 1:  39(SW) -> 15(gpu)   volume = 0.125
   epoch 1:  39(SW) -> 19(gpu)   volume = 0.125
   epoch 1:  39(SW) -> 21(gpu)   volume = 0.125
   epoch 1:  39(SW) -> 31(gpu)   volume = 0.125
   epoch 2:  20(gpu) -> 32(SW)   volume = 1.0
   epoch 2:  20(gpu) -> 33(SW)   volume = 1.0
   epoch 2:  20(gpu) -> 34(SW)   volume = 1.0
   epoch 2:  20(gpu) -> 35(SW)   volume = 1.0
   epoch 2:  20(gpu) -> 36(SW)   volume = 1.0
   epoch 2:  20(gpu) -> 37(SW)   volume = 1.0
   epoch 2:  20(gpu) -> 38(SW)   volume = 1.0
   epoch 2:  20(gpu) -> 39(SW)   volume = 1.0
   epoch 2:  32(SW) ->  4(gpu)   volume = 0.125
   epoch 2:  32(SW) ->  7(gpu)   volume = 0.125
   epoch 2:  32(SW) ->  9(gpu)   volume = 0.125
   epoch 2:  32(SW) -> 16(gpu)   volume = 0.125
   epoch 2:  32(SW) -> 24(gpu)   volume = 0.125
   epoch 2:  32(SW) -> 26(gpu)   volume = 0.125
   epoch 2:  32(SW) -> 27(gpu)   volume = 0.125
   epoch 2:  32(SW) -> 29(gpu)   volume = 0.125
   epoch 2:  33(SW) ->  4(gpu)   volume = 0.125
   epoch 2:  33(SW) ->  7(gpu)   volume = 0.125
   epoch 2:  33(SW) ->  9(gpu)   volume = 0.125
   epoch 2:  33(SW) -> 16(gpu)   volume = 0.125
   epoch 2:  33(SW) -> 24(gpu)   volume = 0.125
   epoch 2:  33(SW) -> 26(gpu)   volume = 0.125
   epoch 2:  33(SW) -> 27(gpu)   volume = 0.125
   epoch 2:  33(SW) -> 29(gpu)   volume = 0.125
   epoch 2:  34(SW) ->  4(gpu)   volume = 0.125
   epoch 2:  34(SW) ->  7(gpu)   volume = 0.125
   epoch 2:  34(SW) ->  9(gpu)   volume = 0.125
   epoch 2:  34(SW) -> 16(gpu)   volume = 0.125
   epoch 2:  34(SW) -> 24(gpu)   volume = 0.125
   epoch 2:  34(SW) -> 26(gpu)   volume = 0.125
   epoch 2:  34(SW) -> 27(gpu)   volume = 0.125
   epoch 2:  34(SW) -> 29(gpu)   volume = 0.125
   epoch 2:  35(SW) ->  4(gpu)   volume = 0.125
   epoch 2:  35(SW) ->  7(gpu)   volume = 0.125
   epoch 2:  35(SW) ->  9(gpu)   volume = 0.125
   epoch 2:  35(SW) -> 16(gpu)   volume = 0.125
   epoch 2:  35(SW) -> 24(gpu)   volume = 0.125
   epoch 2:  35(SW) -> 26(gpu)   volume = 0.125
   epoch 2:  35(SW) -> 27(gpu)   volume = 0.125
   epoch 2:  35(SW) -> 29(gpu)   volume = 0.125
   epoch 2:  36(SW) ->  4(gpu)   volume = 0.125
   epoch 2:  36(SW) ->  7(gpu)   volume = 0.125
   epoch 2:  36(SW) ->  9(gpu)   volume = 0.125
   epoch 2:  36(SW) -> 16(gpu)   volume = 0.125
   epoch 2:  36(SW) -> 24(gpu)   volume = 0.125
   epoch 2:  36(SW) -> 26(gpu)   volume = 0.125
   epoch 2:  36(SW) -> 27(gpu)   volume = 0.125
   epoch 2:  36(SW) -> 29(gpu)   volume = 0.125
   epoch 2:  37(SW) ->  4(gpu)   volume = 0.125
   epoch 2:  37(SW) ->  7(gpu)   volume = 0.125
   epoch 2:  37(SW) ->  9(gpu)   volume = 0.125
   epoch 2:  37(SW) -> 16(gpu)   volume = 0.125
   epoch 2:  37(SW) -> 24(gpu)   volume = 0.125
   epoch 2:  37(SW) -> 26(gpu)   volume = 0.125
   epoch 2:  37(SW) -> 27(gpu)   volume = 0.125
   epoch 2:  37(SW) -> 29(gpu)   volume = 0.125
   epoch 2:  38(SW) ->  4(gpu)   volume = 0.125
   epoch 2:  38(SW) ->  7(gpu)   volume = 0.125
   epoch 2:  38(SW) ->  9(gpu)   volume = 0.125
   epoch 2:  38(SW) -> 16(gpu)   volume = 0.125
   epoch 2:  38(SW) -> 24(gpu)   volume = 0.125
   epoch 2:  38(SW) -> 26(gpu)   volume = 0.125
   epoch 2:  38(SW) -> 27(gpu)   volume = 0.125
   epoch 2:  38(SW) -> 29(gpu)   volume = 0.125
   epoch 2:  39(SW) ->  4(gpu)   volume = 0.125
   epoch 2:  39(SW) ->  7(gpu)   volume = 0.125
   epoch 2:  39(SW) ->  9(gpu)   volume = 0.125
   epoch 2:  39(SW) -> 16(gpu)   volume = 0.125
   epoch 2:  39(SW) -> 24(gpu)   volume = 0.125
   epoch 2:  39(SW) -> 26(gpu)   volume = 0.125
   epoch 2:  39(SW) -> 27(gpu)   volume = 0.125
   epoch 2:  39(SW) -> 29(gpu)   volume = 0.125
   epoch 3:  20(gpu) -> 32(SW)   volume = 0.875
   epoch 3:  20(gpu) -> 33(SW)   volume = 0.875
   epoch 3:  20(gpu) -> 34(SW)   volume = 0.875
   epoch 3:  20(gpu) -> 35(SW)   volume = 0.875
   epoch 3:  20(gpu) -> 36(SW)   volume = 0.875
   epoch 3:  20(gpu) -> 37(SW)   volume = 0.875
   epoch 3:  20(gpu) -> 38(SW)   volume = 0.875
   epoch 3:  20(gpu) -> 39(SW)   volume = 0.875
   epoch 3:  32(SW) ->  3(gpu)   volume = 0.125
   epoch 3:  32(SW) ->  5(gpu)   volume = 0.125
   epoch 3:  32(SW) -> 13(gpu)   volume = 0.125
   epoch 3:  32(SW) -> 14(gpu)   volume = 0.125
   epoch 3:  32(SW) -> 17(gpu)   volume = 0.125
   epoch 3:  32(SW) -> 23(gpu)   volume = 0.125
   epoch 3:  32(SW) -> 28(gpu)   volume = 0.125
   epoch 3:  33(SW) ->  3(gpu)   volume = 0.125
   epoch 3:  33(SW) ->  5(gpu)   volume = 0.125
   epoch 3:  33(SW) -> 13(gpu)   volume = 0.125
   epoch 3:  33(SW) -> 14(gpu)   volume = 0.125
   epoch 3:  33(SW) -> 17(gpu)   volume = 0.125
   epoch 3:  33(SW) -> 23(gpu)   volume = 0.125
   epoch 3:  33(SW) -> 28(gpu)   volume = 0.125
   epoch 3:  34(SW) ->  3(gpu)   volume = 0.125
   epoch 3:  34(SW) ->  5(gpu)   volume = 0.125
   epoch 3:  34(SW) -> 13(gpu)   volume = 0.125
   epoch 3:  34(SW) -> 14(gpu)   volume = 0.125
   epoch 3:  34(SW) -> 17(gpu)   volume = 0.125
   epoch 3:  34(SW) -> 23(gpu)   volume = 0.125
   epoch 3:  34(SW) -> 28(gpu)   volume = 0.125
   epoch 3:  35(SW) ->  3(gpu)   volume = 0.125
   epoch 3:  35(SW) ->  5(gpu)   volume = 0.125
   epoch 3:  35(SW) -> 13(gpu)   volume = 0.125
   epoch 3:  35(SW) -> 14(gpu)   volume = 0.125
   epoch 3:  35(SW) -> 17(gpu)   volume = 0.125
   epoch 3:  35(SW) -> 23(gpu)   volume = 0.125
   epoch 3:  35(SW) -> 28(gpu)   volume = 0.125
   epoch 3:  36(SW) ->  3(gpu)   volume = 0.125
   epoch 3:  36(SW) ->  5(gpu)   volume = 0.125
   epoch 3:  36(SW) -> 13(gpu)   volume = 0.125
   epoch 3:  36(SW) -> 14(gpu)   volume = 0.125
   epoch 3:  36(SW) -> 17(gpu)   volume = 0.125
   epoch 3:  36(SW) -> 23(gpu)   volume = 0.125
   epoch 3:  36(SW) -> 28(gpu)   volume = 0.125
   epoch 3:  37(SW) ->  3(gpu)   volume = 0.125
   epoch 3:  37(SW) ->  5(gpu)   volume = 0.125
   epoch 3:  37(SW) -> 13(gpu)   volume = 0.125
   epoch 3:  37(SW) -> 14(gpu)   volume = 0.125
   epoch 3:  37(SW) -> 17(gpu)   volume = 0.125
   epoch 3:  37(SW) -> 23(gpu)   volume = 0.125
   epoch 3:  37(SW) -> 28(gpu)   volume = 0.125
   epoch 3:  38(SW) ->  3(gpu)   volume = 0.125
   epoch 3:  38(SW) ->  5(gpu)   volume = 0.125
   epoch 3:  38(SW) -> 13(gpu)   volume = 0.125
   epoch 3:  38(SW) -> 14(gpu)   volume = 0.125
   epoch 3:  38(SW) -> 17(gpu)   volume = 0.125
   epoch 3:  38(SW) -> 23(gpu)   volume = 0.125
   epoch 3:  38(SW) -> 28(gpu)   volume = 0.125
   epoch 3:  39(SW) ->  3(gpu)   volume = 0.125
   epoch 3:  39(SW) ->  5(gpu)   volume = 0.125
   epoch 3:  39(SW) -> 13(gpu)   volume = 0.125
   epoch 3:  39(SW) -> 14(gpu)   volume = 0.125
   epoch 3:  39(SW) -> 17(gpu)   volume = 0.125
   epoch 3:  39(SW) -> 23(gpu)   volume = 0.125
   epoch 3:  39(SW) -> 28(gpu)   volume = 0.125

-- source 21 --
   epoch 0:  21(gpu) -> 32(SW)   volume = 1.0
   epoch 0:  21(gpu) -> 33(SW)   volume = 1.0
   epoch 0:  21(gpu) -> 34(SW)   volume = 1.0
   epoch 0:  21(gpu) -> 35(SW)   volume = 1.0
   epoch 0:  21(gpu) -> 36(SW)   volume = 1.0
   epoch 0:  21(gpu) -> 37(SW)   volume = 1.0
   epoch 0:  21(gpu) -> 38(SW)   volume = 1.0
   epoch 0:  21(gpu) -> 39(SW)   volume = 1.0
   epoch 0:  32(SW) ->  5(gpu)   volume = 0.125
   epoch 0:  32(SW) ->  6(gpu)   volume = 0.125
   epoch 0:  32(SW) ->  7(gpu)   volume = 0.125
   epoch 0:  32(SW) ->  9(gpu)   volume = 0.125
   epoch 0:  32(SW) -> 11(gpu)   volume = 0.125
   epoch 0:  32(SW) -> 13(gpu)   volume = 0.125
   epoch 0:  32(SW) -> 18(gpu)   volume = 0.125
   epoch 0:  32(SW) -> 26(gpu)   volume = 0.125
   epoch 0:  33(SW) ->  5(gpu)   volume = 0.125
   epoch 0:  33(SW) ->  6(gpu)   volume = 0.125
   epoch 0:  33(SW) ->  7(gpu)   volume = 0.125
   epoch 0:  33(SW) ->  9(gpu)   volume = 0.125
   epoch 0:  33(SW) -> 11(gpu)   volume = 0.125
   epoch 0:  33(SW) -> 13(gpu)   volume = 0.125
   epoch 0:  33(SW) -> 18(gpu)   volume = 0.125
   epoch 0:  33(SW) -> 26(gpu)   volume = 0.125
   epoch 0:  34(SW) ->  5(gpu)   volume = 0.125
   epoch 0:  34(SW) ->  6(gpu)   volume = 0.125
   epoch 0:  34(SW) ->  7(gpu)   volume = 0.125
   epoch 0:  34(SW) ->  9(gpu)   volume = 0.125
   epoch 0:  34(SW) -> 11(gpu)   volume = 0.125
   epoch 0:  34(SW) -> 13(gpu)   volume = 0.125
   epoch 0:  34(SW) -> 18(gpu)   volume = 0.125
   epoch 0:  34(SW) -> 26(gpu)   volume = 0.125
   epoch 0:  35(SW) ->  5(gpu)   volume = 0.125
   epoch 0:  35(SW) ->  6(gpu)   volume = 0.125
   epoch 0:  35(SW) ->  7(gpu)   volume = 0.125
   epoch 0:  35(SW) ->  9(gpu)   volume = 0.125
   epoch 0:  35(SW) -> 11(gpu)   volume = 0.125
   epoch 0:  35(SW) -> 13(gpu)   volume = 0.125
   epoch 0:  35(SW) -> 18(gpu)   volume = 0.125
   epoch 0:  35(SW) -> 26(gpu)   volume = 0.125
   epoch 0:  36(SW) ->  5(gpu)   volume = 0.125
   epoch 0:  36(SW) ->  6(gpu)   volume = 0.125
   epoch 0:  36(SW) ->  7(gpu)   volume = 0.125
   epoch 0:  36(SW) ->  9(gpu)   volume = 0.125
   epoch 0:  36(SW) -> 11(gpu)   volume = 0.125
   epoch 0:  36(SW) -> 13(gpu)   volume = 0.125
   epoch 0:  36(SW) -> 18(gpu)   volume = 0.125
   epoch 0:  36(SW) -> 26(gpu)   volume = 0.125
   epoch 0:  37(SW) ->  5(gpu)   volume = 0.125
   epoch 0:  37(SW) ->  6(gpu)   volume = 0.125
   epoch 0:  37(SW) ->  7(gpu)   volume = 0.125
   epoch 0:  37(SW) ->  9(gpu)   volume = 0.125
   epoch 0:  37(SW) -> 11(gpu)   volume = 0.125
   epoch 0:  37(SW) -> 13(gpu)   volume = 0.125
   epoch 0:  37(SW) -> 18(gpu)   volume = 0.125
   epoch 0:  37(SW) -> 26(gpu)   volume = 0.125
   epoch 0:  38(SW) ->  5(gpu)   volume = 0.125
   epoch 0:  38(SW) ->  6(gpu)   volume = 0.125
   epoch 0:  38(SW) ->  7(gpu)   volume = 0.125
   epoch 0:  38(SW) ->  9(gpu)   volume = 0.125
   epoch 0:  38(SW) -> 11(gpu)   volume = 0.125
   epoch 0:  38(SW) -> 13(gpu)   volume = 0.125
   epoch 0:  38(SW) -> 18(gpu)   volume = 0.125
   epoch 0:  38(SW) -> 26(gpu)   volume = 0.125
   epoch 0:  39(SW) ->  5(gpu)   volume = 0.125
   epoch 0:  39(SW) ->  6(gpu)   volume = 0.125
   epoch 0:  39(SW) ->  7(gpu)   volume = 0.125
   epoch 0:  39(SW) ->  9(gpu)   volume = 0.125
   epoch 0:  39(SW) -> 11(gpu)   volume = 0.125
   epoch 0:  39(SW) -> 13(gpu)   volume = 0.125
   epoch 0:  39(SW) -> 18(gpu)   volume = 0.125
   epoch 0:  39(SW) -> 26(gpu)   volume = 0.125
   epoch 1:  21(gpu) -> 32(SW)   volume = 1.0
   epoch 1:  21(gpu) -> 33(SW)   volume = 1.0
   epoch 1:  21(gpu) -> 34(SW)   volume = 1.0
   epoch 1:  21(gpu) -> 35(SW)   volume = 1.0
   epoch 1:  21(gpu) -> 36(SW)   volume = 1.0
   epoch 1:  21(gpu) -> 37(SW)   volume = 1.0
   epoch 1:  21(gpu) -> 38(SW)   volume = 1.0
   epoch 1:  21(gpu) -> 39(SW)   volume = 1.0
   epoch 1:  32(SW) ->  3(gpu)   volume = 0.125
   epoch 1:  32(SW) -> 10(gpu)   volume = 0.125
   epoch 1:  32(SW) -> 19(gpu)   volume = 0.125
   epoch 1:  32(SW) -> 20(gpu)   volume = 0.125
   epoch 1:  32(SW) -> 24(gpu)   volume = 0.125
   epoch 1:  32(SW) -> 25(gpu)   volume = 0.125
   epoch 1:  32(SW) -> 28(gpu)   volume = 0.125
   epoch 1:  32(SW) -> 31(gpu)   volume = 0.125
   epoch 1:  33(SW) ->  3(gpu)   volume = 0.125
   epoch 1:  33(SW) -> 10(gpu)   volume = 0.125
   epoch 1:  33(SW) -> 19(gpu)   volume = 0.125
   epoch 1:  33(SW) -> 20(gpu)   volume = 0.125
   epoch 1:  33(SW) -> 24(gpu)   volume = 0.125
   epoch 1:  33(SW) -> 25(gpu)   volume = 0.125
   epoch 1:  33(SW) -> 28(gpu)   volume = 0.125
   epoch 1:  33(SW) -> 31(gpu)   volume = 0.125
   epoch 1:  34(SW) ->  3(gpu)   volume = 0.125
   epoch 1:  34(SW) -> 10(gpu)   volume = 0.125
   epoch 1:  34(SW) -> 19(gpu)   volume = 0.125
   epoch 1:  34(SW) -> 20(gpu)   volume = 0.125
   epoch 1:  34(SW) -> 24(gpu)   volume = 0.125
   epoch 1:  34(SW) -> 25(gpu)   volume = 0.125
   epoch 1:  34(SW) -> 28(gpu)   volume = 0.125
   epoch 1:  34(SW) -> 31(gpu)   volume = 0.125
   epoch 1:  35(SW) ->  3(gpu)   volume = 0.125
   epoch 1:  35(SW) -> 10(gpu)   volume = 0.125
   epoch 1:  35(SW) -> 19(gpu)   volume = 0.125
   epoch 1:  35(SW) -> 20(gpu)   volume = 0.125
   epoch 1:  35(SW) -> 24(gpu)   volume = 0.125
   epoch 1:  35(SW) -> 25(gpu)   volume = 0.125
   epoch 1:  35(SW) -> 28(gpu)   volume = 0.125
   epoch 1:  35(SW) -> 31(gpu)   volume = 0.125
   epoch 1:  36(SW) ->  3(gpu)   volume = 0.125
   epoch 1:  36(SW) -> 10(gpu)   volume = 0.125
   epoch 1:  36(SW) -> 19(gpu)   volume = 0.125
   epoch 1:  36(SW) -> 20(gpu)   volume = 0.125
   epoch 1:  36(SW) -> 24(gpu)   volume = 0.125
   epoch 1:  36(SW) -> 25(gpu)   volume = 0.125
   epoch 1:  36(SW) -> 28(gpu)   volume = 0.125
   epoch 1:  36(SW) -> 31(gpu)   volume = 0.125
   epoch 1:  37(SW) ->  3(gpu)   volume = 0.125
   epoch 1:  37(SW) -> 10(gpu)   volume = 0.125
   epoch 1:  37(SW) -> 19(gpu)   volume = 0.125
   epoch 1:  37(SW) -> 20(gpu)   volume = 0.125
   epoch 1:  37(SW) -> 24(gpu)   volume = 0.125
   epoch 1:  37(SW) -> 25(gpu)   volume = 0.125
   epoch 1:  37(SW) -> 28(gpu)   volume = 0.125
   epoch 1:  37(SW) -> 31(gpu)   volume = 0.125
   epoch 1:  38(SW) ->  3(gpu)   volume = 0.125
   epoch 1:  38(SW) -> 10(gpu)   volume = 0.125
   epoch 1:  38(SW) -> 19(gpu)   volume = 0.125
   epoch 1:  38(SW) -> 20(gpu)   volume = 0.125
   epoch 1:  38(SW) -> 24(gpu)   volume = 0.125
   epoch 1:  38(SW) -> 25(gpu)   volume = 0.125
   epoch 1:  38(SW) -> 28(gpu)   volume = 0.125
   epoch 1:  38(SW) -> 31(gpu)   volume = 0.125
   epoch 1:  39(SW) ->  3(gpu)   volume = 0.125
   epoch 1:  39(SW) -> 10(gpu)   volume = 0.125
   epoch 1:  39(SW) -> 19(gpu)   volume = 0.125
   epoch 1:  39(SW) -> 20(gpu)   volume = 0.125
   epoch 1:  39(SW) -> 24(gpu)   volume = 0.125
   epoch 1:  39(SW) -> 25(gpu)   volume = 0.125
   epoch 1:  39(SW) -> 28(gpu)   volume = 0.125
   epoch 1:  39(SW) -> 31(gpu)   volume = 0.125
   epoch 2:  21(gpu) -> 32(SW)   volume = 1.0
   epoch 2:  21(gpu) -> 33(SW)   volume = 1.0
   epoch 2:  21(gpu) -> 34(SW)   volume = 1.0
   epoch 2:  21(gpu) -> 35(SW)   volume = 1.0
   epoch 2:  21(gpu) -> 36(SW)   volume = 1.0
   epoch 2:  21(gpu) -> 37(SW)   volume = 1.0
   epoch 2:  21(gpu) -> 38(SW)   volume = 1.0
   epoch 2:  21(gpu) -> 39(SW)   volume = 1.0
   epoch 2:  32(SW) ->  1(gpu)   volume = 0.125
   epoch 2:  32(SW) ->  2(gpu)   volume = 0.125
   epoch 2:  32(SW) ->  8(gpu)   volume = 0.125
   epoch 2:  32(SW) -> 15(gpu)   volume = 0.125
   epoch 2:  32(SW) -> 16(gpu)   volume = 0.125
   epoch 2:  32(SW) -> 17(gpu)   volume = 0.125
   epoch 2:  32(SW) -> 22(gpu)   volume = 0.125
   epoch 2:  32(SW) -> 30(gpu)   volume = 0.125
   epoch 2:  33(SW) ->  1(gpu)   volume = 0.125
   epoch 2:  33(SW) ->  2(gpu)   volume = 0.125
   epoch 2:  33(SW) ->  8(gpu)   volume = 0.125
   epoch 2:  33(SW) -> 15(gpu)   volume = 0.125
   epoch 2:  33(SW) -> 16(gpu)   volume = 0.125
   epoch 2:  33(SW) -> 17(gpu)   volume = 0.125
   epoch 2:  33(SW) -> 22(gpu)   volume = 0.125
   epoch 2:  33(SW) -> 30(gpu)   volume = 0.125
   epoch 2:  34(SW) ->  1(gpu)   volume = 0.125
   epoch 2:  34(SW) ->  2(gpu)   volume = 0.125
   epoch 2:  34(SW) ->  8(gpu)   volume = 0.125
   epoch 2:  34(SW) -> 15(gpu)   volume = 0.125
   epoch 2:  34(SW) -> 16(gpu)   volume = 0.125
   epoch 2:  34(SW) -> 17(gpu)   volume = 0.125
   epoch 2:  34(SW) -> 22(gpu)   volume = 0.125
   epoch 2:  34(SW) -> 30(gpu)   volume = 0.125
   epoch 2:  35(SW) ->  1(gpu)   volume = 0.125
   epoch 2:  35(SW) ->  2(gpu)   volume = 0.125
   epoch 2:  35(SW) ->  8(gpu)   volume = 0.125
   epoch 2:  35(SW) -> 15(gpu)   volume = 0.125
   epoch 2:  35(SW) -> 16(gpu)   volume = 0.125
   epoch 2:  35(SW) -> 17(gpu)   volume = 0.125
   epoch 2:  35(SW) -> 22(gpu)   volume = 0.125
   epoch 2:  35(SW) -> 30(gpu)   volume = 0.125
   epoch 2:  36(SW) ->  1(gpu)   volume = 0.125
   epoch 2:  36(SW) ->  2(gpu)   volume = 0.125
   epoch 2:  36(SW) ->  8(gpu)   volume = 0.125
   epoch 2:  36(SW) -> 15(gpu)   volume = 0.125
   epoch 2:  36(SW) -> 16(gpu)   volume = 0.125
   epoch 2:  36(SW) -> 17(gpu)   volume = 0.125
   epoch 2:  36(SW) -> 22(gpu)   volume = 0.125
   epoch 2:  36(SW) -> 30(gpu)   volume = 0.125
   epoch 2:  37(SW) ->  1(gpu)   volume = 0.125
   epoch 2:  37(SW) ->  2(gpu)   volume = 0.125
   epoch 2:  37(SW) ->  8(gpu)   volume = 0.125
   epoch 2:  37(SW) -> 15(gpu)   volume = 0.125
   epoch 2:  37(SW) -> 16(gpu)   volume = 0.125
   epoch 2:  37(SW) -> 17(gpu)   volume = 0.125
   epoch 2:  37(SW) -> 22(gpu)   volume = 0.125
   epoch 2:  37(SW) -> 30(gpu)   volume = 0.125
   epoch 2:  38(SW) ->  1(gpu)   volume = 0.125
   epoch 2:  38(SW) ->  2(gpu)   volume = 0.125
   epoch 2:  38(SW) ->  8(gpu)   volume = 0.125
   epoch 2:  38(SW) -> 15(gpu)   volume = 0.125
   epoch 2:  38(SW) -> 16(gpu)   volume = 0.125
   epoch 2:  38(SW) -> 17(gpu)   volume = 0.125
   epoch 2:  38(SW) -> 22(gpu)   volume = 0.125
   epoch 2:  38(SW) -> 30(gpu)   volume = 0.125
   epoch 2:  39(SW) ->  1(gpu)   volume = 0.125
   epoch 2:  39(SW) ->  2(gpu)   volume = 0.125
   epoch 2:  39(SW) ->  8(gpu)   volume = 0.125
   epoch 2:  39(SW) -> 15(gpu)   volume = 0.125
   epoch 2:  39(SW) -> 16(gpu)   volume = 0.125
   epoch 2:  39(SW) -> 17(gpu)   volume = 0.125
   epoch 2:  39(SW) -> 22(gpu)   volume = 0.125
   epoch 2:  39(SW) -> 30(gpu)   volume = 0.125
   epoch 3:  21(gpu) -> 32(SW)   volume = 0.875
   epoch 3:  21(gpu) -> 33(SW)   volume = 0.875
   epoch 3:  21(gpu) -> 34(SW)   volume = 0.875
   epoch 3:  21(gpu) -> 35(SW)   volume = 0.875
   epoch 3:  21(gpu) -> 36(SW)   volume = 0.875
   epoch 3:  21(gpu) -> 37(SW)   volume = 0.875
   epoch 3:  21(gpu) -> 38(SW)   volume = 0.875
   epoch 3:  21(gpu) -> 39(SW)   volume = 0.875
   epoch 3:  32(SW) ->  0(gpu)   volume = 0.125
   epoch 3:  32(SW) ->  4(gpu)   volume = 0.125
   epoch 3:  32(SW) -> 12(gpu)   volume = 0.125
   epoch 3:  32(SW) -> 14(gpu)   volume = 0.125
   epoch 3:  32(SW) -> 23(gpu)   volume = 0.125
   epoch 3:  32(SW) -> 27(gpu)   volume = 0.125
   epoch 3:  32(SW) -> 29(gpu)   volume = 0.125
   epoch 3:  33(SW) ->  0(gpu)   volume = 0.125
   epoch 3:  33(SW) ->  4(gpu)   volume = 0.125
   epoch 3:  33(SW) -> 12(gpu)   volume = 0.125
   epoch 3:  33(SW) -> 14(gpu)   volume = 0.125
   epoch 3:  33(SW) -> 23(gpu)   volume = 0.125
   epoch 3:  33(SW) -> 27(gpu)   volume = 0.125
   epoch 3:  33(SW) -> 29(gpu)   volume = 0.125
   epoch 3:  34(SW) ->  0(gpu)   volume = 0.125
   epoch 3:  34(SW) ->  4(gpu)   volume = 0.125
   epoch 3:  34(SW) -> 12(gpu)   volume = 0.125
   epoch 3:  34(SW) -> 14(gpu)   volume = 0.125
   epoch 3:  34(SW) -> 23(gpu)   volume = 0.125
   epoch 3:  34(SW) -> 27(gpu)   volume = 0.125
   epoch 3:  34(SW) -> 29(gpu)   volume = 0.125
   epoch 3:  35(SW) ->  0(gpu)   volume = 0.125
   epoch 3:  35(SW) ->  4(gpu)   volume = 0.125
   epoch 3:  35(SW) -> 12(gpu)   volume = 0.125
   epoch 3:  35(SW) -> 14(gpu)   volume = 0.125
   epoch 3:  35(SW) -> 23(gpu)   volume = 0.125
   epoch 3:  35(SW) -> 27(gpu)   volume = 0.125
   epoch 3:  35(SW) -> 29(gpu)   volume = 0.125
   epoch 3:  36(SW) ->  0(gpu)   volume = 0.125
   epoch 3:  36(SW) ->  4(gpu)   volume = 0.125
   epoch 3:  36(SW) -> 12(gpu)   volume = 0.125
   epoch 3:  36(SW) -> 14(gpu)   volume = 0.125
   epoch 3:  36(SW) -> 23(gpu)   volume = 0.125
   epoch 3:  36(SW) -> 27(gpu)   volume = 0.125
   epoch 3:  36(SW) -> 29(gpu)   volume = 0.125
   epoch 3:  37(SW) ->  0(gpu)   volume = 0.125
   epoch 3:  37(SW) ->  4(gpu)   volume = 0.125
   epoch 3:  37(SW) -> 12(gpu)   volume = 0.125
   epoch 3:  37(SW) -> 14(gpu)   volume = 0.125
   epoch 3:  37(SW) -> 23(gpu)   volume = 0.125
   epoch 3:  37(SW) -> 27(gpu)   volume = 0.125
   epoch 3:  37(SW) -> 29(gpu)   volume = 0.125
   epoch 3:  38(SW) ->  0(gpu)   volume = 0.125
   epoch 3:  38(SW) ->  4(gpu)   volume = 0.125
   epoch 3:  38(SW) -> 12(gpu)   volume = 0.125
   epoch 3:  38(SW) -> 14(gpu)   volume = 0.125
   epoch 3:  38(SW) -> 23(gpu)   volume = 0.125
   epoch 3:  38(SW) -> 27(gpu)   volume = 0.125
   epoch 3:  38(SW) -> 29(gpu)   volume = 0.125
   epoch 3:  39(SW) ->  0(gpu)   volume = 0.125
   epoch 3:  39(SW) ->  4(gpu)   volume = 0.125
   epoch 3:  39(SW) -> 12(gpu)   volume = 0.125
   epoch 3:  39(SW) -> 14(gpu)   volume = 0.125
   epoch 3:  39(SW) -> 23(gpu)   volume = 0.125
   epoch 3:  39(SW) -> 27(gpu)   volume = 0.125
   epoch 3:  39(SW) -> 29(gpu)   volume = 0.125

-- source 22 --
   epoch 0:  22(gpu) -> 32(SW)   volume = 1.0
   epoch 0:  22(gpu) -> 33(SW)   volume = 1.0
   epoch 0:  22(gpu) -> 34(SW)   volume = 1.0
   epoch 0:  22(gpu) -> 35(SW)   volume = 1.0
   epoch 0:  22(gpu) -> 36(SW)   volume = 1.0
   epoch 0:  22(gpu) -> 37(SW)   volume = 1.0
   epoch 0:  22(gpu) -> 38(SW)   volume = 1.0
   epoch 0:  22(gpu) -> 39(SW)   volume = 1.0
   epoch 0:  32(SW) ->  2(gpu)   volume = 0.125
   epoch 0:  32(SW) ->  3(gpu)   volume = 0.125
   epoch 0:  32(SW) ->  4(gpu)   volume = 0.125
   epoch 0:  32(SW) -> 11(gpu)   volume = 0.125
   epoch 0:  32(SW) -> 13(gpu)   volume = 0.125
   epoch 0:  32(SW) -> 15(gpu)   volume = 0.125
   epoch 0:  32(SW) -> 23(gpu)   volume = 0.125
   epoch 0:  32(SW) -> 25(gpu)   volume = 0.125
   epoch 0:  33(SW) ->  2(gpu)   volume = 0.125
   epoch 0:  33(SW) ->  3(gpu)   volume = 0.125
   epoch 0:  33(SW) ->  4(gpu)   volume = 0.125
   epoch 0:  33(SW) -> 11(gpu)   volume = 0.125
   epoch 0:  33(SW) -> 13(gpu)   volume = 0.125
   epoch 0:  33(SW) -> 15(gpu)   volume = 0.125
   epoch 0:  33(SW) -> 23(gpu)   volume = 0.125
   epoch 0:  33(SW) -> 25(gpu)   volume = 0.125
   epoch 0:  34(SW) ->  2(gpu)   volume = 0.125
   epoch 0:  34(SW) ->  3(gpu)   volume = 0.125
   epoch 0:  34(SW) ->  4(gpu)   volume = 0.125
   epoch 0:  34(SW) -> 11(gpu)   volume = 0.125
   epoch 0:  34(SW) -> 13(gpu)   volume = 0.125
   epoch 0:  34(SW) -> 15(gpu)   volume = 0.125
   epoch 0:  34(SW) -> 23(gpu)   volume = 0.125
   epoch 0:  34(SW) -> 25(gpu)   volume = 0.125
   epoch 0:  35(SW) ->  2(gpu)   volume = 0.125
   epoch 0:  35(SW) ->  3(gpu)   volume = 0.125
   epoch 0:  35(SW) ->  4(gpu)   volume = 0.125
   epoch 0:  35(SW) -> 11(gpu)   volume = 0.125
   epoch 0:  35(SW) -> 13(gpu)   volume = 0.125
   epoch 0:  35(SW) -> 15(gpu)   volume = 0.125
   epoch 0:  35(SW) -> 23(gpu)   volume = 0.125
   epoch 0:  35(SW) -> 25(gpu)   volume = 0.125
   epoch 0:  36(SW) ->  2(gpu)   volume = 0.125
   epoch 0:  36(SW) ->  3(gpu)   volume = 0.125
   epoch 0:  36(SW) ->  4(gpu)   volume = 0.125
   epoch 0:  36(SW) -> 11(gpu)   volume = 0.125
   epoch 0:  36(SW) -> 13(gpu)   volume = 0.125
   epoch 0:  36(SW) -> 15(gpu)   volume = 0.125
   epoch 0:  36(SW) -> 23(gpu)   volume = 0.125
   epoch 0:  36(SW) -> 25(gpu)   volume = 0.125
   epoch 0:  37(SW) ->  2(gpu)   volume = 0.125
   epoch 0:  37(SW) ->  3(gpu)   volume = 0.125
   epoch 0:  37(SW) ->  4(gpu)   volume = 0.125
   epoch 0:  37(SW) -> 11(gpu)   volume = 0.125
   epoch 0:  37(SW) -> 13(gpu)   volume = 0.125
   epoch 0:  37(SW) -> 15(gpu)   volume = 0.125
   epoch 0:  37(SW) -> 23(gpu)   volume = 0.125
   epoch 0:  37(SW) -> 25(gpu)   volume = 0.125
   epoch 0:  38(SW) ->  2(gpu)   volume = 0.125
   epoch 0:  38(SW) ->  3(gpu)   volume = 0.125
   epoch 0:  38(SW) ->  4(gpu)   volume = 0.125
   epoch 0:  38(SW) -> 11(gpu)   volume = 0.125
   epoch 0:  38(SW) -> 13(gpu)   volume = 0.125
   epoch 0:  38(SW) -> 15(gpu)   volume = 0.125
   epoch 0:  38(SW) -> 23(gpu)   volume = 0.125
   epoch 0:  38(SW) -> 25(gpu)   volume = 0.125
   epoch 0:  39(SW) ->  2(gpu)   volume = 0.125
   epoch 0:  39(SW) ->  3(gpu)   volume = 0.125
   epoch 0:  39(SW) ->  4(gpu)   volume = 0.125
   epoch 0:  39(SW) -> 11(gpu)   volume = 0.125
   epoch 0:  39(SW) -> 13(gpu)   volume = 0.125
   epoch 0:  39(SW) -> 15(gpu)   volume = 0.125
   epoch 0:  39(SW) -> 23(gpu)   volume = 0.125
   epoch 0:  39(SW) -> 25(gpu)   volume = 0.125
   epoch 1:  22(gpu) -> 32(SW)   volume = 1.0
   epoch 1:  22(gpu) -> 33(SW)   volume = 1.0
   epoch 1:  22(gpu) -> 34(SW)   volume = 1.0
   epoch 1:  22(gpu) -> 35(SW)   volume = 1.0
   epoch 1:  22(gpu) -> 36(SW)   volume = 1.0
   epoch 1:  22(gpu) -> 37(SW)   volume = 1.0
   epoch 1:  22(gpu) -> 38(SW)   volume = 1.0
   epoch 1:  22(gpu) -> 39(SW)   volume = 1.0
   epoch 1:  32(SW) ->  1(gpu)   volume = 0.125
   epoch 1:  32(SW) ->  7(gpu)   volume = 0.125
   epoch 1:  32(SW) ->  8(gpu)   volume = 0.125
   epoch 1:  32(SW) -> 14(gpu)   volume = 0.125
   epoch 1:  32(SW) -> 20(gpu)   volume = 0.125
   epoch 1:  32(SW) -> 24(gpu)   volume = 0.125
   epoch 1:  32(SW) -> 27(gpu)   volume = 0.125
   epoch 1:  32(SW) -> 29(gpu)   volume = 0.125
   epoch 1:  33(SW) ->  1(gpu)   volume = 0.125
   epoch 1:  33(SW) ->  7(gpu)   volume = 0.125
   epoch 1:  33(SW) ->  8(gpu)   volume = 0.125
   epoch 1:  33(SW) -> 14(gpu)   volume = 0.125
   epoch 1:  33(SW) -> 20(gpu)   volume = 0.125
   epoch 1:  33(SW) -> 24(gpu)   volume = 0.125
   epoch 1:  33(SW) -> 27(gpu)   volume = 0.125
   epoch 1:  33(SW) -> 29(gpu)   volume = 0.125
   epoch 1:  34(SW) ->  1(gpu)   volume = 0.125
   epoch 1:  34(SW) ->  7(gpu)   volume = 0.125
   epoch 1:  34(SW) ->  8(gpu)   volume = 0.125
   epoch 1:  34(SW) -> 14(gpu)   volume = 0.125
   epoch 1:  34(SW) -> 20(gpu)   volume = 0.125
   epoch 1:  34(SW) -> 24(gpu)   volume = 0.125
   epoch 1:  34(SW) -> 27(gpu)   volume = 0.125
   epoch 1:  34(SW) -> 29(gpu)   volume = 0.125
   epoch 1:  35(SW) ->  1(gpu)   volume = 0.125
   epoch 1:  35(SW) ->  7(gpu)   volume = 0.125
   epoch 1:  35(SW) ->  8(gpu)   volume = 0.125
   epoch 1:  35(SW) -> 14(gpu)   volume = 0.125
   epoch 1:  35(SW) -> 20(gpu)   volume = 0.125
   epoch 1:  35(SW) -> 24(gpu)   volume = 0.125
   epoch 1:  35(SW) -> 27(gpu)   volume = 0.125
   epoch 1:  35(SW) -> 29(gpu)   volume = 0.125
   epoch 1:  36(SW) ->  1(gpu)   volume = 0.125
   epoch 1:  36(SW) ->  7(gpu)   volume = 0.125
   epoch 1:  36(SW) ->  8(gpu)   volume = 0.125
   epoch 1:  36(SW) -> 14(gpu)   volume = 0.125
   epoch 1:  36(SW) -> 20(gpu)   volume = 0.125
   epoch 1:  36(SW) -> 24(gpu)   volume = 0.125
   epoch 1:  36(SW) -> 27(gpu)   volume = 0.125
   epoch 1:  36(SW) -> 29(gpu)   volume = 0.125
   epoch 1:  37(SW) ->  1(gpu)   volume = 0.125
   epoch 1:  37(SW) ->  7(gpu)   volume = 0.125
   epoch 1:  37(SW) ->  8(gpu)   volume = 0.125
   epoch 1:  37(SW) -> 14(gpu)   volume = 0.125
   epoch 1:  37(SW) -> 20(gpu)   volume = 0.125
   epoch 1:  37(SW) -> 24(gpu)   volume = 0.125
   epoch 1:  37(SW) -> 27(gpu)   volume = 0.125
   epoch 1:  37(SW) -> 29(gpu)   volume = 0.125
   epoch 1:  38(SW) ->  1(gpu)   volume = 0.125
   epoch 1:  38(SW) ->  7(gpu)   volume = 0.125
   epoch 1:  38(SW) ->  8(gpu)   volume = 0.125
   epoch 1:  38(SW) -> 14(gpu)   volume = 0.125
   epoch 1:  38(SW) -> 20(gpu)   volume = 0.125
   epoch 1:  38(SW) -> 24(gpu)   volume = 0.125
   epoch 1:  38(SW) -> 27(gpu)   volume = 0.125
   epoch 1:  38(SW) -> 29(gpu)   volume = 0.125
   epoch 1:  39(SW) ->  1(gpu)   volume = 0.125
   epoch 1:  39(SW) ->  7(gpu)   volume = 0.125
   epoch 1:  39(SW) ->  8(gpu)   volume = 0.125
   epoch 1:  39(SW) -> 14(gpu)   volume = 0.125
   epoch 1:  39(SW) -> 20(gpu)   volume = 0.125
   epoch 1:  39(SW) -> 24(gpu)   volume = 0.125
   epoch 1:  39(SW) -> 27(gpu)   volume = 0.125
   epoch 1:  39(SW) -> 29(gpu)   volume = 0.125
   epoch 2:  22(gpu) -> 32(SW)   volume = 1.0
   epoch 2:  22(gpu) -> 33(SW)   volume = 1.0
   epoch 2:  22(gpu) -> 34(SW)   volume = 1.0
   epoch 2:  22(gpu) -> 35(SW)   volume = 1.0
   epoch 2:  22(gpu) -> 36(SW)   volume = 1.0
   epoch 2:  22(gpu) -> 37(SW)   volume = 1.0
   epoch 2:  22(gpu) -> 38(SW)   volume = 1.0
   epoch 2:  22(gpu) -> 39(SW)   volume = 1.0
   epoch 2:  32(SW) ->  0(gpu)   volume = 0.125
   epoch 2:  32(SW) ->  5(gpu)   volume = 0.125
   epoch 2:  32(SW) -> 12(gpu)   volume = 0.125
   epoch 2:  32(SW) -> 17(gpu)   volume = 0.125
   epoch 2:  32(SW) -> 19(gpu)   volume = 0.125
   epoch 2:  32(SW) -> 26(gpu)   volume = 0.125
   epoch 2:  32(SW) -> 28(gpu)   volume = 0.125
   epoch 2:  32(SW) -> 31(gpu)   volume = 0.125
   epoch 2:  33(SW) ->  0(gpu)   volume = 0.125
   epoch 2:  33(SW) ->  5(gpu)   volume = 0.125
   epoch 2:  33(SW) -> 12(gpu)   volume = 0.125
   epoch 2:  33(SW) -> 17(gpu)   volume = 0.125
   epoch 2:  33(SW) -> 19(gpu)   volume = 0.125
   epoch 2:  33(SW) -> 26(gpu)   volume = 0.125
   epoch 2:  33(SW) -> 28(gpu)   volume = 0.125
   epoch 2:  33(SW) -> 31(gpu)   volume = 0.125
   epoch 2:  34(SW) ->  0(gpu)   volume = 0.125
   epoch 2:  34(SW) ->  5(gpu)   volume = 0.125
   epoch 2:  34(SW) -> 12(gpu)   volume = 0.125
   epoch 2:  34(SW) -> 17(gpu)   volume = 0.125
   epoch 2:  34(SW) -> 19(gpu)   volume = 0.125
   epoch 2:  34(SW) -> 26(gpu)   volume = 0.125
   epoch 2:  34(SW) -> 28(gpu)   volume = 0.125
   epoch 2:  34(SW) -> 31(gpu)   volume = 0.125
   epoch 2:  35(SW) ->  0(gpu)   volume = 0.125
   epoch 2:  35(SW) ->  5(gpu)   volume = 0.125
   epoch 2:  35(SW) -> 12(gpu)   volume = 0.125
   epoch 2:  35(SW) -> 17(gpu)   volume = 0.125
   epoch 2:  35(SW) -> 19(gpu)   volume = 0.125
   epoch 2:  35(SW) -> 26(gpu)   volume = 0.125
   epoch 2:  35(SW) -> 28(gpu)   volume = 0.125
   epoch 2:  35(SW) -> 31(gpu)   volume = 0.125
   epoch 2:  36(SW) ->  0(gpu)   volume = 0.125
   epoch 2:  36(SW) ->  5(gpu)   volume = 0.125
   epoch 2:  36(SW) -> 12(gpu)   volume = 0.125
   epoch 2:  36(SW) -> 17(gpu)   volume = 0.125
   epoch 2:  36(SW) -> 19(gpu)   volume = 0.125
   epoch 2:  36(SW) -> 26(gpu)   volume = 0.125
   epoch 2:  36(SW) -> 28(gpu)   volume = 0.125
   epoch 2:  36(SW) -> 31(gpu)   volume = 0.125
   epoch 2:  37(SW) ->  0(gpu)   volume = 0.125
   epoch 2:  37(SW) ->  5(gpu)   volume = 0.125
   epoch 2:  37(SW) -> 12(gpu)   volume = 0.125
   epoch 2:  37(SW) -> 17(gpu)   volume = 0.125
   epoch 2:  37(SW) -> 19(gpu)   volume = 0.125
   epoch 2:  37(SW) -> 26(gpu)   volume = 0.125
   epoch 2:  37(SW) -> 28(gpu)   volume = 0.125
   epoch 2:  37(SW) -> 31(gpu)   volume = 0.125
   epoch 2:  38(SW) ->  0(gpu)   volume = 0.125
   epoch 2:  38(SW) ->  5(gpu)   volume = 0.125
   epoch 2:  38(SW) -> 12(gpu)   volume = 0.125
   epoch 2:  38(SW) -> 17(gpu)   volume = 0.125
   epoch 2:  38(SW) -> 19(gpu)   volume = 0.125
   epoch 2:  38(SW) -> 26(gpu)   volume = 0.125
   epoch 2:  38(SW) -> 28(gpu)   volume = 0.125
   epoch 2:  38(SW) -> 31(gpu)   volume = 0.125
   epoch 2:  39(SW) ->  0(gpu)   volume = 0.125
   epoch 2:  39(SW) ->  5(gpu)   volume = 0.125
   epoch 2:  39(SW) -> 12(gpu)   volume = 0.125
   epoch 2:  39(SW) -> 17(gpu)   volume = 0.125
   epoch 2:  39(SW) -> 19(gpu)   volume = 0.125
   epoch 2:  39(SW) -> 26(gpu)   volume = 0.125
   epoch 2:  39(SW) -> 28(gpu)   volume = 0.125
   epoch 2:  39(SW) -> 31(gpu)   volume = 0.125
   epoch 3:  22(gpu) -> 32(SW)   volume = 0.875
   epoch 3:  22(gpu) -> 33(SW)   volume = 0.875
   epoch 3:  22(gpu) -> 34(SW)   volume = 0.875
   epoch 3:  22(gpu) -> 35(SW)   volume = 0.875
   epoch 3:  22(gpu) -> 36(SW)   volume = 0.875
   epoch 3:  22(gpu) -> 37(SW)   volume = 0.875
   epoch 3:  22(gpu) -> 38(SW)   volume = 0.875
   epoch 3:  22(gpu) -> 39(SW)   volume = 0.875
   epoch 3:  32(SW) ->  6(gpu)   volume = 0.125
   epoch 3:  32(SW) ->  9(gpu)   volume = 0.125
   epoch 3:  32(SW) -> 10(gpu)   volume = 0.125
   epoch 3:  32(SW) -> 16(gpu)   volume = 0.125
   epoch 3:  32(SW) -> 18(gpu)   volume = 0.125
   epoch 3:  32(SW) -> 21(gpu)   volume = 0.125
   epoch 3:  32(SW) -> 30(gpu)   volume = 0.125
   epoch 3:  33(SW) ->  6(gpu)   volume = 0.125
   epoch 3:  33(SW) ->  9(gpu)   volume = 0.125
   epoch 3:  33(SW) -> 10(gpu)   volume = 0.125
   epoch 3:  33(SW) -> 16(gpu)   volume = 0.125
   epoch 3:  33(SW) -> 18(gpu)   volume = 0.125
   epoch 3:  33(SW) -> 21(gpu)   volume = 0.125
   epoch 3:  33(SW) -> 30(gpu)   volume = 0.125
   epoch 3:  34(SW) ->  6(gpu)   volume = 0.125
   epoch 3:  34(SW) ->  9(gpu)   volume = 0.125
   epoch 3:  34(SW) -> 10(gpu)   volume = 0.125
   epoch 3:  34(SW) -> 16(gpu)   volume = 0.125
   epoch 3:  34(SW) -> 18(gpu)   volume = 0.125
   epoch 3:  34(SW) -> 21(gpu)   volume = 0.125
   epoch 3:  34(SW) -> 30(gpu)   volume = 0.125
   epoch 3:  35(SW) ->  6(gpu)   volume = 0.125
   epoch 3:  35(SW) ->  9(gpu)   volume = 0.125
   epoch 3:  35(SW) -> 10(gpu)   volume = 0.125
   epoch 3:  35(SW) -> 16(gpu)   volume = 0.125
   epoch 3:  35(SW) -> 18(gpu)   volume = 0.125
   epoch 3:  35(SW) -> 21(gpu)   volume = 0.125
   epoch 3:  35(SW) -> 30(gpu)   volume = 0.125
   epoch 3:  36(SW) ->  6(gpu)   volume = 0.125
   epoch 3:  36(SW) ->  9(gpu)   volume = 0.125
   epoch 3:  36(SW) -> 10(gpu)   volume = 0.125
   epoch 3:  36(SW) -> 16(gpu)   volume = 0.125
   epoch 3:  36(SW) -> 18(gpu)   volume = 0.125
   epoch 3:  36(SW) -> 21(gpu)   volume = 0.125
   epoch 3:  36(SW) -> 30(gpu)   volume = 0.125
   epoch 3:  37(SW) ->  6(gpu)   volume = 0.125
   epoch 3:  37(SW) ->  9(gpu)   volume = 0.125
   epoch 3:  37(SW) -> 10(gpu)   volume = 0.125
   epoch 3:  37(SW) -> 16(gpu)   volume = 0.125
   epoch 3:  37(SW) -> 18(gpu)   volume = 0.125
   epoch 3:  37(SW) -> 21(gpu)   volume = 0.125
   epoch 3:  37(SW) -> 30(gpu)   volume = 0.125
   epoch 3:  38(SW) ->  6(gpu)   volume = 0.125
   epoch 3:  38(SW) ->  9(gpu)   volume = 0.125
   epoch 3:  38(SW) -> 10(gpu)   volume = 0.125
   epoch 3:  38(SW) -> 16(gpu)   volume = 0.125
   epoch 3:  38(SW) -> 18(gpu)   volume = 0.125
   epoch 3:  38(SW) -> 21(gpu)   volume = 0.125
   epoch 3:  38(SW) -> 30(gpu)   volume = 0.125
   epoch 3:  39(SW) ->  6(gpu)   volume = 0.125
   epoch 3:  39(SW) ->  9(gpu)   volume = 0.125
   epoch 3:  39(SW) -> 10(gpu)   volume = 0.125
   epoch 3:  39(SW) -> 16(gpu)   volume = 0.125
   epoch 3:  39(SW) -> 18(gpu)   volume = 0.125
   epoch 3:  39(SW) -> 21(gpu)   volume = 0.125
   epoch 3:  39(SW) -> 30(gpu)   volume = 0.125

-- source 23 --
   epoch 0:  23(gpu) -> 32(SW)   volume = 1.0
   epoch 0:  23(gpu) -> 33(SW)   volume = 1.0
   epoch 0:  23(gpu) -> 34(SW)   volume = 1.0
   epoch 0:  23(gpu) -> 35(SW)   volume = 1.0
   epoch 0:  23(gpu) -> 36(SW)   volume = 1.0
   epoch 0:  23(gpu) -> 37(SW)   volume = 1.0
   epoch 0:  23(gpu) -> 38(SW)   volume = 1.0
   epoch 0:  23(gpu) -> 39(SW)   volume = 1.0
   epoch 0:  32(SW) ->  1(gpu)   volume = 0.125
   epoch 0:  32(SW) ->  9(gpu)   volume = 0.125
   epoch 0:  32(SW) -> 12(gpu)   volume = 0.125
   epoch 0:  32(SW) -> 15(gpu)   volume = 0.125
   epoch 0:  32(SW) -> 17(gpu)   volume = 0.125
   epoch 0:  32(SW) -> 20(gpu)   volume = 0.125
   epoch 0:  32(SW) -> 26(gpu)   volume = 0.125
   epoch 0:  32(SW) -> 30(gpu)   volume = 0.125
   epoch 0:  33(SW) ->  1(gpu)   volume = 0.125
   epoch 0:  33(SW) ->  9(gpu)   volume = 0.125
   epoch 0:  33(SW) -> 12(gpu)   volume = 0.125
   epoch 0:  33(SW) -> 15(gpu)   volume = 0.125
   epoch 0:  33(SW) -> 17(gpu)   volume = 0.125
   epoch 0:  33(SW) -> 20(gpu)   volume = 0.125
   epoch 0:  33(SW) -> 26(gpu)   volume = 0.125
   epoch 0:  33(SW) -> 30(gpu)   volume = 0.125
   epoch 0:  34(SW) ->  1(gpu)   volume = 0.125
   epoch 0:  34(SW) ->  9(gpu)   volume = 0.125
   epoch 0:  34(SW) -> 12(gpu)   volume = 0.125
   epoch 0:  34(SW) -> 15(gpu)   volume = 0.125
   epoch 0:  34(SW) -> 17(gpu)   volume = 0.125
   epoch 0:  34(SW) -> 20(gpu)   volume = 0.125
   epoch 0:  34(SW) -> 26(gpu)   volume = 0.125
   epoch 0:  34(SW) -> 30(gpu)   volume = 0.125
   epoch 0:  35(SW) ->  1(gpu)   volume = 0.125
   epoch 0:  35(SW) ->  9(gpu)   volume = 0.125
   epoch 0:  35(SW) -> 12(gpu)   volume = 0.125
   epoch 0:  35(SW) -> 15(gpu)   volume = 0.125
   epoch 0:  35(SW) -> 17(gpu)   volume = 0.125
   epoch 0:  35(SW) -> 20(gpu)   volume = 0.125
   epoch 0:  35(SW) -> 26(gpu)   volume = 0.125
   epoch 0:  35(SW) -> 30(gpu)   volume = 0.125
   epoch 0:  36(SW) ->  1(gpu)   volume = 0.125
   epoch 0:  36(SW) ->  9(gpu)   volume = 0.125
   epoch 0:  36(SW) -> 12(gpu)   volume = 0.125
   epoch 0:  36(SW) -> 15(gpu)   volume = 0.125
   epoch 0:  36(SW) -> 17(gpu)   volume = 0.125
   epoch 0:  36(SW) -> 20(gpu)   volume = 0.125
   epoch 0:  36(SW) -> 26(gpu)   volume = 0.125
   epoch 0:  36(SW) -> 30(gpu)   volume = 0.125
   epoch 0:  37(SW) ->  1(gpu)   volume = 0.125
   epoch 0:  37(SW) ->  9(gpu)   volume = 0.125
   epoch 0:  37(SW) -> 12(gpu)   volume = 0.125
   epoch 0:  37(SW) -> 15(gpu)   volume = 0.125
   epoch 0:  37(SW) -> 17(gpu)   volume = 0.125
   epoch 0:  37(SW) -> 20(gpu)   volume = 0.125
   epoch 0:  37(SW) -> 26(gpu)   volume = 0.125
   epoch 0:  37(SW) -> 30(gpu)   volume = 0.125
   epoch 0:  38(SW) ->  1(gpu)   volume = 0.125
   epoch 0:  38(SW) ->  9(gpu)   volume = 0.125
   epoch 0:  38(SW) -> 12(gpu)   volume = 0.125
   epoch 0:  38(SW) -> 15(gpu)   volume = 0.125
   epoch 0:  38(SW) -> 17(gpu)   volume = 0.125
   epoch 0:  38(SW) -> 20(gpu)   volume = 0.125
   epoch 0:  38(SW) -> 26(gpu)   volume = 0.125
   epoch 0:  38(SW) -> 30(gpu)   volume = 0.125
   epoch 0:  39(SW) ->  1(gpu)   volume = 0.125
   epoch 0:  39(SW) ->  9(gpu)   volume = 0.125
   epoch 0:  39(SW) -> 12(gpu)   volume = 0.125
   epoch 0:  39(SW) -> 15(gpu)   volume = 0.125
   epoch 0:  39(SW) -> 17(gpu)   volume = 0.125
   epoch 0:  39(SW) -> 20(gpu)   volume = 0.125
   epoch 0:  39(SW) -> 26(gpu)   volume = 0.125
   epoch 0:  39(SW) -> 30(gpu)   volume = 0.125
   epoch 1:  23(gpu) -> 32(SW)   volume = 1.0
   epoch 1:  23(gpu) -> 33(SW)   volume = 1.0
   epoch 1:  23(gpu) -> 34(SW)   volume = 1.0
   epoch 1:  23(gpu) -> 35(SW)   volume = 1.0
   epoch 1:  23(gpu) -> 36(SW)   volume = 1.0
   epoch 1:  23(gpu) -> 37(SW)   volume = 1.0
   epoch 1:  23(gpu) -> 38(SW)   volume = 1.0
   epoch 1:  23(gpu) -> 39(SW)   volume = 1.0
   epoch 1:  32(SW) ->  0(gpu)   volume = 0.125
   epoch 1:  32(SW) ->  3(gpu)   volume = 0.125
   epoch 1:  32(SW) ->  6(gpu)   volume = 0.125
   epoch 1:  32(SW) -> 11(gpu)   volume = 0.125
   epoch 1:  32(SW) -> 13(gpu)   volume = 0.125
   epoch 1:  32(SW) -> 18(gpu)   volume = 0.125
   epoch 1:  32(SW) -> 22(gpu)   volume = 0.125
   epoch 1:  32(SW) -> 25(gpu)   volume = 0.125
   epoch 1:  33(SW) ->  0(gpu)   volume = 0.125
   epoch 1:  33(SW) ->  3(gpu)   volume = 0.125
   epoch 1:  33(SW) ->  6(gpu)   volume = 0.125
   epoch 1:  33(SW) -> 11(gpu)   volume = 0.125
   epoch 1:  33(SW) -> 13(gpu)   volume = 0.125
   epoch 1:  33(SW) -> 18(gpu)   volume = 0.125
   epoch 1:  33(SW) -> 22(gpu)   volume = 0.125
   epoch 1:  33(SW) -> 25(gpu)   volume = 0.125
   epoch 1:  34(SW) ->  0(gpu)   volume = 0.125
   epoch 1:  34(SW) ->  3(gpu)   volume = 0.125
   epoch 1:  34(SW) ->  6(gpu)   volume = 0.125
   epoch 1:  34(SW) -> 11(gpu)   volume = 0.125
   epoch 1:  34(SW) -> 13(gpu)   volume = 0.125
   epoch 1:  34(SW) -> 18(gpu)   volume = 0.125
   epoch 1:  34(SW) -> 22(gpu)   volume = 0.125
   epoch 1:  34(SW) -> 25(gpu)   volume = 0.125
   epoch 1:  35(SW) ->  0(gpu)   volume = 0.125
   epoch 1:  35(SW) ->  3(gpu)   volume = 0.125
   epoch 1:  35(SW) ->  6(gpu)   volume = 0.125
   epoch 1:  35(SW) -> 11(gpu)   volume = 0.125
   epoch 1:  35(SW) -> 13(gpu)   volume = 0.125
   epoch 1:  35(SW) -> 18(gpu)   volume = 0.125
   epoch 1:  35(SW) -> 22(gpu)   volume = 0.125
   epoch 1:  35(SW) -> 25(gpu)   volume = 0.125
   epoch 1:  36(SW) ->  0(gpu)   volume = 0.125
   epoch 1:  36(SW) ->  3(gpu)   volume = 0.125
   epoch 1:  36(SW) ->  6(gpu)   volume = 0.125
   epoch 1:  36(SW) -> 11(gpu)   volume = 0.125
   epoch 1:  36(SW) -> 13(gpu)   volume = 0.125
   epoch 1:  36(SW) -> 18(gpu)   volume = 0.125
   epoch 1:  36(SW) -> 22(gpu)   volume = 0.125
   epoch 1:  36(SW) -> 25(gpu)   volume = 0.125
   epoch 1:  37(SW) ->  0(gpu)   volume = 0.125
   epoch 1:  37(SW) ->  3(gpu)   volume = 0.125
   epoch 1:  37(SW) ->  6(gpu)   volume = 0.125
   epoch 1:  37(SW) -> 11(gpu)   volume = 0.125
   epoch 1:  37(SW) -> 13(gpu)   volume = 0.125
   epoch 1:  37(SW) -> 18(gpu)   volume = 0.125
   epoch 1:  37(SW) -> 22(gpu)   volume = 0.125
   epoch 1:  37(SW) -> 25(gpu)   volume = 0.125
   epoch 1:  38(SW) ->  0(gpu)   volume = 0.125
   epoch 1:  38(SW) ->  3(gpu)   volume = 0.125
   epoch 1:  38(SW) ->  6(gpu)   volume = 0.125
   epoch 1:  38(SW) -> 11(gpu)   volume = 0.125
   epoch 1:  38(SW) -> 13(gpu)   volume = 0.125
   epoch 1:  38(SW) -> 18(gpu)   volume = 0.125
   epoch 1:  38(SW) -> 22(gpu)   volume = 0.125
   epoch 1:  38(SW) -> 25(gpu)   volume = 0.125
   epoch 1:  39(SW) ->  0(gpu)   volume = 0.125
   epoch 1:  39(SW) ->  3(gpu)   volume = 0.125
   epoch 1:  39(SW) ->  6(gpu)   volume = 0.125
   epoch 1:  39(SW) -> 11(gpu)   volume = 0.125
   epoch 1:  39(SW) -> 13(gpu)   volume = 0.125
   epoch 1:  39(SW) -> 18(gpu)   volume = 0.125
   epoch 1:  39(SW) -> 22(gpu)   volume = 0.125
   epoch 1:  39(SW) -> 25(gpu)   volume = 0.125
   epoch 2:  23(gpu) -> 32(SW)   volume = 1.0
   epoch 2:  23(gpu) -> 33(SW)   volume = 1.0
   epoch 2:  23(gpu) -> 34(SW)   volume = 1.0
   epoch 2:  23(gpu) -> 35(SW)   volume = 1.0
   epoch 2:  23(gpu) -> 36(SW)   volume = 1.0
   epoch 2:  23(gpu) -> 37(SW)   volume = 1.0
   epoch 2:  23(gpu) -> 38(SW)   volume = 1.0
   epoch 2:  23(gpu) -> 39(SW)   volume = 1.0
   epoch 2:  32(SW) ->  5(gpu)   volume = 0.125
   epoch 2:  32(SW) -> 10(gpu)   volume = 0.125
   epoch 2:  32(SW) -> 14(gpu)   volume = 0.125
   epoch 2:  32(SW) -> 21(gpu)   volume = 0.125
   epoch 2:  32(SW) -> 24(gpu)   volume = 0.125
   epoch 2:  32(SW) -> 28(gpu)   volume = 0.125
   epoch 2:  32(SW) -> 29(gpu)   volume = 0.125
   epoch 2:  32(SW) -> 31(gpu)   volume = 0.125
   epoch 2:  33(SW) ->  5(gpu)   volume = 0.125
   epoch 2:  33(SW) -> 10(gpu)   volume = 0.125
   epoch 2:  33(SW) -> 14(gpu)   volume = 0.125
   epoch 2:  33(SW) -> 21(gpu)   volume = 0.125
   epoch 2:  33(SW) -> 24(gpu)   volume = 0.125
   epoch 2:  33(SW) -> 28(gpu)   volume = 0.125
   epoch 2:  33(SW) -> 29(gpu)   volume = 0.125
   epoch 2:  33(SW) -> 31(gpu)   volume = 0.125
   epoch 2:  34(SW) ->  5(gpu)   volume = 0.125
   epoch 2:  34(SW) -> 10(gpu)   volume = 0.125
   epoch 2:  34(SW) -> 14(gpu)   volume = 0.125
   epoch 2:  34(SW) -> 21(gpu)   volume = 0.125
   epoch 2:  34(SW) -> 24(gpu)   volume = 0.125
   epoch 2:  34(SW) -> 28(gpu)   volume = 0.125
   epoch 2:  34(SW) -> 29(gpu)   volume = 0.125
   epoch 2:  34(SW) -> 31(gpu)   volume = 0.125
   epoch 2:  35(SW) ->  5(gpu)   volume = 0.125
   epoch 2:  35(SW) -> 10(gpu)   volume = 0.125
   epoch 2:  35(SW) -> 14(gpu)   volume = 0.125
   epoch 2:  35(SW) -> 21(gpu)   volume = 0.125
   epoch 2:  35(SW) -> 24(gpu)   volume = 0.125
   epoch 2:  35(SW) -> 28(gpu)   volume = 0.125
   epoch 2:  35(SW) -> 29(gpu)   volume = 0.125
   epoch 2:  35(SW) -> 31(gpu)   volume = 0.125
   epoch 2:  36(SW) ->  5(gpu)   volume = 0.125
   epoch 2:  36(SW) -> 10(gpu)   volume = 0.125
   epoch 2:  36(SW) -> 14(gpu)   volume = 0.125
   epoch 2:  36(SW) -> 21(gpu)   volume = 0.125
   epoch 2:  36(SW) -> 24(gpu)   volume = 0.125
   epoch 2:  36(SW) -> 28(gpu)   volume = 0.125
   epoch 2:  36(SW) -> 29(gpu)   volume = 0.125
   epoch 2:  36(SW) -> 31(gpu)   volume = 0.125
   epoch 2:  37(SW) ->  5(gpu)   volume = 0.125
   epoch 2:  37(SW) -> 10(gpu)   volume = 0.125
   epoch 2:  37(SW) -> 14(gpu)   volume = 0.125
   epoch 2:  37(SW) -> 21(gpu)   volume = 0.125
   epoch 2:  37(SW) -> 24(gpu)   volume = 0.125
   epoch 2:  37(SW) -> 28(gpu)   volume = 0.125
   epoch 2:  37(SW) -> 29(gpu)   volume = 0.125
   epoch 2:  37(SW) -> 31(gpu)   volume = 0.125
   epoch 2:  38(SW) ->  5(gpu)   volume = 0.125
   epoch 2:  38(SW) -> 10(gpu)   volume = 0.125
   epoch 2:  38(SW) -> 14(gpu)   volume = 0.125
   epoch 2:  38(SW) -> 21(gpu)   volume = 0.125
   epoch 2:  38(SW) -> 24(gpu)   volume = 0.125
   epoch 2:  38(SW) -> 28(gpu)   volume = 0.125
   epoch 2:  38(SW) -> 29(gpu)   volume = 0.125
   epoch 2:  38(SW) -> 31(gpu)   volume = 0.125
   epoch 2:  39(SW) ->  5(gpu)   volume = 0.125
   epoch 2:  39(SW) -> 10(gpu)   volume = 0.125
   epoch 2:  39(SW) -> 14(gpu)   volume = 0.125
   epoch 2:  39(SW) -> 21(gpu)   volume = 0.125
   epoch 2:  39(SW) -> 24(gpu)   volume = 0.125
   epoch 2:  39(SW) -> 28(gpu)   volume = 0.125
   epoch 2:  39(SW) -> 29(gpu)   volume = 0.125
   epoch 2:  39(SW) -> 31(gpu)   volume = 0.125
   epoch 3:  23(gpu) -> 32(SW)   volume = 0.875
   epoch 3:  23(gpu) -> 33(SW)   volume = 0.875
   epoch 3:  23(gpu) -> 34(SW)   volume = 0.875
   epoch 3:  23(gpu) -> 35(SW)   volume = 0.875
   epoch 3:  23(gpu) -> 36(SW)   volume = 0.875
   epoch 3:  23(gpu) -> 37(SW)   volume = 0.875
   epoch 3:  23(gpu) -> 38(SW)   volume = 0.875
   epoch 3:  23(gpu) -> 39(SW)   volume = 0.875
   epoch 3:  32(SW) ->  2(gpu)   volume = 0.125
   epoch 3:  32(SW) ->  4(gpu)   volume = 0.125
   epoch 3:  32(SW) ->  7(gpu)   volume = 0.125
   epoch 3:  32(SW) ->  8(gpu)   volume = 0.125
   epoch 3:  32(SW) -> 16(gpu)   volume = 0.125
   epoch 3:  32(SW) -> 19(gpu)   volume = 0.125
   epoch 3:  32(SW) -> 27(gpu)   volume = 0.125
   epoch 3:  33(SW) ->  2(gpu)   volume = 0.125
   epoch 3:  33(SW) ->  4(gpu)   volume = 0.125
   epoch 3:  33(SW) ->  7(gpu)   volume = 0.125
   epoch 3:  33(SW) ->  8(gpu)   volume = 0.125
   epoch 3:  33(SW) -> 16(gpu)   volume = 0.125
   epoch 3:  33(SW) -> 19(gpu)   volume = 0.125
   epoch 3:  33(SW) -> 27(gpu)   volume = 0.125
   epoch 3:  34(SW) ->  2(gpu)   volume = 0.125
   epoch 3:  34(SW) ->  4(gpu)   volume = 0.125
   epoch 3:  34(SW) ->  7(gpu)   volume = 0.125
   epoch 3:  34(SW) ->  8(gpu)   volume = 0.125
   epoch 3:  34(SW) -> 16(gpu)   volume = 0.125
   epoch 3:  34(SW) -> 19(gpu)   volume = 0.125
   epoch 3:  34(SW) -> 27(gpu)   volume = 0.125
   epoch 3:  35(SW) ->  2(gpu)   volume = 0.125
   epoch 3:  35(SW) ->  4(gpu)   volume = 0.125
   epoch 3:  35(SW) ->  7(gpu)   volume = 0.125
   epoch 3:  35(SW) ->  8(gpu)   volume = 0.125
   epoch 3:  35(SW) -> 16(gpu)   volume = 0.125
   epoch 3:  35(SW) -> 19(gpu)   volume = 0.125
   epoch 3:  35(SW) -> 27(gpu)   volume = 0.125
   epoch 3:  36(SW) ->  2(gpu)   volume = 0.125
   epoch 3:  36(SW) ->  4(gpu)   volume = 0.125
   epoch 3:  36(SW) ->  7(gpu)   volume = 0.125
   epoch 3:  36(SW) ->  8(gpu)   volume = 0.125
   epoch 3:  36(SW) -> 16(gpu)   volume = 0.125
   epoch 3:  36(SW) -> 19(gpu)   volume = 0.125
   epoch 3:  36(SW) -> 27(gpu)   volume = 0.125
   epoch 3:  37(SW) ->  2(gpu)   volume = 0.125
   epoch 3:  37(SW) ->  4(gpu)   volume = 0.125
   epoch 3:  37(SW) ->  7(gpu)   volume = 0.125
   epoch 3:  37(SW) ->  8(gpu)   volume = 0.125
   epoch 3:  37(SW) -> 16(gpu)   volume = 0.125
   epoch 3:  37(SW) -> 19(gpu)   volume = 0.125
   epoch 3:  37(SW) -> 27(gpu)   volume = 0.125
   epoch 3:  38(SW) ->  2(gpu)   volume = 0.125
   epoch 3:  38(SW) ->  4(gpu)   volume = 0.125
   epoch 3:  38(SW) ->  7(gpu)   volume = 0.125
   epoch 3:  38(SW) ->  8(gpu)   volume = 0.125
   epoch 3:  38(SW) -> 16(gpu)   volume = 0.125
   epoch 3:  38(SW) -> 19(gpu)   volume = 0.125
   epoch 3:  38(SW) -> 27(gpu)   volume = 0.125
   epoch 3:  39(SW) ->  2(gpu)   volume = 0.125
   epoch 3:  39(SW) ->  4(gpu)   volume = 0.125
   epoch 3:  39(SW) ->  7(gpu)   volume = 0.125
   epoch 3:  39(SW) ->  8(gpu)   volume = 0.125
   epoch 3:  39(SW) -> 16(gpu)   volume = 0.125
   epoch 3:  39(SW) -> 19(gpu)   volume = 0.125
   epoch 3:  39(SW) -> 27(gpu)   volume = 0.125

-- source 24 --
   epoch 0:  24(gpu) -> 32(SW)   volume = 1.0
   epoch 0:  24(gpu) -> 33(SW)   volume = 1.0
   epoch 0:  24(gpu) -> 34(SW)   volume = 1.0
   epoch 0:  24(gpu) -> 35(SW)   volume = 1.0
   epoch 0:  24(gpu) -> 36(SW)   volume = 1.0
   epoch 0:  24(gpu) -> 37(SW)   volume = 1.0
   epoch 0:  24(gpu) -> 38(SW)   volume = 1.0
   epoch 0:  24(gpu) -> 39(SW)   volume = 1.0
   epoch 0:  32(SW) ->  3(gpu)   volume = 0.125
   epoch 0:  32(SW) ->  4(gpu)   volume = 0.125
   epoch 0:  32(SW) ->  7(gpu)   volume = 0.125
   epoch 0:  32(SW) -> 14(gpu)   volume = 0.125
   epoch 0:  32(SW) -> 16(gpu)   volume = 0.125
   epoch 0:  32(SW) -> 19(gpu)   volume = 0.125
   epoch 0:  32(SW) -> 25(gpu)   volume = 0.125
   epoch 0:  32(SW) -> 30(gpu)   volume = 0.125
   epoch 0:  33(SW) ->  3(gpu)   volume = 0.125
   epoch 0:  33(SW) ->  4(gpu)   volume = 0.125
   epoch 0:  33(SW) ->  7(gpu)   volume = 0.125
   epoch 0:  33(SW) -> 14(gpu)   volume = 0.125
   epoch 0:  33(SW) -> 16(gpu)   volume = 0.125
   epoch 0:  33(SW) -> 19(gpu)   volume = 0.125
   epoch 0:  33(SW) -> 25(gpu)   volume = 0.125
   epoch 0:  33(SW) -> 30(gpu)   volume = 0.125
   epoch 0:  34(SW) ->  3(gpu)   volume = 0.125
   epoch 0:  34(SW) ->  4(gpu)   volume = 0.125
   epoch 0:  34(SW) ->  7(gpu)   volume = 0.125
   epoch 0:  34(SW) -> 14(gpu)   volume = 0.125
   epoch 0:  34(SW) -> 16(gpu)   volume = 0.125
   epoch 0:  34(SW) -> 19(gpu)   volume = 0.125
   epoch 0:  34(SW) -> 25(gpu)   volume = 0.125
   epoch 0:  34(SW) -> 30(gpu)   volume = 0.125
   epoch 0:  35(SW) ->  3(gpu)   volume = 0.125
   epoch 0:  35(SW) ->  4(gpu)   volume = 0.125
   epoch 0:  35(SW) ->  7(gpu)   volume = 0.125
   epoch 0:  35(SW) -> 14(gpu)   volume = 0.125
   epoch 0:  35(SW) -> 16(gpu)   volume = 0.125
   epoch 0:  35(SW) -> 19(gpu)   volume = 0.125
   epoch 0:  35(SW) -> 25(gpu)   volume = 0.125
   epoch 0:  35(SW) -> 30(gpu)   volume = 0.125
   epoch 0:  36(SW) ->  3(gpu)   volume = 0.125
   epoch 0:  36(SW) ->  4(gpu)   volume = 0.125
   epoch 0:  36(SW) ->  7(gpu)   volume = 0.125
   epoch 0:  36(SW) -> 14(gpu)   volume = 0.125
   epoch 0:  36(SW) -> 16(gpu)   volume = 0.125
   epoch 0:  36(SW) -> 19(gpu)   volume = 0.125
   epoch 0:  36(SW) -> 25(gpu)   volume = 0.125
   epoch 0:  36(SW) -> 30(gpu)   volume = 0.125
   epoch 0:  37(SW) ->  3(gpu)   volume = 0.125
   epoch 0:  37(SW) ->  4(gpu)   volume = 0.125
   epoch 0:  37(SW) ->  7(gpu)   volume = 0.125
   epoch 0:  37(SW) -> 14(gpu)   volume = 0.125
   epoch 0:  37(SW) -> 16(gpu)   volume = 0.125
   epoch 0:  37(SW) -> 19(gpu)   volume = 0.125
   epoch 0:  37(SW) -> 25(gpu)   volume = 0.125
   epoch 0:  37(SW) -> 30(gpu)   volume = 0.125
   epoch 0:  38(SW) ->  3(gpu)   volume = 0.125
   epoch 0:  38(SW) ->  4(gpu)   volume = 0.125
   epoch 0:  38(SW) ->  7(gpu)   volume = 0.125
   epoch 0:  38(SW) -> 14(gpu)   volume = 0.125
   epoch 0:  38(SW) -> 16(gpu)   volume = 0.125
   epoch 0:  38(SW) -> 19(gpu)   volume = 0.125
   epoch 0:  38(SW) -> 25(gpu)   volume = 0.125
   epoch 0:  38(SW) -> 30(gpu)   volume = 0.125
   epoch 0:  39(SW) ->  3(gpu)   volume = 0.125
   epoch 0:  39(SW) ->  4(gpu)   volume = 0.125
   epoch 0:  39(SW) ->  7(gpu)   volume = 0.125
   epoch 0:  39(SW) -> 14(gpu)   volume = 0.125
   epoch 0:  39(SW) -> 16(gpu)   volume = 0.125
   epoch 0:  39(SW) -> 19(gpu)   volume = 0.125
   epoch 0:  39(SW) -> 25(gpu)   volume = 0.125
   epoch 0:  39(SW) -> 30(gpu)   volume = 0.125
   epoch 1:  24(gpu) -> 32(SW)   volume = 1.0
   epoch 1:  24(gpu) -> 33(SW)   volume = 1.0
   epoch 1:  24(gpu) -> 34(SW)   volume = 1.0
   epoch 1:  24(gpu) -> 35(SW)   volume = 1.0
   epoch 1:  24(gpu) -> 36(SW)   volume = 1.0
   epoch 1:  24(gpu) -> 37(SW)   volume = 1.0
   epoch 1:  24(gpu) -> 38(SW)   volume = 1.0
   epoch 1:  24(gpu) -> 39(SW)   volume = 1.0
   epoch 1:  32(SW) ->  1(gpu)   volume = 0.125
   epoch 1:  32(SW) ->  5(gpu)   volume = 0.125
   epoch 1:  32(SW) -> 10(gpu)   volume = 0.125
   epoch 1:  32(SW) -> 15(gpu)   volume = 0.125
   epoch 1:  32(SW) -> 20(gpu)   volume = 0.125
   epoch 1:  32(SW) -> 23(gpu)   volume = 0.125
   epoch 1:  32(SW) -> 26(gpu)   volume = 0.125
   epoch 1:  32(SW) -> 29(gpu)   volume = 0.125
   epoch 1:  33(SW) ->  1(gpu)   volume = 0.125
   epoch 1:  33(SW) ->  5(gpu)   volume = 0.125
   epoch 1:  33(SW) -> 10(gpu)   volume = 0.125
   epoch 1:  33(SW) -> 15(gpu)   volume = 0.125
   epoch 1:  33(SW) -> 20(gpu)   volume = 0.125
   epoch 1:  33(SW) -> 23(gpu)   volume = 0.125
   epoch 1:  33(SW) -> 26(gpu)   volume = 0.125
   epoch 1:  33(SW) -> 29(gpu)   volume = 0.125
   epoch 1:  34(SW) ->  1(gpu)   volume = 0.125
   epoch 1:  34(SW) ->  5(gpu)   volume = 0.125
   epoch 1:  34(SW) -> 10(gpu)   volume = 0.125
   epoch 1:  34(SW) -> 15(gpu)   volume = 0.125
   epoch 1:  34(SW) -> 20(gpu)   volume = 0.125
   epoch 1:  34(SW) -> 23(gpu)   volume = 0.125
   epoch 1:  34(SW) -> 26(gpu)   volume = 0.125
   epoch 1:  34(SW) -> 29(gpu)   volume = 0.125
   epoch 1:  35(SW) ->  1(gpu)   volume = 0.125
   epoch 1:  35(SW) ->  5(gpu)   volume = 0.125
   epoch 1:  35(SW) -> 10(gpu)   volume = 0.125
   epoch 1:  35(SW) -> 15(gpu)   volume = 0.125
   epoch 1:  35(SW) -> 20(gpu)   volume = 0.125
   epoch 1:  35(SW) -> 23(gpu)   volume = 0.125
   epoch 1:  35(SW) -> 26(gpu)   volume = 0.125
   epoch 1:  35(SW) -> 29(gpu)   volume = 0.125
   epoch 1:  36(SW) ->  1(gpu)   volume = 0.125
   epoch 1:  36(SW) ->  5(gpu)   volume = 0.125
   epoch 1:  36(SW) -> 10(gpu)   volume = 0.125
   epoch 1:  36(SW) -> 15(gpu)   volume = 0.125
   epoch 1:  36(SW) -> 20(gpu)   volume = 0.125
   epoch 1:  36(SW) -> 23(gpu)   volume = 0.125
   epoch 1:  36(SW) -> 26(gpu)   volume = 0.125
   epoch 1:  36(SW) -> 29(gpu)   volume = 0.125
   epoch 1:  37(SW) ->  1(gpu)   volume = 0.125
   epoch 1:  37(SW) ->  5(gpu)   volume = 0.125
   epoch 1:  37(SW) -> 10(gpu)   volume = 0.125
   epoch 1:  37(SW) -> 15(gpu)   volume = 0.125
   epoch 1:  37(SW) -> 20(gpu)   volume = 0.125
   epoch 1:  37(SW) -> 23(gpu)   volume = 0.125
   epoch 1:  37(SW) -> 26(gpu)   volume = 0.125
   epoch 1:  37(SW) -> 29(gpu)   volume = 0.125
   epoch 1:  38(SW) ->  1(gpu)   volume = 0.125
   epoch 1:  38(SW) ->  5(gpu)   volume = 0.125
   epoch 1:  38(SW) -> 10(gpu)   volume = 0.125
   epoch 1:  38(SW) -> 15(gpu)   volume = 0.125
   epoch 1:  38(SW) -> 20(gpu)   volume = 0.125
   epoch 1:  38(SW) -> 23(gpu)   volume = 0.125
   epoch 1:  38(SW) -> 26(gpu)   volume = 0.125
   epoch 1:  38(SW) -> 29(gpu)   volume = 0.125
   epoch 1:  39(SW) ->  1(gpu)   volume = 0.125
   epoch 1:  39(SW) ->  5(gpu)   volume = 0.125
   epoch 1:  39(SW) -> 10(gpu)   volume = 0.125
   epoch 1:  39(SW) -> 15(gpu)   volume = 0.125
   epoch 1:  39(SW) -> 20(gpu)   volume = 0.125
   epoch 1:  39(SW) -> 23(gpu)   volume = 0.125
   epoch 1:  39(SW) -> 26(gpu)   volume = 0.125
   epoch 1:  39(SW) -> 29(gpu)   volume = 0.125
   epoch 2:  24(gpu) -> 32(SW)   volume = 1.0
   epoch 2:  24(gpu) -> 33(SW)   volume = 1.0
   epoch 2:  24(gpu) -> 34(SW)   volume = 1.0
   epoch 2:  24(gpu) -> 35(SW)   volume = 1.0
   epoch 2:  24(gpu) -> 36(SW)   volume = 1.0
   epoch 2:  24(gpu) -> 37(SW)   volume = 1.0
   epoch 2:  24(gpu) -> 38(SW)   volume = 1.0
   epoch 2:  24(gpu) -> 39(SW)   volume = 1.0
   epoch 2:  32(SW) ->  0(gpu)   volume = 0.125
   epoch 2:  32(SW) ->  9(gpu)   volume = 0.125
   epoch 2:  32(SW) -> 12(gpu)   volume = 0.125
   epoch 2:  32(SW) -> 18(gpu)   volume = 0.125
   epoch 2:  32(SW) -> 22(gpu)   volume = 0.125
   epoch 2:  32(SW) -> 27(gpu)   volume = 0.125
   epoch 2:  32(SW) -> 28(gpu)   volume = 0.125
   epoch 2:  32(SW) -> 31(gpu)   volume = 0.125
   epoch 2:  33(SW) ->  0(gpu)   volume = 0.125
   epoch 2:  33(SW) ->  9(gpu)   volume = 0.125
   epoch 2:  33(SW) -> 12(gpu)   volume = 0.125
   epoch 2:  33(SW) -> 18(gpu)   volume = 0.125
   epoch 2:  33(SW) -> 22(gpu)   volume = 0.125
   epoch 2:  33(SW) -> 27(gpu)   volume = 0.125
   epoch 2:  33(SW) -> 28(gpu)   volume = 0.125
   epoch 2:  33(SW) -> 31(gpu)   volume = 0.125
   epoch 2:  34(SW) ->  0(gpu)   volume = 0.125
   epoch 2:  34(SW) ->  9(gpu)   volume = 0.125
   epoch 2:  34(SW) -> 12(gpu)   volume = 0.125
   epoch 2:  34(SW) -> 18(gpu)   volume = 0.125
   epoch 2:  34(SW) -> 22(gpu)   volume = 0.125
   epoch 2:  34(SW) -> 27(gpu)   volume = 0.125
   epoch 2:  34(SW) -> 28(gpu)   volume = 0.125
   epoch 2:  34(SW) -> 31(gpu)   volume = 0.125
   epoch 2:  35(SW) ->  0(gpu)   volume = 0.125
   epoch 2:  35(SW) ->  9(gpu)   volume = 0.125
   epoch 2:  35(SW) -> 12(gpu)   volume = 0.125
   epoch 2:  35(SW) -> 18(gpu)   volume = 0.125
   epoch 2:  35(SW) -> 22(gpu)   volume = 0.125
   epoch 2:  35(SW) -> 27(gpu)   volume = 0.125
   epoch 2:  35(SW) -> 28(gpu)   volume = 0.125
   epoch 2:  35(SW) -> 31(gpu)   volume = 0.125
   epoch 2:  36(SW) ->  0(gpu)   volume = 0.125
   epoch 2:  36(SW) ->  9(gpu)   volume = 0.125
   epoch 2:  36(SW) -> 12(gpu)   volume = 0.125
   epoch 2:  36(SW) -> 18(gpu)   volume = 0.125
   epoch 2:  36(SW) -> 22(gpu)   volume = 0.125
   epoch 2:  36(SW) -> 27(gpu)   volume = 0.125
   epoch 2:  36(SW) -> 28(gpu)   volume = 0.125
   epoch 2:  36(SW) -> 31(gpu)   volume = 0.125
   epoch 2:  37(SW) ->  0(gpu)   volume = 0.125
   epoch 2:  37(SW) ->  9(gpu)   volume = 0.125
   epoch 2:  37(SW) -> 12(gpu)   volume = 0.125
   epoch 2:  37(SW) -> 18(gpu)   volume = 0.125
   epoch 2:  37(SW) -> 22(gpu)   volume = 0.125
   epoch 2:  37(SW) -> 27(gpu)   volume = 0.125
   epoch 2:  37(SW) -> 28(gpu)   volume = 0.125
   epoch 2:  37(SW) -> 31(gpu)   volume = 0.125
   epoch 2:  38(SW) ->  0(gpu)   volume = 0.125
   epoch 2:  38(SW) ->  9(gpu)   volume = 0.125
   epoch 2:  38(SW) -> 12(gpu)   volume = 0.125
   epoch 2:  38(SW) -> 18(gpu)   volume = 0.125
   epoch 2:  38(SW) -> 22(gpu)   volume = 0.125
   epoch 2:  38(SW) -> 27(gpu)   volume = 0.125
   epoch 2:  38(SW) -> 28(gpu)   volume = 0.125
   epoch 2:  38(SW) -> 31(gpu)   volume = 0.125
   epoch 2:  39(SW) ->  0(gpu)   volume = 0.125
   epoch 2:  39(SW) ->  9(gpu)   volume = 0.125
   epoch 2:  39(SW) -> 12(gpu)   volume = 0.125
   epoch 2:  39(SW) -> 18(gpu)   volume = 0.125
   epoch 2:  39(SW) -> 22(gpu)   volume = 0.125
   epoch 2:  39(SW) -> 27(gpu)   volume = 0.125
   epoch 2:  39(SW) -> 28(gpu)   volume = 0.125
   epoch 2:  39(SW) -> 31(gpu)   volume = 0.125
   epoch 3:  24(gpu) -> 32(SW)   volume = 0.875
   epoch 3:  24(gpu) -> 33(SW)   volume = 0.875
   epoch 3:  24(gpu) -> 34(SW)   volume = 0.875
   epoch 3:  24(gpu) -> 35(SW)   volume = 0.875
   epoch 3:  24(gpu) -> 36(SW)   volume = 0.875
   epoch 3:  24(gpu) -> 37(SW)   volume = 0.875
   epoch 3:  24(gpu) -> 38(SW)   volume = 0.875
   epoch 3:  24(gpu) -> 39(SW)   volume = 0.875
   epoch 3:  32(SW) ->  2(gpu)   volume = 0.125
   epoch 3:  32(SW) ->  6(gpu)   volume = 0.125
   epoch 3:  32(SW) ->  8(gpu)   volume = 0.125
   epoch 3:  32(SW) -> 11(gpu)   volume = 0.125
   epoch 3:  32(SW) -> 13(gpu)   volume = 0.125
   epoch 3:  32(SW) -> 17(gpu)   volume = 0.125
   epoch 3:  32(SW) -> 21(gpu)   volume = 0.125
   epoch 3:  33(SW) ->  2(gpu)   volume = 0.125
   epoch 3:  33(SW) ->  6(gpu)   volume = 0.125
   epoch 3:  33(SW) ->  8(gpu)   volume = 0.125
   epoch 3:  33(SW) -> 11(gpu)   volume = 0.125
   epoch 3:  33(SW) -> 13(gpu)   volume = 0.125
   epoch 3:  33(SW) -> 17(gpu)   volume = 0.125
   epoch 3:  33(SW) -> 21(gpu)   volume = 0.125
   epoch 3:  34(SW) ->  2(gpu)   volume = 0.125
   epoch 3:  34(SW) ->  6(gpu)   volume = 0.125
   epoch 3:  34(SW) ->  8(gpu)   volume = 0.125
   epoch 3:  34(SW) -> 11(gpu)   volume = 0.125
   epoch 3:  34(SW) -> 13(gpu)   volume = 0.125
   epoch 3:  34(SW) -> 17(gpu)   volume = 0.125
   epoch 3:  34(SW) -> 21(gpu)   volume = 0.125
   epoch 3:  35(SW) ->  2(gpu)   volume = 0.125
   epoch 3:  35(SW) ->  6(gpu)   volume = 0.125
   epoch 3:  35(SW) ->  8(gpu)   volume = 0.125
   epoch 3:  35(SW) -> 11(gpu)   volume = 0.125
   epoch 3:  35(SW) -> 13(gpu)   volume = 0.125
   epoch 3:  35(SW) -> 17(gpu)   volume = 0.125
   epoch 3:  35(SW) -> 21(gpu)   volume = 0.125
   epoch 3:  36(SW) ->  2(gpu)   volume = 0.125
   epoch 3:  36(SW) ->  6(gpu)   volume = 0.125
   epoch 3:  36(SW) ->  8(gpu)   volume = 0.125
   epoch 3:  36(SW) -> 11(gpu)   volume = 0.125
   epoch 3:  36(SW) -> 13(gpu)   volume = 0.125
   epoch 3:  36(SW) -> 17(gpu)   volume = 0.125
   epoch 3:  36(SW) -> 21(gpu)   volume = 0.125
   epoch 3:  37(SW) ->  2(gpu)   volume = 0.125
   epoch 3:  37(SW) ->  6(gpu)   volume = 0.125
   epoch 3:  37(SW) ->  8(gpu)   volume = 0.125
   epoch 3:  37(SW) -> 11(gpu)   volume = 0.125
   epoch 3:  37(SW) -> 13(gpu)   volume = 0.125
   epoch 3:  37(SW) -> 17(gpu)   volume = 0.125
   epoch 3:  37(SW) -> 21(gpu)   volume = 0.125
   epoch 3:  38(SW) ->  2(gpu)   volume = 0.125
   epoch 3:  38(SW) ->  6(gpu)   volume = 0.125
   epoch 3:  38(SW) ->  8(gpu)   volume = 0.125
   epoch 3:  38(SW) -> 11(gpu)   volume = 0.125
   epoch 3:  38(SW) -> 13(gpu)   volume = 0.125
   epoch 3:  38(SW) -> 17(gpu)   volume = 0.125
   epoch 3:  38(SW) -> 21(gpu)   volume = 0.125
   epoch 3:  39(SW) ->  2(gpu)   volume = 0.125
   epoch 3:  39(SW) ->  6(gpu)   volume = 0.125
   epoch 3:  39(SW) ->  8(gpu)   volume = 0.125
   epoch 3:  39(SW) -> 11(gpu)   volume = 0.125
   epoch 3:  39(SW) -> 13(gpu)   volume = 0.125
   epoch 3:  39(SW) -> 17(gpu)   volume = 0.125
   epoch 3:  39(SW) -> 21(gpu)   volume = 0.125

-- source 25 --
   epoch 0:  25(gpu) -> 32(SW)   volume = 1.0
   epoch 0:  25(gpu) -> 33(SW)   volume = 1.0
   epoch 0:  25(gpu) -> 34(SW)   volume = 1.0
   epoch 0:  25(gpu) -> 35(SW)   volume = 1.0
   epoch 0:  25(gpu) -> 36(SW)   volume = 1.0
   epoch 0:  25(gpu) -> 37(SW)   volume = 1.0
   epoch 0:  25(gpu) -> 38(SW)   volume = 1.0
   epoch 0:  25(gpu) -> 39(SW)   volume = 1.0
   epoch 0:  32(SW) ->  0(gpu)   volume = 0.125
   epoch 0:  32(SW) ->  1(gpu)   volume = 0.125
   epoch 0:  32(SW) ->  9(gpu)   volume = 0.125
   epoch 0:  32(SW) -> 12(gpu)   volume = 0.125
   epoch 0:  32(SW) -> 16(gpu)   volume = 0.125
   epoch 0:  32(SW) -> 18(gpu)   volume = 0.125
   epoch 0:  32(SW) -> 20(gpu)   volume = 0.125
   epoch 0:  32(SW) -> 31(gpu)   volume = 0.125
   epoch 0:  33(SW) ->  0(gpu)   volume = 0.125
   epoch 0:  33(SW) ->  1(gpu)   volume = 0.125
   epoch 0:  33(SW) ->  9(gpu)   volume = 0.125
   epoch 0:  33(SW) -> 12(gpu)   volume = 0.125
   epoch 0:  33(SW) -> 16(gpu)   volume = 0.125
   epoch 0:  33(SW) -> 18(gpu)   volume = 0.125
   epoch 0:  33(SW) -> 20(gpu)   volume = 0.125
   epoch 0:  33(SW) -> 31(gpu)   volume = 0.125
   epoch 0:  34(SW) ->  0(gpu)   volume = 0.125
   epoch 0:  34(SW) ->  1(gpu)   volume = 0.125
   epoch 0:  34(SW) ->  9(gpu)   volume = 0.125
   epoch 0:  34(SW) -> 12(gpu)   volume = 0.125
   epoch 0:  34(SW) -> 16(gpu)   volume = 0.125
   epoch 0:  34(SW) -> 18(gpu)   volume = 0.125
   epoch 0:  34(SW) -> 20(gpu)   volume = 0.125
   epoch 0:  34(SW) -> 31(gpu)   volume = 0.125
   epoch 0:  35(SW) ->  0(gpu)   volume = 0.125
   epoch 0:  35(SW) ->  1(gpu)   volume = 0.125
   epoch 0:  35(SW) ->  9(gpu)   volume = 0.125
   epoch 0:  35(SW) -> 12(gpu)   volume = 0.125
   epoch 0:  35(SW) -> 16(gpu)   volume = 0.125
   epoch 0:  35(SW) -> 18(gpu)   volume = 0.125
   epoch 0:  35(SW) -> 20(gpu)   volume = 0.125
   epoch 0:  35(SW) -> 31(gpu)   volume = 0.125
   epoch 0:  36(SW) ->  0(gpu)   volume = 0.125
   epoch 0:  36(SW) ->  1(gpu)   volume = 0.125
   epoch 0:  36(SW) ->  9(gpu)   volume = 0.125
   epoch 0:  36(SW) -> 12(gpu)   volume = 0.125
   epoch 0:  36(SW) -> 16(gpu)   volume = 0.125
   epoch 0:  36(SW) -> 18(gpu)   volume = 0.125
   epoch 0:  36(SW) -> 20(gpu)   volume = 0.125
   epoch 0:  36(SW) -> 31(gpu)   volume = 0.125
   epoch 0:  37(SW) ->  0(gpu)   volume = 0.125
   epoch 0:  37(SW) ->  1(gpu)   volume = 0.125
   epoch 0:  37(SW) ->  9(gpu)   volume = 0.125
   epoch 0:  37(SW) -> 12(gpu)   volume = 0.125
   epoch 0:  37(SW) -> 16(gpu)   volume = 0.125
   epoch 0:  37(SW) -> 18(gpu)   volume = 0.125
   epoch 0:  37(SW) -> 20(gpu)   volume = 0.125
   epoch 0:  37(SW) -> 31(gpu)   volume = 0.125
   epoch 0:  38(SW) ->  0(gpu)   volume = 0.125
   epoch 0:  38(SW) ->  1(gpu)   volume = 0.125
   epoch 0:  38(SW) ->  9(gpu)   volume = 0.125
   epoch 0:  38(SW) -> 12(gpu)   volume = 0.125
   epoch 0:  38(SW) -> 16(gpu)   volume = 0.125
   epoch 0:  38(SW) -> 18(gpu)   volume = 0.125
   epoch 0:  38(SW) -> 20(gpu)   volume = 0.125
   epoch 0:  38(SW) -> 31(gpu)   volume = 0.125
   epoch 0:  39(SW) ->  0(gpu)   volume = 0.125
   epoch 0:  39(SW) ->  1(gpu)   volume = 0.125
   epoch 0:  39(SW) ->  9(gpu)   volume = 0.125
   epoch 0:  39(SW) -> 12(gpu)   volume = 0.125
   epoch 0:  39(SW) -> 16(gpu)   volume = 0.125
   epoch 0:  39(SW) -> 18(gpu)   volume = 0.125
   epoch 0:  39(SW) -> 20(gpu)   volume = 0.125
   epoch 0:  39(SW) -> 31(gpu)   volume = 0.125
   epoch 1:  25(gpu) -> 32(SW)   volume = 1.0
   epoch 1:  25(gpu) -> 33(SW)   volume = 1.0
   epoch 1:  25(gpu) -> 34(SW)   volume = 1.0
   epoch 1:  25(gpu) -> 35(SW)   volume = 1.0
   epoch 1:  25(gpu) -> 36(SW)   volume = 1.0
   epoch 1:  25(gpu) -> 37(SW)   volume = 1.0
   epoch 1:  25(gpu) -> 38(SW)   volume = 1.0
   epoch 1:  25(gpu) -> 39(SW)   volume = 1.0
   epoch 1:  32(SW) ->  3(gpu)   volume = 0.125
   epoch 1:  32(SW) ->  5(gpu)   volume = 0.125
   epoch 1:  32(SW) ->  6(gpu)   volume = 0.125
   epoch 1:  32(SW) -> 13(gpu)   volume = 0.125
   epoch 1:  32(SW) -> 17(gpu)   volume = 0.125
   epoch 1:  32(SW) -> 19(gpu)   volume = 0.125
   epoch 1:  32(SW) -> 22(gpu)   volume = 0.125
   epoch 1:  32(SW) -> 27(gpu)   volume = 0.125
   epoch 1:  33(SW) ->  3(gpu)   volume = 0.125
   epoch 1:  33(SW) ->  5(gpu)   volume = 0.125
   epoch 1:  33(SW) ->  6(gpu)   volume = 0.125
   epoch 1:  33(SW) -> 13(gpu)   volume = 0.125
   epoch 1:  33(SW) -> 17(gpu)   volume = 0.125
   epoch 1:  33(SW) -> 19(gpu)   volume = 0.125
   epoch 1:  33(SW) -> 22(gpu)   volume = 0.125
   epoch 1:  33(SW) -> 27(gpu)   volume = 0.125
   epoch 1:  34(SW) ->  3(gpu)   volume = 0.125
   epoch 1:  34(SW) ->  5(gpu)   volume = 0.125
   epoch 1:  34(SW) ->  6(gpu)   volume = 0.125
   epoch 1:  34(SW) -> 13(gpu)   volume = 0.125
   epoch 1:  34(SW) -> 17(gpu)   volume = 0.125
   epoch 1:  34(SW) -> 19(gpu)   volume = 0.125
   epoch 1:  34(SW) -> 22(gpu)   volume = 0.125
   epoch 1:  34(SW) -> 27(gpu)   volume = 0.125
   epoch 1:  35(SW) ->  3(gpu)   volume = 0.125
   epoch 1:  35(SW) ->  5(gpu)   volume = 0.125
   epoch 1:  35(SW) ->  6(gpu)   volume = 0.125
   epoch 1:  35(SW) -> 13(gpu)   volume = 0.125
   epoch 1:  35(SW) -> 17(gpu)   volume = 0.125
   epoch 1:  35(SW) -> 19(gpu)   volume = 0.125
   epoch 1:  35(SW) -> 22(gpu)   volume = 0.125
   epoch 1:  35(SW) -> 27(gpu)   volume = 0.125
   epoch 1:  36(SW) ->  3(gpu)   volume = 0.125
   epoch 1:  36(SW) ->  5(gpu)   volume = 0.125
   epoch 1:  36(SW) ->  6(gpu)   volume = 0.125
   epoch 1:  36(SW) -> 13(gpu)   volume = 0.125
   epoch 1:  36(SW) -> 17(gpu)   volume = 0.125
   epoch 1:  36(SW) -> 19(gpu)   volume = 0.125
   epoch 1:  36(SW) -> 22(gpu)   volume = 0.125
   epoch 1:  36(SW) -> 27(gpu)   volume = 0.125
   epoch 1:  37(SW) ->  3(gpu)   volume = 0.125
   epoch 1:  37(SW) ->  5(gpu)   volume = 0.125
   epoch 1:  37(SW) ->  6(gpu)   volume = 0.125
   epoch 1:  37(SW) -> 13(gpu)   volume = 0.125
   epoch 1:  37(SW) -> 17(gpu)   volume = 0.125
   epoch 1:  37(SW) -> 19(gpu)   volume = 0.125
   epoch 1:  37(SW) -> 22(gpu)   volume = 0.125
   epoch 1:  37(SW) -> 27(gpu)   volume = 0.125
   epoch 1:  38(SW) ->  3(gpu)   volume = 0.125
   epoch 1:  38(SW) ->  5(gpu)   volume = 0.125
   epoch 1:  38(SW) ->  6(gpu)   volume = 0.125
   epoch 1:  38(SW) -> 13(gpu)   volume = 0.125
   epoch 1:  38(SW) -> 17(gpu)   volume = 0.125
   epoch 1:  38(SW) -> 19(gpu)   volume = 0.125
   epoch 1:  38(SW) -> 22(gpu)   volume = 0.125
   epoch 1:  38(SW) -> 27(gpu)   volume = 0.125
   epoch 1:  39(SW) ->  3(gpu)   volume = 0.125
   epoch 1:  39(SW) ->  5(gpu)   volume = 0.125
   epoch 1:  39(SW) ->  6(gpu)   volume = 0.125
   epoch 1:  39(SW) -> 13(gpu)   volume = 0.125
   epoch 1:  39(SW) -> 17(gpu)   volume = 0.125
   epoch 1:  39(SW) -> 19(gpu)   volume = 0.125
   epoch 1:  39(SW) -> 22(gpu)   volume = 0.125
   epoch 1:  39(SW) -> 27(gpu)   volume = 0.125
   epoch 2:  25(gpu) -> 32(SW)   volume = 1.0
   epoch 2:  25(gpu) -> 33(SW)   volume = 1.0
   epoch 2:  25(gpu) -> 34(SW)   volume = 1.0
   epoch 2:  25(gpu) -> 35(SW)   volume = 1.0
   epoch 2:  25(gpu) -> 36(SW)   volume = 1.0
   epoch 2:  25(gpu) -> 37(SW)   volume = 1.0
   epoch 2:  25(gpu) -> 38(SW)   volume = 1.0
   epoch 2:  25(gpu) -> 39(SW)   volume = 1.0
   epoch 2:  32(SW) ->  7(gpu)   volume = 0.125
   epoch 2:  32(SW) -> 11(gpu)   volume = 0.125
   epoch 2:  32(SW) -> 14(gpu)   volume = 0.125
   epoch 2:  32(SW) -> 23(gpu)   volume = 0.125
   epoch 2:  32(SW) -> 24(gpu)   volume = 0.125
   epoch 2:  32(SW) -> 28(gpu)   volume = 0.125
   epoch 2:  32(SW) -> 29(gpu)   volume = 0.125
   epoch 2:  32(SW) -> 30(gpu)   volume = 0.125
   epoch 2:  33(SW) ->  7(gpu)   volume = 0.125
   epoch 2:  33(SW) -> 11(gpu)   volume = 0.125
   epoch 2:  33(SW) -> 14(gpu)   volume = 0.125
   epoch 2:  33(SW) -> 23(gpu)   volume = 0.125
   epoch 2:  33(SW) -> 24(gpu)   volume = 0.125
   epoch 2:  33(SW) -> 28(gpu)   volume = 0.125
   epoch 2:  33(SW) -> 29(gpu)   volume = 0.125
   epoch 2:  33(SW) -> 30(gpu)   volume = 0.125
   epoch 2:  34(SW) ->  7(gpu)   volume = 0.125
   epoch 2:  34(SW) -> 11(gpu)   volume = 0.125
   epoch 2:  34(SW) -> 14(gpu)   volume = 0.125
   epoch 2:  34(SW) -> 23(gpu)   volume = 0.125
   epoch 2:  34(SW) -> 24(gpu)   volume = 0.125
   epoch 2:  34(SW) -> 28(gpu)   volume = 0.125
   epoch 2:  34(SW) -> 29(gpu)   volume = 0.125
   epoch 2:  34(SW) -> 30(gpu)   volume = 0.125
   epoch 2:  35(SW) ->  7(gpu)   volume = 0.125
   epoch 2:  35(SW) -> 11(gpu)   volume = 0.125
   epoch 2:  35(SW) -> 14(gpu)   volume = 0.125
   epoch 2:  35(SW) -> 23(gpu)   volume = 0.125
   epoch 2:  35(SW) -> 24(gpu)   volume = 0.125
   epoch 2:  35(SW) -> 28(gpu)   volume = 0.125
   epoch 2:  35(SW) -> 29(gpu)   volume = 0.125
   epoch 2:  35(SW) -> 30(gpu)   volume = 0.125
   epoch 2:  36(SW) ->  7(gpu)   volume = 0.125
   epoch 2:  36(SW) -> 11(gpu)   volume = 0.125
   epoch 2:  36(SW) -> 14(gpu)   volume = 0.125
   epoch 2:  36(SW) -> 23(gpu)   volume = 0.125
   epoch 2:  36(SW) -> 24(gpu)   volume = 0.125
   epoch 2:  36(SW) -> 28(gpu)   volume = 0.125
   epoch 2:  36(SW) -> 29(gpu)   volume = 0.125
   epoch 2:  36(SW) -> 30(gpu)   volume = 0.125
   epoch 2:  37(SW) ->  7(gpu)   volume = 0.125
   epoch 2:  37(SW) -> 11(gpu)   volume = 0.125
   epoch 2:  37(SW) -> 14(gpu)   volume = 0.125
   epoch 2:  37(SW) -> 23(gpu)   volume = 0.125
   epoch 2:  37(SW) -> 24(gpu)   volume = 0.125
   epoch 2:  37(SW) -> 28(gpu)   volume = 0.125
   epoch 2:  37(SW) -> 29(gpu)   volume = 0.125
   epoch 2:  37(SW) -> 30(gpu)   volume = 0.125
   epoch 2:  38(SW) ->  7(gpu)   volume = 0.125
   epoch 2:  38(SW) -> 11(gpu)   volume = 0.125
   epoch 2:  38(SW) -> 14(gpu)   volume = 0.125
   epoch 2:  38(SW) -> 23(gpu)   volume = 0.125
   epoch 2:  38(SW) -> 24(gpu)   volume = 0.125
   epoch 2:  38(SW) -> 28(gpu)   volume = 0.125
   epoch 2:  38(SW) -> 29(gpu)   volume = 0.125
   epoch 2:  38(SW) -> 30(gpu)   volume = 0.125
   epoch 2:  39(SW) ->  7(gpu)   volume = 0.125
   epoch 2:  39(SW) -> 11(gpu)   volume = 0.125
   epoch 2:  39(SW) -> 14(gpu)   volume = 0.125
   epoch 2:  39(SW) -> 23(gpu)   volume = 0.125
   epoch 2:  39(SW) -> 24(gpu)   volume = 0.125
   epoch 2:  39(SW) -> 28(gpu)   volume = 0.125
   epoch 2:  39(SW) -> 29(gpu)   volume = 0.125
   epoch 2:  39(SW) -> 30(gpu)   volume = 0.125
   epoch 3:  25(gpu) -> 32(SW)   volume = 0.875
   epoch 3:  25(gpu) -> 33(SW)   volume = 0.875
   epoch 3:  25(gpu) -> 34(SW)   volume = 0.875
   epoch 3:  25(gpu) -> 35(SW)   volume = 0.875
   epoch 3:  25(gpu) -> 36(SW)   volume = 0.875
   epoch 3:  25(gpu) -> 37(SW)   volume = 0.875
   epoch 3:  25(gpu) -> 38(SW)   volume = 0.875
   epoch 3:  25(gpu) -> 39(SW)   volume = 0.875
   epoch 3:  32(SW) ->  2(gpu)   volume = 0.125
   epoch 3:  32(SW) ->  4(gpu)   volume = 0.125
   epoch 3:  32(SW) ->  8(gpu)   volume = 0.125
   epoch 3:  32(SW) -> 10(gpu)   volume = 0.125
   epoch 3:  32(SW) -> 15(gpu)   volume = 0.125
   epoch 3:  32(SW) -> 21(gpu)   volume = 0.125
   epoch 3:  32(SW) -> 26(gpu)   volume = 0.125
   epoch 3:  33(SW) ->  2(gpu)   volume = 0.125
   epoch 3:  33(SW) ->  4(gpu)   volume = 0.125
   epoch 3:  33(SW) ->  8(gpu)   volume = 0.125
   epoch 3:  33(SW) -> 10(gpu)   volume = 0.125
   epoch 3:  33(SW) -> 15(gpu)   volume = 0.125
   epoch 3:  33(SW) -> 21(gpu)   volume = 0.125
   epoch 3:  33(SW) -> 26(gpu)   volume = 0.125
   epoch 3:  34(SW) ->  2(gpu)   volume = 0.125
   epoch 3:  34(SW) ->  4(gpu)   volume = 0.125
   epoch 3:  34(SW) ->  8(gpu)   volume = 0.125
   epoch 3:  34(SW) -> 10(gpu)   volume = 0.125
   epoch 3:  34(SW) -> 15(gpu)   volume = 0.125
   epoch 3:  34(SW) -> 21(gpu)   volume = 0.125
   epoch 3:  34(SW) -> 26(gpu)   volume = 0.125
   epoch 3:  35(SW) ->  2(gpu)   volume = 0.125
   epoch 3:  35(SW) ->  4(gpu)   volume = 0.125
   epoch 3:  35(SW) ->  8(gpu)   volume = 0.125
   epoch 3:  35(SW) -> 10(gpu)   volume = 0.125
   epoch 3:  35(SW) -> 15(gpu)   volume = 0.125
   epoch 3:  35(SW) -> 21(gpu)   volume = 0.125
   epoch 3:  35(SW) -> 26(gpu)   volume = 0.125
   epoch 3:  36(SW) ->  2(gpu)   volume = 0.125
   epoch 3:  36(SW) ->  4(gpu)   volume = 0.125
   epoch 3:  36(SW) ->  8(gpu)   volume = 0.125
   epoch 3:  36(SW) -> 10(gpu)   volume = 0.125
   epoch 3:  36(SW) -> 15(gpu)   volume = 0.125
   epoch 3:  36(SW) -> 21(gpu)   volume = 0.125
   epoch 3:  36(SW) -> 26(gpu)   volume = 0.125
   epoch 3:  37(SW) ->  2(gpu)   volume = 0.125
   epoch 3:  37(SW) ->  4(gpu)   volume = 0.125
   epoch 3:  37(SW) ->  8(gpu)   volume = 0.125
   epoch 3:  37(SW) -> 10(gpu)   volume = 0.125
   epoch 3:  37(SW) -> 15(gpu)   volume = 0.125
   epoch 3:  37(SW) -> 21(gpu)   volume = 0.125
   epoch 3:  37(SW) -> 26(gpu)   volume = 0.125
   epoch 3:  38(SW) ->  2(gpu)   volume = 0.125
   epoch 3:  38(SW) ->  4(gpu)   volume = 0.125
   epoch 3:  38(SW) ->  8(gpu)   volume = 0.125
   epoch 3:  38(SW) -> 10(gpu)   volume = 0.125
   epoch 3:  38(SW) -> 15(gpu)   volume = 0.125
   epoch 3:  38(SW) -> 21(gpu)   volume = 0.125
   epoch 3:  38(SW) -> 26(gpu)   volume = 0.125
   epoch 3:  39(SW) ->  2(gpu)   volume = 0.125
   epoch 3:  39(SW) ->  4(gpu)   volume = 0.125
   epoch 3:  39(SW) ->  8(gpu)   volume = 0.125
   epoch 3:  39(SW) -> 10(gpu)   volume = 0.125
   epoch 3:  39(SW) -> 15(gpu)   volume = 0.125
   epoch 3:  39(SW) -> 21(gpu)   volume = 0.125
   epoch 3:  39(SW) -> 26(gpu)   volume = 0.125

-- source 26 --
   epoch 0:  26(gpu) -> 32(SW)   volume = 1.0
   epoch 0:  26(gpu) -> 33(SW)   volume = 1.0
   epoch 0:  26(gpu) -> 34(SW)   volume = 1.0
   epoch 0:  26(gpu) -> 35(SW)   volume = 1.0
   epoch 0:  26(gpu) -> 36(SW)   volume = 1.0
   epoch 0:  26(gpu) -> 37(SW)   volume = 1.0
   epoch 0:  26(gpu) -> 38(SW)   volume = 1.0
   epoch 0:  26(gpu) -> 39(SW)   volume = 1.0
   epoch 0:  32(SW) ->  0(gpu)   volume = 0.125
   epoch 0:  32(SW) ->  2(gpu)   volume = 0.125
   epoch 0:  32(SW) ->  3(gpu)   volume = 0.125
   epoch 0:  32(SW) -> 11(gpu)   volume = 0.125
   epoch 0:  32(SW) -> 14(gpu)   volume = 0.125
   epoch 0:  32(SW) -> 17(gpu)   volume = 0.125
   epoch 0:  32(SW) -> 19(gpu)   volume = 0.125
   epoch 0:  32(SW) -> 21(gpu)   volume = 0.125
   epoch 0:  33(SW) ->  0(gpu)   volume = 0.125
   epoch 0:  33(SW) ->  2(gpu)   volume = 0.125
   epoch 0:  33(SW) ->  3(gpu)   volume = 0.125
   epoch 0:  33(SW) -> 11(gpu)   volume = 0.125
   epoch 0:  33(SW) -> 14(gpu)   volume = 0.125
   epoch 0:  33(SW) -> 17(gpu)   volume = 0.125
   epoch 0:  33(SW) -> 19(gpu)   volume = 0.125
   epoch 0:  33(SW) -> 21(gpu)   volume = 0.125
   epoch 0:  34(SW) ->  0(gpu)   volume = 0.125
   epoch 0:  34(SW) ->  2(gpu)   volume = 0.125
   epoch 0:  34(SW) ->  3(gpu)   volume = 0.125
   epoch 0:  34(SW) -> 11(gpu)   volume = 0.125
   epoch 0:  34(SW) -> 14(gpu)   volume = 0.125
   epoch 0:  34(SW) -> 17(gpu)   volume = 0.125
   epoch 0:  34(SW) -> 19(gpu)   volume = 0.125
   epoch 0:  34(SW) -> 21(gpu)   volume = 0.125
   epoch 0:  35(SW) ->  0(gpu)   volume = 0.125
   epoch 0:  35(SW) ->  2(gpu)   volume = 0.125
   epoch 0:  35(SW) ->  3(gpu)   volume = 0.125
   epoch 0:  35(SW) -> 11(gpu)   volume = 0.125
   epoch 0:  35(SW) -> 14(gpu)   volume = 0.125
   epoch 0:  35(SW) -> 17(gpu)   volume = 0.125
   epoch 0:  35(SW) -> 19(gpu)   volume = 0.125
   epoch 0:  35(SW) -> 21(gpu)   volume = 0.125
   epoch 0:  36(SW) ->  0(gpu)   volume = 0.125
   epoch 0:  36(SW) ->  2(gpu)   volume = 0.125
   epoch 0:  36(SW) ->  3(gpu)   volume = 0.125
   epoch 0:  36(SW) -> 11(gpu)   volume = 0.125
   epoch 0:  36(SW) -> 14(gpu)   volume = 0.125
   epoch 0:  36(SW) -> 17(gpu)   volume = 0.125
   epoch 0:  36(SW) -> 19(gpu)   volume = 0.125
   epoch 0:  36(SW) -> 21(gpu)   volume = 0.125
   epoch 0:  37(SW) ->  0(gpu)   volume = 0.125
   epoch 0:  37(SW) ->  2(gpu)   volume = 0.125
   epoch 0:  37(SW) ->  3(gpu)   volume = 0.125
   epoch 0:  37(SW) -> 11(gpu)   volume = 0.125
   epoch 0:  37(SW) -> 14(gpu)   volume = 0.125
   epoch 0:  37(SW) -> 17(gpu)   volume = 0.125
   epoch 0:  37(SW) -> 19(gpu)   volume = 0.125
   epoch 0:  37(SW) -> 21(gpu)   volume = 0.125
   epoch 0:  38(SW) ->  0(gpu)   volume = 0.125
   epoch 0:  38(SW) ->  2(gpu)   volume = 0.125
   epoch 0:  38(SW) ->  3(gpu)   volume = 0.125
   epoch 0:  38(SW) -> 11(gpu)   volume = 0.125
   epoch 0:  38(SW) -> 14(gpu)   volume = 0.125
   epoch 0:  38(SW) -> 17(gpu)   volume = 0.125
   epoch 0:  38(SW) -> 19(gpu)   volume = 0.125
   epoch 0:  38(SW) -> 21(gpu)   volume = 0.125
   epoch 0:  39(SW) ->  0(gpu)   volume = 0.125
   epoch 0:  39(SW) ->  2(gpu)   volume = 0.125
   epoch 0:  39(SW) ->  3(gpu)   volume = 0.125
   epoch 0:  39(SW) -> 11(gpu)   volume = 0.125
   epoch 0:  39(SW) -> 14(gpu)   volume = 0.125
   epoch 0:  39(SW) -> 17(gpu)   volume = 0.125
   epoch 0:  39(SW) -> 19(gpu)   volume = 0.125
   epoch 0:  39(SW) -> 21(gpu)   volume = 0.125
   epoch 1:  26(gpu) -> 32(SW)   volume = 1.0
   epoch 1:  26(gpu) -> 33(SW)   volume = 1.0
   epoch 1:  26(gpu) -> 34(SW)   volume = 1.0
   epoch 1:  26(gpu) -> 35(SW)   volume = 1.0
   epoch 1:  26(gpu) -> 36(SW)   volume = 1.0
   epoch 1:  26(gpu) -> 37(SW)   volume = 1.0
   epoch 1:  26(gpu) -> 38(SW)   volume = 1.0
   epoch 1:  26(gpu) -> 39(SW)   volume = 1.0
   epoch 1:  32(SW) ->  4(gpu)   volume = 0.125
   epoch 1:  32(SW) ->  7(gpu)   volume = 0.125
   epoch 1:  32(SW) ->  8(gpu)   volume = 0.125
   epoch 1:  32(SW) -> 12(gpu)   volume = 0.125
   epoch 1:  32(SW) -> 23(gpu)   volume = 0.125
   epoch 1:  32(SW) -> 25(gpu)   volume = 0.125
   epoch 1:  32(SW) -> 28(gpu)   volume = 0.125
   epoch 1:  32(SW) -> 31(gpu)   volume = 0.125
   epoch 1:  33(SW) ->  4(gpu)   volume = 0.125
   epoch 1:  33(SW) ->  7(gpu)   volume = 0.125
   epoch 1:  33(SW) ->  8(gpu)   volume = 0.125
   epoch 1:  33(SW) -> 12(gpu)   volume = 0.125
   epoch 1:  33(SW) -> 23(gpu)   volume = 0.125
   epoch 1:  33(SW) -> 25(gpu)   volume = 0.125
   epoch 1:  33(SW) -> 28(gpu)   volume = 0.125
   epoch 1:  33(SW) -> 31(gpu)   volume = 0.125
   epoch 1:  34(SW) ->  4(gpu)   volume = 0.125
   epoch 1:  34(SW) ->  7(gpu)   volume = 0.125
   epoch 1:  34(SW) ->  8(gpu)   volume = 0.125
   epoch 1:  34(SW) -> 12(gpu)   volume = 0.125
   epoch 1:  34(SW) -> 23(gpu)   volume = 0.125
   epoch 1:  34(SW) -> 25(gpu)   volume = 0.125
   epoch 1:  34(SW) -> 28(gpu)   volume = 0.125
   epoch 1:  34(SW) -> 31(gpu)   volume = 0.125
   epoch 1:  35(SW) ->  4(gpu)   volume = 0.125
   epoch 1:  35(SW) ->  7(gpu)   volume = 0.125
   epoch 1:  35(SW) ->  8(gpu)   volume = 0.125
   epoch 1:  35(SW) -> 12(gpu)   volume = 0.125
   epoch 1:  35(SW) -> 23(gpu)   volume = 0.125
   epoch 1:  35(SW) -> 25(gpu)   volume = 0.125
   epoch 1:  35(SW) -> 28(gpu)   volume = 0.125
   epoch 1:  35(SW) -> 31(gpu)   volume = 0.125
   epoch 1:  36(SW) ->  4(gpu)   volume = 0.125
   epoch 1:  36(SW) ->  7(gpu)   volume = 0.125
   epoch 1:  36(SW) ->  8(gpu)   volume = 0.125
   epoch 1:  36(SW) -> 12(gpu)   volume = 0.125
   epoch 1:  36(SW) -> 23(gpu)   volume = 0.125
   epoch 1:  36(SW) -> 25(gpu)   volume = 0.125
   epoch 1:  36(SW) -> 28(gpu)   volume = 0.125
   epoch 1:  36(SW) -> 31(gpu)   volume = 0.125
   epoch 1:  37(SW) ->  4(gpu)   volume = 0.125
   epoch 1:  37(SW) ->  7(gpu)   volume = 0.125
   epoch 1:  37(SW) ->  8(gpu)   volume = 0.125
   epoch 1:  37(SW) -> 12(gpu)   volume = 0.125
   epoch 1:  37(SW) -> 23(gpu)   volume = 0.125
   epoch 1:  37(SW) -> 25(gpu)   volume = 0.125
   epoch 1:  37(SW) -> 28(gpu)   volume = 0.125
   epoch 1:  37(SW) -> 31(gpu)   volume = 0.125
   epoch 1:  38(SW) ->  4(gpu)   volume = 0.125
   epoch 1:  38(SW) ->  7(gpu)   volume = 0.125
   epoch 1:  38(SW) ->  8(gpu)   volume = 0.125
   epoch 1:  38(SW) -> 12(gpu)   volume = 0.125
   epoch 1:  38(SW) -> 23(gpu)   volume = 0.125
   epoch 1:  38(SW) -> 25(gpu)   volume = 0.125
   epoch 1:  38(SW) -> 28(gpu)   volume = 0.125
   epoch 1:  38(SW) -> 31(gpu)   volume = 0.125
   epoch 1:  39(SW) ->  4(gpu)   volume = 0.125
   epoch 1:  39(SW) ->  7(gpu)   volume = 0.125
   epoch 1:  39(SW) ->  8(gpu)   volume = 0.125
   epoch 1:  39(SW) -> 12(gpu)   volume = 0.125
   epoch 1:  39(SW) -> 23(gpu)   volume = 0.125
   epoch 1:  39(SW) -> 25(gpu)   volume = 0.125
   epoch 1:  39(SW) -> 28(gpu)   volume = 0.125
   epoch 1:  39(SW) -> 31(gpu)   volume = 0.125
   epoch 2:  26(gpu) -> 32(SW)   volume = 1.0
   epoch 2:  26(gpu) -> 33(SW)   volume = 1.0
   epoch 2:  26(gpu) -> 34(SW)   volume = 1.0
   epoch 2:  26(gpu) -> 35(SW)   volume = 1.0
   epoch 2:  26(gpu) -> 36(SW)   volume = 1.0
   epoch 2:  26(gpu) -> 37(SW)   volume = 1.0
   epoch 2:  26(gpu) -> 38(SW)   volume = 1.0
   epoch 2:  26(gpu) -> 39(SW)   volume = 1.0
   epoch 2:  32(SW) ->  6(gpu)   volume = 0.125
   epoch 2:  32(SW) -> 10(gpu)   volume = 0.125
   epoch 2:  32(SW) -> 15(gpu)   volume = 0.125
   epoch 2:  32(SW) -> 22(gpu)   volume = 0.125
   epoch 2:  32(SW) -> 24(gpu)   volume = 0.125
   epoch 2:  32(SW) -> 27(gpu)   volume = 0.125
   epoch 2:  32(SW) -> 29(gpu)   volume = 0.125
   epoch 2:  32(SW) -> 30(gpu)   volume = 0.125
   epoch 2:  33(SW) ->  6(gpu)   volume = 0.125
   epoch 2:  33(SW) -> 10(gpu)   volume = 0.125
   epoch 2:  33(SW) -> 15(gpu)   volume = 0.125
   epoch 2:  33(SW) -> 22(gpu)   volume = 0.125
   epoch 2:  33(SW) -> 24(gpu)   volume = 0.125
   epoch 2:  33(SW) -> 27(gpu)   volume = 0.125
   epoch 2:  33(SW) -> 29(gpu)   volume = 0.125
   epoch 2:  33(SW) -> 30(gpu)   volume = 0.125
   epoch 2:  34(SW) ->  6(gpu)   volume = 0.125
   epoch 2:  34(SW) -> 10(gpu)   volume = 0.125
   epoch 2:  34(SW) -> 15(gpu)   volume = 0.125
   epoch 2:  34(SW) -> 22(gpu)   volume = 0.125
   epoch 2:  34(SW) -> 24(gpu)   volume = 0.125
   epoch 2:  34(SW) -> 27(gpu)   volume = 0.125
   epoch 2:  34(SW) -> 29(gpu)   volume = 0.125
   epoch 2:  34(SW) -> 30(gpu)   volume = 0.125
   epoch 2:  35(SW) ->  6(gpu)   volume = 0.125
   epoch 2:  35(SW) -> 10(gpu)   volume = 0.125
   epoch 2:  35(SW) -> 15(gpu)   volume = 0.125
   epoch 2:  35(SW) -> 22(gpu)   volume = 0.125
   epoch 2:  35(SW) -> 24(gpu)   volume = 0.125
   epoch 2:  35(SW) -> 27(gpu)   volume = 0.125
   epoch 2:  35(SW) -> 29(gpu)   volume = 0.125
   epoch 2:  35(SW) -> 30(gpu)   volume = 0.125
   epoch 2:  36(SW) ->  6(gpu)   volume = 0.125
   epoch 2:  36(SW) -> 10(gpu)   volume = 0.125
   epoch 2:  36(SW) -> 15(gpu)   volume = 0.125
   epoch 2:  36(SW) -> 22(gpu)   volume = 0.125
   epoch 2:  36(SW) -> 24(gpu)   volume = 0.125
   epoch 2:  36(SW) -> 27(gpu)   volume = 0.125
   epoch 2:  36(SW) -> 29(gpu)   volume = 0.125
   epoch 2:  36(SW) -> 30(gpu)   volume = 0.125
   epoch 2:  37(SW) ->  6(gpu)   volume = 0.125
   epoch 2:  37(SW) -> 10(gpu)   volume = 0.125
   epoch 2:  37(SW) -> 15(gpu)   volume = 0.125
   epoch 2:  37(SW) -> 22(gpu)   volume = 0.125
   epoch 2:  37(SW) -> 24(gpu)   volume = 0.125
   epoch 2:  37(SW) -> 27(gpu)   volume = 0.125
   epoch 2:  37(SW) -> 29(gpu)   volume = 0.125
   epoch 2:  37(SW) -> 30(gpu)   volume = 0.125
   epoch 2:  38(SW) ->  6(gpu)   volume = 0.125
   epoch 2:  38(SW) -> 10(gpu)   volume = 0.125
   epoch 2:  38(SW) -> 15(gpu)   volume = 0.125
   epoch 2:  38(SW) -> 22(gpu)   volume = 0.125
   epoch 2:  38(SW) -> 24(gpu)   volume = 0.125
   epoch 2:  38(SW) -> 27(gpu)   volume = 0.125
   epoch 2:  38(SW) -> 29(gpu)   volume = 0.125
   epoch 2:  38(SW) -> 30(gpu)   volume = 0.125
   epoch 2:  39(SW) ->  6(gpu)   volume = 0.125
   epoch 2:  39(SW) -> 10(gpu)   volume = 0.125
   epoch 2:  39(SW) -> 15(gpu)   volume = 0.125
   epoch 2:  39(SW) -> 22(gpu)   volume = 0.125
   epoch 2:  39(SW) -> 24(gpu)   volume = 0.125
   epoch 2:  39(SW) -> 27(gpu)   volume = 0.125
   epoch 2:  39(SW) -> 29(gpu)   volume = 0.125
   epoch 2:  39(SW) -> 30(gpu)   volume = 0.125
   epoch 3:  26(gpu) -> 32(SW)   volume = 0.875
   epoch 3:  26(gpu) -> 33(SW)   volume = 0.875
   epoch 3:  26(gpu) -> 34(SW)   volume = 0.875
   epoch 3:  26(gpu) -> 35(SW)   volume = 0.875
   epoch 3:  26(gpu) -> 36(SW)   volume = 0.875
   epoch 3:  26(gpu) -> 37(SW)   volume = 0.875
   epoch 3:  26(gpu) -> 38(SW)   volume = 0.875
   epoch 3:  26(gpu) -> 39(SW)   volume = 0.875
   epoch 3:  32(SW) ->  1(gpu)   volume = 0.125
   epoch 3:  32(SW) ->  5(gpu)   volume = 0.125
   epoch 3:  32(SW) ->  9(gpu)   volume = 0.125
   epoch 3:  32(SW) -> 13(gpu)   volume = 0.125
   epoch 3:  32(SW) -> 16(gpu)   volume = 0.125
   epoch 3:  32(SW) -> 18(gpu)   volume = 0.125
   epoch 3:  32(SW) -> 20(gpu)   volume = 0.125
   epoch 3:  33(SW) ->  1(gpu)   volume = 0.125
   epoch 3:  33(SW) ->  5(gpu)   volume = 0.125
   epoch 3:  33(SW) ->  9(gpu)   volume = 0.125
   epoch 3:  33(SW) -> 13(gpu)   volume = 0.125
   epoch 3:  33(SW) -> 16(gpu)   volume = 0.125
   epoch 3:  33(SW) -> 18(gpu)   volume = 0.125
   epoch 3:  33(SW) -> 20(gpu)   volume = 0.125
   epoch 3:  34(SW) ->  1(gpu)   volume = 0.125
   epoch 3:  34(SW) ->  5(gpu)   volume = 0.125
   epoch 3:  34(SW) ->  9(gpu)   volume = 0.125
   epoch 3:  34(SW) -> 13(gpu)   volume = 0.125
   epoch 3:  34(SW) -> 16(gpu)   volume = 0.125
   epoch 3:  34(SW) -> 18(gpu)   volume = 0.125
   epoch 3:  34(SW) -> 20(gpu)   volume = 0.125
   epoch 3:  35(SW) ->  1(gpu)   volume = 0.125
   epoch 3:  35(SW) ->  5(gpu)   volume = 0.125
   epoch 3:  35(SW) ->  9(gpu)   volume = 0.125
   epoch 3:  35(SW) -> 13(gpu)   volume = 0.125
   epoch 3:  35(SW) -> 16(gpu)   volume = 0.125
   epoch 3:  35(SW) -> 18(gpu)   volume = 0.125
   epoch 3:  35(SW) -> 20(gpu)   volume = 0.125
   epoch 3:  36(SW) ->  1(gpu)   volume = 0.125
   epoch 3:  36(SW) ->  5(gpu)   volume = 0.125
   epoch 3:  36(SW) ->  9(gpu)   volume = 0.125
   epoch 3:  36(SW) -> 13(gpu)   volume = 0.125
   epoch 3:  36(SW) -> 16(gpu)   volume = 0.125
   epoch 3:  36(SW) -> 18(gpu)   volume = 0.125
   epoch 3:  36(SW) -> 20(gpu)   volume = 0.125
   epoch 3:  37(SW) ->  1(gpu)   volume = 0.125
   epoch 3:  37(SW) ->  5(gpu)   volume = 0.125
   epoch 3:  37(SW) ->  9(gpu)   volume = 0.125
   epoch 3:  37(SW) -> 13(gpu)   volume = 0.125
   epoch 3:  37(SW) -> 16(gpu)   volume = 0.125
   epoch 3:  37(SW) -> 18(gpu)   volume = 0.125
   epoch 3:  37(SW) -> 20(gpu)   volume = 0.125
   epoch 3:  38(SW) ->  1(gpu)   volume = 0.125
   epoch 3:  38(SW) ->  5(gpu)   volume = 0.125
   epoch 3:  38(SW) ->  9(gpu)   volume = 0.125
   epoch 3:  38(SW) -> 13(gpu)   volume = 0.125
   epoch 3:  38(SW) -> 16(gpu)   volume = 0.125
   epoch 3:  38(SW) -> 18(gpu)   volume = 0.125
   epoch 3:  38(SW) -> 20(gpu)   volume = 0.125
   epoch 3:  39(SW) ->  1(gpu)   volume = 0.125
   epoch 3:  39(SW) ->  5(gpu)   volume = 0.125
   epoch 3:  39(SW) ->  9(gpu)   volume = 0.125
   epoch 3:  39(SW) -> 13(gpu)   volume = 0.125
   epoch 3:  39(SW) -> 16(gpu)   volume = 0.125
   epoch 3:  39(SW) -> 18(gpu)   volume = 0.125
   epoch 3:  39(SW) -> 20(gpu)   volume = 0.125

-- source 27 --
   epoch 0:  27(gpu) -> 32(SW)   volume = 1.0
   epoch 0:  27(gpu) -> 33(SW)   volume = 1.0
   epoch 0:  27(gpu) -> 34(SW)   volume = 1.0
   epoch 0:  27(gpu) -> 35(SW)   volume = 1.0
   epoch 0:  27(gpu) -> 36(SW)   volume = 1.0
   epoch 0:  27(gpu) -> 37(SW)   volume = 1.0
   epoch 0:  27(gpu) -> 38(SW)   volume = 1.0
   epoch 0:  27(gpu) -> 39(SW)   volume = 1.0
   epoch 0:  32(SW) ->  2(gpu)   volume = 0.125
   epoch 0:  32(SW) ->  4(gpu)   volume = 0.125
   epoch 0:  32(SW) ->  8(gpu)   volume = 0.125
   epoch 0:  32(SW) -> 11(gpu)   volume = 0.125
   epoch 0:  32(SW) -> 16(gpu)   volume = 0.125
   epoch 0:  32(SW) -> 17(gpu)   volume = 0.125
   epoch 0:  32(SW) -> 22(gpu)   volume = 0.125
   epoch 0:  32(SW) -> 29(gpu)   volume = 0.125
   epoch 0:  33(SW) ->  2(gpu)   volume = 0.125
   epoch 0:  33(SW) ->  4(gpu)   volume = 0.125
   epoch 0:  33(SW) ->  8(gpu)   volume = 0.125
   epoch 0:  33(SW) -> 11(gpu)   volume = 0.125
   epoch 0:  33(SW) -> 16(gpu)   volume = 0.125
   epoch 0:  33(SW) -> 17(gpu)   volume = 0.125
   epoch 0:  33(SW) -> 22(gpu)   volume = 0.125
   epoch 0:  33(SW) -> 29(gpu)   volume = 0.125
   epoch 0:  34(SW) ->  2(gpu)   volume = 0.125
   epoch 0:  34(SW) ->  4(gpu)   volume = 0.125
   epoch 0:  34(SW) ->  8(gpu)   volume = 0.125
   epoch 0:  34(SW) -> 11(gpu)   volume = 0.125
   epoch 0:  34(SW) -> 16(gpu)   volume = 0.125
   epoch 0:  34(SW) -> 17(gpu)   volume = 0.125
   epoch 0:  34(SW) -> 22(gpu)   volume = 0.125
   epoch 0:  34(SW) -> 29(gpu)   volume = 0.125
   epoch 0:  35(SW) ->  2(gpu)   volume = 0.125
   epoch 0:  35(SW) ->  4(gpu)   volume = 0.125
   epoch 0:  35(SW) ->  8(gpu)   volume = 0.125
   epoch 0:  35(SW) -> 11(gpu)   volume = 0.125
   epoch 0:  35(SW) -> 16(gpu)   volume = 0.125
   epoch 0:  35(SW) -> 17(gpu)   volume = 0.125
   epoch 0:  35(SW) -> 22(gpu)   volume = 0.125
   epoch 0:  35(SW) -> 29(gpu)   volume = 0.125
   epoch 0:  36(SW) ->  2(gpu)   volume = 0.125
   epoch 0:  36(SW) ->  4(gpu)   volume = 0.125
   epoch 0:  36(SW) ->  8(gpu)   volume = 0.125
   epoch 0:  36(SW) -> 11(gpu)   volume = 0.125
   epoch 0:  36(SW) -> 16(gpu)   volume = 0.125
   epoch 0:  36(SW) -> 17(gpu)   volume = 0.125
   epoch 0:  36(SW) -> 22(gpu)   volume = 0.125
   epoch 0:  36(SW) -> 29(gpu)   volume = 0.125
   epoch 0:  37(SW) ->  2(gpu)   volume = 0.125
   epoch 0:  37(SW) ->  4(gpu)   volume = 0.125
   epoch 0:  37(SW) ->  8(gpu)   volume = 0.125
   epoch 0:  37(SW) -> 11(gpu)   volume = 0.125
   epoch 0:  37(SW) -> 16(gpu)   volume = 0.125
   epoch 0:  37(SW) -> 17(gpu)   volume = 0.125
   epoch 0:  37(SW) -> 22(gpu)   volume = 0.125
   epoch 0:  37(SW) -> 29(gpu)   volume = 0.125
   epoch 0:  38(SW) ->  2(gpu)   volume = 0.125
   epoch 0:  38(SW) ->  4(gpu)   volume = 0.125
   epoch 0:  38(SW) ->  8(gpu)   volume = 0.125
   epoch 0:  38(SW) -> 11(gpu)   volume = 0.125
   epoch 0:  38(SW) -> 16(gpu)   volume = 0.125
   epoch 0:  38(SW) -> 17(gpu)   volume = 0.125
   epoch 0:  38(SW) -> 22(gpu)   volume = 0.125
   epoch 0:  38(SW) -> 29(gpu)   volume = 0.125
   epoch 0:  39(SW) ->  2(gpu)   volume = 0.125
   epoch 0:  39(SW) ->  4(gpu)   volume = 0.125
   epoch 0:  39(SW) ->  8(gpu)   volume = 0.125
   epoch 0:  39(SW) -> 11(gpu)   volume = 0.125
   epoch 0:  39(SW) -> 16(gpu)   volume = 0.125
   epoch 0:  39(SW) -> 17(gpu)   volume = 0.125
   epoch 0:  39(SW) -> 22(gpu)   volume = 0.125
   epoch 0:  39(SW) -> 29(gpu)   volume = 0.125
   epoch 1:  27(gpu) -> 32(SW)   volume = 1.0
   epoch 1:  27(gpu) -> 33(SW)   volume = 1.0
   epoch 1:  27(gpu) -> 34(SW)   volume = 1.0
   epoch 1:  27(gpu) -> 35(SW)   volume = 1.0
   epoch 1:  27(gpu) -> 36(SW)   volume = 1.0
   epoch 1:  27(gpu) -> 37(SW)   volume = 1.0
   epoch 1:  27(gpu) -> 38(SW)   volume = 1.0
   epoch 1:  27(gpu) -> 39(SW)   volume = 1.0
   epoch 1:  32(SW) ->  0(gpu)   volume = 0.125
   epoch 1:  32(SW) ->  3(gpu)   volume = 0.125
   epoch 1:  32(SW) -> 15(gpu)   volume = 0.125
   epoch 1:  32(SW) -> 20(gpu)   volume = 0.125
   epoch 1:  32(SW) -> 24(gpu)   volume = 0.125
   epoch 1:  32(SW) -> 26(gpu)   volume = 0.125
   epoch 1:  32(SW) -> 28(gpu)   volume = 0.125
   epoch 1:  32(SW) -> 30(gpu)   volume = 0.125
   epoch 1:  33(SW) ->  0(gpu)   volume = 0.125
   epoch 1:  33(SW) ->  3(gpu)   volume = 0.125
   epoch 1:  33(SW) -> 15(gpu)   volume = 0.125
   epoch 1:  33(SW) -> 20(gpu)   volume = 0.125
   epoch 1:  33(SW) -> 24(gpu)   volume = 0.125
   epoch 1:  33(SW) -> 26(gpu)   volume = 0.125
   epoch 1:  33(SW) -> 28(gpu)   volume = 0.125
   epoch 1:  33(SW) -> 30(gpu)   volume = 0.125
   epoch 1:  34(SW) ->  0(gpu)   volume = 0.125
   epoch 1:  34(SW) ->  3(gpu)   volume = 0.125
   epoch 1:  34(SW) -> 15(gpu)   volume = 0.125
   epoch 1:  34(SW) -> 20(gpu)   volume = 0.125
   epoch 1:  34(SW) -> 24(gpu)   volume = 0.125
   epoch 1:  34(SW) -> 26(gpu)   volume = 0.125
   epoch 1:  34(SW) -> 28(gpu)   volume = 0.125
   epoch 1:  34(SW) -> 30(gpu)   volume = 0.125
   epoch 1:  35(SW) ->  0(gpu)   volume = 0.125
   epoch 1:  35(SW) ->  3(gpu)   volume = 0.125
   epoch 1:  35(SW) -> 15(gpu)   volume = 0.125
   epoch 1:  35(SW) -> 20(gpu)   volume = 0.125
   epoch 1:  35(SW) -> 24(gpu)   volume = 0.125
   epoch 1:  35(SW) -> 26(gpu)   volume = 0.125
   epoch 1:  35(SW) -> 28(gpu)   volume = 0.125
   epoch 1:  35(SW) -> 30(gpu)   volume = 0.125
   epoch 1:  36(SW) ->  0(gpu)   volume = 0.125
   epoch 1:  36(SW) ->  3(gpu)   volume = 0.125
   epoch 1:  36(SW) -> 15(gpu)   volume = 0.125
   epoch 1:  36(SW) -> 20(gpu)   volume = 0.125
   epoch 1:  36(SW) -> 24(gpu)   volume = 0.125
   epoch 1:  36(SW) -> 26(gpu)   volume = 0.125
   epoch 1:  36(SW) -> 28(gpu)   volume = 0.125
   epoch 1:  36(SW) -> 30(gpu)   volume = 0.125
   epoch 1:  37(SW) ->  0(gpu)   volume = 0.125
   epoch 1:  37(SW) ->  3(gpu)   volume = 0.125
   epoch 1:  37(SW) -> 15(gpu)   volume = 0.125
   epoch 1:  37(SW) -> 20(gpu)   volume = 0.125
   epoch 1:  37(SW) -> 24(gpu)   volume = 0.125
   epoch 1:  37(SW) -> 26(gpu)   volume = 0.125
   epoch 1:  37(SW) -> 28(gpu)   volume = 0.125
   epoch 1:  37(SW) -> 30(gpu)   volume = 0.125
   epoch 1:  38(SW) ->  0(gpu)   volume = 0.125
   epoch 1:  38(SW) ->  3(gpu)   volume = 0.125
   epoch 1:  38(SW) -> 15(gpu)   volume = 0.125
   epoch 1:  38(SW) -> 20(gpu)   volume = 0.125
   epoch 1:  38(SW) -> 24(gpu)   volume = 0.125
   epoch 1:  38(SW) -> 26(gpu)   volume = 0.125
   epoch 1:  38(SW) -> 28(gpu)   volume = 0.125
   epoch 1:  38(SW) -> 30(gpu)   volume = 0.125
   epoch 1:  39(SW) ->  0(gpu)   volume = 0.125
   epoch 1:  39(SW) ->  3(gpu)   volume = 0.125
   epoch 1:  39(SW) -> 15(gpu)   volume = 0.125
   epoch 1:  39(SW) -> 20(gpu)   volume = 0.125
   epoch 1:  39(SW) -> 24(gpu)   volume = 0.125
   epoch 1:  39(SW) -> 26(gpu)   volume = 0.125
   epoch 1:  39(SW) -> 28(gpu)   volume = 0.125
   epoch 1:  39(SW) -> 30(gpu)   volume = 0.125
   epoch 2:  27(gpu) -> 32(SW)   volume = 1.0
   epoch 2:  27(gpu) -> 33(SW)   volume = 1.0
   epoch 2:  27(gpu) -> 34(SW)   volume = 1.0
   epoch 2:  27(gpu) -> 35(SW)   volume = 1.0
   epoch 2:  27(gpu) -> 36(SW)   volume = 1.0
   epoch 2:  27(gpu) -> 37(SW)   volume = 1.0
   epoch 2:  27(gpu) -> 38(SW)   volume = 1.0
   epoch 2:  27(gpu) -> 39(SW)   volume = 1.0
   epoch 2:  32(SW) ->  5(gpu)   volume = 0.125
   epoch 2:  32(SW) ->  6(gpu)   volume = 0.125
   epoch 2:  32(SW) ->  7(gpu)   volume = 0.125
   epoch 2:  32(SW) ->  9(gpu)   volume = 0.125
   epoch 2:  32(SW) -> 13(gpu)   volume = 0.125
   epoch 2:  32(SW) -> 19(gpu)   volume = 0.125
   epoch 2:  32(SW) -> 23(gpu)   volume = 0.125
   epoch 2:  32(SW) -> 25(gpu)   volume = 0.125
   epoch 2:  33(SW) ->  5(gpu)   volume = 0.125
   epoch 2:  33(SW) ->  6(gpu)   volume = 0.125
   epoch 2:  33(SW) ->  7(gpu)   volume = 0.125
   epoch 2:  33(SW) ->  9(gpu)   volume = 0.125
   epoch 2:  33(SW) -> 13(gpu)   volume = 0.125
   epoch 2:  33(SW) -> 19(gpu)   volume = 0.125
   epoch 2:  33(SW) -> 23(gpu)   volume = 0.125
   epoch 2:  33(SW) -> 25(gpu)   volume = 0.125
   epoch 2:  34(SW) ->  5(gpu)   volume = 0.125
   epoch 2:  34(SW) ->  6(gpu)   volume = 0.125
   epoch 2:  34(SW) ->  7(gpu)   volume = 0.125
   epoch 2:  34(SW) ->  9(gpu)   volume = 0.125
   epoch 2:  34(SW) -> 13(gpu)   volume = 0.125
   epoch 2:  34(SW) -> 19(gpu)   volume = 0.125
   epoch 2:  34(SW) -> 23(gpu)   volume = 0.125
   epoch 2:  34(SW) -> 25(gpu)   volume = 0.125
   epoch 2:  35(SW) ->  5(gpu)   volume = 0.125
   epoch 2:  35(SW) ->  6(gpu)   volume = 0.125
   epoch 2:  35(SW) ->  7(gpu)   volume = 0.125
   epoch 2:  35(SW) ->  9(gpu)   volume = 0.125
   epoch 2:  35(SW) -> 13(gpu)   volume = 0.125
   epoch 2:  35(SW) -> 19(gpu)   volume = 0.125
   epoch 2:  35(SW) -> 23(gpu)   volume = 0.125
   epoch 2:  35(SW) -> 25(gpu)   volume = 0.125
   epoch 2:  36(SW) ->  5(gpu)   volume = 0.125
   epoch 2:  36(SW) ->  6(gpu)   volume = 0.125
   epoch 2:  36(SW) ->  7(gpu)   volume = 0.125
   epoch 2:  36(SW) ->  9(gpu)   volume = 0.125
   epoch 2:  36(SW) -> 13(gpu)   volume = 0.125
   epoch 2:  36(SW) -> 19(gpu)   volume = 0.125
   epoch 2:  36(SW) -> 23(gpu)   volume = 0.125
   epoch 2:  36(SW) -> 25(gpu)   volume = 0.125
   epoch 2:  37(SW) ->  5(gpu)   volume = 0.125
   epoch 2:  37(SW) ->  6(gpu)   volume = 0.125
   epoch 2:  37(SW) ->  7(gpu)   volume = 0.125
   epoch 2:  37(SW) ->  9(gpu)   volume = 0.125
   epoch 2:  37(SW) -> 13(gpu)   volume = 0.125
   epoch 2:  37(SW) -> 19(gpu)   volume = 0.125
   epoch 2:  37(SW) -> 23(gpu)   volume = 0.125
   epoch 2:  37(SW) -> 25(gpu)   volume = 0.125
   epoch 2:  38(SW) ->  5(gpu)   volume = 0.125
   epoch 2:  38(SW) ->  6(gpu)   volume = 0.125
   epoch 2:  38(SW) ->  7(gpu)   volume = 0.125
   epoch 2:  38(SW) ->  9(gpu)   volume = 0.125
   epoch 2:  38(SW) -> 13(gpu)   volume = 0.125
   epoch 2:  38(SW) -> 19(gpu)   volume = 0.125
   epoch 2:  38(SW) -> 23(gpu)   volume = 0.125
   epoch 2:  38(SW) -> 25(gpu)   volume = 0.125
   epoch 2:  39(SW) ->  5(gpu)   volume = 0.125
   epoch 2:  39(SW) ->  6(gpu)   volume = 0.125
   epoch 2:  39(SW) ->  7(gpu)   volume = 0.125
   epoch 2:  39(SW) ->  9(gpu)   volume = 0.125
   epoch 2:  39(SW) -> 13(gpu)   volume = 0.125
   epoch 2:  39(SW) -> 19(gpu)   volume = 0.125
   epoch 2:  39(SW) -> 23(gpu)   volume = 0.125
   epoch 2:  39(SW) -> 25(gpu)   volume = 0.125
   epoch 3:  27(gpu) -> 32(SW)   volume = 0.875
   epoch 3:  27(gpu) -> 33(SW)   volume = 0.875
   epoch 3:  27(gpu) -> 34(SW)   volume = 0.875
   epoch 3:  27(gpu) -> 35(SW)   volume = 0.875
   epoch 3:  27(gpu) -> 36(SW)   volume = 0.875
   epoch 3:  27(gpu) -> 37(SW)   volume = 0.875
   epoch 3:  27(gpu) -> 38(SW)   volume = 0.875
   epoch 3:  27(gpu) -> 39(SW)   volume = 0.875
   epoch 3:  32(SW) ->  1(gpu)   volume = 0.125
   epoch 3:  32(SW) -> 10(gpu)   volume = 0.125
   epoch 3:  32(SW) -> 12(gpu)   volume = 0.125
   epoch 3:  32(SW) -> 14(gpu)   volume = 0.125
   epoch 3:  32(SW) -> 18(gpu)   volume = 0.125
   epoch 3:  32(SW) -> 21(gpu)   volume = 0.125
   epoch 3:  32(SW) -> 31(gpu)   volume = 0.125
   epoch 3:  33(SW) ->  1(gpu)   volume = 0.125
   epoch 3:  33(SW) -> 10(gpu)   volume = 0.125
   epoch 3:  33(SW) -> 12(gpu)   volume = 0.125
   epoch 3:  33(SW) -> 14(gpu)   volume = 0.125
   epoch 3:  33(SW) -> 18(gpu)   volume = 0.125
   epoch 3:  33(SW) -> 21(gpu)   volume = 0.125
   epoch 3:  33(SW) -> 31(gpu)   volume = 0.125
   epoch 3:  34(SW) ->  1(gpu)   volume = 0.125
   epoch 3:  34(SW) -> 10(gpu)   volume = 0.125
   epoch 3:  34(SW) -> 12(gpu)   volume = 0.125
   epoch 3:  34(SW) -> 14(gpu)   volume = 0.125
   epoch 3:  34(SW) -> 18(gpu)   volume = 0.125
   epoch 3:  34(SW) -> 21(gpu)   volume = 0.125
   epoch 3:  34(SW) -> 31(gpu)   volume = 0.125
   epoch 3:  35(SW) ->  1(gpu)   volume = 0.125
   epoch 3:  35(SW) -> 10(gpu)   volume = 0.125
   epoch 3:  35(SW) -> 12(gpu)   volume = 0.125
   epoch 3:  35(SW) -> 14(gpu)   volume = 0.125
   epoch 3:  35(SW) -> 18(gpu)   volume = 0.125
   epoch 3:  35(SW) -> 21(gpu)   volume = 0.125
   epoch 3:  35(SW) -> 31(gpu)   volume = 0.125
   epoch 3:  36(SW) ->  1(gpu)   volume = 0.125
   epoch 3:  36(SW) -> 10(gpu)   volume = 0.125
   epoch 3:  36(SW) -> 12(gpu)   volume = 0.125
   epoch 3:  36(SW) -> 14(gpu)   volume = 0.125
   epoch 3:  36(SW) -> 18(gpu)   volume = 0.125
   epoch 3:  36(SW) -> 21(gpu)   volume = 0.125
   epoch 3:  36(SW) -> 31(gpu)   volume = 0.125
   epoch 3:  37(SW) ->  1(gpu)   volume = 0.125
   epoch 3:  37(SW) -> 10(gpu)   volume = 0.125
   epoch 3:  37(SW) -> 12(gpu)   volume = 0.125
   epoch 3:  37(SW) -> 14(gpu)   volume = 0.125
   epoch 3:  37(SW) -> 18(gpu)   volume = 0.125
   epoch 3:  37(SW) -> 21(gpu)   volume = 0.125
   epoch 3:  37(SW) -> 31(gpu)   volume = 0.125
   epoch 3:  38(SW) ->  1(gpu)   volume = 0.125
   epoch 3:  38(SW) -> 10(gpu)   volume = 0.125
   epoch 3:  38(SW) -> 12(gpu)   volume = 0.125
   epoch 3:  38(SW) -> 14(gpu)   volume = 0.125
   epoch 3:  38(SW) -> 18(gpu)   volume = 0.125
   epoch 3:  38(SW) -> 21(gpu)   volume = 0.125
   epoch 3:  38(SW) -> 31(gpu)   volume = 0.125
   epoch 3:  39(SW) ->  1(gpu)   volume = 0.125
   epoch 3:  39(SW) -> 10(gpu)   volume = 0.125
   epoch 3:  39(SW) -> 12(gpu)   volume = 0.125
   epoch 3:  39(SW) -> 14(gpu)   volume = 0.125
   epoch 3:  39(SW) -> 18(gpu)   volume = 0.125
   epoch 3:  39(SW) -> 21(gpu)   volume = 0.125
   epoch 3:  39(SW) -> 31(gpu)   volume = 0.125

-- source 28 --
   epoch 0:  28(gpu) -> 32(SW)   volume = 1.0
   epoch 0:  28(gpu) -> 33(SW)   volume = 1.0
   epoch 0:  28(gpu) -> 34(SW)   volume = 1.0
   epoch 0:  28(gpu) -> 35(SW)   volume = 1.0
   epoch 0:  28(gpu) -> 36(SW)   volume = 1.0
   epoch 0:  28(gpu) -> 37(SW)   volume = 1.0
   epoch 0:  28(gpu) -> 38(SW)   volume = 1.0
   epoch 0:  28(gpu) -> 39(SW)   volume = 1.0
   epoch 0:  32(SW) ->  0(gpu)   volume = 0.125
   epoch 0:  32(SW) ->  3(gpu)   volume = 0.125
   epoch 0:  32(SW) ->  8(gpu)   volume = 0.125
   epoch 0:  32(SW) -> 10(gpu)   volume = 0.125
   epoch 0:  32(SW) -> 13(gpu)   volume = 0.125
   epoch 0:  32(SW) -> 20(gpu)   volume = 0.125
   epoch 0:  32(SW) -> 21(gpu)   volume = 0.125
   epoch 0:  32(SW) -> 27(gpu)   volume = 0.125
   epoch 0:  33(SW) ->  0(gpu)   volume = 0.125
   epoch 0:  33(SW) ->  3(gpu)   volume = 0.125
   epoch 0:  33(SW) ->  8(gpu)   volume = 0.125
   epoch 0:  33(SW) -> 10(gpu)   volume = 0.125
   epoch 0:  33(SW) -> 13(gpu)   volume = 0.125
   epoch 0:  33(SW) -> 20(gpu)   volume = 0.125
   epoch 0:  33(SW) -> 21(gpu)   volume = 0.125
   epoch 0:  33(SW) -> 27(gpu)   volume = 0.125
   epoch 0:  34(SW) ->  0(gpu)   volume = 0.125
   epoch 0:  34(SW) ->  3(gpu)   volume = 0.125
   epoch 0:  34(SW) ->  8(gpu)   volume = 0.125
   epoch 0:  34(SW) -> 10(gpu)   volume = 0.125
   epoch 0:  34(SW) -> 13(gpu)   volume = 0.125
   epoch 0:  34(SW) -> 20(gpu)   volume = 0.125
   epoch 0:  34(SW) -> 21(gpu)   volume = 0.125
   epoch 0:  34(SW) -> 27(gpu)   volume = 0.125
   epoch 0:  35(SW) ->  0(gpu)   volume = 0.125
   epoch 0:  35(SW) ->  3(gpu)   volume = 0.125
   epoch 0:  35(SW) ->  8(gpu)   volume = 0.125
   epoch 0:  35(SW) -> 10(gpu)   volume = 0.125
   epoch 0:  35(SW) -> 13(gpu)   volume = 0.125
   epoch 0:  35(SW) -> 20(gpu)   volume = 0.125
   epoch 0:  35(SW) -> 21(gpu)   volume = 0.125
   epoch 0:  35(SW) -> 27(gpu)   volume = 0.125
   epoch 0:  36(SW) ->  0(gpu)   volume = 0.125
   epoch 0:  36(SW) ->  3(gpu)   volume = 0.125
   epoch 0:  36(SW) ->  8(gpu)   volume = 0.125
   epoch 0:  36(SW) -> 10(gpu)   volume = 0.125
   epoch 0:  36(SW) -> 13(gpu)   volume = 0.125
   epoch 0:  36(SW) -> 20(gpu)   volume = 0.125
   epoch 0:  36(SW) -> 21(gpu)   volume = 0.125
   epoch 0:  36(SW) -> 27(gpu)   volume = 0.125
   epoch 0:  37(SW) ->  0(gpu)   volume = 0.125
   epoch 0:  37(SW) ->  3(gpu)   volume = 0.125
   epoch 0:  37(SW) ->  8(gpu)   volume = 0.125
   epoch 0:  37(SW) -> 10(gpu)   volume = 0.125
   epoch 0:  37(SW) -> 13(gpu)   volume = 0.125
   epoch 0:  37(SW) -> 20(gpu)   volume = 0.125
   epoch 0:  37(SW) -> 21(gpu)   volume = 0.125
   epoch 0:  37(SW) -> 27(gpu)   volume = 0.125
   epoch 0:  38(SW) ->  0(gpu)   volume = 0.125
   epoch 0:  38(SW) ->  3(gpu)   volume = 0.125
   epoch 0:  38(SW) ->  8(gpu)   volume = 0.125
   epoch 0:  38(SW) -> 10(gpu)   volume = 0.125
   epoch 0:  38(SW) -> 13(gpu)   volume = 0.125
   epoch 0:  38(SW) -> 20(gpu)   volume = 0.125
   epoch 0:  38(SW) -> 21(gpu)   volume = 0.125
   epoch 0:  38(SW) -> 27(gpu)   volume = 0.125
   epoch 0:  39(SW) ->  0(gpu)   volume = 0.125
   epoch 0:  39(SW) ->  3(gpu)   volume = 0.125
   epoch 0:  39(SW) ->  8(gpu)   volume = 0.125
   epoch 0:  39(SW) -> 10(gpu)   volume = 0.125
   epoch 0:  39(SW) -> 13(gpu)   volume = 0.125
   epoch 0:  39(SW) -> 20(gpu)   volume = 0.125
   epoch 0:  39(SW) -> 21(gpu)   volume = 0.125
   epoch 0:  39(SW) -> 27(gpu)   volume = 0.125
   epoch 1:  28(gpu) -> 32(SW)   volume = 1.0
   epoch 1:  28(gpu) -> 33(SW)   volume = 1.0
   epoch 1:  28(gpu) -> 34(SW)   volume = 1.0
   epoch 1:  28(gpu) -> 35(SW)   volume = 1.0
   epoch 1:  28(gpu) -> 36(SW)   volume = 1.0
   epoch 1:  28(gpu) -> 37(SW)   volume = 1.0
   epoch 1:  28(gpu) -> 38(SW)   volume = 1.0
   epoch 1:  28(gpu) -> 39(SW)   volume = 1.0
   epoch 1:  32(SW) ->  4(gpu)   volume = 0.125
   epoch 1:  32(SW) -> 15(gpu)   volume = 0.125
   epoch 1:  32(SW) -> 17(gpu)   volume = 0.125
   epoch 1:  32(SW) -> 22(gpu)   volume = 0.125
   epoch 1:  32(SW) -> 23(gpu)   volume = 0.125
   epoch 1:  32(SW) -> 26(gpu)   volume = 0.125
   epoch 1:  32(SW) -> 29(gpu)   volume = 0.125
   epoch 1:  32(SW) -> 30(gpu)   volume = 0.125
   epoch 1:  33(SW) ->  4(gpu)   volume = 0.125
   epoch 1:  33(SW) -> 15(gpu)   volume = 0.125
   epoch 1:  33(SW) -> 17(gpu)   volume = 0.125
   epoch 1:  33(SW) -> 22(gpu)   volume = 0.125
   epoch 1:  33(SW) -> 23(gpu)   volume = 0.125
   epoch 1:  33(SW) -> 26(gpu)   volume = 0.125
   epoch 1:  33(SW) -> 29(gpu)   volume = 0.125
   epoch 1:  33(SW) -> 30(gpu)   volume = 0.125
   epoch 1:  34(SW) ->  4(gpu)   volume = 0.125
   epoch 1:  34(SW) -> 15(gpu)   volume = 0.125
   epoch 1:  34(SW) -> 17(gpu)   volume = 0.125
   epoch 1:  34(SW) -> 22(gpu)   volume = 0.125
   epoch 1:  34(SW) -> 23(gpu)   volume = 0.125
   epoch 1:  34(SW) -> 26(gpu)   volume = 0.125
   epoch 1:  34(SW) -> 29(gpu)   volume = 0.125
   epoch 1:  34(SW) -> 30(gpu)   volume = 0.125
   epoch 1:  35(SW) ->  4(gpu)   volume = 0.125
   epoch 1:  35(SW) -> 15(gpu)   volume = 0.125
   epoch 1:  35(SW) -> 17(gpu)   volume = 0.125
   epoch 1:  35(SW) -> 22(gpu)   volume = 0.125
   epoch 1:  35(SW) -> 23(gpu)   volume = 0.125
   epoch 1:  35(SW) -> 26(gpu)   volume = 0.125
   epoch 1:  35(SW) -> 29(gpu)   volume = 0.125
   epoch 1:  35(SW) -> 30(gpu)   volume = 0.125
   epoch 1:  36(SW) ->  4(gpu)   volume = 0.125
   epoch 1:  36(SW) -> 15(gpu)   volume = 0.125
   epoch 1:  36(SW) -> 17(gpu)   volume = 0.125
   epoch 1:  36(SW) -> 22(gpu)   volume = 0.125
   epoch 1:  36(SW) -> 23(gpu)   volume = 0.125
   epoch 1:  36(SW) -> 26(gpu)   volume = 0.125
   epoch 1:  36(SW) -> 29(gpu)   volume = 0.125
   epoch 1:  36(SW) -> 30(gpu)   volume = 0.125
   epoch 1:  37(SW) ->  4(gpu)   volume = 0.125
   epoch 1:  37(SW) -> 15(gpu)   volume = 0.125
   epoch 1:  37(SW) -> 17(gpu)   volume = 0.125
   epoch 1:  37(SW) -> 22(gpu)   volume = 0.125
   epoch 1:  37(SW) -> 23(gpu)   volume = 0.125
   epoch 1:  37(SW) -> 26(gpu)   volume = 0.125
   epoch 1:  37(SW) -> 29(gpu)   volume = 0.125
   epoch 1:  37(SW) -> 30(gpu)   volume = 0.125
   epoch 1:  38(SW) ->  4(gpu)   volume = 0.125
   epoch 1:  38(SW) -> 15(gpu)   volume = 0.125
   epoch 1:  38(SW) -> 17(gpu)   volume = 0.125
   epoch 1:  38(SW) -> 22(gpu)   volume = 0.125
   epoch 1:  38(SW) -> 23(gpu)   volume = 0.125
   epoch 1:  38(SW) -> 26(gpu)   volume = 0.125
   epoch 1:  38(SW) -> 29(gpu)   volume = 0.125
   epoch 1:  38(SW) -> 30(gpu)   volume = 0.125
   epoch 1:  39(SW) ->  4(gpu)   volume = 0.125
   epoch 1:  39(SW) -> 15(gpu)   volume = 0.125
   epoch 1:  39(SW) -> 17(gpu)   volume = 0.125
   epoch 1:  39(SW) -> 22(gpu)   volume = 0.125
   epoch 1:  39(SW) -> 23(gpu)   volume = 0.125
   epoch 1:  39(SW) -> 26(gpu)   volume = 0.125
   epoch 1:  39(SW) -> 29(gpu)   volume = 0.125
   epoch 1:  39(SW) -> 30(gpu)   volume = 0.125
   epoch 2:  28(gpu) -> 32(SW)   volume = 1.0
   epoch 2:  28(gpu) -> 33(SW)   volume = 1.0
   epoch 2:  28(gpu) -> 34(SW)   volume = 1.0
   epoch 2:  28(gpu) -> 35(SW)   volume = 1.0
   epoch 2:  28(gpu) -> 36(SW)   volume = 1.0
   epoch 2:  28(gpu) -> 37(SW)   volume = 1.0
   epoch 2:  28(gpu) -> 38(SW)   volume = 1.0
   epoch 2:  28(gpu) -> 39(SW)   volume = 1.0
   epoch 2:  32(SW) ->  1(gpu)   volume = 0.125
   epoch 2:  32(SW) ->  5(gpu)   volume = 0.125
   epoch 2:  32(SW) -> 11(gpu)   volume = 0.125
   epoch 2:  32(SW) -> 12(gpu)   volume = 0.125
   epoch 2:  32(SW) -> 16(gpu)   volume = 0.125
   epoch 2:  32(SW) -> 18(gpu)   volume = 0.125
   epoch 2:  32(SW) -> 25(gpu)   volume = 0.125
   epoch 2:  32(SW) -> 31(gpu)   volume = 0.125
   epoch 2:  33(SW) ->  1(gpu)   volume = 0.125
   epoch 2:  33(SW) ->  5(gpu)   volume = 0.125
   epoch 2:  33(SW) -> 11(gpu)   volume = 0.125
   epoch 2:  33(SW) -> 12(gpu)   volume = 0.125
   epoch 2:  33(SW) -> 16(gpu)   volume = 0.125
   epoch 2:  33(SW) -> 18(gpu)   volume = 0.125
   epoch 2:  33(SW) -> 25(gpu)   volume = 0.125
   epoch 2:  33(SW) -> 31(gpu)   volume = 0.125
   epoch 2:  34(SW) ->  1(gpu)   volume = 0.125
   epoch 2:  34(SW) ->  5(gpu)   volume = 0.125
   epoch 2:  34(SW) -> 11(gpu)   volume = 0.125
   epoch 2:  34(SW) -> 12(gpu)   volume = 0.125
   epoch 2:  34(SW) -> 16(gpu)   volume = 0.125
   epoch 2:  34(SW) -> 18(gpu)   volume = 0.125
   epoch 2:  34(SW) -> 25(gpu)   volume = 0.125
   epoch 2:  34(SW) -> 31(gpu)   volume = 0.125
   epoch 2:  35(SW) ->  1(gpu)   volume = 0.125
   epoch 2:  35(SW) ->  5(gpu)   volume = 0.125
   epoch 2:  35(SW) -> 11(gpu)   volume = 0.125
   epoch 2:  35(SW) -> 12(gpu)   volume = 0.125
   epoch 2:  35(SW) -> 16(gpu)   volume = 0.125
   epoch 2:  35(SW) -> 18(gpu)   volume = 0.125
   epoch 2:  35(SW) -> 25(gpu)   volume = 0.125
   epoch 2:  35(SW) -> 31(gpu)   volume = 0.125
   epoch 2:  36(SW) ->  1(gpu)   volume = 0.125
   epoch 2:  36(SW) ->  5(gpu)   volume = 0.125
   epoch 2:  36(SW) -> 11(gpu)   volume = 0.125
   epoch 2:  36(SW) -> 12(gpu)   volume = 0.125
   epoch 2:  36(SW) -> 16(gpu)   volume = 0.125
   epoch 2:  36(SW) -> 18(gpu)   volume = 0.125
   epoch 2:  36(SW) -> 25(gpu)   volume = 0.125
   epoch 2:  36(SW) -> 31(gpu)   volume = 0.125
   epoch 2:  37(SW) ->  1(gpu)   volume = 0.125
   epoch 2:  37(SW) ->  5(gpu)   volume = 0.125
   epoch 2:  37(SW) -> 11(gpu)   volume = 0.125
   epoch 2:  37(SW) -> 12(gpu)   volume = 0.125
   epoch 2:  37(SW) -> 16(gpu)   volume = 0.125
   epoch 2:  37(SW) -> 18(gpu)   volume = 0.125
   epoch 2:  37(SW) -> 25(gpu)   volume = 0.125
   epoch 2:  37(SW) -> 31(gpu)   volume = 0.125
   epoch 2:  38(SW) ->  1(gpu)   volume = 0.125
   epoch 2:  38(SW) ->  5(gpu)   volume = 0.125
   epoch 2:  38(SW) -> 11(gpu)   volume = 0.125
   epoch 2:  38(SW) -> 12(gpu)   volume = 0.125
   epoch 2:  38(SW) -> 16(gpu)   volume = 0.125
   epoch 2:  38(SW) -> 18(gpu)   volume = 0.125
   epoch 2:  38(SW) -> 25(gpu)   volume = 0.125
   epoch 2:  38(SW) -> 31(gpu)   volume = 0.125
   epoch 2:  39(SW) ->  1(gpu)   volume = 0.125
   epoch 2:  39(SW) ->  5(gpu)   volume = 0.125
   epoch 2:  39(SW) -> 11(gpu)   volume = 0.125
   epoch 2:  39(SW) -> 12(gpu)   volume = 0.125
   epoch 2:  39(SW) -> 16(gpu)   volume = 0.125
   epoch 2:  39(SW) -> 18(gpu)   volume = 0.125
   epoch 2:  39(SW) -> 25(gpu)   volume = 0.125
   epoch 2:  39(SW) -> 31(gpu)   volume = 0.125
   epoch 3:  28(gpu) -> 32(SW)   volume = 0.875
   epoch 3:  28(gpu) -> 33(SW)   volume = 0.875
   epoch 3:  28(gpu) -> 34(SW)   volume = 0.875
   epoch 3:  28(gpu) -> 35(SW)   volume = 0.875
   epoch 3:  28(gpu) -> 36(SW)   volume = 0.875
   epoch 3:  28(gpu) -> 37(SW)   volume = 0.875
   epoch 3:  28(gpu) -> 38(SW)   volume = 0.875
   epoch 3:  28(gpu) -> 39(SW)   volume = 0.875
   epoch 3:  32(SW) ->  2(gpu)   volume = 0.125
   epoch 3:  32(SW) ->  6(gpu)   volume = 0.125
   epoch 3:  32(SW) ->  7(gpu)   volume = 0.125
   epoch 3:  32(SW) ->  9(gpu)   volume = 0.125
   epoch 3:  32(SW) -> 14(gpu)   volume = 0.125
   epoch 3:  32(SW) -> 19(gpu)   volume = 0.125
   epoch 3:  32(SW) -> 24(gpu)   volume = 0.125
   epoch 3:  33(SW) ->  2(gpu)   volume = 0.125
   epoch 3:  33(SW) ->  6(gpu)   volume = 0.125
   epoch 3:  33(SW) ->  7(gpu)   volume = 0.125
   epoch 3:  33(SW) ->  9(gpu)   volume = 0.125
   epoch 3:  33(SW) -> 14(gpu)   volume = 0.125
   epoch 3:  33(SW) -> 19(gpu)   volume = 0.125
   epoch 3:  33(SW) -> 24(gpu)   volume = 0.125
   epoch 3:  34(SW) ->  2(gpu)   volume = 0.125
   epoch 3:  34(SW) ->  6(gpu)   volume = 0.125
   epoch 3:  34(SW) ->  7(gpu)   volume = 0.125
   epoch 3:  34(SW) ->  9(gpu)   volume = 0.125
   epoch 3:  34(SW) -> 14(gpu)   volume = 0.125
   epoch 3:  34(SW) -> 19(gpu)   volume = 0.125
   epoch 3:  34(SW) -> 24(gpu)   volume = 0.125
   epoch 3:  35(SW) ->  2(gpu)   volume = 0.125
   epoch 3:  35(SW) ->  6(gpu)   volume = 0.125
   epoch 3:  35(SW) ->  7(gpu)   volume = 0.125
   epoch 3:  35(SW) ->  9(gpu)   volume = 0.125
   epoch 3:  35(SW) -> 14(gpu)   volume = 0.125
   epoch 3:  35(SW) -> 19(gpu)   volume = 0.125
   epoch 3:  35(SW) -> 24(gpu)   volume = 0.125
   epoch 3:  36(SW) ->  2(gpu)   volume = 0.125
   epoch 3:  36(SW) ->  6(gpu)   volume = 0.125
   epoch 3:  36(SW) ->  7(gpu)   volume = 0.125
   epoch 3:  36(SW) ->  9(gpu)   volume = 0.125
   epoch 3:  36(SW) -> 14(gpu)   volume = 0.125
   epoch 3:  36(SW) -> 19(gpu)   volume = 0.125
   epoch 3:  36(SW) -> 24(gpu)   volume = 0.125
   epoch 3:  37(SW) ->  2(gpu)   volume = 0.125
   epoch 3:  37(SW) ->  6(gpu)   volume = 0.125
   epoch 3:  37(SW) ->  7(gpu)   volume = 0.125
   epoch 3:  37(SW) ->  9(gpu)   volume = 0.125
   epoch 3:  37(SW) -> 14(gpu)   volume = 0.125
   epoch 3:  37(SW) -> 19(gpu)   volume = 0.125
   epoch 3:  37(SW) -> 24(gpu)   volume = 0.125
   epoch 3:  38(SW) ->  2(gpu)   volume = 0.125
   epoch 3:  38(SW) ->  6(gpu)   volume = 0.125
   epoch 3:  38(SW) ->  7(gpu)   volume = 0.125
   epoch 3:  38(SW) ->  9(gpu)   volume = 0.125
   epoch 3:  38(SW) -> 14(gpu)   volume = 0.125
   epoch 3:  38(SW) -> 19(gpu)   volume = 0.125
   epoch 3:  38(SW) -> 24(gpu)   volume = 0.125
   epoch 3:  39(SW) ->  2(gpu)   volume = 0.125
   epoch 3:  39(SW) ->  6(gpu)   volume = 0.125
   epoch 3:  39(SW) ->  7(gpu)   volume = 0.125
   epoch 3:  39(SW) ->  9(gpu)   volume = 0.125
   epoch 3:  39(SW) -> 14(gpu)   volume = 0.125
   epoch 3:  39(SW) -> 19(gpu)   volume = 0.125
   epoch 3:  39(SW) -> 24(gpu)   volume = 0.125

-- source 29 --
   epoch 0:  29(gpu) -> 32(SW)   volume = 1.0
   epoch 0:  29(gpu) -> 33(SW)   volume = 1.0
   epoch 0:  29(gpu) -> 34(SW)   volume = 1.0
   epoch 0:  29(gpu) -> 35(SW)   volume = 1.0
   epoch 0:  29(gpu) -> 36(SW)   volume = 1.0
   epoch 0:  29(gpu) -> 37(SW)   volume = 1.0
   epoch 0:  29(gpu) -> 38(SW)   volume = 1.0
   epoch 0:  29(gpu) -> 39(SW)   volume = 1.0
   epoch 0:  32(SW) ->  4(gpu)   volume = 0.125
   epoch 0:  32(SW) ->  6(gpu)   volume = 0.125
   epoch 0:  32(SW) ->  8(gpu)   volume = 0.125
   epoch 0:  32(SW) ->  9(gpu)   volume = 0.125
   epoch 0:  32(SW) -> 14(gpu)   volume = 0.125
   epoch 0:  32(SW) -> 18(gpu)   volume = 0.125
   epoch 0:  32(SW) -> 19(gpu)   volume = 0.125
   epoch 0:  32(SW) -> 20(gpu)   volume = 0.125
   epoch 0:  33(SW) ->  4(gpu)   volume = 0.125
   epoch 0:  33(SW) ->  6(gpu)   volume = 0.125
   epoch 0:  33(SW) ->  8(gpu)   volume = 0.125
   epoch 0:  33(SW) ->  9(gpu)   volume = 0.125
   epoch 0:  33(SW) -> 14(gpu)   volume = 0.125
   epoch 0:  33(SW) -> 18(gpu)   volume = 0.125
   epoch 0:  33(SW) -> 19(gpu)   volume = 0.125
   epoch 0:  33(SW) -> 20(gpu)   volume = 0.125
   epoch 0:  34(SW) ->  4(gpu)   volume = 0.125
   epoch 0:  34(SW) ->  6(gpu)   volume = 0.125
   epoch 0:  34(SW) ->  8(gpu)   volume = 0.125
   epoch 0:  34(SW) ->  9(gpu)   volume = 0.125
   epoch 0:  34(SW) -> 14(gpu)   volume = 0.125
   epoch 0:  34(SW) -> 18(gpu)   volume = 0.125
   epoch 0:  34(SW) -> 19(gpu)   volume = 0.125
   epoch 0:  34(SW) -> 20(gpu)   volume = 0.125
   epoch 0:  35(SW) ->  4(gpu)   volume = 0.125
   epoch 0:  35(SW) ->  6(gpu)   volume = 0.125
   epoch 0:  35(SW) ->  8(gpu)   volume = 0.125
   epoch 0:  35(SW) ->  9(gpu)   volume = 0.125
   epoch 0:  35(SW) -> 14(gpu)   volume = 0.125
   epoch 0:  35(SW) -> 18(gpu)   volume = 0.125
   epoch 0:  35(SW) -> 19(gpu)   volume = 0.125
   epoch 0:  35(SW) -> 20(gpu)   volume = 0.125
   epoch 0:  36(SW) ->  4(gpu)   volume = 0.125
   epoch 0:  36(SW) ->  6(gpu)   volume = 0.125
   epoch 0:  36(SW) ->  8(gpu)   volume = 0.125
   epoch 0:  36(SW) ->  9(gpu)   volume = 0.125
   epoch 0:  36(SW) -> 14(gpu)   volume = 0.125
   epoch 0:  36(SW) -> 18(gpu)   volume = 0.125
   epoch 0:  36(SW) -> 19(gpu)   volume = 0.125
   epoch 0:  36(SW) -> 20(gpu)   volume = 0.125
   epoch 0:  37(SW) ->  4(gpu)   volume = 0.125
   epoch 0:  37(SW) ->  6(gpu)   volume = 0.125
   epoch 0:  37(SW) ->  8(gpu)   volume = 0.125
   epoch 0:  37(SW) ->  9(gpu)   volume = 0.125
   epoch 0:  37(SW) -> 14(gpu)   volume = 0.125
   epoch 0:  37(SW) -> 18(gpu)   volume = 0.125
   epoch 0:  37(SW) -> 19(gpu)   volume = 0.125
   epoch 0:  37(SW) -> 20(gpu)   volume = 0.125
   epoch 0:  38(SW) ->  4(gpu)   volume = 0.125
   epoch 0:  38(SW) ->  6(gpu)   volume = 0.125
   epoch 0:  38(SW) ->  8(gpu)   volume = 0.125
   epoch 0:  38(SW) ->  9(gpu)   volume = 0.125
   epoch 0:  38(SW) -> 14(gpu)   volume = 0.125
   epoch 0:  38(SW) -> 18(gpu)   volume = 0.125
   epoch 0:  38(SW) -> 19(gpu)   volume = 0.125
   epoch 0:  38(SW) -> 20(gpu)   volume = 0.125
   epoch 0:  39(SW) ->  4(gpu)   volume = 0.125
   epoch 0:  39(SW) ->  6(gpu)   volume = 0.125
   epoch 0:  39(SW) ->  8(gpu)   volume = 0.125
   epoch 0:  39(SW) ->  9(gpu)   volume = 0.125
   epoch 0:  39(SW) -> 14(gpu)   volume = 0.125
   epoch 0:  39(SW) -> 18(gpu)   volume = 0.125
   epoch 0:  39(SW) -> 19(gpu)   volume = 0.125
   epoch 0:  39(SW) -> 20(gpu)   volume = 0.125
   epoch 1:  29(gpu) -> 32(SW)   volume = 1.0
   epoch 1:  29(gpu) -> 33(SW)   volume = 1.0
   epoch 1:  29(gpu) -> 34(SW)   volume = 1.0
   epoch 1:  29(gpu) -> 35(SW)   volume = 1.0
   epoch 1:  29(gpu) -> 36(SW)   volume = 1.0
   epoch 1:  29(gpu) -> 37(SW)   volume = 1.0
   epoch 1:  29(gpu) -> 38(SW)   volume = 1.0
   epoch 1:  29(gpu) -> 39(SW)   volume = 1.0
   epoch 1:  32(SW) ->  0(gpu)   volume = 0.125
   epoch 1:  32(SW) -> 10(gpu)   volume = 0.125
   epoch 1:  32(SW) -> 12(gpu)   volume = 0.125
   epoch 1:  32(SW) -> 21(gpu)   volume = 0.125
   epoch 1:  32(SW) -> 24(gpu)   volume = 0.125
   epoch 1:  32(SW) -> 25(gpu)   volume = 0.125
   epoch 1:  32(SW) -> 26(gpu)   volume = 0.125
   epoch 1:  32(SW) -> 31(gpu)   volume = 0.125
   epoch 1:  33(SW) ->  0(gpu)   volume = 0.125
   epoch 1:  33(SW) -> 10(gpu)   volume = 0.125
   epoch 1:  33(SW) -> 12(gpu)   volume = 0.125
   epoch 1:  33(SW) -> 21(gpu)   volume = 0.125
   epoch 1:  33(SW) -> 24(gpu)   volume = 0.125
   epoch 1:  33(SW) -> 25(gpu)   volume = 0.125
   epoch 1:  33(SW) -> 26(gpu)   volume = 0.125
   epoch 1:  33(SW) -> 31(gpu)   volume = 0.125
   epoch 1:  34(SW) ->  0(gpu)   volume = 0.125
   epoch 1:  34(SW) -> 10(gpu)   volume = 0.125
   epoch 1:  34(SW) -> 12(gpu)   volume = 0.125
   epoch 1:  34(SW) -> 21(gpu)   volume = 0.125
   epoch 1:  34(SW) -> 24(gpu)   volume = 0.125
   epoch 1:  34(SW) -> 25(gpu)   volume = 0.125
   epoch 1:  34(SW) -> 26(gpu)   volume = 0.125
   epoch 1:  34(SW) -> 31(gpu)   volume = 0.125
   epoch 1:  35(SW) ->  0(gpu)   volume = 0.125
   epoch 1:  35(SW) -> 10(gpu)   volume = 0.125
   epoch 1:  35(SW) -> 12(gpu)   volume = 0.125
   epoch 1:  35(SW) -> 21(gpu)   volume = 0.125
   epoch 1:  35(SW) -> 24(gpu)   volume = 0.125
   epoch 1:  35(SW) -> 25(gpu)   volume = 0.125
   epoch 1:  35(SW) -> 26(gpu)   volume = 0.125
   epoch 1:  35(SW) -> 31(gpu)   volume = 0.125
   epoch 1:  36(SW) ->  0(gpu)   volume = 0.125
   epoch 1:  36(SW) -> 10(gpu)   volume = 0.125
   epoch 1:  36(SW) -> 12(gpu)   volume = 0.125
   epoch 1:  36(SW) -> 21(gpu)   volume = 0.125
   epoch 1:  36(SW) -> 24(gpu)   volume = 0.125
   epoch 1:  36(SW) -> 25(gpu)   volume = 0.125
   epoch 1:  36(SW) -> 26(gpu)   volume = 0.125
   epoch 1:  36(SW) -> 31(gpu)   volume = 0.125
   epoch 1:  37(SW) ->  0(gpu)   volume = 0.125
   epoch 1:  37(SW) -> 10(gpu)   volume = 0.125
   epoch 1:  37(SW) -> 12(gpu)   volume = 0.125
   epoch 1:  37(SW) -> 21(gpu)   volume = 0.125
   epoch 1:  37(SW) -> 24(gpu)   volume = 0.125
   epoch 1:  37(SW) -> 25(gpu)   volume = 0.125
   epoch 1:  37(SW) -> 26(gpu)   volume = 0.125
   epoch 1:  37(SW) -> 31(gpu)   volume = 0.125
   epoch 1:  38(SW) ->  0(gpu)   volume = 0.125
   epoch 1:  38(SW) -> 10(gpu)   volume = 0.125
   epoch 1:  38(SW) -> 12(gpu)   volume = 0.125
   epoch 1:  38(SW) -> 21(gpu)   volume = 0.125
   epoch 1:  38(SW) -> 24(gpu)   volume = 0.125
   epoch 1:  38(SW) -> 25(gpu)   volume = 0.125
   epoch 1:  38(SW) -> 26(gpu)   volume = 0.125
   epoch 1:  38(SW) -> 31(gpu)   volume = 0.125
   epoch 1:  39(SW) ->  0(gpu)   volume = 0.125
   epoch 1:  39(SW) -> 10(gpu)   volume = 0.125
   epoch 1:  39(SW) -> 12(gpu)   volume = 0.125
   epoch 1:  39(SW) -> 21(gpu)   volume = 0.125
   epoch 1:  39(SW) -> 24(gpu)   volume = 0.125
   epoch 1:  39(SW) -> 25(gpu)   volume = 0.125
   epoch 1:  39(SW) -> 26(gpu)   volume = 0.125
   epoch 1:  39(SW) -> 31(gpu)   volume = 0.125
   epoch 2:  29(gpu) -> 32(SW)   volume = 1.0
   epoch 2:  29(gpu) -> 33(SW)   volume = 1.0
   epoch 2:  29(gpu) -> 34(SW)   volume = 1.0
   epoch 2:  29(gpu) -> 35(SW)   volume = 1.0
   epoch 2:  29(gpu) -> 36(SW)   volume = 1.0
   epoch 2:  29(gpu) -> 37(SW)   volume = 1.0
   epoch 2:  29(gpu) -> 38(SW)   volume = 1.0
   epoch 2:  29(gpu) -> 39(SW)   volume = 1.0
   epoch 2:  32(SW) ->  2(gpu)   volume = 0.125
   epoch 2:  32(SW) ->  7(gpu)   volume = 0.125
   epoch 2:  32(SW) -> 13(gpu)   volume = 0.125
   epoch 2:  32(SW) -> 16(gpu)   volume = 0.125
   epoch 2:  32(SW) -> 23(gpu)   volume = 0.125
   epoch 2:  32(SW) -> 27(gpu)   volume = 0.125
   epoch 2:  32(SW) -> 28(gpu)   volume = 0.125
   epoch 2:  32(SW) -> 30(gpu)   volume = 0.125
   epoch 2:  33(SW) ->  2(gpu)   volume = 0.125
   epoch 2:  33(SW) ->  7(gpu)   volume = 0.125
   epoch 2:  33(SW) -> 13(gpu)   volume = 0.125
   epoch 2:  33(SW) -> 16(gpu)   volume = 0.125
   epoch 2:  33(SW) -> 23(gpu)   volume = 0.125
   epoch 2:  33(SW) -> 27(gpu)   volume = 0.125
   epoch 2:  33(SW) -> 28(gpu)   volume = 0.125
   epoch 2:  33(SW) -> 30(gpu)   volume = 0.125
   epoch 2:  34(SW) ->  2(gpu)   volume = 0.125
   epoch 2:  34(SW) ->  7(gpu)   volume = 0.125
   epoch 2:  34(SW) -> 13(gpu)   volume = 0.125
   epoch 2:  34(SW) -> 16(gpu)   volume = 0.125
   epoch 2:  34(SW) -> 23(gpu)   volume = 0.125
   epoch 2:  34(SW) -> 27(gpu)   volume = 0.125
   epoch 2:  34(SW) -> 28(gpu)   volume = 0.125
   epoch 2:  34(SW) -> 30(gpu)   volume = 0.125
   epoch 2:  35(SW) ->  2(gpu)   volume = 0.125
   epoch 2:  35(SW) ->  7(gpu)   volume = 0.125
   epoch 2:  35(SW) -> 13(gpu)   volume = 0.125
   epoch 2:  35(SW) -> 16(gpu)   volume = 0.125
   epoch 2:  35(SW) -> 23(gpu)   volume = 0.125
   epoch 2:  35(SW) -> 27(gpu)   volume = 0.125
   epoch 2:  35(SW) -> 28(gpu)   volume = 0.125
   epoch 2:  35(SW) -> 30(gpu)   volume = 0.125
   epoch 2:  36(SW) ->  2(gpu)   volume = 0.125
   epoch 2:  36(SW) ->  7(gpu)   volume = 0.125
   epoch 2:  36(SW) -> 13(gpu)   volume = 0.125
   epoch 2:  36(SW) -> 16(gpu)   volume = 0.125
   epoch 2:  36(SW) -> 23(gpu)   volume = 0.125
   epoch 2:  36(SW) -> 27(gpu)   volume = 0.125
   epoch 2:  36(SW) -> 28(gpu)   volume = 0.125
   epoch 2:  36(SW) -> 30(gpu)   volume = 0.125
   epoch 2:  37(SW) ->  2(gpu)   volume = 0.125
   epoch 2:  37(SW) ->  7(gpu)   volume = 0.125
   epoch 2:  37(SW) -> 13(gpu)   volume = 0.125
   epoch 2:  37(SW) -> 16(gpu)   volume = 0.125
   epoch 2:  37(SW) -> 23(gpu)   volume = 0.125
   epoch 2:  37(SW) -> 27(gpu)   volume = 0.125
   epoch 2:  37(SW) -> 28(gpu)   volume = 0.125
   epoch 2:  37(SW) -> 30(gpu)   volume = 0.125
   epoch 2:  38(SW) ->  2(gpu)   volume = 0.125
   epoch 2:  38(SW) ->  7(gpu)   volume = 0.125
   epoch 2:  38(SW) -> 13(gpu)   volume = 0.125
   epoch 2:  38(SW) -> 16(gpu)   volume = 0.125
   epoch 2:  38(SW) -> 23(gpu)   volume = 0.125
   epoch 2:  38(SW) -> 27(gpu)   volume = 0.125
   epoch 2:  38(SW) -> 28(gpu)   volume = 0.125
   epoch 2:  38(SW) -> 30(gpu)   volume = 0.125
   epoch 2:  39(SW) ->  2(gpu)   volume = 0.125
   epoch 2:  39(SW) ->  7(gpu)   volume = 0.125
   epoch 2:  39(SW) -> 13(gpu)   volume = 0.125
   epoch 2:  39(SW) -> 16(gpu)   volume = 0.125
   epoch 2:  39(SW) -> 23(gpu)   volume = 0.125
   epoch 2:  39(SW) -> 27(gpu)   volume = 0.125
   epoch 2:  39(SW) -> 28(gpu)   volume = 0.125
   epoch 2:  39(SW) -> 30(gpu)   volume = 0.125
   epoch 3:  29(gpu) -> 32(SW)   volume = 0.875
   epoch 3:  29(gpu) -> 33(SW)   volume = 0.875
   epoch 3:  29(gpu) -> 34(SW)   volume = 0.875
   epoch 3:  29(gpu) -> 35(SW)   volume = 0.875
   epoch 3:  29(gpu) -> 36(SW)   volume = 0.875
   epoch 3:  29(gpu) -> 37(SW)   volume = 0.875
   epoch 3:  29(gpu) -> 38(SW)   volume = 0.875
   epoch 3:  29(gpu) -> 39(SW)   volume = 0.875
   epoch 3:  32(SW) ->  1(gpu)   volume = 0.125
   epoch 3:  32(SW) ->  3(gpu)   volume = 0.125
   epoch 3:  32(SW) ->  5(gpu)   volume = 0.125
   epoch 3:  32(SW) -> 11(gpu)   volume = 0.125
   epoch 3:  32(SW) -> 15(gpu)   volume = 0.125
   epoch 3:  32(SW) -> 17(gpu)   volume = 0.125
   epoch 3:  32(SW) -> 22(gpu)   volume = 0.125
   epoch 3:  33(SW) ->  1(gpu)   volume = 0.125
   epoch 3:  33(SW) ->  3(gpu)   volume = 0.125
   epoch 3:  33(SW) ->  5(gpu)   volume = 0.125
   epoch 3:  33(SW) -> 11(gpu)   volume = 0.125
   epoch 3:  33(SW) -> 15(gpu)   volume = 0.125
   epoch 3:  33(SW) -> 17(gpu)   volume = 0.125
   epoch 3:  33(SW) -> 22(gpu)   volume = 0.125
   epoch 3:  34(SW) ->  1(gpu)   volume = 0.125
   epoch 3:  34(SW) ->  3(gpu)   volume = 0.125
   epoch 3:  34(SW) ->  5(gpu)   volume = 0.125
   epoch 3:  34(SW) -> 11(gpu)   volume = 0.125
   epoch 3:  34(SW) -> 15(gpu)   volume = 0.125
   epoch 3:  34(SW) -> 17(gpu)   volume = 0.125
   epoch 3:  34(SW) -> 22(gpu)   volume = 0.125
   epoch 3:  35(SW) ->  1(gpu)   volume = 0.125
   epoch 3:  35(SW) ->  3(gpu)   volume = 0.125
   epoch 3:  35(SW) ->  5(gpu)   volume = 0.125
   epoch 3:  35(SW) -> 11(gpu)   volume = 0.125
   epoch 3:  35(SW) -> 15(gpu)   volume = 0.125
   epoch 3:  35(SW) -> 17(gpu)   volume = 0.125
   epoch 3:  35(SW) -> 22(gpu)   volume = 0.125
   epoch 3:  36(SW) ->  1(gpu)   volume = 0.125
   epoch 3:  36(SW) ->  3(gpu)   volume = 0.125
   epoch 3:  36(SW) ->  5(gpu)   volume = 0.125
   epoch 3:  36(SW) -> 11(gpu)   volume = 0.125
   epoch 3:  36(SW) -> 15(gpu)   volume = 0.125
   epoch 3:  36(SW) -> 17(gpu)   volume = 0.125
   epoch 3:  36(SW) -> 22(gpu)   volume = 0.125
   epoch 3:  37(SW) ->  1(gpu)   volume = 0.125
   epoch 3:  37(SW) ->  3(gpu)   volume = 0.125
   epoch 3:  37(SW) ->  5(gpu)   volume = 0.125
   epoch 3:  37(SW) -> 11(gpu)   volume = 0.125
   epoch 3:  37(SW) -> 15(gpu)   volume = 0.125
   epoch 3:  37(SW) -> 17(gpu)   volume = 0.125
   epoch 3:  37(SW) -> 22(gpu)   volume = 0.125
   epoch 3:  38(SW) ->  1(gpu)   volume = 0.125
   epoch 3:  38(SW) ->  3(gpu)   volume = 0.125
   epoch 3:  38(SW) ->  5(gpu)   volume = 0.125
   epoch 3:  38(SW) -> 11(gpu)   volume = 0.125
   epoch 3:  38(SW) -> 15(gpu)   volume = 0.125
   epoch 3:  38(SW) -> 17(gpu)   volume = 0.125
   epoch 3:  38(SW) -> 22(gpu)   volume = 0.125
   epoch 3:  39(SW) ->  1(gpu)   volume = 0.125
   epoch 3:  39(SW) ->  3(gpu)   volume = 0.125
   epoch 3:  39(SW) ->  5(gpu)   volume = 0.125
   epoch 3:  39(SW) -> 11(gpu)   volume = 0.125
   epoch 3:  39(SW) -> 15(gpu)   volume = 0.125
   epoch 3:  39(SW) -> 17(gpu)   volume = 0.125
   epoch 3:  39(SW) -> 22(gpu)   volume = 0.125

-- source 30 --
   epoch 0:  30(gpu) -> 32(SW)   volume = 1.0
   epoch 0:  30(gpu) -> 33(SW)   volume = 1.0
   epoch 0:  30(gpu) -> 34(SW)   volume = 1.0
   epoch 0:  30(gpu) -> 35(SW)   volume = 1.0
   epoch 0:  30(gpu) -> 36(SW)   volume = 1.0
   epoch 0:  30(gpu) -> 37(SW)   volume = 1.0
   epoch 0:  30(gpu) -> 38(SW)   volume = 1.0
   epoch 0:  30(gpu) -> 39(SW)   volume = 1.0
   epoch 0:  32(SW) ->  0(gpu)   volume = 0.125
   epoch 0:  32(SW) ->  1(gpu)   volume = 0.125
   epoch 0:  32(SW) ->  2(gpu)   volume = 0.125
   epoch 0:  32(SW) ->  5(gpu)   volume = 0.125
   epoch 0:  32(SW) ->  9(gpu)   volume = 0.125
   epoch 0:  32(SW) -> 10(gpu)   volume = 0.125
   epoch 0:  32(SW) -> 17(gpu)   volume = 0.125
   epoch 0:  32(SW) -> 19(gpu)   volume = 0.125
   epoch 0:  33(SW) ->  0(gpu)   volume = 0.125
   epoch 0:  33(SW) ->  1(gpu)   volume = 0.125
   epoch 0:  33(SW) ->  2(gpu)   volume = 0.125
   epoch 0:  33(SW) ->  5(gpu)   volume = 0.125
   epoch 0:  33(SW) ->  9(gpu)   volume = 0.125
   epoch 0:  33(SW) -> 10(gpu)   volume = 0.125
   epoch 0:  33(SW) -> 17(gpu)   volume = 0.125
   epoch 0:  33(SW) -> 19(gpu)   volume = 0.125
   epoch 0:  34(SW) ->  0(gpu)   volume = 0.125
   epoch 0:  34(SW) ->  1(gpu)   volume = 0.125
   epoch 0:  34(SW) ->  2(gpu)   volume = 0.125
   epoch 0:  34(SW) ->  5(gpu)   volume = 0.125
   epoch 0:  34(SW) ->  9(gpu)   volume = 0.125
   epoch 0:  34(SW) -> 10(gpu)   volume = 0.125
   epoch 0:  34(SW) -> 17(gpu)   volume = 0.125
   epoch 0:  34(SW) -> 19(gpu)   volume = 0.125
   epoch 0:  35(SW) ->  0(gpu)   volume = 0.125
   epoch 0:  35(SW) ->  1(gpu)   volume = 0.125
   epoch 0:  35(SW) ->  2(gpu)   volume = 0.125
   epoch 0:  35(SW) ->  5(gpu)   volume = 0.125
   epoch 0:  35(SW) ->  9(gpu)   volume = 0.125
   epoch 0:  35(SW) -> 10(gpu)   volume = 0.125
   epoch 0:  35(SW) -> 17(gpu)   volume = 0.125
   epoch 0:  35(SW) -> 19(gpu)   volume = 0.125
   epoch 0:  36(SW) ->  0(gpu)   volume = 0.125
   epoch 0:  36(SW) ->  1(gpu)   volume = 0.125
   epoch 0:  36(SW) ->  2(gpu)   volume = 0.125
   epoch 0:  36(SW) ->  5(gpu)   volume = 0.125
   epoch 0:  36(SW) ->  9(gpu)   volume = 0.125
   epoch 0:  36(SW) -> 10(gpu)   volume = 0.125
   epoch 0:  36(SW) -> 17(gpu)   volume = 0.125
   epoch 0:  36(SW) -> 19(gpu)   volume = 0.125
   epoch 0:  37(SW) ->  0(gpu)   volume = 0.125
   epoch 0:  37(SW) ->  1(gpu)   volume = 0.125
   epoch 0:  37(SW) ->  2(gpu)   volume = 0.125
   epoch 0:  37(SW) ->  5(gpu)   volume = 0.125
   epoch 0:  37(SW) ->  9(gpu)   volume = 0.125
   epoch 0:  37(SW) -> 10(gpu)   volume = 0.125
   epoch 0:  37(SW) -> 17(gpu)   volume = 0.125
   epoch 0:  37(SW) -> 19(gpu)   volume = 0.125
   epoch 0:  38(SW) ->  0(gpu)   volume = 0.125
   epoch 0:  38(SW) ->  1(gpu)   volume = 0.125
   epoch 0:  38(SW) ->  2(gpu)   volume = 0.125
   epoch 0:  38(SW) ->  5(gpu)   volume = 0.125
   epoch 0:  38(SW) ->  9(gpu)   volume = 0.125
   epoch 0:  38(SW) -> 10(gpu)   volume = 0.125
   epoch 0:  38(SW) -> 17(gpu)   volume = 0.125
   epoch 0:  38(SW) -> 19(gpu)   volume = 0.125
   epoch 0:  39(SW) ->  0(gpu)   volume = 0.125
   epoch 0:  39(SW) ->  1(gpu)   volume = 0.125
   epoch 0:  39(SW) ->  2(gpu)   volume = 0.125
   epoch 0:  39(SW) ->  5(gpu)   volume = 0.125
   epoch 0:  39(SW) ->  9(gpu)   volume = 0.125
   epoch 0:  39(SW) -> 10(gpu)   volume = 0.125
   epoch 0:  39(SW) -> 17(gpu)   volume = 0.125
   epoch 0:  39(SW) -> 19(gpu)   volume = 0.125
   epoch 1:  30(gpu) -> 32(SW)   volume = 1.0
   epoch 1:  30(gpu) -> 33(SW)   volume = 1.0
   epoch 1:  30(gpu) -> 34(SW)   volume = 1.0
   epoch 1:  30(gpu) -> 35(SW)   volume = 1.0
   epoch 1:  30(gpu) -> 36(SW)   volume = 1.0
   epoch 1:  30(gpu) -> 37(SW)   volume = 1.0
   epoch 1:  30(gpu) -> 38(SW)   volume = 1.0
   epoch 1:  30(gpu) -> 39(SW)   volume = 1.0
   epoch 1:  32(SW) ->  7(gpu)   volume = 0.125
   epoch 1:  32(SW) -> 13(gpu)   volume = 0.125
   epoch 1:  32(SW) -> 14(gpu)   volume = 0.125
   epoch 1:  32(SW) -> 18(gpu)   volume = 0.125
   epoch 1:  32(SW) -> 24(gpu)   volume = 0.125
   epoch 1:  32(SW) -> 27(gpu)   volume = 0.125
   epoch 1:  32(SW) -> 28(gpu)   volume = 0.125
   epoch 1:  32(SW) -> 29(gpu)   volume = 0.125
   epoch 1:  33(SW) ->  7(gpu)   volume = 0.125
   epoch 1:  33(SW) -> 13(gpu)   volume = 0.125
   epoch 1:  33(SW) -> 14(gpu)   volume = 0.125
   epoch 1:  33(SW) -> 18(gpu)   volume = 0.125
   epoch 1:  33(SW) -> 24(gpu)   volume = 0.125
   epoch 1:  33(SW) -> 27(gpu)   volume = 0.125
   epoch 1:  33(SW) -> 28(gpu)   volume = 0.125
   epoch 1:  33(SW) -> 29(gpu)   volume = 0.125
   epoch 1:  34(SW) ->  7(gpu)   volume = 0.125
   epoch 1:  34(SW) -> 13(gpu)   volume = 0.125
   epoch 1:  34(SW) -> 14(gpu)   volume = 0.125
   epoch 1:  34(SW) -> 18(gpu)   volume = 0.125
   epoch 1:  34(SW) -> 24(gpu)   volume = 0.125
   epoch 1:  34(SW) -> 27(gpu)   volume = 0.125
   epoch 1:  34(SW) -> 28(gpu)   volume = 0.125
   epoch 1:  34(SW) -> 29(gpu)   volume = 0.125
   epoch 1:  35(SW) ->  7(gpu)   volume = 0.125
   epoch 1:  35(SW) -> 13(gpu)   volume = 0.125
   epoch 1:  35(SW) -> 14(gpu)   volume = 0.125
   epoch 1:  35(SW) -> 18(gpu)   volume = 0.125
   epoch 1:  35(SW) -> 24(gpu)   volume = 0.125
   epoch 1:  35(SW) -> 27(gpu)   volume = 0.125
   epoch 1:  35(SW) -> 28(gpu)   volume = 0.125
   epoch 1:  35(SW) -> 29(gpu)   volume = 0.125
   epoch 1:  36(SW) ->  7(gpu)   volume = 0.125
   epoch 1:  36(SW) -> 13(gpu)   volume = 0.125
   epoch 1:  36(SW) -> 14(gpu)   volume = 0.125
   epoch 1:  36(SW) -> 18(gpu)   volume = 0.125
   epoch 1:  36(SW) -> 24(gpu)   volume = 0.125
   epoch 1:  36(SW) -> 27(gpu)   volume = 0.125
   epoch 1:  36(SW) -> 28(gpu)   volume = 0.125
   epoch 1:  36(SW) -> 29(gpu)   volume = 0.125
   epoch 1:  37(SW) ->  7(gpu)   volume = 0.125
   epoch 1:  37(SW) -> 13(gpu)   volume = 0.125
   epoch 1:  37(SW) -> 14(gpu)   volume = 0.125
   epoch 1:  37(SW) -> 18(gpu)   volume = 0.125
   epoch 1:  37(SW) -> 24(gpu)   volume = 0.125
   epoch 1:  37(SW) -> 27(gpu)   volume = 0.125
   epoch 1:  37(SW) -> 28(gpu)   volume = 0.125
   epoch 1:  37(SW) -> 29(gpu)   volume = 0.125
   epoch 1:  38(SW) ->  7(gpu)   volume = 0.125
   epoch 1:  38(SW) -> 13(gpu)   volume = 0.125
   epoch 1:  38(SW) -> 14(gpu)   volume = 0.125
   epoch 1:  38(SW) -> 18(gpu)   volume = 0.125
   epoch 1:  38(SW) -> 24(gpu)   volume = 0.125
   epoch 1:  38(SW) -> 27(gpu)   volume = 0.125
   epoch 1:  38(SW) -> 28(gpu)   volume = 0.125
   epoch 1:  38(SW) -> 29(gpu)   volume = 0.125
   epoch 1:  39(SW) ->  7(gpu)   volume = 0.125
   epoch 1:  39(SW) -> 13(gpu)   volume = 0.125
   epoch 1:  39(SW) -> 14(gpu)   volume = 0.125
   epoch 1:  39(SW) -> 18(gpu)   volume = 0.125
   epoch 1:  39(SW) -> 24(gpu)   volume = 0.125
   epoch 1:  39(SW) -> 27(gpu)   volume = 0.125
   epoch 1:  39(SW) -> 28(gpu)   volume = 0.125
   epoch 1:  39(SW) -> 29(gpu)   volume = 0.125
   epoch 2:  30(gpu) -> 32(SW)   volume = 1.0
   epoch 2:  30(gpu) -> 33(SW)   volume = 1.0
   epoch 2:  30(gpu) -> 34(SW)   volume = 1.0
   epoch 2:  30(gpu) -> 35(SW)   volume = 1.0
   epoch 2:  30(gpu) -> 36(SW)   volume = 1.0
   epoch 2:  30(gpu) -> 37(SW)   volume = 1.0
   epoch 2:  30(gpu) -> 38(SW)   volume = 1.0
   epoch 2:  30(gpu) -> 39(SW)   volume = 1.0
   epoch 2:  32(SW) ->  4(gpu)   volume = 0.125
   epoch 2:  32(SW) ->  8(gpu)   volume = 0.125
   epoch 2:  32(SW) -> 11(gpu)   volume = 0.125
   epoch 2:  32(SW) -> 22(gpu)   volume = 0.125
   epoch 2:  32(SW) -> 23(gpu)   volume = 0.125
   epoch 2:  32(SW) -> 25(gpu)   volume = 0.125
   epoch 2:  32(SW) -> 26(gpu)   volume = 0.125
   epoch 2:  32(SW) -> 31(gpu)   volume = 0.125
   epoch 2:  33(SW) ->  4(gpu)   volume = 0.125
   epoch 2:  33(SW) ->  8(gpu)   volume = 0.125
   epoch 2:  33(SW) -> 11(gpu)   volume = 0.125
   epoch 2:  33(SW) -> 22(gpu)   volume = 0.125
   epoch 2:  33(SW) -> 23(gpu)   volume = 0.125
   epoch 2:  33(SW) -> 25(gpu)   volume = 0.125
   epoch 2:  33(SW) -> 26(gpu)   volume = 0.125
   epoch 2:  33(SW) -> 31(gpu)   volume = 0.125
   epoch 2:  34(SW) ->  4(gpu)   volume = 0.125
   epoch 2:  34(SW) ->  8(gpu)   volume = 0.125
   epoch 2:  34(SW) -> 11(gpu)   volume = 0.125
   epoch 2:  34(SW) -> 22(gpu)   volume = 0.125
   epoch 2:  34(SW) -> 23(gpu)   volume = 0.125
   epoch 2:  34(SW) -> 25(gpu)   volume = 0.125
   epoch 2:  34(SW) -> 26(gpu)   volume = 0.125
   epoch 2:  34(SW) -> 31(gpu)   volume = 0.125
   epoch 2:  35(SW) ->  4(gpu)   volume = 0.125
   epoch 2:  35(SW) ->  8(gpu)   volume = 0.125
   epoch 2:  35(SW) -> 11(gpu)   volume = 0.125
   epoch 2:  35(SW) -> 22(gpu)   volume = 0.125
   epoch 2:  35(SW) -> 23(gpu)   volume = 0.125
   epoch 2:  35(SW) -> 25(gpu)   volume = 0.125
   epoch 2:  35(SW) -> 26(gpu)   volume = 0.125
   epoch 2:  35(SW) -> 31(gpu)   volume = 0.125
   epoch 2:  36(SW) ->  4(gpu)   volume = 0.125
   epoch 2:  36(SW) ->  8(gpu)   volume = 0.125
   epoch 2:  36(SW) -> 11(gpu)   volume = 0.125
   epoch 2:  36(SW) -> 22(gpu)   volume = 0.125
   epoch 2:  36(SW) -> 23(gpu)   volume = 0.125
   epoch 2:  36(SW) -> 25(gpu)   volume = 0.125
   epoch 2:  36(SW) -> 26(gpu)   volume = 0.125
   epoch 2:  36(SW) -> 31(gpu)   volume = 0.125
   epoch 2:  37(SW) ->  4(gpu)   volume = 0.125
   epoch 2:  37(SW) ->  8(gpu)   volume = 0.125
   epoch 2:  37(SW) -> 11(gpu)   volume = 0.125
   epoch 2:  37(SW) -> 22(gpu)   volume = 0.125
   epoch 2:  37(SW) -> 23(gpu)   volume = 0.125
   epoch 2:  37(SW) -> 25(gpu)   volume = 0.125
   epoch 2:  37(SW) -> 26(gpu)   volume = 0.125
   epoch 2:  37(SW) -> 31(gpu)   volume = 0.125
   epoch 2:  38(SW) ->  4(gpu)   volume = 0.125
   epoch 2:  38(SW) ->  8(gpu)   volume = 0.125
   epoch 2:  38(SW) -> 11(gpu)   volume = 0.125
   epoch 2:  38(SW) -> 22(gpu)   volume = 0.125
   epoch 2:  38(SW) -> 23(gpu)   volume = 0.125
   epoch 2:  38(SW) -> 25(gpu)   volume = 0.125
   epoch 2:  38(SW) -> 26(gpu)   volume = 0.125
   epoch 2:  38(SW) -> 31(gpu)   volume = 0.125
   epoch 2:  39(SW) ->  4(gpu)   volume = 0.125
   epoch 2:  39(SW) ->  8(gpu)   volume = 0.125
   epoch 2:  39(SW) -> 11(gpu)   volume = 0.125
   epoch 2:  39(SW) -> 22(gpu)   volume = 0.125
   epoch 2:  39(SW) -> 23(gpu)   volume = 0.125
   epoch 2:  39(SW) -> 25(gpu)   volume = 0.125
   epoch 2:  39(SW) -> 26(gpu)   volume = 0.125
   epoch 2:  39(SW) -> 31(gpu)   volume = 0.125
   epoch 3:  30(gpu) -> 32(SW)   volume = 0.875
   epoch 3:  30(gpu) -> 33(SW)   volume = 0.875
   epoch 3:  30(gpu) -> 34(SW)   volume = 0.875
   epoch 3:  30(gpu) -> 35(SW)   volume = 0.875
   epoch 3:  30(gpu) -> 36(SW)   volume = 0.875
   epoch 3:  30(gpu) -> 37(SW)   volume = 0.875
   epoch 3:  30(gpu) -> 38(SW)   volume = 0.875
   epoch 3:  30(gpu) -> 39(SW)   volume = 0.875
   epoch 3:  32(SW) ->  3(gpu)   volume = 0.125
   epoch 3:  32(SW) ->  6(gpu)   volume = 0.125
   epoch 3:  32(SW) -> 12(gpu)   volume = 0.125
   epoch 3:  32(SW) -> 15(gpu)   volume = 0.125
   epoch 3:  32(SW) -> 16(gpu)   volume = 0.125
   epoch 3:  32(SW) -> 20(gpu)   volume = 0.125
   epoch 3:  32(SW) -> 21(gpu)   volume = 0.125
   epoch 3:  33(SW) ->  3(gpu)   volume = 0.125
   epoch 3:  33(SW) ->  6(gpu)   volume = 0.125
   epoch 3:  33(SW) -> 12(gpu)   volume = 0.125
   epoch 3:  33(SW) -> 15(gpu)   volume = 0.125
   epoch 3:  33(SW) -> 16(gpu)   volume = 0.125
   epoch 3:  33(SW) -> 20(gpu)   volume = 0.125
   epoch 3:  33(SW) -> 21(gpu)   volume = 0.125
   epoch 3:  34(SW) ->  3(gpu)   volume = 0.125
   epoch 3:  34(SW) ->  6(gpu)   volume = 0.125
   epoch 3:  34(SW) -> 12(gpu)   volume = 0.125
   epoch 3:  34(SW) -> 15(gpu)   volume = 0.125
   epoch 3:  34(SW) -> 16(gpu)   volume = 0.125
   epoch 3:  34(SW) -> 20(gpu)   volume = 0.125
   epoch 3:  34(SW) -> 21(gpu)   volume = 0.125
   epoch 3:  35(SW) ->  3(gpu)   volume = 0.125
   epoch 3:  35(SW) ->  6(gpu)   volume = 0.125
   epoch 3:  35(SW) -> 12(gpu)   volume = 0.125
   epoch 3:  35(SW) -> 15(gpu)   volume = 0.125
   epoch 3:  35(SW) -> 16(gpu)   volume = 0.125
   epoch 3:  35(SW) -> 20(gpu)   volume = 0.125
   epoch 3:  35(SW) -> 21(gpu)   volume = 0.125
   epoch 3:  36(SW) ->  3(gpu)   volume = 0.125
   epoch 3:  36(SW) ->  6(gpu)   volume = 0.125
   epoch 3:  36(SW) -> 12(gpu)   volume = 0.125
   epoch 3:  36(SW) -> 15(gpu)   volume = 0.125
   epoch 3:  36(SW) -> 16(gpu)   volume = 0.125
   epoch 3:  36(SW) -> 20(gpu)   volume = 0.125
   epoch 3:  36(SW) -> 21(gpu)   volume = 0.125
   epoch 3:  37(SW) ->  3(gpu)   volume = 0.125
   epoch 3:  37(SW) ->  6(gpu)   volume = 0.125
   epoch 3:  37(SW) -> 12(gpu)   volume = 0.125
   epoch 3:  37(SW) -> 15(gpu)   volume = 0.125
   epoch 3:  37(SW) -> 16(gpu)   volume = 0.125
   epoch 3:  37(SW) -> 20(gpu)   volume = 0.125
   epoch 3:  37(SW) -> 21(gpu)   volume = 0.125
   epoch 3:  38(SW) ->  3(gpu)   volume = 0.125
   epoch 3:  38(SW) ->  6(gpu)   volume = 0.125
   epoch 3:  38(SW) -> 12(gpu)   volume = 0.125
   epoch 3:  38(SW) -> 15(gpu)   volume = 0.125
   epoch 3:  38(SW) -> 16(gpu)   volume = 0.125
   epoch 3:  38(SW) -> 20(gpu)   volume = 0.125
   epoch 3:  38(SW) -> 21(gpu)   volume = 0.125
   epoch 3:  39(SW) ->  3(gpu)   volume = 0.125
   epoch 3:  39(SW) ->  6(gpu)   volume = 0.125
   epoch 3:  39(SW) -> 12(gpu)   volume = 0.125
   epoch 3:  39(SW) -> 15(gpu)   volume = 0.125
   epoch 3:  39(SW) -> 16(gpu)   volume = 0.125
   epoch 3:  39(SW) -> 20(gpu)   volume = 0.125
   epoch 3:  39(SW) -> 21(gpu)   volume = 0.125

-- source 31 --
   epoch 0:  31(gpu) -> 32(SW)   volume = 1.0
   epoch 0:  31(gpu) -> 33(SW)   volume = 1.0
   epoch 0:  31(gpu) -> 34(SW)   volume = 1.0
   epoch 0:  31(gpu) -> 35(SW)   volume = 1.0
   epoch 0:  31(gpu) -> 36(SW)   volume = 1.0
   epoch 0:  31(gpu) -> 37(SW)   volume = 1.0
   epoch 0:  31(gpu) -> 38(SW)   volume = 1.0
   epoch 0:  31(gpu) -> 39(SW)   volume = 1.0
   epoch 0:  32(SW) ->  0(gpu)   volume = 0.125
   epoch 0:  32(SW) ->  1(gpu)   volume = 0.125
   epoch 0:  32(SW) ->  4(gpu)   volume = 0.125
   epoch 0:  32(SW) ->  6(gpu)   volume = 0.125
   epoch 0:  32(SW) -> 11(gpu)   volume = 0.125
   epoch 0:  32(SW) -> 12(gpu)   volume = 0.125
   epoch 0:  32(SW) -> 15(gpu)   volume = 0.125
   epoch 0:  32(SW) -> 16(gpu)   volume = 0.125
   epoch 0:  33(SW) ->  0(gpu)   volume = 0.125
   epoch 0:  33(SW) ->  1(gpu)   volume = 0.125
   epoch 0:  33(SW) ->  4(gpu)   volume = 0.125
   epoch 0:  33(SW) ->  6(gpu)   volume = 0.125
   epoch 0:  33(SW) -> 11(gpu)   volume = 0.125
   epoch 0:  33(SW) -> 12(gpu)   volume = 0.125
   epoch 0:  33(SW) -> 15(gpu)   volume = 0.125
   epoch 0:  33(SW) -> 16(gpu)   volume = 0.125
   epoch 0:  34(SW) ->  0(gpu)   volume = 0.125
   epoch 0:  34(SW) ->  1(gpu)   volume = 0.125
   epoch 0:  34(SW) ->  4(gpu)   volume = 0.125
   epoch 0:  34(SW) ->  6(gpu)   volume = 0.125
   epoch 0:  34(SW) -> 11(gpu)   volume = 0.125
   epoch 0:  34(SW) -> 12(gpu)   volume = 0.125
   epoch 0:  34(SW) -> 15(gpu)   volume = 0.125
   epoch 0:  34(SW) -> 16(gpu)   volume = 0.125
   epoch 0:  35(SW) ->  0(gpu)   volume = 0.125
   epoch 0:  35(SW) ->  1(gpu)   volume = 0.125
   epoch 0:  35(SW) ->  4(gpu)   volume = 0.125
   epoch 0:  35(SW) ->  6(gpu)   volume = 0.125
   epoch 0:  35(SW) -> 11(gpu)   volume = 0.125
   epoch 0:  35(SW) -> 12(gpu)   volume = 0.125
   epoch 0:  35(SW) -> 15(gpu)   volume = 0.125
   epoch 0:  35(SW) -> 16(gpu)   volume = 0.125
   epoch 0:  36(SW) ->  0(gpu)   volume = 0.125
   epoch 0:  36(SW) ->  1(gpu)   volume = 0.125
   epoch 0:  36(SW) ->  4(gpu)   volume = 0.125
   epoch 0:  36(SW) ->  6(gpu)   volume = 0.125
   epoch 0:  36(SW) -> 11(gpu)   volume = 0.125
   epoch 0:  36(SW) -> 12(gpu)   volume = 0.125
   epoch 0:  36(SW) -> 15(gpu)   volume = 0.125
   epoch 0:  36(SW) -> 16(gpu)   volume = 0.125
   epoch 0:  37(SW) ->  0(gpu)   volume = 0.125
   epoch 0:  37(SW) ->  1(gpu)   volume = 0.125
   epoch 0:  37(SW) ->  4(gpu)   volume = 0.125
   epoch 0:  37(SW) ->  6(gpu)   volume = 0.125
   epoch 0:  37(SW) -> 11(gpu)   volume = 0.125
   epoch 0:  37(SW) -> 12(gpu)   volume = 0.125
   epoch 0:  37(SW) -> 15(gpu)   volume = 0.125
   epoch 0:  37(SW) -> 16(gpu)   volume = 0.125
   epoch 0:  38(SW) ->  0(gpu)   volume = 0.125
   epoch 0:  38(SW) ->  1(gpu)   volume = 0.125
   epoch 0:  38(SW) ->  4(gpu)   volume = 0.125
   epoch 0:  38(SW) ->  6(gpu)   volume = 0.125
   epoch 0:  38(SW) -> 11(gpu)   volume = 0.125
   epoch 0:  38(SW) -> 12(gpu)   volume = 0.125
   epoch 0:  38(SW) -> 15(gpu)   volume = 0.125
   epoch 0:  38(SW) -> 16(gpu)   volume = 0.125
   epoch 0:  39(SW) ->  0(gpu)   volume = 0.125
   epoch 0:  39(SW) ->  1(gpu)   volume = 0.125
   epoch 0:  39(SW) ->  4(gpu)   volume = 0.125
   epoch 0:  39(SW) ->  6(gpu)   volume = 0.125
   epoch 0:  39(SW) -> 11(gpu)   volume = 0.125
   epoch 0:  39(SW) -> 12(gpu)   volume = 0.125
   epoch 0:  39(SW) -> 15(gpu)   volume = 0.125
   epoch 0:  39(SW) -> 16(gpu)   volume = 0.125
   epoch 1:  31(gpu) -> 32(SW)   volume = 1.0
   epoch 1:  31(gpu) -> 33(SW)   volume = 1.0
   epoch 1:  31(gpu) -> 34(SW)   volume = 1.0
   epoch 1:  31(gpu) -> 35(SW)   volume = 1.0
   epoch 1:  31(gpu) -> 36(SW)   volume = 1.0
   epoch 1:  31(gpu) -> 37(SW)   volume = 1.0
   epoch 1:  31(gpu) -> 38(SW)   volume = 1.0
   epoch 1:  31(gpu) -> 39(SW)   volume = 1.0
   epoch 1:  32(SW) ->  5(gpu)   volume = 0.125
   epoch 1:  32(SW) ->  7(gpu)   volume = 0.125
   epoch 1:  32(SW) ->  9(gpu)   volume = 0.125
   epoch 1:  32(SW) -> 14(gpu)   volume = 0.125
   epoch 1:  32(SW) -> 18(gpu)   volume = 0.125
   epoch 1:  32(SW) -> 23(gpu)   volume = 0.125
   epoch 1:  32(SW) -> 25(gpu)   volume = 0.125
   epoch 1:  32(SW) -> 30(gpu)   volume = 0.125
   epoch 1:  33(SW) ->  5(gpu)   volume = 0.125
   epoch 1:  33(SW) ->  7(gpu)   volume = 0.125
   epoch 1:  33(SW) ->  9(gpu)   volume = 0.125
   epoch 1:  33(SW) -> 14(gpu)   volume = 0.125
   epoch 1:  33(SW) -> 18(gpu)   volume = 0.125
   epoch 1:  33(SW) -> 23(gpu)   volume = 0.125
   epoch 1:  33(SW) -> 25(gpu)   volume = 0.125
   epoch 1:  33(SW) -> 30(gpu)   volume = 0.125
   epoch 1:  34(SW) ->  5(gpu)   volume = 0.125
   epoch 1:  34(SW) ->  7(gpu)   volume = 0.125
   epoch 1:  34(SW) ->  9(gpu)   volume = 0.125
   epoch 1:  34(SW) -> 14(gpu)   volume = 0.125
   epoch 1:  34(SW) -> 18(gpu)   volume = 0.125
   epoch 1:  34(SW) -> 23(gpu)   volume = 0.125
   epoch 1:  34(SW) -> 25(gpu)   volume = 0.125
   epoch 1:  34(SW) -> 30(gpu)   volume = 0.125
   epoch 1:  35(SW) ->  5(gpu)   volume = 0.125
   epoch 1:  35(SW) ->  7(gpu)   volume = 0.125
   epoch 1:  35(SW) ->  9(gpu)   volume = 0.125
   epoch 1:  35(SW) -> 14(gpu)   volume = 0.125
   epoch 1:  35(SW) -> 18(gpu)   volume = 0.125
   epoch 1:  35(SW) -> 23(gpu)   volume = 0.125
   epoch 1:  35(SW) -> 25(gpu)   volume = 0.125
   epoch 1:  35(SW) -> 30(gpu)   volume = 0.125
   epoch 1:  36(SW) ->  5(gpu)   volume = 0.125
   epoch 1:  36(SW) ->  7(gpu)   volume = 0.125
   epoch 1:  36(SW) ->  9(gpu)   volume = 0.125
   epoch 1:  36(SW) -> 14(gpu)   volume = 0.125
   epoch 1:  36(SW) -> 18(gpu)   volume = 0.125
   epoch 1:  36(SW) -> 23(gpu)   volume = 0.125
   epoch 1:  36(SW) -> 25(gpu)   volume = 0.125
   epoch 1:  36(SW) -> 30(gpu)   volume = 0.125
   epoch 1:  37(SW) ->  5(gpu)   volume = 0.125
   epoch 1:  37(SW) ->  7(gpu)   volume = 0.125
   epoch 1:  37(SW) ->  9(gpu)   volume = 0.125
   epoch 1:  37(SW) -> 14(gpu)   volume = 0.125
   epoch 1:  37(SW) -> 18(gpu)   volume = 0.125
   epoch 1:  37(SW) -> 23(gpu)   volume = 0.125
   epoch 1:  37(SW) -> 25(gpu)   volume = 0.125
   epoch 1:  37(SW) -> 30(gpu)   volume = 0.125
   epoch 1:  38(SW) ->  5(gpu)   volume = 0.125
   epoch 1:  38(SW) ->  7(gpu)   volume = 0.125
   epoch 1:  38(SW) ->  9(gpu)   volume = 0.125
   epoch 1:  38(SW) -> 14(gpu)   volume = 0.125
   epoch 1:  38(SW) -> 18(gpu)   volume = 0.125
   epoch 1:  38(SW) -> 23(gpu)   volume = 0.125
   epoch 1:  38(SW) -> 25(gpu)   volume = 0.125
   epoch 1:  38(SW) -> 30(gpu)   volume = 0.125
   epoch 1:  39(SW) ->  5(gpu)   volume = 0.125
   epoch 1:  39(SW) ->  7(gpu)   volume = 0.125
   epoch 1:  39(SW) ->  9(gpu)   volume = 0.125
   epoch 1:  39(SW) -> 14(gpu)   volume = 0.125
   epoch 1:  39(SW) -> 18(gpu)   volume = 0.125
   epoch 1:  39(SW) -> 23(gpu)   volume = 0.125
   epoch 1:  39(SW) -> 25(gpu)   volume = 0.125
   epoch 1:  39(SW) -> 30(gpu)   volume = 0.125
   epoch 2:  31(gpu) -> 32(SW)   volume = 1.0
   epoch 2:  31(gpu) -> 33(SW)   volume = 1.0
   epoch 2:  31(gpu) -> 34(SW)   volume = 1.0
   epoch 2:  31(gpu) -> 35(SW)   volume = 1.0
   epoch 2:  31(gpu) -> 36(SW)   volume = 1.0
   epoch 2:  31(gpu) -> 37(SW)   volume = 1.0
   epoch 2:  31(gpu) -> 38(SW)   volume = 1.0
   epoch 2:  31(gpu) -> 39(SW)   volume = 1.0
   epoch 2:  32(SW) ->  3(gpu)   volume = 0.125
   epoch 2:  32(SW) -> 21(gpu)   volume = 0.125
   epoch 2:  32(SW) -> 22(gpu)   volume = 0.125
   epoch 2:  32(SW) -> 24(gpu)   volume = 0.125
   epoch 2:  32(SW) -> 26(gpu)   volume = 0.125
   epoch 2:  32(SW) -> 27(gpu)   volume = 0.125
   epoch 2:  32(SW) -> 28(gpu)   volume = 0.125
   epoch 2:  32(SW) -> 29(gpu)   volume = 0.125
   epoch 2:  33(SW) ->  3(gpu)   volume = 0.125
   epoch 2:  33(SW) -> 21(gpu)   volume = 0.125
   epoch 2:  33(SW) -> 22(gpu)   volume = 0.125
   epoch 2:  33(SW) -> 24(gpu)   volume = 0.125
   epoch 2:  33(SW) -> 26(gpu)   volume = 0.125
   epoch 2:  33(SW) -> 27(gpu)   volume = 0.125
   epoch 2:  33(SW) -> 28(gpu)   volume = 0.125
   epoch 2:  33(SW) -> 29(gpu)   volume = 0.125
   epoch 2:  34(SW) ->  3(gpu)   volume = 0.125
   epoch 2:  34(SW) -> 21(gpu)   volume = 0.125
   epoch 2:  34(SW) -> 22(gpu)   volume = 0.125
   epoch 2:  34(SW) -> 24(gpu)   volume = 0.125
   epoch 2:  34(SW) -> 26(gpu)   volume = 0.125
   epoch 2:  34(SW) -> 27(gpu)   volume = 0.125
   epoch 2:  34(SW) -> 28(gpu)   volume = 0.125
   epoch 2:  34(SW) -> 29(gpu)   volume = 0.125
   epoch 2:  35(SW) ->  3(gpu)   volume = 0.125
   epoch 2:  35(SW) -> 21(gpu)   volume = 0.125
   epoch 2:  35(SW) -> 22(gpu)   volume = 0.125
   epoch 2:  35(SW) -> 24(gpu)   volume = 0.125
   epoch 2:  35(SW) -> 26(gpu)   volume = 0.125
   epoch 2:  35(SW) -> 27(gpu)   volume = 0.125
   epoch 2:  35(SW) -> 28(gpu)   volume = 0.125
   epoch 2:  35(SW) -> 29(gpu)   volume = 0.125
   epoch 2:  36(SW) ->  3(gpu)   volume = 0.125
   epoch 2:  36(SW) -> 21(gpu)   volume = 0.125
   epoch 2:  36(SW) -> 22(gpu)   volume = 0.125
   epoch 2:  36(SW) -> 24(gpu)   volume = 0.125
   epoch 2:  36(SW) -> 26(gpu)   volume = 0.125
   epoch 2:  36(SW) -> 27(gpu)   volume = 0.125
   epoch 2:  36(SW) -> 28(gpu)   volume = 0.125
   epoch 2:  36(SW) -> 29(gpu)   volume = 0.125
   epoch 2:  37(SW) ->  3(gpu)   volume = 0.125
   epoch 2:  37(SW) -> 21(gpu)   volume = 0.125
   epoch 2:  37(SW) -> 22(gpu)   volume = 0.125
   epoch 2:  37(SW) -> 24(gpu)   volume = 0.125
   epoch 2:  37(SW) -> 26(gpu)   volume = 0.125
   epoch 2:  37(SW) -> 27(gpu)   volume = 0.125
   epoch 2:  37(SW) -> 28(gpu)   volume = 0.125
   epoch 2:  37(SW) -> 29(gpu)   volume = 0.125
   epoch 2:  38(SW) ->  3(gpu)   volume = 0.125
   epoch 2:  38(SW) -> 21(gpu)   volume = 0.125
   epoch 2:  38(SW) -> 22(gpu)   volume = 0.125
   epoch 2:  38(SW) -> 24(gpu)   volume = 0.125
   epoch 2:  38(SW) -> 26(gpu)   volume = 0.125
   epoch 2:  38(SW) -> 27(gpu)   volume = 0.125
   epoch 2:  38(SW) -> 28(gpu)   volume = 0.125
   epoch 2:  38(SW) -> 29(gpu)   volume = 0.125
   epoch 2:  39(SW) ->  3(gpu)   volume = 0.125
   epoch 2:  39(SW) -> 21(gpu)   volume = 0.125
   epoch 2:  39(SW) -> 22(gpu)   volume = 0.125
   epoch 2:  39(SW) -> 24(gpu)   volume = 0.125
   epoch 2:  39(SW) -> 26(gpu)   volume = 0.125
   epoch 2:  39(SW) -> 27(gpu)   volume = 0.125
   epoch 2:  39(SW) -> 28(gpu)   volume = 0.125
   epoch 2:  39(SW) -> 29(gpu)   volume = 0.125
   epoch 3:  31(gpu) -> 32(SW)   volume = 0.875
   epoch 3:  31(gpu) -> 33(SW)   volume = 0.875
   epoch 3:  31(gpu) -> 34(SW)   volume = 0.875
   epoch 3:  31(gpu) -> 35(SW)   volume = 0.875
   epoch 3:  31(gpu) -> 36(SW)   volume = 0.875
   epoch 3:  31(gpu) -> 37(SW)   volume = 0.875
   epoch 3:  31(gpu) -> 38(SW)   volume = 0.875
   epoch 3:  31(gpu) -> 39(SW)   volume = 0.875
   epoch 3:  32(SW) ->  2(gpu)   volume = 0.125
   epoch 3:  32(SW) ->  8(gpu)   volume = 0.125
   epoch 3:  32(SW) -> 10(gpu)   volume = 0.125
   epoch 3:  32(SW) -> 13(gpu)   volume = 0.125
   epoch 3:  32(SW) -> 17(gpu)   volume = 0.125
   epoch 3:  32(SW) -> 19(gpu)   volume = 0.125
   epoch 3:  32(SW) -> 20(gpu)   volume = 0.125
   epoch 3:  33(SW) ->  2(gpu)   volume = 0.125
   epoch 3:  33(SW) ->  8(gpu)   volume = 0.125
   epoch 3:  33(SW) -> 10(gpu)   volume = 0.125
   epoch 3:  33(SW) -> 13(gpu)   volume = 0.125
   epoch 3:  33(SW) -> 17(gpu)   volume = 0.125
   epoch 3:  33(SW) -> 19(gpu)   volume = 0.125
   epoch 3:  33(SW) -> 20(gpu)   volume = 0.125
   epoch 3:  34(SW) ->  2(gpu)   volume = 0.125
   epoch 3:  34(SW) ->  8(gpu)   volume = 0.125
   epoch 3:  34(SW) -> 10(gpu)   volume = 0.125
   epoch 3:  34(SW) -> 13(gpu)   volume = 0.125
   epoch 3:  34(SW) -> 17(gpu)   volume = 0.125
   epoch 3:  34(SW) -> 19(gpu)   volume = 0.125
   epoch 3:  34(SW) -> 20(gpu)   volume = 0.125
   epoch 3:  35(SW) ->  2(gpu)   volume = 0.125
   epoch 3:  35(SW) ->  8(gpu)   volume = 0.125
   epoch 3:  35(SW) -> 10(gpu)   volume = 0.125
   epoch 3:  35(SW) -> 13(gpu)   volume = 0.125
   epoch 3:  35(SW) -> 17(gpu)   volume = 0.125
   epoch 3:  35(SW) -> 19(gpu)   volume = 0.125
   epoch 3:  35(SW) -> 20(gpu)   volume = 0.125
   epoch 3:  36(SW) ->  2(gpu)   volume = 0.125
   epoch 3:  36(SW) ->  8(gpu)   volume = 0.125
   epoch 3:  36(SW) -> 10(gpu)   volume = 0.125
   epoch 3:  36(SW) -> 13(gpu)   volume = 0.125
   epoch 3:  36(SW) -> 17(gpu)   volume = 0.125
   epoch 3:  36(SW) -> 19(gpu)   volume = 0.125
   epoch 3:  36(SW) -> 20(gpu)   volume = 0.125
   epoch 3:  37(SW) ->  2(gpu)   volume = 0.125
   epoch 3:  37(SW) ->  8(gpu)   volume = 0.125
   epoch 3:  37(SW) -> 10(gpu)   volume = 0.125
   epoch 3:  37(SW) -> 13(gpu)   volume = 0.125
   epoch 3:  37(SW) -> 17(gpu)   volume = 0.125
   epoch 3:  37(SW) -> 19(gpu)   volume = 0.125
   epoch 3:  37(SW) -> 20(gpu)   volume = 0.125
   epoch 3:  38(SW) ->  2(gpu)   volume = 0.125
   epoch 3:  38(SW) ->  8(gpu)   volume = 0.125
   epoch 3:  38(SW) -> 10(gpu)   volume = 0.125
   epoch 3:  38(SW) -> 13(gpu)   volume = 0.125
   epoch 3:  38(SW) -> 17(gpu)   volume = 0.125
   epoch 3:  38(SW) -> 19(gpu)   volume = 0.125
   epoch 3:  38(SW) -> 20(gpu)   volume = 0.125
   epoch 3:  39(SW) ->  2(gpu)   volume = 0.125
   epoch 3:  39(SW) ->  8(gpu)   volume = 0.125
   epoch 3:  39(SW) -> 10(gpu)   volume = 0.125
   epoch 3:  39(SW) -> 13(gpu)   volume = 0.125
   epoch 3:  39(SW) -> 17(gpu)   volume = 0.125
   epoch 3:  39(SW) -> 19(gpu)   volume = 0.125
   epoch 3:  39(SW) -> 20(gpu)   volume = 0.125

------------------------------------------------------------------------------
RAW CONSUMED VARS  T_s_d_k = consumed_at_k[source s][dest d][epoch k]
(volume of source s's demand absorbed AT destination d during epoch k)
------------------------------------------------------------------------------
   dest  0:  from source  1  epoch 1  consumed = 1.0
   dest  0:  from source  2  epoch 3  consumed = 1.0
   dest  0:  from source  3  epoch 2  consumed = 1.0
   dest  0:  from source  4  epoch 1  consumed = 1.0
   dest  0:  from source  5  epoch 3  consumed = 1.0
   dest  0:  from source  6  epoch 1  consumed = 1.0
   dest  0:  from source  7  epoch 3  consumed = 1.0
   dest  0:  from source  8  epoch 2  consumed = 1.0
   dest  0:  from source  9  epoch 2  consumed = 1.0
   dest  0:  from source 10  epoch 3  consumed = 1.0
   dest  0:  from source 11  epoch 2  consumed = 1.0
   dest  0:  from source 12  epoch 2  consumed = 1.0
   dest  0:  from source 13  epoch 1  consumed = 1.0
   dest  0:  from source 14  epoch 1  consumed = 1.0
   dest  0:  from source 15  epoch 0  consumed = 1.0
   dest  0:  from source 16  epoch 0  consumed = 1.0
   dest  0:  from source 17  epoch 3  consumed = 1.0
   dest  0:  from source 18  epoch 3  consumed = 1.0
   dest  0:  from source 19  epoch 2  consumed = 1.0
   dest  0:  from source 20  epoch 0  consumed = 1.0
   dest  0:  from source 21  epoch 3  consumed = 1.0
   dest  0:  from source 22  epoch 2  consumed = 1.0
   dest  0:  from source 23  epoch 1  consumed = 1.0
   dest  0:  from source 24  epoch 2  consumed = 1.0
   dest  0:  from source 25  epoch 0  consumed = 1.0
   dest  0:  from source 26  epoch 0  consumed = 1.0
   dest  0:  from source 27  epoch 1  consumed = 1.0
   dest  0:  from source 28  epoch 0  consumed = 1.0
   dest  0:  from source 29  epoch 1  consumed = 1.0
   dest  0:  from source 30  epoch 0  consumed = 1.0
   dest  0:  from source 31  epoch 0  consumed = 1.0
   dest  1:  from source  0  epoch 1  consumed = 1.0
   dest  1:  from source  2  epoch 1  consumed = 1.0
   dest  1:  from source  3  epoch 1  consumed = 1.0
   dest  1:  from source  4  epoch 2  consumed = 1.0
   dest  1:  from source  5  epoch 2  consumed = 1.0
   dest  1:  from source  6  epoch 3  consumed = 1.0
   dest  1:  from source  7  epoch 1  consumed = 1.0
   dest  1:  from source  8  epoch 3  consumed = 1.0
   dest  1:  from source  9  epoch 1  consumed = 1.0
   dest  1:  from source 10  epoch 2  consumed = 1.0
   dest  1:  from source 11  epoch 0  consumed = 1.0
   dest  1:  from source 12  epoch 0  consumed = 1.0
   dest  1:  from source 13  epoch 2  consumed = 1.0
   dest  1:  from source 14  epoch 2  consumed = 1.0
   dest  1:  from source 15  epoch 3  consumed = 1.0
   dest  1:  from source 16  epoch 3  consumed = 1.0
   dest  1:  from source 17  epoch 2  consumed = 1.0
   dest  1:  from source 18  epoch 0  consumed = 1.0
   dest  1:  from source 19  epoch 0  consumed = 1.0
   dest  1:  from source 20  epoch 1  consumed = 1.0
   dest  1:  from source 21  epoch 2  consumed = 1.0
   dest  1:  from source 22  epoch 1  consumed = 1.0
   dest  1:  from source 23  epoch 0  consumed = 1.0
   dest  1:  from source 24  epoch 1  consumed = 1.0
   dest  1:  from source 25  epoch 0  consumed = 1.0
   dest  1:  from source 26  epoch 3  consumed = 1.0
   dest  1:  from source 27  epoch 3  consumed = 1.0
   dest  1:  from source 28  epoch 2  consumed = 1.0
   dest  1:  from source 29  epoch 3  consumed = 1.0
   dest  1:  from source 30  epoch 0  consumed = 1.0
   dest  1:  from source 31  epoch 0  consumed = 1.0
   dest  2:  from source  0  epoch 2  consumed = 1.0
   dest  2:  from source  1  epoch 2  consumed = 1.0
   dest  2:  from source  3  epoch 3  consumed = 1.0
   dest  2:  from source  4  epoch 1  consumed = 1.0
   dest  2:  from source  5  epoch 1  consumed = 1.0
   dest  2:  from source  6  epoch 0  consumed = 1.0
   dest  2:  from source  7  epoch 0  consumed = 1.0
   dest  2:  from source  8  epoch 1  consumed = 1.0
   dest  2:  from source  9  epoch 3  consumed = 1.0
   dest  2:  from source 10  epoch 1  consumed = 1.0
   dest  2:  from source 11  epoch 1  consumed = 1.0
   dest  2:  from source 12  epoch 2  consumed = 1.0
   dest  2:  from source 13  epoch 0  consumed = 1.0
   dest  2:  from source 14  epoch 2  consumed = 1.0
   dest  2:  from source 15  epoch 1  consumed = 1.0
   dest  2:  from source 16  epoch 2  consumed = 1.0
   dest  2:  from source 17  epoch 1  consumed = 1.0
   dest  2:  from source 18  epoch 1  consumed = 1.0
   dest  2:  from source 19  epoch 2  consumed = 1.0
   dest  2:  from source 20  epoch 0  consumed = 1.0
   dest  2:  from source 21  epoch 2  consumed = 1.0
   dest  2:  from source 22  epoch 0  consumed = 1.0
   dest  2:  from source 23  epoch 3  consumed = 1.0
   dest  2:  from source 24  epoch 3  consumed = 1.0
   dest  2:  from source 25  epoch 3  consumed = 1.0
   dest  2:  from source 26  epoch 0  consumed = 1.0
   dest  2:  from source 27  epoch 0  consumed = 1.0
   dest  2:  from source 28  epoch 3  consumed = 1.0
   dest  2:  from source 29  epoch 2  consumed = 1.0
   dest  2:  from source 30  epoch 0  consumed = 1.0
   dest  2:  from source 31  epoch 3  consumed = 1.0
   dest  3:  from source  0  epoch 1  consumed = 1.0
   dest  3:  from source  1  epoch 1  consumed = 1.0
   dest  3:  from source  2  epoch 2  consumed = 1.0
   dest  3:  from source  4  epoch 2  consumed = 1.0
   dest  3:  from source  5  epoch 2  consumed = 1.0
   dest  3:  from source  6  epoch 3  consumed = 1.0
   dest  3:  from source  7  epoch 2  consumed = 1.0
   dest  3:  from source  8  epoch 1  consumed = 1.0
   dest  3:  from source  9  epoch 0  consumed = 1.0
   dest  3:  from source 10  epoch 0  consumed = 1.0
   dest  3:  from source 11  epoch 0  consumed = 1.0
   dest  3:  from source 12  epoch 2  consumed = 1.0
   dest  3:  from source 13  epoch 3  consumed = 1.0
   dest  3:  from source 14  epoch 3  consumed = 1.0
   dest  3:  from source 15  epoch 3  consumed = 1.0
   dest  3:  from source 16  epoch 2  consumed = 1.0
   dest  3:  from source 17  epoch 0  consumed = 1.0
   dest  3:  from source 18  epoch 1  consumed = 1.0
   dest  3:  from source 19  epoch 2  consumed = 1.0
   dest  3:  from source 20  epoch 3  consumed = 1.0
   dest  3:  from source 21  epoch 1  consumed = 1.0
   dest  3:  from source 22  epoch 0  consumed = 1.0
   dest  3:  from source 23  epoch 1  consumed = 1.0
   dest  3:  from source 24  epoch 0  consumed = 1.0
   dest  3:  from source 25  epoch 1  consumed = 1.0
   dest  3:  from source 26  epoch 0  consumed = 1.0
   dest  3:  from source 27  epoch 1  consumed = 1.0
   dest  3:  from source 28  epoch 0  consumed = 1.0
   dest  3:  from source 29  epoch 3  consumed = 1.0
   dest  3:  from source 30  epoch 3  consumed = 1.0
   dest  3:  from source 31  epoch 2  consumed = 1.0
   dest  4:  from source  0  epoch 2  consumed = 1.0
   dest  4:  from source  1  epoch 2  consumed = 1.0
   dest  4:  from source  2  epoch 1  consumed = 1.0
   dest  4:  from source  3  epoch 0  consumed = 1.0
   dest  4:  from source  5  epoch 3  consumed = 1.0
   dest  4:  from source  6  epoch 1  consumed = 1.0
   dest  4:  from source  7  epoch 3  consumed = 1.0
   dest  4:  from source  8  epoch 2  consumed = 1.0
   dest  4:  from source  9  epoch 3  consumed = 1.0
   dest  4:  from source 10  epoch 2  consumed = 1.0
   dest  4:  from source 11  epoch 3  consumed = 1.0
   dest  4:  from source 12  epoch 1  consumed = 1.0
   dest  4:  from source 13  epoch 2  consumed = 1.0
   dest  4:  from source 14  epoch 0  consumed = 1.0
   dest  4:  from source 15  epoch 1  consumed = 1.0
   dest  4:  from source 16  epoch 1  consumed = 1.0
   dest  4:  from source 17  epoch 2  consumed = 1.0
   dest  4:  from source 18  epoch 0  consumed = 1.0
   dest  4:  from source 19  epoch 1  consumed = 1.0
   dest  4:  from source 20  epoch 2  consumed = 1.0
   dest  4:  from source 21  epoch 3  consumed = 1.0
   dest  4:  from source 22  epoch 0  consumed = 1.0
   dest  4:  from source 23  epoch 3  consumed = 1.0
   dest  4:  from source 24  epoch 0  consumed = 1.0
   dest  4:  from source 25  epoch 3  consumed = 1.0
   dest  4:  from source 26  epoch 1  consumed = 1.0
   dest  4:  from source 27  epoch 0  consumed = 1.0
   dest  4:  from source 28  epoch 1  consumed = 1.0
   dest  4:  from source 29  epoch 0  consumed = 1.0
   dest  4:  from source 30  epoch 2  consumed = 1.0
   dest  4:  from source 31  epoch 0  consumed = 1.0
   dest  5:  from source  0  epoch 2  consumed = 1.0
   dest  5:  from source  1  epoch 1  consumed = 1.0
   dest  5:  from source  2  epoch 0  consumed = 1.0
   dest  5:  from source  3  epoch 0  consumed = 1.0
   dest  5:  from source  4  epoch 3  consumed = 1.0
   dest  5:  from source  6  epoch 0  consumed = 1.0
   dest  5:  from source  7  epoch 2  consumed = 1.0
   dest  5:  from source  8  epoch 2  consumed = 1.0
   dest  5:  from source  9  epoch 1  consumed = 1.0
   dest  5:  from source 10  epoch 1  consumed = 1.0
   dest  5:  from source 11  epoch 3  consumed = 1.0
   dest  5:  from source 12  epoch 1  consumed = 1.0
   dest  5:  from source 13  epoch 3  consumed = 1.0
   dest  5:  from source 14  epoch 0  consumed = 1.0
   dest  5:  from source 15  epoch 3  consumed = 1.0
   dest  5:  from source 16  epoch 0  consumed = 1.0
   dest  5:  from source 17  epoch 1  consumed = 1.0
   dest  5:  from source 18  epoch 2  consumed = 1.0
   dest  5:  from source 19  epoch 0  consumed = 1.0
   dest  5:  from source 20  epoch 3  consumed = 1.0
   dest  5:  from source 21  epoch 0  consumed = 1.0
   dest  5:  from source 22  epoch 2  consumed = 1.0
   dest  5:  from source 23  epoch 2  consumed = 1.0
   dest  5:  from source 24  epoch 1  consumed = 1.0
   dest  5:  from source 25  epoch 1  consumed = 1.0
   dest  5:  from source 26  epoch 3  consumed = 1.0
   dest  5:  from source 27  epoch 2  consumed = 1.0
   dest  5:  from source 28  epoch 2  consumed = 1.0
   dest  5:  from source 29  epoch 3  consumed = 1.0
   dest  5:  from source 30  epoch 0  consumed = 1.0
   dest  5:  from source 31  epoch 1  consumed = 1.0
   dest  6:  from source  0  epoch 1  consumed = 1.0
   dest  6:  from source  1  epoch 0  consumed = 1.0
   dest  6:  from source  2  epoch 2  consumed = 1.0
   dest  6:  from source  3  epoch 2  consumed = 1.0
   dest  6:  from source  4  epoch 2  consumed = 1.0
   dest  6:  from source  5  epoch 3  consumed = 1.0
   dest  6:  from source  7  epoch 0  consumed = 1.0
   dest  6:  from source  8  epoch 1  consumed = 1.0
   dest  6:  from source  9  epoch 0  consumed = 1.0
   dest  6:  from source 10  epoch 2  consumed = 1.0
   dest  6:  from source 11  epoch 1  consumed = 1.0
   dest  6:  from source 12  epoch 1  consumed = 1.0
   dest  6:  from source 13  epoch 3  consumed = 1.0
   dest  6:  from source 14  epoch 3  consumed = 1.0
   dest  6:  from source 15  epoch 2  consumed = 1.0
   dest  6:  from source 16  epoch 2  consumed = 1.0
   dest  6:  from source 17  epoch 0  consumed = 1.0
   dest  6:  from source 18  epoch 1  consumed = 1.0
   dest  6:  from source 19  epoch 0  consumed = 1.0
   dest  6:  from source 20  epoch 1  consumed = 1.0
   dest  6:  from source 21  epoch 0  consumed = 1.0
   dest  6:  from source 22  epoch 3  consumed = 1.0
   dest  6:  from source 23  epoch 1  consumed = 1.0
   dest  6:  from source 24  epoch 3  consumed = 1.0
   dest  6:  from source 25  epoch 1  consumed = 1.0
   dest  6:  from source 26  epoch 2  consumed = 1.0
   dest  6:  from source 27  epoch 2  consumed = 1.0
   dest  6:  from source 28  epoch 3  consumed = 1.0
   dest  6:  from source 29  epoch 0  consumed = 1.0
   dest  6:  from source 30  epoch 3  consumed = 1.0
   dest  6:  from source 31  epoch 0  consumed = 1.0
   dest  7:  from source  0  epoch 0  consumed = 1.0
   dest  7:  from source  1  epoch 2  consumed = 1.0
   dest  7:  from source  2  epoch 1  consumed = 1.0
   dest  7:  from source  3  epoch 2  consumed = 1.0
   dest  7:  from source  4  epoch 1  consumed = 1.0
   dest  7:  from source  5  epoch 1  consumed = 1.0
   dest  7:  from source  6  epoch 2  consumed = 1.0
   dest  7:  from source  8  epoch 1  consumed = 1.0
   dest  7:  from source  9  epoch 3  consumed = 1.0
   dest  7:  from source 10  epoch 3  consumed = 1.0
   dest  7:  from source 11  epoch 3  consumed = 1.0
   dest  7:  from source 12  epoch 3  consumed = 1.0
   dest  7:  from source 13  epoch 0  consumed = 1.0
   dest  7:  from source 14  epoch 3  consumed = 1.0
   dest  7:  from source 15  epoch 0  consumed = 1.0
   dest  7:  from source 16  epoch 2  consumed = 1.0
   dest  7:  from source 17  epoch 0  consumed = 1.0
   dest  7:  from source 18  epoch 0  consumed = 1.0
   dest  7:  from source 19  epoch 0  consumed = 1.0
   dest  7:  from source 20  epoch 2  consumed = 1.0
   dest  7:  from source 21  epoch 0  consumed = 1.0
   dest  7:  from source 22  epoch 1  consumed = 1.0
   dest  7:  from source 23  epoch 3  consumed = 1.0
   dest  7:  from source 24  epoch 0  consumed = 1.0
   dest  7:  from source 25  epoch 2  consumed = 1.0
   dest  7:  from source 26  epoch 1  consumed = 1.0
   dest  7:  from source 27  epoch 2  consumed = 1.0
   dest  7:  from source 28  epoch 3  consumed = 1.0
   dest  7:  from source 29  epoch 2  consumed = 1.0
   dest  7:  from source 30  epoch 1  consumed = 1.0
   dest  7:  from source 31  epoch 1  consumed = 1.0
   dest  8:  from source  0  epoch 3  consumed = 1.0
   dest  8:  from source  1  epoch 0  consumed = 1.0
   dest  8:  from source  2  epoch 2  consumed = 1.0
   dest  8:  from source  3  epoch 0  consumed = 1.0
   dest  8:  from source  4  epoch 3  consumed = 1.0
   dest  8:  from source  5  epoch 1  consumed = 1.0
   dest  8:  from source  6  epoch 2  consumed = 1.0
   dest  8:  from source  7  epoch 1  consumed = 1.0
   dest  8:  from source  9  epoch 0  consumed = 1.0
   dest  8:  from source 10  epoch 2  consumed = 1.0
   dest  8:  from source 11  epoch 1  consumed = 1.0
   dest  8:  from source 12  epoch 2  consumed = 1.0
   dest  8:  from source 13  epoch 2  consumed = 1.0
   dest  8:  from source 14  epoch 3  consumed = 1.0
   dest  8:  from source 15  epoch 1  consumed = 1.0
   dest  8:  from source 16  epoch 0  consumed = 1.0
   dest  8:  from source 17  epoch 1  consumed = 1.0
   dest  8:  from source 18  epoch 0  consumed = 1.0
   dest  8:  from source 19  epoch 2  consumed = 1.0
   dest  8:  from source 20  epoch 1  consumed = 1.0
   dest  8:  from source 21  epoch 2  consumed = 1.0
   dest  8:  from source 22  epoch 1  consumed = 1.0
   dest  8:  from source 23  epoch 3  consumed = 1.0
   dest  8:  from source 24  epoch 3  consumed = 1.0
   dest  8:  from source 25  epoch 3  consumed = 1.0
   dest  8:  from source 26  epoch 1  consumed = 1.0
   dest  8:  from source 27  epoch 0  consumed = 1.0
   dest  8:  from source 28  epoch 0  consumed = 1.0
   dest  8:  from source 29  epoch 0  consumed = 1.0
   dest  8:  from source 30  epoch 2  consumed = 1.0
   dest  8:  from source 31  epoch 3  consumed = 1.0
   dest  9:  from source  0  epoch 0  consumed = 1.0
   dest  9:  from source  1  epoch 1  consumed = 1.0
   dest  9:  from source  2  epoch 2  consumed = 1.0
   dest  9:  from source  3  epoch 2  consumed = 1.0
   dest  9:  from source  4  epoch 3  consumed = 1.0
   dest  9:  from source  5  epoch 1  consumed = 1.0
   dest  9:  from source  6  epoch 3  consumed = 1.0
   dest  9:  from source  7  epoch 1  consumed = 1.0
   dest  9:  from source  8  epoch 2  consumed = 1.0
   dest  9:  from source 10  epoch 3  consumed = 1.0
   dest  9:  from source 11  epoch 1  consumed = 1.0
   dest  9:  from source 12  epoch 0  consumed = 1.0
   dest  9:  from source 13  epoch 2  consumed = 1.0
   dest  9:  from source 14  epoch 1  consumed = 1.0
   dest  9:  from source 15  epoch 0  consumed = 1.0
   dest  9:  from source 16  epoch 1  consumed = 1.0
   dest  9:  from source 17  epoch 3  consumed = 1.0
   dest  9:  from source 18  epoch 2  consumed = 1.0
   dest  9:  from source 19  epoch 1  consumed = 1.0
   dest  9:  from source 20  epoch 2  consumed = 1.0
   dest  9:  from source 21  epoch 0  consumed = 1.0
   dest  9:  from source 22  epoch 3  consumed = 1.0
   dest  9:  from source 23  epoch 0  consumed = 1.0
   dest  9:  from source 24  epoch 2  consumed = 1.0
   dest  9:  from source 25  epoch 0  consumed = 1.0
   dest  9:  from source 26  epoch 3  consumed = 1.0
   dest  9:  from source 27  epoch 2  consumed = 1.0
   dest  9:  from source 28  epoch 3  consumed = 1.0
   dest  9:  from source 29  epoch 0  consumed = 1.0
   dest  9:  from source 30  epoch 0  consumed = 1.0
   dest  9:  from source 31  epoch 1  consumed = 1.0
   dest 10:  from source  0  epoch 2  consumed = 1.0
   dest 10:  from source  1  epoch 0  consumed = 1.0
   dest 10:  from source  2  epoch 1  consumed = 1.0
   dest 10:  from source  3  epoch 1  consumed = 1.0
   dest 10:  from source  4  epoch 2  consumed = 1.0
   dest 10:  from source  5  epoch 2  consumed = 1.0
   dest 10:  from source  6  epoch 1  consumed = 1.0
   dest 10:  from source  7  epoch 3  consumed = 1.0
   dest 10:  from source  8  epoch 0  consumed = 1.0
   dest 10:  from source  9  epoch 2  consumed = 1.0
   dest 10:  from source 11  epoch 1  consumed = 1.0
   dest 10:  from source 12  epoch 2  consumed = 1.0
   dest 10:  from source 13  epoch 0  consumed = 1.0
   dest 10:  from source 14  epoch 0  consumed = 1.0
   dest 10:  from source 15  epoch 1  consumed = 1.0
   dest 10:  from source 16  epoch 2  consumed = 1.0
   dest 10:  from source 17  epoch 3  consumed = 1.0
   dest 10:  from source 18  epoch 0  consumed = 1.0
   dest 10:  from source 19  epoch 3  consumed = 1.0
   dest 10:  from source 20  epoch 0  consumed = 1.0
   dest 10:  from source 21  epoch 1  consumed = 1.0
   dest 10:  from source 22  epoch 3  consumed = 1.0
   dest 10:  from source 23  epoch 2  consumed = 1.0
   dest 10:  from source 24  epoch 1  consumed = 1.0
   dest 10:  from source 25  epoch 3  consumed = 1.0
   dest 10:  from source 26  epoch 2  consumed = 1.0
   dest 10:  from source 27  epoch 3  consumed = 1.0
   dest 10:  from source 28  epoch 0  consumed = 1.0
   dest 10:  from source 29  epoch 1  consumed = 1.0
   dest 10:  from source 30  epoch 0  consumed = 1.0
   dest 10:  from source 31  epoch 3  consumed = 1.0
   dest 11:  from source  0  epoch 1  consumed = 1.0
   dest 11:  from source  1  epoch 3  consumed = 1.0
   dest 11:  from source  2  epoch 2  consumed = 1.0
   dest 11:  from source  3  epoch 2  consumed = 1.0
   dest 11:  from source  4  epoch 3  consumed = 1.0
   dest 11:  from source  5  epoch 1  consumed = 1.0
   dest 11:  from source  6  epoch 0  consumed = 1.0
   dest 11:  from source  7  epoch 2  consumed = 1.0
   dest 11:  from source  8  epoch 1  consumed = 1.0
   dest 11:  from source  9  epoch 0  consumed = 1.0
   dest 11:  from source 10  epoch 1  consumed = 1.0
   dest 11:  from source 12  epoch 1  consumed = 1.0
   dest 11:  from source 13  epoch 3  consumed = 1.0
   dest 11:  from source 14  epoch 2  consumed = 1.0
   dest 11:  from source 15  epoch 3  consumed = 1.0
   dest 11:  from source 16  epoch 0  consumed = 1.0
   dest 11:  from source 17  epoch 2  consumed = 1.0
   dest 11:  from source 18  epoch 3  consumed = 1.0
   dest 11:  from source 19  epoch 1  consumed = 1.0
   dest 11:  from source 20  epoch 1  consumed = 1.0
   dest 11:  from source 21  epoch 0  consumed = 1.0
   dest 11:  from source 22  epoch 0  consumed = 1.0
   dest 11:  from source 23  epoch 1  consumed = 1.0
   dest 11:  from source 24  epoch 3  consumed = 1.0
   dest 11:  from source 25  epoch 2  consumed = 1.0
   dest 11:  from source 26  epoch 0  consumed = 1.0
   dest 11:  from source 27  epoch 0  consumed = 1.0
   dest 11:  from source 28  epoch 2  consumed = 1.0
   dest 11:  from source 29  epoch 3  consumed = 1.0
   dest 11:  from source 30  epoch 2  consumed = 1.0
   dest 11:  from source 31  epoch 0  consumed = 1.0
   dest 12:  from source  0  epoch 2  consumed = 1.0
   dest 12:  from source  1  epoch 2  consumed = 1.0
   dest 12:  from source  2  epoch 1  consumed = 1.0
   dest 12:  from source  3  epoch 3  consumed = 1.0
   dest 12:  from source  4  epoch 1  consumed = 1.0
   dest 12:  from source  5  epoch 2  consumed = 1.0
   dest 12:  from source  6  epoch 1  consumed = 1.0
   dest 12:  from source  7  epoch 2  consumed = 1.0
   dest 12:  from source  8  epoch 3  consumed = 1.0
   dest 12:  from source  9  epoch 0  consumed = 1.0
   dest 12:  from source 10  epoch 1  consumed = 1.0
   dest 12:  from source 11  epoch 0  consumed = 1.0
   dest 12:  from source 13  epoch 0  consumed = 1.0
   dest 12:  from source 14  epoch 0  consumed = 1.0
   dest 12:  from source 15  epoch 1  consumed = 1.0
   dest 12:  from source 16  epoch 3  consumed = 1.0
   dest 12:  from source 17  epoch 1  consumed = 1.0
   dest 12:  from source 18  epoch 2  consumed = 1.0
   dest 12:  from source 19  epoch 3  consumed = 1.0
   dest 12:  from source 20  epoch 0  consumed = 1.0
   dest 12:  from source 21  epoch 3  consumed = 1.0
   dest 12:  from source 22  epoch 2  consumed = 1.0
   dest 12:  from source 23  epoch 0  consumed = 1.0
   dest 12:  from source 24  epoch 2  consumed = 1.0
   dest 12:  from source 25  epoch 0  consumed = 1.0
   dest 12:  from source 26  epoch 1  consumed = 1.0
   dest 12:  from source 27  epoch 3  consumed = 1.0
   dest 12:  from source 28  epoch 2  consumed = 1.0
   dest 12:  from source 29  epoch 1  consumed = 1.0
   dest 12:  from source 30  epoch 3  consumed = 1.0
   dest 12:  from source 31  epoch 0  consumed = 1.0
   dest 13:  from source  0  epoch 1  consumed = 1.0
   dest 13:  from source  1  epoch 1  consumed = 1.0
   dest 13:  from source  2  epoch 3  consumed = 1.0
   dest 13:  from source  3  epoch 2  consumed = 1.0
   dest 13:  from source  4  epoch 0  consumed = 1.0
   dest 13:  from source  5  epoch 1  consumed = 1.0
   dest 13:  from source  6  epoch 2  consumed = 1.0
   dest 13:  from source  7  epoch 3  consumed = 1.0
   dest 13:  from source  8  epoch 0  consumed = 1.0
   dest 13:  from source  9  epoch 2  consumed = 1.0
   dest 13:  from source 10  epoch 0  consumed = 1.0
   dest 13:  from source 11  epoch 2  consumed = 1.0
   dest 13:  from source 12  epoch 1  consumed = 1.0
   dest 13:  from source 14  epoch 3  consumed = 1.0
   dest 13:  from source 15  epoch 2  consumed = 1.0
   dest 13:  from source 16  epoch 0  consumed = 1.0
   dest 13:  from source 17  epoch 0  consumed = 1.0
   dest 13:  from source 18  epoch 2  consumed = 1.0
   dest 13:  from source 19  epoch 1  consumed = 1.0
   dest 13:  from source 20  epoch 3  consumed = 1.0
   dest 13:  from source 21  epoch 0  consumed = 1.0
   dest 13:  from source 22  epoch 0  consumed = 1.0
   dest 13:  from source 23  epoch 1  consumed = 1.0
   dest 13:  from source 24  epoch 3  consumed = 1.0
   dest 13:  from source 25  epoch 1  consumed = 1.0
   dest 13:  from source 26  epoch 3  consumed = 1.0
   dest 13:  from source 27  epoch 2  consumed = 1.0
   dest 13:  from source 28  epoch 0  consumed = 1.0
   dest 13:  from source 29  epoch 2  consumed = 1.0
   dest 13:  from source 30  epoch 1  consumed = 1.0
   dest 13:  from source 31  epoch 3  consumed = 1.0
   dest 14:  from source  0  epoch 2  consumed = 1.0
   dest 14:  from source  1  epoch 2  consumed = 1.0
   dest 14:  from source  2  epoch 2  consumed = 1.0
   dest 14:  from source  3  epoch 1  consumed = 1.0
   dest 14:  from source  4  epoch 1  consumed = 1.0
   dest 14:  from source  5  epoch 0  consumed = 1.0
   dest 14:  from source  6  epoch 3  consumed = 1.0
   dest 14:  from source  7  epoch 1  consumed = 1.0
   dest 14:  from source  8  epoch 2  consumed = 1.0
   dest 14:  from source  9  epoch 1  consumed = 1.0
   dest 14:  from source 10  epoch 1  consumed = 1.0
   dest 14:  from source 11  epoch 3  consumed = 1.0
   dest 14:  from source 12  epoch 0  consumed = 1.0
   dest 14:  from source 13  epoch 0  consumed = 1.0
   dest 14:  from source 15  epoch 0  consumed = 1.0
   dest 14:  from source 16  epoch 0  consumed = 1.0
   dest 14:  from source 17  epoch 3  consumed = 1.0
   dest 14:  from source 18  epoch 2  consumed = 1.0
   dest 14:  from source 19  epoch 2  consumed = 1.0
   dest 14:  from source 20  epoch 3  consumed = 1.0
   dest 14:  from source 21  epoch 3  consumed = 1.0
   dest 14:  from source 22  epoch 1  consumed = 1.0
   dest 14:  from source 23  epoch 2  consumed = 1.0
   dest 14:  from source 24  epoch 0  consumed = 1.0
   dest 14:  from source 25  epoch 2  consumed = 1.0
   dest 14:  from source 26  epoch 0  consumed = 1.0
   dest 14:  from source 27  epoch 3  consumed = 1.0
   dest 14:  from source 28  epoch 3  consumed = 1.0
   dest 14:  from source 29  epoch 0  consumed = 1.0
   dest 14:  from source 30  epoch 1  consumed = 1.0
   dest 14:  from source 31  epoch 1  consumed = 1.0
   dest 15:  from source  0  epoch 1  consumed = 1.0
   dest 15:  from source  1  epoch 2  consumed = 1.0
   dest 15:  from source  2  epoch 0  consumed = 1.0
   dest 15:  from source  3  epoch 0  consumed = 1.0
   dest 15:  from source  4  epoch 2  consumed = 1.0
   dest 15:  from source  5  epoch 2  consumed = 1.0
   dest 15:  from source  6  epoch 3  consumed = 1.0
   dest 15:  from source  7  epoch 3  consumed = 1.0
   dest 15:  from source  8  epoch 0  consumed = 1.0
   dest 15:  from source  9  epoch 0  consumed = 1.0
   dest 15:  from source 10  epoch 3  consumed = 1.0
   dest 15:  from source 11  epoch 0  consumed = 1.0
   dest 15:  from source 12  epoch 2  consumed = 1.0
   dest 15:  from source 13  epoch 1  consumed = 1.0
   dest 15:  from source 14  epoch 1  consumed = 1.0
   dest 15:  from source 16  epoch 2  consumed = 1.0
   dest 15:  from source 17  epoch 2  consumed = 1.0
   dest 15:  from source 18  epoch 1  consumed = 1.0
   dest 15:  from source 19  epoch 3  consumed = 1.0
   dest 15:  from source 20  epoch 1  consumed = 1.0
   dest 15:  from source 21  epoch 2  consumed = 1.0
   dest 15:  from source 22  epoch 0  consumed = 1.0
   dest 15:  from source 23  epoch 0  consumed = 1.0
   dest 15:  from source 24  epoch 1  consumed = 1.0
   dest 15:  from source 25  epoch 3  consumed = 1.0
   dest 15:  from source 26  epoch 2  consumed = 1.0
   dest 15:  from source 27  epoch 1  consumed = 1.0
   dest 15:  from source 28  epoch 1  consumed = 1.0
   dest 15:  from source 29  epoch 3  consumed = 1.0
   dest 15:  from source 30  epoch 3  consumed = 1.0
   dest 15:  from source 31  epoch 0  consumed = 1.0
   dest 16:  from source  0  epoch 0  consumed = 1.0
   dest 16:  from source  1  epoch 1  consumed = 1.0
   dest 16:  from source  2  epoch 1  consumed = 1.0
   dest 16:  from source  3  epoch 1  consumed = 1.0
   dest 16:  from source  4  epoch 2  consumed = 1.0
   dest 16:  from source  5  epoch 1  consumed = 1.0
   dest 16:  from source  6  epoch 0  consumed = 1.0
   dest 16:  from source  7  epoch 0  consumed = 1.0
   dest 16:  from source  8  epoch 1  consumed = 1.0
   dest 16:  from source  9  epoch 2  consumed = 1.0
   dest 16:  from source 10  epoch 1  consumed = 1.0
   dest 16:  from source 11  epoch 3  consumed = 1.0
   dest 16:  from source 12  epoch 3  consumed = 1.0
   dest 16:  from source 13  epoch 2  consumed = 1.0
   dest 16:  from source 14  epoch 3  consumed = 1.0
   dest 16:  from source 15  epoch 1  consumed = 1.0
   dest 16:  from source 17  epoch 0  consumed = 1.0
   dest 16:  from source 18  epoch 2  consumed = 1.0
   dest 16:  from source 19  epoch 1  consumed = 1.0
   dest 16:  from source 20  epoch 2  consumed = 1.0
   dest 16:  from source 21  epoch 2  consumed = 1.0
   dest 16:  from source 22  epoch 3  consumed = 1.0
   dest 16:  from source 23  epoch 3  consumed = 1.0
   dest 16:  from source 24  epoch 0  consumed = 1.0
   dest 16:  from source 25  epoch 0  consumed = 1.0
   dest 16:  from source 26  epoch 3  consumed = 1.0
   dest 16:  from source 27  epoch 0  consumed = 1.0
   dest 16:  from source 28  epoch 2  consumed = 1.0
   dest 16:  from source 29  epoch 2  consumed = 1.0
   dest 16:  from source 30  epoch 3  consumed = 1.0
   dest 16:  from source 31  epoch 0  consumed = 1.0
   dest 17:  from source  0  epoch 0  consumed = 1.0
   dest 17:  from source  1  epoch 2  consumed = 1.0
   dest 17:  from source  2  epoch 3  consumed = 1.0
   dest 17:  from source  3  epoch 1  consumed = 1.0
   dest 17:  from source  4  epoch 1  consumed = 1.0
   dest 17:  from source  5  epoch 2  consumed = 1.0
   dest 17:  from source  6  epoch 3  consumed = 1.0
   dest 17:  from source  7  epoch 2  consumed = 1.0
   dest 17:  from source  8  epoch 1  consumed = 1.0
   dest 17:  from source  9  epoch 3  consumed = 1.0
   dest 17:  from source 10  epoch 0  consumed = 1.0
   dest 17:  from source 11  epoch 1  consumed = 1.0
   dest 17:  from source 12  epoch 2  consumed = 1.0
   dest 17:  from source 13  epoch 0  consumed = 1.0
   dest 17:  from source 14  epoch 0  consumed = 1.0
   dest 17:  from source 15  epoch 2  consumed = 1.0
   dest 17:  from source 16  epoch 1  consumed = 1.0
   dest 17:  from source 18  epoch 1  consumed = 1.0
   dest 17:  from source 19  epoch 2  consumed = 1.0
   dest 17:  from source 20  epoch 3  consumed = 1.0
   dest 17:  from source 21  epoch 2  consumed = 1.0
   dest 17:  from source 22  epoch 2  consumed = 1.0
   dest 17:  from source 23  epoch 0  consumed = 1.0
   dest 17:  from source 24  epoch 3  consumed = 1.0
   dest 17:  from source 25  epoch 1  consumed = 1.0
   dest 17:  from source 26  epoch 0  consumed = 1.0
   dest 17:  from source 27  epoch 0  consumed = 1.0
   dest 17:  from source 28  epoch 1  consumed = 1.0
   dest 17:  from source 29  epoch 3  consumed = 1.0
   dest 17:  from source 30  epoch 0  consumed = 1.0
   dest 17:  from source 31  epoch 3  consumed = 1.0
   dest 18:  from source  0  epoch 2  consumed = 1.0
   dest 18:  from source  1  epoch 1  consumed = 1.0
   dest 18:  from source  2  epoch 1  consumed = 1.0
   dest 18:  from source  3  epoch 2  consumed = 1.0
   dest 18:  from source  4  epoch 0  consumed = 1.0
   dest 18:  from source  5  epoch 0  consumed = 1.0
   dest 18:  from source  6  epoch 1  consumed = 1.0
   dest 18:  from source  7  epoch 2  consumed = 1.0
   dest 18:  from source  8  epoch 3  consumed = 1.0
   dest 18:  from source  9  epoch 2  consumed = 1.0
   dest 18:  from source 10  epoch 2  consumed = 1.0
   dest 18:  from source 11  epoch 1  consumed = 1.0
   dest 18:  from source 12  epoch 3  consumed = 1.0
   dest 18:  from source 13  epoch 1  consumed = 1.0
   dest 18:  from source 14  epoch 2  consumed = 1.0
   dest 18:  from source 15  epoch 0  consumed = 1.0
   dest 18:  from source 16  epoch 3  consumed = 1.0
   dest 18:  from source 17  epoch 0  consumed = 1.0
   dest 18:  from source 19  epoch 3  consumed = 1.0
   dest 18:  from source 20  epoch 0  consumed = 1.0
   dest 18:  from source 21  epoch 0  consumed = 1.0
   dest 18:  from source 22  epoch 3  consumed = 1.0
   dest 18:  from source 23  epoch 1  consumed = 1.0
   dest 18:  from source 24  epoch 2  consumed = 1.0
   dest 18:  from source 25  epoch 0  consumed = 1.0
   dest 18:  from source 26  epoch 3  consumed = 1.0
   dest 18:  from source 27  epoch 3  consumed = 1.0
   dest 18:  from source 28  epoch 2  consumed = 1.0
   dest 18:  from source 29  epoch 0  consumed = 1.0
   dest 18:  from source 30  epoch 1  consumed = 1.0
   dest 18:  from source 31  epoch 1  consumed = 1.0
   dest 19:  from source  0  epoch 1  consumed = 1.0
   dest 19:  from source  1  epoch 2  consumed = 1.0
   dest 19:  from source  2  epoch 0  consumed = 1.0
   dest 19:  from source  3  epoch 2  consumed = 1.0
   dest 19:  from source  4  epoch 3  consumed = 1.0
   dest 19:  from source  5  epoch 3  consumed = 1.0
   dest 19:  from source  6  epoch 2  consumed = 1.0
   dest 19:  from source  7  epoch 3  consumed = 1.0
   dest 19:  from source  8  epoch 1  consumed = 1.0
   dest 19:  from source  9  epoch 0  consumed = 1.0
   dest 19:  from source 10  epoch 3  consumed = 1.0
   dest 19:  from source 11  epoch 2  consumed = 1.0
   dest 19:  from source 12  epoch 2  consumed = 1.0
   dest 19:  from source 13  epoch 1  consumed = 1.0
   dest 19:  from source 14  epoch 1  consumed = 1.0
   dest 19:  from source 15  epoch 2  consumed = 1.0
   dest 19:  from source 16  epoch 1  consumed = 1.0
   dest 19:  from source 17  epoch 0  consumed = 1.0
   dest 19:  from source 18  epoch 0  consumed = 1.0
   dest 19:  from source 20  epoch 1  consumed = 1.0
   dest 19:  from source 21  epoch 1  consumed = 1.0
   dest 19:  from source 22  epoch 2  consumed = 1.0
   dest 19:  from source 23  epoch 3  consumed = 1.0
   dest 19:  from source 24  epoch 0  consumed = 1.0
   dest 19:  from source 25  epoch 1  consumed = 1.0
   dest 19:  from source 26  epoch 0  consumed = 1.0
   dest 19:  from source 27  epoch 2  consumed = 1.0
   dest 19:  from source 28  epoch 3  consumed = 1.0
   dest 19:  from source 29  epoch 0  consumed = 1.0
   dest 19:  from source 30  epoch 0  consumed = 1.0
   dest 19:  from source 31  epoch 3  consumed = 1.0
   dest 20:  from source  0  epoch 2  consumed = 1.0
   dest 20:  from source  1  epoch 0  consumed = 1.0
   dest 20:  from source  2  epoch 2  consumed = 1.0
   dest 20:  from source  3  epoch 0  consumed = 1.0
   dest 20:  from source  4  epoch 2  consumed = 1.0
   dest 20:  from source  5  epoch 0  consumed = 1.0
   dest 20:  from source  6  epoch 1  consumed = 1.0
   dest 20:  from source  7  epoch 1  consumed = 1.0
   dest 20:  from source  8  epoch 2  consumed = 1.0
   dest 20:  from source  9  epoch 2  consumed = 1.0
   dest 20:  from source 10  epoch 2  consumed = 1.0
   dest 20:  from source 11  epoch 3  consumed = 1.0
   dest 20:  from source 12  epoch 3  consumed = 1.0
   dest 20:  from source 13  epoch 3  consumed = 1.0
   dest 20:  from source 14  epoch 0  consumed = 1.0
   dest 20:  from source 15  epoch 2  consumed = 1.0
   dest 20:  from source 16  epoch 1  consumed = 1.0
   dest 20:  from source 17  epoch 1  consumed = 1.0
   dest 20:  from source 18  epoch 2  consumed = 1.0
   dest 20:  from source 19  epoch 3  consumed = 1.0
   dest 20:  from source 21  epoch 1  consumed = 1.0
   dest 20:  from source 22  epoch 1  consumed = 1.0
   dest 20:  from source 23  epoch 0  consumed = 1.0
   dest 20:  from source 24  epoch 1  consumed = 1.0
   dest 20:  from source 25  epoch 0  consumed = 1.0
   dest 20:  from source 26  epoch 3  consumed = 1.0
   dest 20:  from source 27  epoch 1  consumed = 1.0
   dest 20:  from source 28  epoch 0  consumed = 1.0
   dest 20:  from source 29  epoch 0  consumed = 1.0
   dest 20:  from source 30  epoch 3  consumed = 1.0
   dest 20:  from source 31  epoch 3  consumed = 1.0
   dest 21:  from source  0  epoch 1  consumed = 1.0
   dest 21:  from source  1  epoch 0  consumed = 1.0
   dest 21:  from source  2  epoch 2  consumed = 1.0
   dest 21:  from source  3  epoch 1  consumed = 1.0
   dest 21:  from source  4  epoch 0  consumed = 1.0
   dest 21:  from source  5  epoch 3  consumed = 1.0
   dest 21:  from source  6  epoch 2  consumed = 1.0
   dest 21:  from source  7  epoch 2  consumed = 1.0
   dest 21:  from source  8  epoch 2  consumed = 1.0
   dest 21:  from source  9  epoch 1  consumed = 1.0
   dest 21:  from source 10  epoch 1  consumed = 1.0
   dest 21:  from source 11  epoch 0  consumed = 1.0
   dest 21:  from source 12  epoch 1  consumed = 1.0
   dest 21:  from source 13  epoch 2  consumed = 1.0
   dest 21:  from source 14  epoch 0  consumed = 1.0
   dest 21:  from source 15  epoch 0  consumed = 1.0
   dest 21:  from source 16  epoch 3  consumed = 1.0
   dest 21:  from source 17  epoch 2  consumed = 1.0
   dest 21:  from source 18  epoch 0  consumed = 1.0
   dest 21:  from source 19  epoch 1  consumed = 1.0
   dest 21:  from source 20  epoch 1  consumed = 1.0
   dest 21:  from source 22  epoch 3  consumed = 1.0
   dest 21:  from source 23  epoch 2  consumed = 1.0
   dest 21:  from source 24  epoch 3  consumed = 1.0
   dest 21:  from source 25  epoch 3  consumed = 1.0
   dest 21:  from source 26  epoch 0  consumed = 1.0
   dest 21:  from source 27  epoch 3  consumed = 1.0
   dest 21:  from source 28  epoch 0  consumed = 1.0
   dest 21:  from source 29  epoch 1  consumed = 1.0
   dest 21:  from source 30  epoch 3  consumed = 1.0
   dest 21:  from source 31  epoch 2  consumed = 1.0
   dest 22:  from source  0  epoch 3  consumed = 1.0
   dest 22:  from source  1  epoch 1  consumed = 1.0
   dest 22:  from source  2  epoch 1  consumed = 1.0
   dest 22:  from source  3  epoch 3  consumed = 1.0
   dest 22:  from source  4  epoch 1  consumed = 1.0
   dest 22:  from source  5  epoch 2  consumed = 1.0
   dest 22:  from source  6  epoch 3  consumed = 1.0
   dest 22:  from source  7  epoch 0  consumed = 1.0
   dest 22:  from source  8  epoch 0  consumed = 1.0
   dest 22:  from source  9  epoch 1  consumed = 1.0
   dest 22:  from source 10  epoch 0  consumed = 1.0
   dest 22:  from source 11  epoch 0  consumed = 1.0
   dest 22:  from source 12  epoch 0  consumed = 1.0
   dest 22:  from source 13  epoch 1  consumed = 1.0
   dest 22:  from source 14  epoch 2  consumed = 1.0
   dest 22:  from source 15  epoch 3  consumed = 1.0
   dest 22:  from source 16  epoch 0  consumed = 1.0
   dest 22:  from source 17  epoch 3  consumed = 1.0
   dest 22:  from source 18  epoch 3  consumed = 1.0
   dest 22:  from source 19  epoch 2  consumed = 1.0
   dest 22:  from source 20  epoch 0  consumed = 1.0
   dest 22:  from source 21  epoch 2  consumed = 1.0
   dest 22:  from source 23  epoch 1  consumed = 1.0
   dest 22:  from source 24  epoch 2  consumed = 1.0
   dest 22:  from source 25  epoch 1  consumed = 1.0
   dest 22:  from source 26  epoch 2  consumed = 1.0
   dest 22:  from source 27  epoch 0  consumed = 1.0
   dest 22:  from source 28  epoch 1  consumed = 1.0
   dest 22:  from source 29  epoch 3  consumed = 1.0
   dest 22:  from source 30  epoch 2  consumed = 1.0
   dest 22:  from source 31  epoch 2  consumed = 1.0
   dest 23:  from source  0  epoch 0  consumed = 1.0
   dest 23:  from source  1  epoch 3  consumed = 1.0
   dest 23:  from source  2  epoch 0  consumed = 1.0
   dest 23:  from source  3  epoch 3  consumed = 1.0
   dest 23:  from source  4  epoch 0  consumed = 1.0
   dest 23:  from source  5  epoch 1  consumed = 1.0
   dest 23:  from source  6  epoch 0  consumed = 1.0
   dest 23:  from source  7  epoch 3  consumed = 1.0
   dest 23:  from source  8  epoch 0  consumed = 1.0
   dest 23:  from source  9  epoch 2  consumed = 1.0
   dest 23:  from source 10  epoch 0  consumed = 1.0
   dest 23:  from source 11  epoch 2  consumed = 1.0
   dest 23:  from source 12  epoch 1  consumed = 1.0
   dest 23:  from source 13  epoch 2  consumed = 1.0
   dest 23:  from source 14  epoch 3  consumed = 1.0
   dest 23:  from source 15  epoch 1  consumed = 1.0
   dest 23:  from source 16  epoch 2  consumed = 1.0
   dest 23:  from source 17  epoch 3  consumed = 1.0
   dest 23:  from source 18  epoch 1  consumed = 1.0
   dest 23:  from source 19  epoch 0  consumed = 1.0
   dest 23:  from source 20  epoch 3  consumed = 1.0
   dest 23:  from source 21  epoch 3  consumed = 1.0
   dest 23:  from source 22  epoch 0  consumed = 1.0
   dest 23:  from source 24  epoch 1  consumed = 1.0
   dest 23:  from source 25  epoch 2  consumed = 1.0
   dest 23:  from source 26  epoch 1  consumed = 1.0
   dest 23:  from source 27  epoch 2  consumed = 1.0
   dest 23:  from source 28  epoch 1  consumed = 1.0
   dest 23:  from source 29  epoch 2  consumed = 1.0
   dest 23:  from source 30  epoch 2  consumed = 1.0
   dest 23:  from source 31  epoch 1  consumed = 1.0
   dest 24:  from source  0  epoch 3  consumed = 1.0
   dest 24:  from source  1  epoch 3  consumed = 1.0
   dest 24:  from source  2  epoch 3  consumed = 1.0
   dest 24:  from source  3  epoch 0  consumed = 1.0
   dest 24:  from source  4  epoch 2  consumed = 1.0
   dest 24:  from source  5  epoch 0  consumed = 1.0
   dest 24:  from source  6  epoch 0  consumed = 1.0
   dest 24:  from source  7  epoch 0  consumed = 1.0
   dest 24:  from source  8  epoch 3  consumed = 1.0
   dest 24:  from source  9  epoch 3  consumed = 1.0
   dest 24:  from source 10  epoch 1  consumed = 1.0
   dest 24:  from source 11  epoch 0  consumed = 1.0
   dest 24:  from source 12  epoch 0  consumed = 1.0
   dest 24:  from source 13  epoch 2  consumed = 1.0
   dest 24:  from source 14  epoch 1  consumed = 1.0
   dest 24:  from source 15  epoch 3  consumed = 1.0
   dest 24:  from source 16  epoch 0  consumed = 1.0
   dest 24:  from source 17  epoch 2  consumed = 1.0
   dest 24:  from source 18  epoch 0  consumed = 1.0
   dest 24:  from source 19  epoch 1  consumed = 1.0
   dest 24:  from source 20  epoch 2  consumed = 1.0
   dest 24:  from source 21  epoch 1  consumed = 1.0
   dest 24:  from source 22  epoch 1  consumed = 1.0
   dest 24:  from source 23  epoch 2  consumed = 1.0
   dest 24:  from source 25  epoch 2  consumed = 1.0
   dest 24:  from source 26  epoch 2  consumed = 1.0
   dest 24:  from source 27  epoch 1  consumed = 1.0
   dest 24:  from source 28  epoch 3  consumed = 1.0
   dest 24:  from source 29  epoch 1  consumed = 1.0
   dest 24:  from source 30  epoch 1  consumed = 1.0
   dest 24:  from source 31  epoch 2  consumed = 1.0
   dest 25:  from source  0  epoch 3  consumed = 1.0
   dest 25:  from source  1  epoch 3  consumed = 1.0
   dest 25:  from source  2  epoch 0  consumed = 1.0
   dest 25:  from source  3  epoch 3  consumed = 1.0
   dest 25:  from source  4  epoch 3  consumed = 1.0
   dest 25:  from source  5  epoch 0  consumed = 1.0
   dest 25:  from source  6  epoch 2  consumed = 1.0
   dest 25:  from source  7  epoch 1  consumed = 1.0
   dest 25:  from source  8  epoch 2  consumed = 1.0
   dest 25:  from source  9  epoch 0  consumed = 1.0
   dest 25:  from source 10  epoch 2  consumed = 1.0
   dest 25:  from source 11  epoch 2  consumed = 1.0
   dest 25:  from source 12  epoch 1  consumed = 1.0
   dest 25:  from source 13  epoch 3  consumed = 1.0
   dest 25:  from source 14  epoch 2  consumed = 1.0
   dest 25:  from source 15  epoch 0  consumed = 1.0
   dest 25:  from source 16  epoch 3  consumed = 1.0
   dest 25:  from source 17  epoch 1  consumed = 1.0
   dest 25:  from source 18  epoch 3  consumed = 1.0
   dest 25:  from source 19  epoch 0  consumed = 1.0
   dest 25:  from source 20  epoch 0  consumed = 1.0
   dest 25:  from source 21  epoch 1  consumed = 1.0
   dest 25:  from source 22  epoch 0  consumed = 1.0
   dest 25:  from source 23  epoch 1  consumed = 1.0
   dest 25:  from source 24  epoch 0  consumed = 1.0
   dest 25:  from source 26  epoch 1  consumed = 1.0
   dest 25:  from source 27  epoch 2  consumed = 1.0
   dest 25:  from source 28  epoch 2  consumed = 1.0
   dest 25:  from source 29  epoch 1  consumed = 1.0
   dest 25:  from source 30  epoch 2  consumed = 1.0
   dest 25:  from source 31  epoch 1  consumed = 1.0
   dest 26:  from source  0  epoch 0  consumed = 1.0
   dest 26:  from source  1  epoch 3  consumed = 1.0
   dest 26:  from source  2  epoch 0  consumed = 1.0
   dest 26:  from source  3  epoch 3  consumed = 1.0
   dest 26:  from source  4  epoch 0  consumed = 1.0
   dest 26:  from source  5  epoch 0  consumed = 1.0
   dest 26:  from source  6  epoch 1  consumed = 1.0
   dest 26:  from source  7  epoch 2  consumed = 1.0
   dest 26:  from source  8  epoch 3  consumed = 1.0
   dest 26:  from source  9  epoch 3  consumed = 1.0
   dest 26:  from source 10  epoch 3  consumed = 1.0
   dest 26:  from source 11  epoch 1  consumed = 1.0
   dest 26:  from source 12  epoch 0  consumed = 1.0
   dest 26:  from source 13  epoch 1  consumed = 1.0
   dest 26:  from source 14  epoch 2  consumed = 1.0
   dest 26:  from source 15  epoch 3  consumed = 1.0
   dest 26:  from source 16  epoch 2  consumed = 1.0
   dest 26:  from source 17  epoch 2  consumed = 1.0
   dest 26:  from source 18  epoch 1  consumed = 1.0
   dest 26:  from source 19  epoch 0  consumed = 1.0
   dest 26:  from source 20  epoch 2  consumed = 1.0
   dest 26:  from source 21  epoch 0  consumed = 1.0
   dest 26:  from source 22  epoch 2  consumed = 1.0
   dest 26:  from source 23  epoch 0  consumed = 1.0
   dest 26:  from source 24  epoch 1  consumed = 1.0
   dest 26:  from source 25  epoch 3  consumed = 1.0
   dest 26:  from source 27  epoch 1  consumed = 1.0
   dest 26:  from source 28  epoch 1  consumed = 1.0
   dest 26:  from source 29  epoch 1  consumed = 1.0
   dest 26:  from source 30  epoch 2  consumed = 1.0
   dest 26:  from source 31  epoch 2  consumed = 1.0
   dest 27:  from source  0  epoch 3  consumed = 1.0
   dest 27:  from source  1  epoch 0  consumed = 1.0
   dest 27:  from source  2  epoch 0  consumed = 1.0
   dest 27:  from source  3  epoch 1  consumed = 1.0
   dest 27:  from source  4  epoch 0  consumed = 1.0
   dest 27:  from source  5  epoch 3  consumed = 1.0
   dest 27:  from source  6  epoch 0  consumed = 1.0
   dest 27:  from source  7  epoch 1  consumed = 1.0
   dest 27:  from source  8  epoch 0  consumed = 1.0
   dest 27:  from source  9  epoch 1  consumed = 1.0
   dest 27:  from source 10  epoch 0  consumed = 1.0
   dest 27:  from source 11  epoch 2  consumed = 1.0
   dest 27:  from source 12  epoch 3  consumed = 1.0
   dest 27:  from source 13  epoch 3  consumed = 1.0
   dest 27:  from source 14  epoch 1  consumed = 1.0
   dest 27:  from source 15  epoch 2  consumed = 1.0
   dest 27:  from source 16  epoch 1  consumed = 1.0
   dest 27:  from source 17  epoch 0  consumed = 1.0
   dest 27:  from source 18  epoch 3  consumed = 1.0
   dest 27:  from source 19  epoch 2  consumed = 1.0
   dest 27:  from source 20  epoch 2  consumed = 1.0
   dest 27:  from source 21  epoch 3  consumed = 1.0
   dest 27:  from source 22  epoch 1  consumed = 1.0
   dest 27:  from source 23  epoch 3  consumed = 1.0
   dest 27:  from source 24  epoch 2  consumed = 1.0
   dest 27:  from source 25  epoch 1  consumed = 1.0
   dest 27:  from source 26  epoch 2  consumed = 1.0
   dest 27:  from source 28  epoch 0  consumed = 1.0
   dest 27:  from source 29  epoch 2  consumed = 1.0
   dest 27:  from source 30  epoch 1  consumed = 1.0
   dest 27:  from source 31  epoch 2  consumed = 1.0
   dest 28:  from source  0  epoch 0  consumed = 1.0
   dest 28:  from source  1  epoch 0  consumed = 1.0
   dest 28:  from source  2  epoch 3  consumed = 1.0
   dest 28:  from source  3  epoch 3  consumed = 1.0
   dest 28:  from source  4  epoch 1  consumed = 1.0
   dest 28:  from source  5  epoch 3  consumed = 1.0
   dest 28:  from source  6  epoch 2  consumed = 1.0
   dest 28:  from source  7  epoch 0  consumed = 1.0
   dest 28:  from source  8  epoch 0  consumed = 1.0
   dest 28:  from source  9  epoch 3  consumed = 1.0
   dest 28:  from source 10  epoch 2  consumed = 1.0
   dest 28:  from source 11  epoch 3  consumed = 1.0
   dest 28:  from source 12  epoch 0  consumed = 1.0
   dest 28:  from source 13  epoch 1  consumed = 1.0
   dest 28:  from source 14  epoch 0  consumed = 1.0
   dest 28:  from source 15  epoch 0  consumed = 1.0
   dest 28:  from source 16  epoch 3  consumed = 1.0
   dest 28:  from source 17  epoch 1  consumed = 1.0
   dest 28:  from source 18  epoch 1  consumed = 1.0
   dest 28:  from source 19  epoch 0  consumed = 1.0
   dest 28:  from source 20  epoch 3  consumed = 1.0
   dest 28:  from source 21  epoch 1  consumed = 1.0
   dest 28:  from source 22  epoch 2  consumed = 1.0
   dest 28:  from source 23  epoch 2  consumed = 1.0
   dest 28:  from source 24  epoch 2  consumed = 1.0
   dest 28:  from source 25  epoch 2  consumed = 1.0
   dest 28:  from source 26  epoch 1  consumed = 1.0
   dest 28:  from source 27  epoch 1  consumed = 1.0
   dest 28:  from source 29  epoch 2  consumed = 1.0
   dest 28:  from source 30  epoch 1  consumed = 1.0
   dest 28:  from source 31  epoch 2  consumed = 1.0
   dest 29:  from source  0  epoch 3  consumed = 1.0
   dest 29:  from source  1  epoch 3  consumed = 1.0
   dest 29:  from source  2  epoch 3  consumed = 1.0
   dest 29:  from source  3  epoch 0  consumed = 1.0
   dest 29:  from source  4  epoch 0  consumed = 1.0
   dest 29:  from source  5  epoch 0  consumed = 1.0
   dest 29:  from source  6  epoch 0  consumed = 1.0
   dest 29:  from source  7  epoch 0  consumed = 1.0
   dest 29:  from source  8  epoch 0  consumed = 1.0
   dest 29:  from source  9  epoch 1  consumed = 1.0
   dest 29:  from source 10  epoch 0  consumed = 1.0
   dest 29:  from source 11  epoch 2  consumed = 1.0
   dest 29:  from source 12  epoch 3  consumed = 1.0
   dest 29:  from source 13  epoch 1  consumed = 1.0
   dest 29:  from source 14  epoch 1  consumed = 1.0
   dest 29:  from source 15  epoch 2  consumed = 1.0
   dest 29:  from source 16  epoch 1  consumed = 1.0
   dest 29:  from source 17  epoch 3  consumed = 1.0
   dest 29:  from source 18  epoch 2  consumed = 1.0
   dest 29:  from source 19  epoch 3  consumed = 1.0
   dest 29:  from source 20  epoch 2  consumed = 1.0
   dest 29:  from source 21  epoch 3  consumed = 1.0
   dest 29:  from source 22  epoch 1  consumed = 1.0
   dest 29:  from source 23  epoch 2  consumed = 1.0
   dest 29:  from source 24  epoch 1  consumed = 1.0
   dest 29:  from source 25  epoch 2  consumed = 1.0
   dest 29:  from source 26  epoch 2  consumed = 1.0
   dest 29:  from source 27  epoch 0  consumed = 1.0
   dest 29:  from source 28  epoch 1  consumed = 1.0
   dest 29:  from source 30  epoch 1  consumed = 1.0
   dest 29:  from source 31  epoch 2  consumed = 1.0
   dest 30:  from source  0  epoch 3  consumed = 1.0
   dest 30:  from source  1  epoch 3  consumed = 1.0
   dest 30:  from source  2  epoch 0  consumed = 1.0
   dest 30:  from source  3  epoch 0  consumed = 1.0
   dest 30:  from source  4  epoch 3  consumed = 1.0
   dest 30:  from source  5  epoch 2  consumed = 1.0
   dest 30:  from source  6  epoch 1  consumed = 1.0
   dest 30:  from source  7  epoch 1  consumed = 1.0
   dest 30:  from source  8  epoch 3  consumed = 1.0
   dest 30:  from source  9  epoch 2  consumed = 1.0
   dest 30:  from source 10  epoch 0  consumed = 1.0
   dest 30:  from source 11  epoch 2  consumed = 1.0
   dest 30:  from source 12  epoch 0  consumed = 1.0
   dest 30:  from source 13  epoch 0  consumed = 1.0
   dest 30:  from source 14  epoch 1  consumed = 1.0
   dest 30:  from source 15  epoch 2  consumed = 1.0
   dest 30:  from source 16  epoch 1  consumed = 1.0
   dest 30:  from source 17  epoch 1  consumed = 1.0
   dest 30:  from source 18  epoch 3  consumed = 1.0
   dest 30:  from source 19  epoch 3  consumed = 1.0
   dest 30:  from source 20  epoch 0  consumed = 1.0
   dest 30:  from source 21  epoch 2  consumed = 1.0
   dest 30:  from source 22  epoch 3  consumed = 1.0
   dest 30:  from source 23  epoch 0  consumed = 1.0
   dest 30:  from source 24  epoch 0  consumed = 1.0
   dest 30:  from source 25  epoch 2  consumed = 1.0
   dest 30:  from source 26  epoch 2  consumed = 1.0
   dest 30:  from source 27  epoch 1  consumed = 1.0
   dest 30:  from source 28  epoch 1  consumed = 1.0
   dest 30:  from source 29  epoch 2  consumed = 1.0
   dest 30:  from source 31  epoch 1  consumed = 1.0
   dest 31:  from source  0  epoch 0  consumed = 1.0
   dest 31:  from source  1  epoch 0  consumed = 1.0
   dest 31:  from source  2  epoch 3  consumed = 1.0
   dest 31:  from source  3  epoch 1  consumed = 1.0
   dest 31:  from source  4  epoch 0  consumed = 1.0
   dest 31:  from source  5  epoch 0  consumed = 1.0
   dest 31:  from source  6  epoch 2  consumed = 1.0
   dest 31:  from source  7  epoch 0  consumed = 1.0
   dest 31:  from source  8  epoch 3  consumed = 1.0
   dest 31:  from source  9  epoch 1  consumed = 1.0
   dest 31:  from source 10  epoch 3  consumed = 1.0
   dest 31:  from source 11  epoch 0  consumed = 1.0
   dest 31:  from source 12  epoch 3  consumed = 1.0
   dest 31:  from source 13  epoch 0  consumed = 1.0
   dest 31:  from source 14  epoch 2  consumed = 1.0
   dest 31:  from source 15  epoch 1  consumed = 1.0
   dest 31:  from source 16  epoch 3  consumed = 1.0
   dest 31:  from source 17  epoch 2  consumed = 1.0
   dest 31:  from source 18  epoch 3  consumed = 1.0
   dest 31:  from source 19  epoch 1  consumed = 1.0
   dest 31:  from source 20  epoch 1  consumed = 1.0
   dest 31:  from source 21  epoch 1  consumed = 1.0
   dest 31:  from source 22  epoch 2  consumed = 1.0
   dest 31:  from source 23  epoch 2  consumed = 1.0
   dest 31:  from source 24  epoch 2  consumed = 1.0
   dest 31:  from source 25  epoch 0  consumed = 1.0
   dest 31:  from source 26  epoch 1  consumed = 1.0
   dest 31:  from source 27  epoch 3  consumed = 1.0
   dest 31:  from source 28  epoch 2  consumed = 1.0
   dest 31:  from source 29  epoch 1  consumed = 1.0
   dest 31:  from source 30  epoch 2  consumed = 1.0
==============================================================================

Schedule written to Schedules/coarse_rail_allgather_coarse.json
[flat] network pacing: every paced send's uplink is freed by a send finishing at its epoch; P2 pins them all to their coarse epoch
Schedule written to Schedules/coarse_rail_allgather_flat.json
