Obtaining file:///data/commit/graphit/wangyj05/workspace/TE-CCL
  Installing build dependencies: started
  Installing build dependencies: finished with status 'done'
  Checking if build backend supports build_editable: started
  Checking if build backend supports build_editable: finished with status 'done'
  Getting requirements to build editable: started
  Getting requirements to build editable: finished with status 'done'
  Preparing editable metadata (pyproject.toml): started
  Preparing editable metadata (pyproject.toml): finished with status 'done'
Requirement already satisfied: dataclasses in /data/commit/graphit/wangyj05/miniconda3/envs/teccl/lib/python3.14t/site-packages (from teccl==1.0.0) (0.6)
Requirement already satisfied: argcomplete in /data/commit/graphit/wangyj05/miniconda3/envs/teccl/lib/python3.14t/site-packages (from teccl==1.0.0) (3.6.3)
Requirement already satisfied: gurobipy in /data/commit/graphit/wangyj05/miniconda3/envs/teccl/lib/python3.14t/site-packages (from teccl==1.0.0) (13.0.2)
Requirement already satisfied: numpy in /data/commit/graphit/wangyj05/miniconda3/envs/teccl/lib/python3.14t/site-packages (from teccl==1.0.0) (2.4.6)
Requirement already satisfied: seaborn in /data/commit/graphit/wangyj05/miniconda3/envs/teccl/lib/python3.14t/site-packages (from teccl==1.0.0) (0.13.2)
Requirement already satisfied: lark in /data/commit/graphit/wangyj05/miniconda3/envs/teccl/lib/python3.14/site-packages (from teccl==1.0.0) (1.3.1)
Requirement already satisfied: pandas>=1.2 in /data/commit/graphit/wangyj05/miniconda3/envs/teccl/lib/python3.14t/site-packages (from seaborn->teccl==1.0.0) (3.0.3)
Requirement already satisfied: matplotlib!=3.6.1,>=3.4 in /data/commit/graphit/wangyj05/miniconda3/envs/teccl/lib/python3.14t/site-packages (from seaborn->teccl==1.0.0) (3.11.0)
Requirement already satisfied: contourpy>=1.0.1 in /data/commit/graphit/wangyj05/miniconda3/envs/teccl/lib/python3.14t/site-packages (from matplotlib!=3.6.1,>=3.4->seaborn->teccl==1.0.0) (1.3.3)
Requirement already satisfied: cycler>=0.10 in /data/commit/graphit/wangyj05/miniconda3/envs/teccl/lib/python3.14t/site-packages (from matplotlib!=3.6.1,>=3.4->seaborn->teccl==1.0.0) (0.12.1)
Requirement already satisfied: fonttools>=4.22.0 in /data/commit/graphit/wangyj05/miniconda3/envs/teccl/lib/python3.14t/site-packages (from matplotlib!=3.6.1,>=3.4->seaborn->teccl==1.0.0) (4.63.0)
Requirement already satisfied: kiwisolver>=1.3.1 in /data/commit/graphit/wangyj05/miniconda3/envs/teccl/lib/python3.14t/site-packages (from matplotlib!=3.6.1,>=3.4->seaborn->teccl==1.0.0) (1.5.0)
Requirement already satisfied: packaging>=20.0 in /data/commit/graphit/wangyj05/miniconda3/envs/teccl/lib/python3.14t/site-packages (from matplotlib!=3.6.1,>=3.4->seaborn->teccl==1.0.0) (26.2)
Requirement already satisfied: pillow>=9 in /data/commit/graphit/wangyj05/miniconda3/envs/teccl/lib/python3.14t/site-packages (from matplotlib!=3.6.1,>=3.4->seaborn->teccl==1.0.0) (12.2.0)
Requirement already satisfied: pyparsing>=3 in /data/commit/graphit/wangyj05/miniconda3/envs/teccl/lib/python3.14t/site-packages (from matplotlib!=3.6.1,>=3.4->seaborn->teccl==1.0.0) (3.3.2)
Requirement already satisfied: python-dateutil>=2.7 in /data/commit/graphit/wangyj05/miniconda3/envs/teccl/lib/python3.14t/site-packages (from matplotlib!=3.6.1,>=3.4->seaborn->teccl==1.0.0) (2.9.0.post0)
Requirement already satisfied: six>=1.5 in /data/commit/graphit/wangyj05/miniconda3/envs/teccl/lib/python3.14t/site-packages (from python-dateutil>=2.7->matplotlib!=3.6.1,>=3.4->seaborn->teccl==1.0.0) (1.17.0)
Building wheels for collected packages: teccl
  Building editable for teccl (pyproject.toml): started
  Building editable for teccl (pyproject.toml): finished with status 'done'
  Created wheel for teccl: filename=teccl-1.0.0-0.editable-py3-none-any.whl size=3796 sha256=c18eb29ffe732ab7f88848e9ea9e97104e0f546bea37281ef4b849f327421a09
  Stored in directory: /tmp/pip-ephem-wheel-cache-fo7bm_uy/wheels/2d/31/f1/88ef48e0a336b237a128de3fcf8e52662d1ed0bfbd5a678f6e
Successfully built teccl
Installing collected packages: teccl
  Attempting uninstall: teccl
    Found existing installation: teccl 1.0.0
    Uninstalling teccl-1.0.0:
      Successfully uninstalled teccl-1.0.0
Successfully installed teccl-1.0.0
Set parameter WLSAccessID
Set parameter WLSSecret
Set parameter LicenseID to value 2766017
Academic license 2766017 - for non-commercial use only - registered to wa___@mit.edu
Set parameter LogFile to value "Logs/ALLTOALL_LP_DualPlaneHeteroClusterScattered_18-nodes_1-chunks_80-epochs_288.000315-epoch_duration_ObjectiveType.LEXICOGRAPHIC_dp_scattered_hier.log"
Set parameter LogToConsole to value 0
Set parameter LogFile to value "Logs/ALLTOALL_LP_DualPlaneHeteroClusterScattered_18-nodes_1-chunks_91-epochs_0.02-epoch_duration_ObjectiveType.LEXICOGRAPHIC_dp_scattered_hier.log"
Set parameter LogToConsole to value 0

==============================================================================
RAW LP FLOW VARS  f_s_i_j_k = flow[source s][link i->j][epoch k]
(continuous volume, summed over all of source s's chunks; not yet per-chunk)
==============================================================================

-- source 0 --
   epoch 0:   0(gpu) ->  8(SW)   volume = 0.09375
   epoch 0:   0(gpu) ->  9(SW)   volume = 0.078125
   epoch 0:   0(gpu) -> 10(SW)   volume = 0.078125
   epoch 0:   0(gpu) -> 11(SW)   volume = 0.09375
   epoch 0:   0(gpu) -> 12(SW)   volume = 0.078125
   epoch 0:   0(gpu) -> 13(SW)   volume = 0.078125
   epoch 0:   8(SW) ->  2(gpu)   volume = 0.016221
   epoch 0:   8(SW) ->  4(gpu)   volume = 0.03125
   epoch 0:   8(SW) ->  6(gpu)   volume = 0.015029
   epoch 0:   8(SW) ->  7(gpu)   volume = 0.03125
   epoch 0:   9(SW) ->  1(gpu)   volume = 0.03125
   epoch 0:   9(SW) ->  4(gpu)   volume = 0.046875
   epoch 0:  10(SW) ->  2(gpu)   volume = 0.046875
   epoch 0:  10(SW) ->  5(gpu)   volume = 0.03125
   epoch 0:  11(SW) ->  4(gpu)   volume = 0.03125
   epoch 0:  11(SW) ->  6(gpu)   volume = 0.03125
   epoch 0:  11(SW) ->  7(gpu)   volume = 0.03125
   epoch 0:  12(SW) ->  1(gpu)   volume = 0.03125
   epoch 0:  12(SW) ->  2(gpu)   volume = 0.015625
   epoch 0:  12(SW) ->  6(gpu)   volume = 0.03125
   epoch 0:  13(SW) ->  2(gpu)   volume = 0.0625
   epoch 0:  13(SW) ->  5(gpu)   volume = 0.015625
   epoch 1:   0(gpu) ->  8(SW)   volume = 0.09375
   epoch 1:   0(gpu) ->  9(SW)   volume = 0.078125
   epoch 1:   0(gpu) -> 10(SW)   volume = 0.078125
   epoch 1:   0(gpu) -> 11(SW)   volume = 0.09375
   epoch 1:   0(gpu) -> 12(SW)   volume = 0.078125
   epoch 1:   0(gpu) -> 13(SW)   volume = 0.078125
   epoch 1:   8(SW) ->  1(gpu)   volume = 0.015625
   epoch 1:   8(SW) ->  2(gpu)   volume = 0.046875
   epoch 1:   8(SW) ->  7(gpu)   volume = 0.03125
   epoch 1:   9(SW) ->  3(gpu)   volume = 0.03125
   epoch 1:   9(SW) ->  7(gpu)   volume = 0.046875
   epoch 1:  10(SW) ->  2(gpu)   volume = 0.015625
   epoch 1:  10(SW) ->  3(gpu)   volume = 0.0625
   epoch 1:  11(SW) ->  1(gpu)   volume = 0.0625
   epoch 1:  11(SW) ->  4(gpu)   volume = 0.03125
   epoch 1:  12(SW) ->  3(gpu)   volume = 0.03125
   epoch 1:  12(SW) ->  4(gpu)   volume = 0.046875
   epoch 1:  13(SW) ->  1(gpu)   volume = 0.015625
   epoch 1:  13(SW) ->  3(gpu)   volume = 0.0625
   epoch 2:   0(gpu) ->  8(SW)   volume = 0.09375
   epoch 2:   0(gpu) ->  9(SW)   volume = 0.078125
   epoch 2:   0(gpu) -> 10(SW)   volume = 0.078125
   epoch 2:   0(gpu) -> 11(SW)   volume = 0.09375
   epoch 2:   0(gpu) -> 12(SW)   volume = 0.078125
   epoch 2:   0(gpu) -> 13(SW)   volume = 0.078125
   epoch 2:   8(SW) ->  1(gpu)   volume = 0.0625
   epoch 2:   8(SW) ->  3(gpu)   volume = 0.03125
   epoch 2:   9(SW) ->  2(gpu)   volume = 0.03125
   epoch 2:   9(SW) ->  5(gpu)   volume = 0.046875
   epoch 2:  10(SW) ->  2(gpu)   volume = 0.015625
   epoch 2:  10(SW) ->  5(gpu)   volume = 0.015625
   epoch 2:  10(SW) ->  6(gpu)   volume = 0.046875
   epoch 2:  11(SW) ->  1(gpu)   volume = 0.046875
   epoch 2:  11(SW) ->  5(gpu)   volume = 0.046875
   epoch 2:  12(SW) ->  1(gpu)   volume = 0.046875
   epoch 2:  12(SW) ->  6(gpu)   volume = 0.03125
   epoch 2:  13(SW) ->  1(gpu)   volume = 0.046875
   epoch 2:  13(SW) ->  6(gpu)   volume = 0.03125
   epoch 3:   0(gpu) ->  8(SW)   volume = 0.09375
   epoch 3:   0(gpu) ->  9(SW)   volume = 0.078125
   epoch 3:   0(gpu) -> 10(SW)   volume = 0.078125
   epoch 3:   0(gpu) -> 11(SW)   volume = 0.09375
   epoch 3:   0(gpu) -> 12(SW)   volume = 0.078125
   epoch 3:   0(gpu) -> 13(SW)   volume = 0.078125
   epoch 3:   8(SW) ->  3(gpu)   volume = 0.09375
   epoch 3:   9(SW) ->  1(gpu)   volume = 0.03125
   epoch 3:   9(SW) ->  7(gpu)   volume = 0.046875
   epoch 3:  10(SW) ->  2(gpu)   volume = 0.03125
   epoch 3:  10(SW) ->  4(gpu)   volume = 0.046875
   epoch 3:  11(SW) ->  2(gpu)   volume = 0.03125
   epoch 3:  11(SW) ->  3(gpu)   volume = 0.0625
   epoch 3:  12(SW) ->  4(gpu)   volume = 0.046875
   epoch 3:  12(SW) ->  7(gpu)   volume = 0.03125
   epoch 3:  13(SW) ->  2(gpu)   volume = 0.03125
   epoch 3:  13(SW) ->  7(gpu)   volume = 0.046875
   epoch 4:   0(gpu) ->  8(SW)   volume = 0.09375
   epoch 4:   0(gpu) ->  9(SW)   volume = 0.078125
   epoch 4:   0(gpu) -> 10(SW)   volume = 0.078125
   epoch 4:   0(gpu) -> 11(SW)   volume = 0.09375
   epoch 4:   0(gpu) -> 12(SW)   volume = 0.078125
   epoch 4:   0(gpu) -> 13(SW)   volume = 0.078125
   epoch 4:   8(SW) ->  2(gpu)   volume = 0.046875
   epoch 4:   8(SW) ->  3(gpu)   volume = 0.03125
   epoch 4:   8(SW) ->  4(gpu)   volume = 0.015625
   epoch 4:   9(SW) ->  4(gpu)   volume = 0.046875
   epoch 4:   9(SW) ->  5(gpu)   volume = 0.03125
   epoch 4:  10(SW) ->  5(gpu)   volume = 0.01135
   epoch 4:  10(SW) ->  6(gpu)   volume = 0.035525
   epoch 4:  10(SW) ->  7(gpu)   volume = 0.03125
   epoch 4:  11(SW) ->  1(gpu)   volume = 0.0625
   epoch 4:  11(SW) ->  4(gpu)   volume = 0.03125
   epoch 4:  12(SW) ->  2(gpu)   volume = 0.015625
   epoch 4:  12(SW) ->  3(gpu)   volume = 0.015625
   epoch 4:  12(SW) ->  7(gpu)   volume = 0.046875
   epoch 4:  13(SW) ->  5(gpu)   volume = 0.03125
   epoch 4:  13(SW) ->  6(gpu)   volume = 0.015625
   epoch 4:  13(SW) ->  7(gpu)   volume = 0.03125
   epoch 5:   0(gpu) ->  8(SW)   volume = 0.09375
   epoch 5:   0(gpu) ->  9(SW)   volume = 0.078125
   epoch 5:   0(gpu) -> 10(SW)   volume = 0.078125
   epoch 5:   0(gpu) -> 11(SW)   volume = 0.09375
   epoch 5:   0(gpu) -> 12(SW)   volume = 0.078125
   epoch 5:   0(gpu) -> 13(SW)   volume = 0.078125
   epoch 5:   8(SW) ->  2(gpu)   volume = 0.078125
   epoch 5:   8(SW) ->  5(gpu)   volume = 0.015625
   epoch 5:   9(SW) ->  1(gpu)   volume = 0.046875
   epoch 5:   9(SW) ->  5(gpu)   volume = 0.03125
   epoch 5:  10(SW) ->  1(gpu)   volume = 0.078125
   epoch 5:  11(SW) ->  1(gpu)   volume = 0.015625
   epoch 5:  11(SW) ->  3(gpu)   volume = 0.015625
   epoch 5:  11(SW) ->  5(gpu)   volume = 0.046875
   epoch 5:  11(SW) ->  6(gpu)   volume = 0.015625
   epoch 5:  12(SW) ->  1(gpu)   volume = 0.015625
   epoch 5:  12(SW) ->  2(gpu)   volume = 0.0625
   epoch 5:  13(SW) ->  2(gpu)   volume = 0.046875
   epoch 5:  13(SW) ->  5(gpu)   volume = 0.03125
   epoch 6:   0(gpu) ->  8(SW)   volume = 0.09375
   epoch 6:   0(gpu) ->  9(SW)   volume = 0.078125
   epoch 6:   0(gpu) -> 10(SW)   volume = 0.078125
   epoch 6:   0(gpu) -> 11(SW)   volume = 0.09375
   epoch 6:   0(gpu) -> 12(SW)   volume = 0.078125
   epoch 6:   0(gpu) -> 13(SW)   volume = 0.078125
   epoch 6:   8(SW) ->  3(gpu)   volume = 0.0625
   epoch 6:   8(SW) ->  4(gpu)   volume = 0.03125
   epoch 6:   9(SW) ->  1(gpu)   volume = 0.03125
   epoch 6:   9(SW) ->  7(gpu)   volume = 0.046875
   epoch 6:  10(SW) ->  2(gpu)   volume = 0.03125
   epoch 6:  10(SW) ->  7(gpu)   volume = 0.046875
   epoch 6:  11(SW) ->  2(gpu)   volume = 0.046875
   epoch 6:  11(SW) ->  3(gpu)   volume = 0.015625
   epoch 6:  11(SW) ->  4(gpu)   volume = 0.03125
   epoch 6:  12(SW) ->  1(gpu)   volume = 0.03125
   epoch 6:  12(SW) ->  4(gpu)   volume = 0.046875
   epoch 6:  13(SW) ->  3(gpu)   volume = 0.03125
   epoch 6:  13(SW) ->  4(gpu)   volume = 0.046875
   epoch 7:   0(gpu) ->  8(SW)   volume = 0.09375
   epoch 7:   0(gpu) ->  9(SW)   volume = 0.078125
   epoch 7:   0(gpu) -> 10(SW)   volume = 0.078125
   epoch 7:   0(gpu) -> 11(SW)   volume = 0.09375
   epoch 7:   0(gpu) -> 12(SW)   volume = 0.078125
   epoch 7:   0(gpu) -> 13(SW)   volume = 0.078125
   epoch 7:   8(SW) ->  1(gpu)   volume = 0.046875
   epoch 7:   8(SW) ->  3(gpu)   volume = 0.046875
   epoch 7:   9(SW) ->  1(gpu)   volume = 0.078125
   epoch 7:  10(SW) ->  2(gpu)   volume = 0.046875
   epoch 7:  10(SW) ->  7(gpu)   volume = 0.03125
   epoch 7:  11(SW) ->  1(gpu)   volume = 0.021907
   epoch 7:  11(SW) ->  2(gpu)   volume = 0.071843
   epoch 7:  12(SW) ->  1(gpu)   volume = 0.015625
   epoch 7:  12(SW) ->  3(gpu)   volume = 0.046875
   epoch 7:  12(SW) ->  5(gpu)   volume = 0.015625
   epoch 7:  13(SW) ->  1(gpu)   volume = 0.078125
   epoch 8:   0(gpu) ->  8(SW)   volume = 0.09375
   epoch 8:   0(gpu) ->  9(SW)   volume = 0.078125
   epoch 8:   0(gpu) -> 10(SW)   volume = 0.078125
   epoch 8:   0(gpu) -> 11(SW)   volume = 0.09375
   epoch 8:   0(gpu) -> 12(SW)   volume = 0.078125
   epoch 8:   0(gpu) -> 13(SW)   volume = 0.078125
   epoch 8:   8(SW) ->  2(gpu)   volume = 0.078125
   epoch 8:   8(SW) ->  3(gpu)   volume = 0.015625
   epoch 8:   9(SW) ->  2(gpu)   volume = 0.03125
   epoch 8:   9(SW) ->  5(gpu)   volume = 0.046875
   epoch 8:  10(SW) ->  2(gpu)   volume = 0.03125
   epoch 8:  10(SW) ->  6(gpu)   volume = 0.046875
   epoch 8:  11(SW) ->  1(gpu)   volume = 0.024408
   epoch 8:  11(SW) ->  4(gpu)   volume = 0.03125
   epoch 8:  11(SW) ->  6(gpu)   volume = 0.038092
   epoch 8:  12(SW) ->  1(gpu)   volume = 0.015625
   epoch 8:  12(SW) ->  5(gpu)   volume = 0.046875
   epoch 8:  12(SW) ->  7(gpu)   volume = 0.015625
   epoch 8:  13(SW) ->  1(gpu)   volume = 0.078125
   epoch 9:   0(gpu) ->  8(SW)   volume = 0.09375
   epoch 9:   0(gpu) ->  9(SW)   volume = 0.078125
   epoch 9:   0(gpu) -> 10(SW)   volume = 0.078125
   epoch 9:   0(gpu) -> 11(SW)   volume = 0.09375
   epoch 9:   0(gpu) -> 12(SW)   volume = 0.078125
   epoch 9:   0(gpu) -> 13(SW)   volume = 0.078125
   epoch 9:   8(SW) ->  1(gpu)   volume = 0.046875
   epoch 9:   8(SW) ->  5(gpu)   volume = 0.015625
   epoch 9:   8(SW) ->  7(gpu)   volume = 0.03125
   epoch 9:   9(SW) ->  2(gpu)   volume = 0.078125
   epoch 9:  10(SW) ->  1(gpu)   volume = 0.078125
   epoch 9:  11(SW) ->  1(gpu)   volume = 0.046875
   epoch 9:  11(SW) ->  2(gpu)   volume = 0.03125
   epoch 9:  11(SW) ->  3(gpu)   volume = 0.015625
   epoch 9:  12(SW) ->  1(gpu)   volume = 0.03125
   epoch 9:  12(SW) ->  2(gpu)   volume = 0.046875
   epoch 9:  13(SW) ->  1(gpu)   volume = 0.046875
   epoch 9:  13(SW) ->  3(gpu)   volume = 0.03125
   epoch 10:   0(gpu) ->  8(SW)   volume = 0.09375
   epoch 10:   0(gpu) ->  9(SW)   volume = 0.078125
   epoch 10:   0(gpu) -> 10(SW)   volume = 0.078125
   epoch 10:   0(gpu) -> 11(SW)   volume = 0.09375
   epoch 10:   0(gpu) -> 12(SW)   volume = 0.078125
   epoch 10:   0(gpu) -> 13(SW)   volume = 0.078125
   epoch 10:   8(SW) ->  4(gpu)   volume = 0.03125
   epoch 10:   8(SW) ->  6(gpu)   volume = 0.036839
   epoch 10:   8(SW) ->  7(gpu)   volume = 0.025661
   epoch 10:   9(SW) ->  3(gpu)   volume = 0.078125
   epoch 10:  10(SW) ->  2(gpu)   volume = 0.046875
   epoch 10:  10(SW) ->  3(gpu)   volume = 0.03125
   epoch 10:  11(SW) ->  3(gpu)   volume = 0.03125
   epoch 10:  11(SW) ->  4(gpu)   volume = 0.03125
   epoch 10:  11(SW) ->  5(gpu)   volume = 0.03125
   epoch 10:  12(SW) ->  2(gpu)   volume = 0.046875
   epoch 10:  12(SW) ->  3(gpu)   volume = 0.006855
   epoch 10:  12(SW) ->  6(gpu)   volume = 0.024395
   epoch 10:  13(SW) ->  3(gpu)   volume = 0.0625
   epoch 10:  13(SW) ->  4(gpu)   volume = 0.015625
   epoch 11:   0(gpu) ->  8(SW)   volume = 0.09375
   epoch 11:   0(gpu) ->  9(SW)   volume = 0.078125
   epoch 11:   0(gpu) -> 10(SW)   volume = 0.078125
   epoch 11:   0(gpu) -> 11(SW)   volume = 0.09375
   epoch 11:   0(gpu) -> 12(SW)   volume = 0.078125
   epoch 11:   0(gpu) -> 13(SW)   volume = 0.078125
   epoch 11:   8(SW) ->  2(gpu)   volume = 0.078125
   epoch 11:   8(SW) ->  7(gpu)   volume = 0.015625
   epoch 11:   9(SW) ->  2(gpu)   volume = 0.03125
   epoch 11:   9(SW) ->  5(gpu)   volume = 0.046875
   epoch 11:  10(SW) ->  1(gpu)   volume = 0.03125
   epoch 11:  10(SW) ->  6(gpu)   volume = 0.046875
   epoch 11:  11(SW) ->  1(gpu)   volume = 0.046875
   epoch 11:  11(SW) ->  4(gpu)   volume = 0.015625
   epoch 11:  11(SW) ->  7(gpu)   volume = 0.03125
   epoch 11:  12(SW) ->  1(gpu)   volume = 0.015625
   epoch 11:  12(SW) ->  2(gpu)   volume = 0.046875
   epoch 11:  12(SW) ->  4(gpu)   volume = 0.015625
   epoch 11:  13(SW) ->  6(gpu)   volume = 0.046875
   epoch 11:  13(SW) ->  7(gpu)   volume = 0.03125
   epoch 12:   0(gpu) ->  8(SW)   volume = 0.09375
   epoch 12:   0(gpu) ->  9(SW)   volume = 0.078125
   epoch 12:   0(gpu) -> 10(SW)   volume = 0.078125
   epoch 12:   0(gpu) -> 11(SW)   volume = 0.09375
   epoch 12:   0(gpu) -> 12(SW)   volume = 0.078125
   epoch 12:   0(gpu) -> 13(SW)   volume = 0.078125
   epoch 12:   8(SW) ->  3(gpu)   volume = 0.046875
   epoch 12:   8(SW) ->  5(gpu)   volume = 0.046875
   epoch 12:   9(SW) ->  2(gpu)   volume = 0.046875
   epoch 12:   9(SW) ->  5(gpu)   volume = 0.03125
   epoch 12:  10(SW) ->  6(gpu)   volume = 0.03125
   epoch 12:  10(SW) ->  7(gpu)   volume = 0.046875
   epoch 12:  11(SW) ->  3(gpu)   volume = 0.09375
   epoch 12:  12(SW) ->  3(gpu)   volume = 0.03125
   epoch 12:  12(SW) ->  7(gpu)   volume = 0.046875
   epoch 12:  13(SW) ->  1(gpu)   volume = 0.046875
   epoch 12:  13(SW) ->  5(gpu)   volume = 0.03125
   epoch 13:   0(gpu) ->  8(SW)   volume = 0.09375
   epoch 13:   0(gpu) ->  9(SW)   volume = 0.078125
   epoch 13:   0(gpu) -> 10(SW)   volume = 0.078125
   epoch 13:   0(gpu) -> 11(SW)   volume = 0.09375
   epoch 13:   0(gpu) -> 12(SW)   volume = 0.078125
   epoch 13:   0(gpu) -> 13(SW)   volume = 0.078125
   epoch 13:   8(SW) ->  2(gpu)   volume = 0.078125
   epoch 13:   8(SW) ->  7(gpu)   volume = 0.015625
   epoch 13:   9(SW) ->  2(gpu)   volume = 0.03125
   epoch 13:   9(SW) ->  4(gpu)   volume = 0.046875
   epoch 13:  10(SW) ->  1(gpu)   volume = 0.046875
   epoch 13:  10(SW) ->  5(gpu)   volume = 0.03125
   epoch 13:  11(SW) ->  1(gpu)   volume = 0.078125
   epoch 13:  11(SW) ->  6(gpu)   volume = 0.015625
   epoch 13:  12(SW) ->  2(gpu)   volume = 0.046875
   epoch 13:  12(SW) ->  3(gpu)   volume = 0.015625
   epoch 13:  12(SW) ->  6(gpu)   volume = 0.015625
   epoch 13:  13(SW) ->  1(gpu)   volume = 0.03125
   epoch 13:  13(SW) ->  7(gpu)   volume = 0.046875
   epoch 14:   0(gpu) ->  8(SW)   volume = 0.09375
   epoch 14:   0(gpu) ->  9(SW)   volume = 0.078125
   epoch 14:   0(gpu) -> 10(SW)   volume = 0.078125
   epoch 14:   0(gpu) -> 11(SW)   volume = 0.09375
   epoch 14:   0(gpu) -> 12(SW)   volume = 0.078125
   epoch 14:   0(gpu) -> 13(SW)   volume = 0.078125
   epoch 14:   8(SW) ->  3(gpu)   volume = 0.0625
   epoch 14:   8(SW) ->  6(gpu)   volume = 0.03125
   epoch 14:   9(SW) ->  2(gpu)   volume = 0.078125
   epoch 14:  10(SW) ->  5(gpu)   volume = 0.03125
   epoch 14:  10(SW) ->  6(gpu)   volume = 0.023251
   epoch 14:  10(SW) ->  7(gpu)   volume = 0.023624
   epoch 14:  11(SW) ->  3(gpu)   volume = 0.046875
   epoch 14:  11(SW) ->  6(gpu)   volume = 0.046875
   epoch 14:  12(SW) ->  2(gpu)   volume = 0.0625
   epoch 14:  12(SW) ->  4(gpu)   volume = 0.015625
   epoch 14:  13(SW) ->  1(gpu)   volume = 0.015625
   epoch 14:  13(SW) ->  3(gpu)   volume = 0.0625
   epoch 15:   0(gpu) ->  8(SW)   volume = 0.09375
   epoch 15:   0(gpu) ->  9(SW)   volume = 0.078125
   epoch 15:   0(gpu) -> 10(SW)   volume = 0.078125
   epoch 15:   0(gpu) -> 11(SW)   volume = 0.09375
   epoch 15:   0(gpu) -> 12(SW)   volume = 0.078125
   epoch 15:   0(gpu) -> 13(SW)   volume = 0.078125
   epoch 15:   8(SW) ->  2(gpu)   volume = 0.03125
   epoch 15:   8(SW) ->  5(gpu)   volume = 0.015625
   epoch 15:   8(SW) ->  6(gpu)   volume = 0.046875
   epoch 15:   9(SW) ->  1(gpu)   volume = 0.0625
   epoch 15:   9(SW) ->  5(gpu)   volume = 0.015625
   epoch 15:  10(SW) ->  3(gpu)   volume = 0.03125
   epoch 15:  10(SW) ->  7(gpu)   volume = 0.046875
   epoch 15:  11(SW) ->  1(gpu)   volume = 0.015625
   epoch 15:  11(SW) ->  2(gpu)   volume = 0.046875
   epoch 15:  11(SW) ->  5(gpu)   volume = 0.03125
   epoch 15:  12(SW) ->  4(gpu)   volume = 0.03125
   epoch 15:  12(SW) ->  7(gpu)   volume = 0.046875
   epoch 15:  13(SW) ->  1(gpu)   volume = 0.03125
   epoch 15:  13(SW) ->  7(gpu)   volume = 0.046875
   epoch 16:   0(gpu) ->  8(SW)   volume = 0.09375
   epoch 16:   0(gpu) ->  9(SW)   volume = 0.078125
   epoch 16:   0(gpu) -> 10(SW)   volume = 0.078125
   epoch 16:   0(gpu) -> 11(SW)   volume = 0.09375
   epoch 16:   0(gpu) -> 12(SW)   volume = 0.078125
   epoch 16:   0(gpu) -> 13(SW)   volume = 0.078125
   epoch 16:   8(SW) ->  1(gpu)   volume = 0.03125
   epoch 16:   8(SW) ->  5(gpu)   volume = 0.015625
   epoch 16:   8(SW) ->  6(gpu)   volume = 0.046875
   epoch 16:   9(SW) ->  3(gpu)   volume = 0.03125
   epoch 16:   9(SW) ->  5(gpu)   volume = 0.046875
   epoch 16:  10(SW) ->  3(gpu)   volume = 0.03125
   epoch 16:  10(SW) ->  6(gpu)   volume = 0.046875
   epoch 16:  11(SW) ->  1(gpu)   volume = 0.03125
   epoch 16:  11(SW) ->  2(gpu)   volume = 0.03125
   epoch 16:  11(SW) ->  6(gpu)   volume = 0.03125
   epoch 16:  12(SW) ->  3(gpu)   volume = 0.03125
   epoch 16:  12(SW) ->  5(gpu)   volume = 0.046875
   epoch 16:  13(SW) ->  1(gpu)   volume = 0.015625
   epoch 16:  13(SW) ->  3(gpu)   volume = 0.0625
   epoch 17:   0(gpu) ->  8(SW)   volume = 0.09375
   epoch 17:   0(gpu) ->  9(SW)   volume = 0.078125
   epoch 17:   0(gpu) -> 10(SW)   volume = 0.078125
   epoch 17:   0(gpu) -> 11(SW)   volume = 0.09375
   epoch 17:   0(gpu) -> 12(SW)   volume = 0.078125
   epoch 17:   0(gpu) -> 13(SW)   volume = 0.078125
   epoch 17:   8(SW) ->  1(gpu)   volume = 0.03125
   epoch 17:   8(SW) ->  2(gpu)   volume = 0.015625
   epoch 17:   8(SW) ->  6(gpu)   volume = 0.046875
   epoch 17:   9(SW) ->  1(gpu)   volume = 0.03125
   epoch 17:   9(SW) ->  5(gpu)   volume = 0.046875
   epoch 17:  10(SW) ->  4(gpu)   volume = 0.015625
   epoch 17:  10(SW) ->  5(gpu)   volume = 0.015625
   epoch 17:  10(SW) ->  6(gpu)   volume = 0.046875
   epoch 17:  11(SW) ->  2(gpu)   volume = 0.0625
   epoch 17:  11(SW) ->  6(gpu)   volume = 0.03125
   epoch 17:  12(SW) ->  2(gpu)   volume = 0.03125
   epoch 17:  12(SW) ->  4(gpu)   volume = 0.015625
   epoch 17:  12(SW) ->  6(gpu)   volume = 0.03125
   epoch 17:  13(SW) ->  1(gpu)   volume = 0.046875
   epoch 17:  13(SW) ->  5(gpu)   volume = 0.03125
   epoch 18:   0(gpu) ->  8(SW)   volume = 0.09375
   epoch 18:   0(gpu) ->  9(SW)   volume = 0.078125
   epoch 18:   0(gpu) -> 10(SW)   volume = 0.078125
   epoch 18:   0(gpu) -> 11(SW)   volume = 0.09375
   epoch 18:   0(gpu) -> 12(SW)   volume = 0.078125
   epoch 18:   0(gpu) -> 13(SW)   volume = 0.078125
   epoch 18:   8(SW) ->  3(gpu)   volume = 0.078125
   epoch 18:   8(SW) ->  4(gpu)   volume = 0.015625
   epoch 18:   9(SW) ->  2(gpu)   volume = 0.0625
   epoch 18:   9(SW) ->  6(gpu)   volume = 0.015625
   epoch 18:  10(SW) ->  1(gpu)   volume = 0.046875
   epoch 18:  10(SW) ->  4(gpu)   volume = 0.03125
   epoch 18:  11(SW) ->  1(gpu)   volume = 0.03125
   epoch 18:  11(SW) ->  3(gpu)   volume = 0.03125
   epoch 18:  11(SW) ->  4(gpu)   volume = 0.03125
   epoch 18:  12(SW) ->  4(gpu)   volume = 0.03125
   epoch 18:  12(SW) ->  7(gpu)   volume = 0.046875
   epoch 18:  13(SW) ->  4(gpu)   volume = 0.046875
   epoch 18:  13(SW) ->  5(gpu)   volume = 0.03125
   epoch 19:   0(gpu) ->  8(SW)   volume = 0.09375
   epoch 19:   0(gpu) ->  9(SW)   volume = 0.078125
   epoch 19:   0(gpu) -> 10(SW)   volume = 0.078125
   epoch 19:   0(gpu) -> 11(SW)   volume = 0.09375
   epoch 19:   0(gpu) -> 12(SW)   volume = 0.078125
   epoch 19:   0(gpu) -> 13(SW)   volume = 0.078125
   epoch 19:   8(SW) ->  3(gpu)   volume = 0.09375
   epoch 19:   9(SW) ->  2(gpu)   volume = 0.054808
   epoch 19:   9(SW) ->  3(gpu)   volume = 0.023317
   epoch 19:  10(SW) ->  1(gpu)   volume = 0.046875
   epoch 19:  10(SW) ->  3(gpu)   volume = 0.03125
   epoch 19:  11(SW) ->  3(gpu)   volume = 0.0625
   epoch 19:  11(SW) ->  4(gpu)   volume = 0.03125
   epoch 19:  12(SW) ->  3(gpu)   volume = 0.03125
   epoch 19:  12(SW) ->  4(gpu)   volume = 0.046875
   epoch 19:  13(SW) ->  1(gpu)   volume = 0.078125
   epoch 20:   0(gpu) ->  8(SW)   volume = 0.09375
   epoch 20:   0(gpu) ->  9(SW)   volume = 0.078125
   epoch 20:   0(gpu) -> 10(SW)   volume = 0.078125
   epoch 20:   0(gpu) -> 11(SW)   volume = 0.09375
   epoch 20:   0(gpu) -> 12(SW)   volume = 0.078125
   epoch 20:   0(gpu) -> 13(SW)   volume = 0.078125
   epoch 20:   8(SW) ->  2(gpu)   volume = 0.078125
   epoch 20:   8(SW) ->  5(gpu)   volume = 0.015625
   epoch 20:   9(SW) ->  4(gpu)   volume = 0.046875
   epoch 20:   9(SW) ->  5(gpu)   volume = 0.03125
   epoch 20:  10(SW) ->  5(gpu)   volume = 0.03125
   epoch 20:  10(SW) ->  7(gpu)   volume = 0.046875
   epoch 20:  11(SW) ->  1(gpu)   volume = 0.078125
   epoch 20:  11(SW) ->  7(gpu)   volume = 0.015625
   epoch 20:  12(SW) ->  3(gpu)   volume = 0.015625
   epoch 20:  12(SW) ->  5(gpu)   volume = 0.046875
   epoch 20:  12(SW) ->  7(gpu)   volume = 0.015625
   epoch 20:  13(SW) ->  3(gpu)   volume = 0.03125
   epoch 20:  13(SW) ->  7(gpu)   volume = 0.046875
   epoch 21:   0(gpu) ->  8(SW)   volume = 0.09375
   epoch 21:   0(gpu) ->  9(SW)   volume = 0.078125
   epoch 21:   0(gpu) -> 10(SW)   volume = 0.078125
   epoch 21:   0(gpu) -> 11(SW)   volume = 0.09375
   epoch 21:   0(gpu) -> 12(SW)   volume = 0.078125
   epoch 21:   0(gpu) -> 13(SW)   volume = 0.078125
   epoch 21:   8(SW) ->  1(gpu)   volume = 0.03125
   epoch 21:   8(SW) ->  3(gpu)   volume = 0.0625
   epoch 21:   9(SW) ->  2(gpu)   volume = 0.027054
   epoch 21:   9(SW) ->  3(gpu)   volume = 0.019821
   epoch 21:   9(SW) ->  6(gpu)   volume = 0.03125
   epoch 21:  10(SW) ->  1(gpu)   volume = 0.03125
   epoch 21:  10(SW) ->  6(gpu)   volume = 0.046875
   epoch 21:  11(SW) ->  2(gpu)   volume = 0.015625
   epoch 21:  11(SW) ->  6(gpu)   volume = 0.046875
   epoch 21:  11(SW) ->  7(gpu)   volume = 0.03125
   epoch 21:  12(SW) ->  2(gpu)   volume = 0.046875
   epoch 21:  12(SW) ->  6(gpu)   volume = 0.03125
   epoch 21:  13(SW) ->  5(gpu)   volume = 0.03125
   epoch 21:  13(SW) ->  6(gpu)   volume = 0.046875
   epoch 22:   0(gpu) ->  8(SW)   volume = 0.09375
   epoch 22:   0(gpu) ->  9(SW)   volume = 0.078125
   epoch 22:   0(gpu) -> 10(SW)   volume = 0.078125
   epoch 22:   0(gpu) -> 11(SW)   volume = 0.09375
   epoch 22:   0(gpu) -> 12(SW)   volume = 0.078125
   epoch 22:   0(gpu) -> 13(SW)   volume = 0.078125
   epoch 22:   8(SW) ->  2(gpu)   volume = 0.03125
   epoch 22:   8(SW) ->  3(gpu)   volume = 0.046875
   epoch 22:   8(SW) ->  6(gpu)   volume = 0.015625
   epoch 22:   9(SW) ->  3(gpu)   volume = 0.078125
   epoch 22:  10(SW) ->  1(gpu)   volume = 0.078125
   epoch 22:  11(SW) ->  3(gpu)   volume = 0.046875
   epoch 22:  11(SW) ->  5(gpu)   volume = 0.046875
   epoch 22:  12(SW) ->  1(gpu)   volume = 0.03125
   epoch 22:  12(SW) ->  3(gpu)   volume = 0.046875
   epoch 22:  13(SW) ->  1(gpu)   volume = 0.078125
   epoch 23:   0(gpu) ->  8(SW)   volume = 0.09375
   epoch 23:   0(gpu) ->  9(SW)   volume = 0.078125
   epoch 23:   0(gpu) -> 10(SW)   volume = 0.078125
   epoch 23:   0(gpu) -> 11(SW)   volume = 0.09375
   epoch 23:   0(gpu) -> 12(SW)   volume = 0.078125
   epoch 23:   0(gpu) -> 13(SW)   volume = 0.078125
   epoch 23:   8(SW) ->  1(gpu)   volume = 0.015625
   epoch 23:   8(SW) ->  2(gpu)   volume = 0.046875
   epoch 23:   8(SW) ->  7(gpu)   volume = 0.03125
   epoch 23:   9(SW) ->  4(gpu)   volume = 0.016856
   epoch 23:   9(SW) ->  6(gpu)   volume = 0.03125
   epoch 23:   9(SW) ->  7(gpu)   volume = 0.030019
   epoch 23:  10(SW) ->  1(gpu)   volume = 0.03125
   epoch 23:  10(SW) ->  4(gpu)   volume = 0.046875
   epoch 23:  11(SW) ->  3(gpu)   volume = 0.046875
   epoch 23:  11(SW) ->  5(gpu)   volume = 0.046875
   epoch 23:  12(SW) ->  2(gpu)   volume = 0.046875
   epoch 23:  12(SW) ->  4(gpu)   volume = 0.03125
   epoch 23:  13(SW) ->  1(gpu)   volume = 0.03125
   epoch 23:  13(SW) ->  4(gpu)   volume = 0.046875
   epoch 24:   0(gpu) ->  8(SW)   volume = 0.09375
   epoch 24:   0(gpu) ->  9(SW)   volume = 0.078125
   epoch 24:   0(gpu) -> 10(SW)   volume = 0.078125
   epoch 24:   0(gpu) -> 11(SW)   volume = 0.09375
   epoch 24:   0(gpu) -> 12(SW)   volume = 0.078125
   epoch 24:   0(gpu) -> 13(SW)   volume = 0.078125
   epoch 24:   8(SW) ->  1(gpu)   volume = 0.046875
   epoch 24:   8(SW) ->  2(gpu)   volume = 0.046875
   epoch 24:   9(SW) ->  2(gpu)   volume = 0.015625
   epoch 24:   9(SW) ->  3(gpu)   volume = 0.03125
   epoch 24:   9(SW) ->  6(gpu)   volume = 0.03125
   epoch 24:  10(SW) ->  6(gpu)   volume = 0.046875
   epoch 24:  10(SW) ->  7(gpu)   volume = 0.03125
   epoch 24:  11(SW) ->  2(gpu)   volume = 0.0625
   epoch 24:  11(SW) ->  4(gpu)   volume = 0.03125
   epoch 24:  12(SW) ->  2(gpu)   volume = 0.046875
   epoch 24:  12(SW) ->  6(gpu)   volume = 0.03125
   epoch 24:  13(SW) ->  1(gpu)   volume = 0.078125
   epoch 25:   0(gpu) ->  8(SW)   volume = 0.09375
   epoch 25:   0(gpu) ->  9(SW)   volume = 0.078125
   epoch 25:   0(gpu) -> 10(SW)   volume = 0.078125
   epoch 25:   0(gpu) -> 11(SW)   volume = 0.09375
   epoch 25:   0(gpu) -> 12(SW)   volume = 0.078125
   epoch 25:   0(gpu) -> 13(SW)   volume = 0.078125
   epoch 25:   8(SW) ->  3(gpu)   volume = 0.0625
   epoch 25:   8(SW) ->  7(gpu)   volume = 0.03125
   epoch 25:   9(SW) ->  2(gpu)   volume = 0.078125
   epoch 25:  10(SW) ->  3(gpu)   volume = 0.046875
   epoch 25:  10(SW) ->  5(gpu)   volume = 0.03125
   epoch 25:  11(SW) ->  1(gpu)   volume = 0.03125
   epoch 25:  11(SW) ->  2(gpu)   volume = 0.03125
   epoch 25:  11(SW) ->  3(gpu)   volume = 0.03125
   epoch 25:  12(SW) ->  3(gpu)   volume = 0.046875
   epoch 25:  12(SW) ->  6(gpu)   volume = 0.03125
   epoch 25:  13(SW) ->  2(gpu)   volume = 0.046875
   epoch 25:  13(SW) ->  5(gpu)   volume = 0.03125
   epoch 26:   0(gpu) ->  8(SW)   volume = 0.09375
   epoch 26:   0(gpu) ->  9(SW)   volume = 0.078125
   epoch 26:   0(gpu) -> 10(SW)   volume = 0.078125
   epoch 26:   0(gpu) -> 11(SW)   volume = 0.09375
   epoch 26:   0(gpu) -> 12(SW)   volume = 0.078125
   epoch 26:   0(gpu) -> 13(SW)   volume = 0.078125
   epoch 26:   8(SW) ->  2(gpu)   volume = 0.046875
   epoch 26:   8(SW) ->  6(gpu)   volume = 0.046875
   epoch 26:   9(SW) ->  1(gpu)   volume = 0.001178
   epoch 26:   9(SW) ->  2(gpu)   volume = 0.03125
   epoch 26:   9(SW) ->  7(gpu)   volume = 0.045697
   epoch 26:  10(SW) ->  1(gpu)   volume = 0.03125
   epoch 26:  10(SW) ->  7(gpu)   volume = 0.046875
   epoch 26:  11(SW) ->  2(gpu)   volume = 0.078125
   epoch 26:  11(SW) ->  5(gpu)   volume = 0.015625
   epoch 26:  12(SW) ->  3(gpu)   volume = 0.03125
   epoch 26:  12(SW) ->  7(gpu)   volume = 0.046875
   epoch 26:  13(SW) ->  6(gpu)   volume = 0.03125
   epoch 26:  13(SW) ->  7(gpu)   volume = 0.046875
   epoch 27:   0(gpu) ->  8(SW)   volume = 0.09375
   epoch 27:   0(gpu) ->  9(SW)   volume = 0.078125
   epoch 27:   0(gpu) -> 10(SW)   volume = 0.078125
   epoch 27:   0(gpu) -> 11(SW)   volume = 0.09375
   epoch 27:   0(gpu) -> 12(SW)   volume = 0.078125
   epoch 27:   0(gpu) -> 13(SW)   volume = 0.078125
   epoch 27:   8(SW) ->  2(gpu)   volume = 0.015625
   epoch 27:   8(SW) ->  6(gpu)   volume = 0.046875
   epoch 27:   8(SW) ->  7(gpu)   volume = 0.03125
   epoch 27:   9(SW) ->  2(gpu)   volume = 0.03125
   epoch 27:   9(SW) ->  4(gpu)   volume = 0.046875
   epoch 27:  10(SW) ->  1(gpu)   volume = 0.03125
   epoch 27:  10(SW) ->  4(gpu)   volume = 0.046875
   epoch 27:  11(SW) ->  2(gpu)   volume = 0.015625
   epoch 27:  11(SW) ->  4(gpu)   volume = 0.03125
   epoch 27:  11(SW) ->  6(gpu)   volume = 0.046875
   epoch 27:  12(SW) ->  1(gpu)   volume = 0.046875
   epoch 27:  12(SW) ->  3(gpu)   volume = 0.03125
   epoch 27:  13(SW) ->  1(gpu)   volume = 0.03125
   epoch 27:  13(SW) ->  4(gpu)   volume = 0.046875
   epoch 28:   0(gpu) ->  8(SW)   volume = 0.09375
   epoch 28:   0(gpu) ->  9(SW)   volume = 0.078125
   epoch 28:   0(gpu) -> 10(SW)   volume = 0.078125
   epoch 28:   0(gpu) -> 11(SW)   volume = 0.09375
   epoch 28:   0(gpu) -> 12(SW)   volume = 0.078125
   epoch 28:   0(gpu) -> 13(SW)   volume = 0.078125
   epoch 28:   8(SW) ->  1(gpu)   volume = 0.046875
   epoch 28:   8(SW) ->  5(gpu)   volume = 0.046875
   epoch 28:   9(SW) ->  2(gpu)   volume = 0.03125
   epoch 28:   9(SW) ->  7(gpu)   volume = 0.046875
   epoch 28:  10(SW) ->  2(gpu)   volume = 0.046875
   epoch 28:  10(SW) ->  5(gpu)   volume = 0.03125
   epoch 28:  11(SW) ->  2(gpu)   volume = 0.046875
   epoch 28:  11(SW) ->  5(gpu)   volume = 0.046875
   epoch 28:  12(SW) ->  5(gpu)   volume = 0.046875
   epoch 28:  12(SW) ->  6(gpu)   volume = 0.03125
   epoch 28:  13(SW) ->  2(gpu)   volume = 0.015625
   epoch 28:  13(SW) ->  3(gpu)   volume = 0.03125
   epoch 28:  13(SW) ->  6(gpu)   volume = 0.03125
   epoch 29:   0(gpu) ->  8(SW)   volume = 0.09375
   epoch 29:   0(gpu) ->  9(SW)   volume = 0.078125
   epoch 29:   0(gpu) -> 10(SW)   volume = 0.078125
   epoch 29:   0(gpu) -> 11(SW)   volume = 0.09375
   epoch 29:   0(gpu) -> 12(SW)   volume = 0.078125
   epoch 29:   0(gpu) -> 13(SW)   volume = 0.078125
   epoch 29:   8(SW) ->  2(gpu)   volume = 0.046875
   epoch 29:   8(SW) ->  3(gpu)   volume = 0.015625
   epoch 29:   8(SW) ->  7(gpu)   volume = 0.03125
   epoch 29:   9(SW) ->  3(gpu)   volume = 0.046875
   epoch 29:   9(SW) ->  6(gpu)   volume = 0.03125
   epoch 29:  10(SW) ->  4(gpu)   volume = 0.046875
   epoch 29:  10(SW) ->  5(gpu)   volume = 0.03125
   epoch 29:  11(SW) ->  3(gpu)   volume = 0.0625
   epoch 29:  11(SW) ->  4(gpu)   volume = 0.03125
   epoch 29:  12(SW) ->  2(gpu)   volume = 0.03125
   epoch 29:  12(SW) ->  5(gpu)   volume = 0.015625
   epoch 29:  12(SW) ->  6(gpu)   volume = 0.03125
   epoch 29:  13(SW) ->  1(gpu)   volume = 0.03125
   epoch 29:  13(SW) ->  4(gpu)   volume = 0.046875
   epoch 30:   0(gpu) ->  8(SW)   volume = 0.09375
   epoch 30:   0(gpu) ->  9(SW)   volume = 0.078125
   epoch 30:   0(gpu) -> 10(SW)   volume = 0.078125
   epoch 30:   0(gpu) -> 11(SW)   volume = 0.09375
   epoch 30:   0(gpu) -> 12(SW)   volume = 0.078125
   epoch 30:   0(gpu) -> 13(SW)   volume = 0.078125
   epoch 30:   8(SW) ->  3(gpu)   volume = 0.0625
   epoch 30:   8(SW) ->  6(gpu)   volume = 0.015625
   epoch 30:   8(SW) ->  7(gpu)   volume = 0.015625
   epoch 30:   9(SW) ->  3(gpu)   volume = 0.03125
   epoch 30:   9(SW) ->  4(gpu)   volume = 0.046875
   epoch 30:  10(SW) ->  1(gpu)   volume = 0.03125
   epoch 30:  10(SW) ->  4(gpu)   volume = 0.03125
   epoch 30:  10(SW) ->  5(gpu)   volume = 0.015625
   epoch 30:  11(SW) ->  3(gpu)   volume = 0.09375
   epoch 30:  12(SW) ->  4(gpu)   volume = 0.03125
   epoch 30:  12(SW) ->  7(gpu)   volume = 0.046875
   epoch 30:  13(SW) ->  3(gpu)   volume = 0.0625
   epoch 30:  13(SW) ->  7(gpu)   volume = 0.015625
   epoch 31:   0(gpu) ->  8(SW)   volume = 0.09375
   epoch 31:   0(gpu) ->  9(SW)   volume = 0.078125
   epoch 31:   0(gpu) -> 10(SW)   volume = 0.078125
   epoch 31:   0(gpu) -> 11(SW)   volume = 0.09375
   epoch 31:   0(gpu) -> 12(SW)   volume = 0.078125
   epoch 31:   0(gpu) -> 13(SW)   volume = 0.078125
   epoch 31:   8(SW) ->  3(gpu)   volume = 0.046875
   epoch 31:   8(SW) ->  4(gpu)   volume = 0.015625
   epoch 31:   8(SW) ->  5(gpu)   volume = 0.015625
   epoch 31:   8(SW) ->  6(gpu)   volume = 0.015625
   epoch 31:   9(SW) ->  3(gpu)   volume = 0.078125
   epoch 31:  10(SW) ->  1(gpu)   volume = 0.078125
   epoch 31:  11(SW) ->  3(gpu)   volume = 0.046875
   epoch 31:  11(SW) ->  6(gpu)   volume = 0.046875
   epoch 31:  12(SW) ->  2(gpu)   volume = 0.046875
   epoch 31:  12(SW) ->  3(gpu)   volume = 0.03125
   epoch 31:  13(SW) ->  6(gpu)   volume = 0.046875
   epoch 31:  13(SW) ->  7(gpu)   volume = 0.03125
   epoch 32:   0(gpu) ->  8(SW)   volume = 0.09375
   epoch 32:   0(gpu) ->  9(SW)   volume = 0.078125
   epoch 32:   0(gpu) -> 10(SW)   volume = 0.078125
   epoch 32:   0(gpu) -> 11(SW)   volume = 0.09375
   epoch 32:   0(gpu) -> 12(SW)   volume = 0.078125
   epoch 32:   0(gpu) -> 13(SW)   volume = 0.078125
   epoch 32:   8(SW) ->  2(gpu)   volume = 0.078125
   epoch 32:   8(SW) ->  3(gpu)   volume = 0.01135
   epoch 32:   8(SW) ->  5(gpu)   volume = 0.004275
   epoch 32:   9(SW) ->  1(gpu)   volume = 0.01693
   epoch 32:   9(SW) ->  3(gpu)   volume = 0.061195
   epoch 32:  10(SW) ->  1(gpu)   volume = 0.046875
   epoch 32:  10(SW) ->  5(gpu)   volume = 0.03125
   epoch 32:  11(SW) ->  2(gpu)   volume = 0.0625
   epoch 32:  11(SW) ->  4(gpu)   volume = 0.03125
   epoch 32:  12(SW) ->  2(gpu)   volume = 0.046875
   epoch 32:  12(SW) ->  3(gpu)   volume = 0.03125
   epoch 32:  13(SW) ->  1(gpu)   volume = 0.015625
   epoch 32:  13(SW) ->  3(gpu)   volume = 0.0625
   epoch 33:   0(gpu) ->  8(SW)   volume = 0.09375
   epoch 33:   0(gpu) ->  9(SW)   volume = 0.078125
   epoch 33:   0(gpu) -> 10(SW)   volume = 0.078125
   epoch 33:   0(gpu) -> 11(SW)   volume = 0.09375
   epoch 33:   0(gpu) -> 12(SW)   volume = 0.078125
   epoch 33:   0(gpu) -> 13(SW)   volume = 0.078125
   epoch 33:   8(SW) ->  4(gpu)   volume = 0.03125
   epoch 33:   8(SW) ->  5(gpu)   volume = 0.03125
   epoch 33:   8(SW) ->  7(gpu)   volume = 0.03125
   epoch 33:   9(SW) ->  2(gpu)   volume = 0.030663
   epoch 33:   9(SW) ->  3(gpu)   volume = 0.000587
   epoch 33:   9(SW) ->  7(gpu)   volume = 0.046875
   epoch 33:  10(SW) ->  1(gpu)   volume = 0.078125
   epoch 33:  11(SW) ->  1(gpu)   volume = 0.0625
   epoch 33:  11(SW) ->  2(gpu)   volume = 0.015625
   epoch 33:  11(SW) ->  6(gpu)   volume = 0.015625
   epoch 33:  12(SW) ->  1(gpu)   volume = 0.03125
   epoch 33:  12(SW) ->  4(gpu)   volume = 0.046875
   epoch 33:  13(SW) ->  1(gpu)   volume = 0.03125
   epoch 33:  13(SW) ->  7(gpu)   volume = 0.046875
   epoch 34:   0(gpu) ->  8(SW)   volume = 0.09375
   epoch 34:   0(gpu) ->  9(SW)   volume = 0.078125
   epoch 34:   0(gpu) -> 10(SW)   volume = 0.078125
   epoch 34:   0(gpu) -> 11(SW)   volume = 0.09375
   epoch 34:   0(gpu) -> 12(SW)   volume = 0.078125
   epoch 34:   0(gpu) -> 13(SW)   volume = 0.078125
   epoch 34:   8(SW) ->  2(gpu)   volume = 0.046875
   epoch 34:   8(SW) ->  6(gpu)   volume = 0.046875
   epoch 34:   9(SW) ->  1(gpu)   volume = 0.046875
   epoch 34:   9(SW) ->  2(gpu)   volume = 0.03125
   epoch 34:  10(SW) ->  3(gpu)   volume = 0.078125
   epoch 34:  11(SW) ->  2(gpu)   volume = 0.046875
   epoch 34:  11(SW) ->  3(gpu)   volume = 0.046875
   epoch 34:  12(SW) ->  1(gpu)   volume = 0.015546
   epoch 34:  12(SW) ->  3(gpu)   volume = 0.062579
   epoch 34:  13(SW) ->  3(gpu)   volume = 0.046875
   epoch 34:  13(SW) ->  5(gpu)   volume = 0.03125
   epoch 35:   0(gpu) ->  8(SW)   volume = 0.09375
   epoch 35:   0(gpu) ->  9(SW)   volume = 0.078125
   epoch 35:   0(gpu) -> 10(SW)   volume = 0.078125
   epoch 35:   0(gpu) -> 11(SW)   volume = 0.09375
   epoch 35:   0(gpu) -> 12(SW)   volume = 0.078125
   epoch 35:   0(gpu) -> 13(SW)   volume = 0.078125
   epoch 35:   8(SW) ->  2(gpu)   volume = 0.046875
   epoch 35:   8(SW) ->  3(gpu)   volume = 0.046875
   epoch 35:   9(SW) ->  5(gpu)   volume = 0.046875
   epoch 35:   9(SW) ->  7(gpu)   volume = 0.03125
   epoch 35:  10(SW) ->  1(gpu)   volume = 0.03125
   epoch 35:  10(SW) ->  7(gpu)   volume = 0.046875
   epoch 35:  11(SW) ->  1(gpu)   volume = 0.078125
   epoch 35:  11(SW) ->  2(gpu)   volume = 0.015625
   epoch 35:  12(SW) ->  5(gpu)   volume = 0.046875
   epoch 35:  12(SW) ->  7(gpu)   volume = 0.03125
   epoch 35:  13(SW) ->  2(gpu)   volume = 0.048132
   epoch 35:  13(SW) ->  6(gpu)   volume = 0.029993
   epoch 36:   0(gpu) ->  8(SW)   volume = 0.09375
   epoch 36:   0(gpu) ->  9(SW)   volume = 0.078125
   epoch 36:   0(gpu) -> 10(SW)   volume = 0.078125
   epoch 36:   0(gpu) -> 11(SW)   volume = 0.09375
   epoch 36:   0(gpu) -> 12(SW)   volume = 0.078125
   epoch 36:   0(gpu) -> 13(SW)   volume = 0.078125
   epoch 36:   8(SW) ->  2(gpu)   volume = 0.078125
   epoch 36:   8(SW) ->  4(gpu)   volume = 0.015625
   epoch 36:   9(SW) ->  2(gpu)   volume = 0.03125
   epoch 36:   9(SW) ->  3(gpu)   volume = 0.03125
   epoch 36:   9(SW) ->  5(gpu)   volume = 0.015625
   epoch 36:  10(SW) ->  1(gpu)   volume = 0.03125
   epoch 36:  10(SW) ->  3(gpu)   volume = 0.03125
   epoch 36:  10(SW) ->  6(gpu)   volume = 0.015625
   epoch 36:  11(SW) ->  1(gpu)   volume = 0.078125
   epoch 36:  11(SW) ->  5(gpu)   volume = 0.015625
   epoch 36:  12(SW) ->  2(gpu)   volume = 0.078125
   epoch 36:  13(SW) ->  1(gpu)   volume = 0.078125
   epoch 37:   0(gpu) ->  8(SW)   volume = 0.09375
   epoch 37:   0(gpu) ->  9(SW)   volume = 0.078125
   epoch 37:   0(gpu) -> 10(SW)   volume = 0.078125
   epoch 37:   0(gpu) -> 11(SW)   volume = 0.09375
   epoch 37:   0(gpu) -> 12(SW)   volume = 0.078125
   epoch 37:   0(gpu) -> 13(SW)   volume = 0.078125
   epoch 37:   8(SW) ->  1(gpu)   volume = 0.046875
   epoch 37:   8(SW) ->  3(gpu)   volume = 0.046875
   epoch 37:   9(SW) ->  1(gpu)   volume = 0.029971
   epoch 37:   9(SW) ->  2(gpu)   volume = 0.048154
   epoch 37:  10(SW) ->  1(gpu)   volume = 0.078125
   epoch 37:  11(SW) ->  1(gpu)   volume = 0.046875
   epoch 37:  11(SW) ->  5(gpu)   volume = 0.046875
   epoch 37:  12(SW) ->  2(gpu)   volume = 0.078125
   epoch 37:  13(SW) ->  1(gpu)   volume = 0.03125
   epoch 37:  13(SW) ->  2(gpu)   volume = 0.046875
   epoch 38:   0(gpu) ->  8(SW)   volume = 0.09375
   epoch 38:   0(gpu) ->  9(SW)   volume = 0.078125
   epoch 38:   0(gpu) -> 10(SW)   volume = 0.078125
   epoch 38:   0(gpu) -> 11(SW)   volume = 0.09375
   epoch 38:   0(gpu) -> 12(SW)   volume = 0.078125
   epoch 38:   0(gpu) -> 13(SW)   volume = 0.078125
   epoch 38:   8(SW) ->  1(gpu)   volume = 0.04631
   epoch 38:   8(SW) ->  3(gpu)   volume = 0.042337
   epoch 38:   8(SW) ->  4(gpu)   volume = 0.005103
   epoch 38:   9(SW) ->  2(gpu)   volume = 0.015625
   epoch 38:   9(SW) ->  4(gpu)   volume = 0.046875
   epoch 38:   9(SW) ->  7(gpu)   volume = 0.015625
   epoch 38:  10(SW) ->  3(gpu)   volume = 0.015625
   epoch 38:  10(SW) ->  4(gpu)   volume = 0.046875
   epoch 38:  10(SW) ->  7(gpu)   volume = 0.015625
   epoch 38:  11(SW) ->  3(gpu)   volume = 0.09375
   epoch 38:  12(SW) ->  3(gpu)   volume = 0.015625
   epoch 38:  12(SW) ->  4(gpu)   volume = 0.015625
   epoch 38:  12(SW) ->  5(gpu)   volume = 0.046875
   epoch 38:  13(SW) ->  4(gpu)   volume = 0.046875
   epoch 38:  13(SW) ->  6(gpu)   volume = 0.03125
   epoch 39:   0(gpu) ->  8(SW)   volume = 0.09375
   epoch 39:   0(gpu) ->  9(SW)   volume = 0.078125
   epoch 39:   0(gpu) -> 10(SW)   volume = 0.078125
   epoch 39:   0(gpu) -> 11(SW)   volume = 0.09375
   epoch 39:   0(gpu) -> 12(SW)   volume = 0.078125
   epoch 39:   0(gpu) -> 13(SW)   volume = 0.078125
   epoch 39:   8(SW) ->  3(gpu)   volume = 0.09375
   epoch 39:   9(SW) ->  4(gpu)   volume = 0.03125
   epoch 39:   9(SW) ->  5(gpu)   volume = 0.046875
   epoch 39:  10(SW) ->  1(gpu)   volume = 0.046875
   epoch 39:  10(SW) ->  3(gpu)   volume = 0.03125
   epoch 39:  11(SW) ->  3(gpu)   volume = 0.053209
   epoch 39:  11(SW) ->  4(gpu)   volume = 0.009291
   epoch 39:  11(SW) ->  7(gpu)   volume = 0.03125
   epoch 39:  12(SW) ->  1(gpu)   volume = 0.046875
   epoch 39:  12(SW) ->  5(gpu)   volume = 0.03125
   epoch 39:  13(SW) ->  2(gpu)   volume = 0.03125
   epoch 39:  13(SW) ->  6(gpu)   volume = 0.046875

-- source 1 --
   epoch 0:   1(gpu) ->  8(SW)   volume = 0.078125
   epoch 0:   1(gpu) ->  9(SW)   volume = 0.09375
   epoch 0:   1(gpu) -> 10(SW)   volume = 0.078125
   epoch 0:   1(gpu) -> 11(SW)   volume = 0.078125
   epoch 0:   1(gpu) -> 12(SW)   volume = 0.09375
   epoch 0:   1(gpu) -> 13(SW)   volume = 0.078125
   epoch 0:   8(SW) ->  0(gpu)   volume = 0.0625
   epoch 0:   8(SW) ->  3(gpu)   volume = 0.015625
   epoch 0:   9(SW) ->  0(gpu)   volume = 0.03125
   epoch 0:   9(SW) ->  2(gpu)   volume = 0.015625
   epoch 0:   9(SW) ->  5(gpu)   volume = 0.046875
   epoch 0:  10(SW) ->  3(gpu)   volume = 0.015625
   epoch 0:  10(SW) ->  4(gpu)   volume = 0.015625
   epoch 0:  10(SW) ->  7(gpu)   volume = 0.046875
   epoch 0:  11(SW) ->  0(gpu)   volume = 0.078125
   epoch 0:  12(SW) ->  0(gpu)   volume = 0.046875
   epoch 0:  12(SW) ->  5(gpu)   volume = 0.046875
   epoch 0:  13(SW) ->  0(gpu)   volume = 0.03125
   epoch 0:  13(SW) ->  7(gpu)   volume = 0.046875
   epoch 1:   1(gpu) ->  8(SW)   volume = 0.078125
   epoch 1:   1(gpu) ->  9(SW)   volume = 0.09375
   epoch 1:   1(gpu) -> 10(SW)   volume = 0.078125
   epoch 1:   1(gpu) -> 11(SW)   volume = 0.078125
   epoch 1:   1(gpu) -> 12(SW)   volume = 0.09375
   epoch 1:   1(gpu) -> 13(SW)   volume = 0.078125
   epoch 1:   8(SW) ->  0(gpu)   volume = 0.078125
   epoch 1:   9(SW) ->  0(gpu)   volume = 0.03125
   epoch 1:   9(SW) ->  4(gpu)   volume = 0.046875
   epoch 1:   9(SW) ->  6(gpu)   volume = 0.015625
   epoch 1:  10(SW) ->  2(gpu)   volume = 0.03125
   epoch 1:  10(SW) ->  6(gpu)   volume = 0.046875
   epoch 1:  11(SW) ->  2(gpu)   volume = 0.03125
   epoch 1:  11(SW) ->  5(gpu)   volume = 0.015625
   epoch 1:  11(SW) ->  7(gpu)   volume = 0.03125
   epoch 1:  12(SW) ->  3(gpu)   volume = 0.015625
   epoch 1:  12(SW) ->  6(gpu)   volume = 0.03125
   epoch 1:  12(SW) ->  7(gpu)   volume = 0.046875
   epoch 1:  13(SW) ->  0(gpu)   volume = 0.03125
   epoch 1:  13(SW) ->  6(gpu)   volume = 0.046875
   epoch 2:   1(gpu) ->  8(SW)   volume = 0.078125
   epoch 2:   1(gpu) ->  9(SW)   volume = 0.09375
   epoch 2:   1(gpu) -> 10(SW)   volume = 0.078125
   epoch 2:   1(gpu) -> 11(SW)   volume = 0.078125
   epoch 2:   1(gpu) -> 12(SW)   volume = 0.09375
   epoch 2:   1(gpu) -> 13(SW)   volume = 0.078125
   epoch 2:   8(SW) ->  0(gpu)   volume = 0.03125
   epoch 2:   8(SW) ->  5(gpu)   volume = 0.046875
   epoch 2:   9(SW) ->  3(gpu)   volume = 0.078125
   epoch 2:   9(SW) ->  4(gpu)   volume = 0.015625
   epoch 2:  10(SW) ->  4(gpu)   volume = 0.046875
   epoch 2:  10(SW) ->  7(gpu)   volume = 0.03125
   epoch 2:  11(SW) ->  0(gpu)   volume = 0.078125
   epoch 2:  12(SW) ->  4(gpu)   volume = 0.046875
   epoch 2:  12(SW) ->  7(gpu)   volume = 0.046875
   epoch 2:  13(SW) ->  0(gpu)   volume = 0.046875
   epoch 2:  13(SW) ->  3(gpu)   volume = 0.03125
   epoch 3:   1(gpu) ->  8(SW)   volume = 0.078125
   epoch 3:   1(gpu) ->  9(SW)   volume = 0.09375
   epoch 3:   1(gpu) -> 10(SW)   volume = 0.078125
   epoch 3:   1(gpu) -> 11(SW)   volume = 0.078125
   epoch 3:   1(gpu) -> 12(SW)   volume = 0.09375
   epoch 3:   1(gpu) -> 13(SW)   volume = 0.078125
   epoch 3:   8(SW) ->  6(gpu)   volume = 0.046875
   epoch 3:   8(SW) ->  7(gpu)   volume = 0.03125
   epoch 3:   9(SW) ->  0(gpu)   volume = 0.0625
   epoch 3:   9(SW) ->  6(gpu)   volume = 0.03125
   epoch 3:  10(SW) ->  3(gpu)   volume = 0.078125
   epoch 3:  11(SW) ->  4(gpu)   volume = 0.03125
   epoch 3:  11(SW) ->  6(gpu)   volume = 0.046875
   epoch 3:  12(SW) ->  0(gpu)   volume = 0.03125
   epoch 3:  12(SW) ->  2(gpu)   volume = 0.03125
   epoch 3:  12(SW) ->  5(gpu)   volume = 0.03125
   epoch 3:  13(SW) ->  0(gpu)   volume = 0.0625
   epoch 3:  13(SW) ->  6(gpu)   volume = 0.015625
   epoch 4:   1(gpu) ->  8(SW)   volume = 0.078125
   epoch 4:   1(gpu) ->  9(SW)   volume = 0.09375
   epoch 4:   1(gpu) -> 10(SW)   volume = 0.078125
   epoch 4:   1(gpu) -> 11(SW)   volume = 0.078125
   epoch 4:   1(gpu) -> 12(SW)   volume = 0.09375
   epoch 4:   1(gpu) -> 13(SW)   volume = 0.078125
   epoch 4:   8(SW) ->  0(gpu)   volume = 0.03125
   epoch 4:   8(SW) ->  5(gpu)   volume = 0.046875
   epoch 4:   9(SW) ->  2(gpu)   volume = 0.078125
   epoch 4:   9(SW) ->  3(gpu)   volume = 0.015625
   epoch 4:  10(SW) ->  2(gpu)   volume = 0.015625
   epoch 4:  10(SW) ->  3(gpu)   volume = 0.0625
   epoch 4:  11(SW) ->  0(gpu)   volume = 0.015625
   epoch 4:  11(SW) ->  3(gpu)   volume = 0.03125
   epoch 4:  11(SW) ->  5(gpu)   volume = 0.03125
   epoch 4:  12(SW) ->  2(gpu)   volume = 0.0625
   epoch 4:  12(SW) ->  5(gpu)   volume = 0.03125
   epoch 4:  13(SW) ->  0(gpu)   volume = 0.078125
   epoch 5:   1(gpu) ->  8(SW)   volume = 0.078125
   epoch 5:   1(gpu) ->  9(SW)   volume = 0.09375
   epoch 5:   1(gpu) -> 10(SW)   volume = 0.078125
   epoch 5:   1(gpu) -> 11(SW)   volume = 0.078125
   epoch 5:   1(gpu) -> 12(SW)   volume = 0.09375
   epoch 5:   1(gpu) -> 13(SW)   volume = 0.078125
   epoch 5:   8(SW) ->  3(gpu)   volume = 0.046875
   epoch 5:   8(SW) ->  4(gpu)   volume = 0.03125
   epoch 5:   9(SW) ->  4(gpu)   volume = 0.046875
   epoch 5:   9(SW) ->  7(gpu)   volume = 0.046875
   epoch 5:  10(SW) ->  3(gpu)   volume = 0.03125
   epoch 5:  10(SW) ->  5(gpu)   volume = 0.03125
   epoch 5:  10(SW) ->  7(gpu)   volume = 0.015625
   epoch 5:  11(SW) ->  0(gpu)   volume = 0.015625
   epoch 5:  11(SW) ->  4(gpu)   volume = 0.03125
   epoch 5:  11(SW) ->  7(gpu)   volume = 0.03125
   epoch 5:  12(SW) ->  4(gpu)   volume = 0.046875
   epoch 5:  12(SW) ->  7(gpu)   volume = 0.046875
   epoch 5:  13(SW) ->  0(gpu)   volume = 0.03125
   epoch 5:  13(SW) ->  3(gpu)   volume = 0.046875
   epoch 6:   1(gpu) ->  8(SW)   volume = 0.078125
   epoch 6:   1(gpu) ->  9(SW)   volume = 0.09375
   epoch 6:   1(gpu) -> 10(SW)   volume = 0.078125
   epoch 6:   1(gpu) -> 11(SW)   volume = 0.078125
   epoch 6:   1(gpu) -> 12(SW)   volume = 0.09375
   epoch 6:   1(gpu) -> 13(SW)   volume = 0.078125
   epoch 6:   8(SW) ->  2(gpu)   volume = 0.03125
   epoch 6:   8(SW) ->  5(gpu)   volume = 0.046875
   epoch 6:   9(SW) ->  0(gpu)   volume = 0.02499
   epoch 6:   9(SW) ->  2(gpu)   volume = 0.03751
   epoch 6:   9(SW) ->  3(gpu)   volume = 0.03125
   epoch 6:  10(SW) ->  3(gpu)   volume = 0.078125
   epoch 6:  11(SW) ->  2(gpu)   volume = 0.03125
   epoch 6:  11(SW) ->  5(gpu)   volume = 0.046875
   epoch 6:  12(SW) ->  0(gpu)   volume = 0.03125
   epoch 6:  12(SW) ->  3(gpu)   volume = 0.03125
   epoch 6:  12(SW) ->  6(gpu)   volume = 0.03125
   epoch 6:  13(SW) ->  0(gpu)   volume = 0.03125
   epoch 6:  13(SW) ->  3(gpu)   volume = 0.046875
   epoch 7:   1(gpu) ->  8(SW)   volume = 0.078125
   epoch 7:   1(gpu) ->  9(SW)   volume = 0.09375
   epoch 7:   1(gpu) -> 10(SW)   volume = 0.078125
   epoch 7:   1(gpu) -> 11(SW)   volume = 0.078125
   epoch 7:   1(gpu) -> 12(SW)   volume = 0.09375
   epoch 7:   1(gpu) -> 13(SW)   volume = 0.078125
   epoch 7:   8(SW) ->  4(gpu)   volume = 0.03125
   epoch 7:   8(SW) ->  6(gpu)   volume = 0.046875
   epoch 7:   9(SW) ->  2(gpu)   volume = 0.03125
   epoch 7:   9(SW) ->  5(gpu)   volume = 0.015625
   epoch 7:   9(SW) ->  7(gpu)   volume = 0.046875
   epoch 7:  10(SW) ->  3(gpu)   volume = 0.078125
   epoch 7:  11(SW) ->  6(gpu)   volume = 0.046875
   epoch 7:  11(SW) ->  7(gpu)   volume = 0.03125
   epoch 7:  12(SW) ->  2(gpu)   volume = 0.078125
   epoch 7:  12(SW) ->  7(gpu)   volume = 0.015625
   epoch 7:  13(SW) ->  2(gpu)   volume = 0.03125
   epoch 7:  13(SW) ->  6(gpu)   volume = 0.046875
   epoch 8:   1(gpu) ->  8(SW)   volume = 0.078125
   epoch 8:   1(gpu) ->  9(SW)   volume = 0.09375
   epoch 8:   1(gpu) -> 10(SW)   volume = 0.078125
   epoch 8:   1(gpu) -> 11(SW)   volume = 0.078125
   epoch 8:   1(gpu) -> 12(SW)   volume = 0.09375
   epoch 8:   1(gpu) -> 13(SW)   volume = 0.078125
   epoch 8:   8(SW) ->  3(gpu)   volume = 0.046875
   epoch 8:   8(SW) ->  5(gpu)   volume = 0.03125
   epoch 8:   9(SW) ->  0(gpu)   volume = 0.0625
   epoch 8:   9(SW) ->  3(gpu)   volume = 0.03125
   epoch 8:  10(SW) ->  2(gpu)   volume = 0.03125
   epoch 8:  10(SW) ->  4(gpu)   volume = 0.046875
   epoch 8:  11(SW) ->  0(gpu)   volume = 0.069342
   epoch 8:  11(SW) ->  6(gpu)   volume = 0.008783
   epoch 8:  12(SW) ->  0(gpu)   volume = 0.0625
   epoch 8:  12(SW) ->  3(gpu)   volume = 0.03125
   epoch 8:  13(SW) ->  2(gpu)   volume = 0.015625
   epoch 8:  13(SW) ->  4(gpu)   volume = 0.015625
   epoch 8:  13(SW) ->  7(gpu)   volume = 0.046875
   epoch 9:   1(gpu) ->  8(SW)   volume = 0.078125
   epoch 9:   1(gpu) ->  9(SW)   volume = 0.09375
   epoch 9:   1(gpu) -> 10(SW)   volume = 0.078125
   epoch 9:   1(gpu) -> 11(SW)   volume = 0.078125
   epoch 9:   1(gpu) -> 12(SW)   volume = 0.09375
   epoch 9:   1(gpu) -> 13(SW)   volume = 0.078125
   epoch 9:   8(SW) ->  0(gpu)   volume = 0.0625
   epoch 9:   8(SW) ->  6(gpu)   volume = 0.015625
   epoch 9:   9(SW) ->  3(gpu)   volume = 5.3e-05
   epoch 9:   9(SW) ->  4(gpu)   volume = 0.015572
   epoch 9:   9(SW) ->  6(gpu)   volume = 0.03125
   epoch 9:   9(SW) ->  7(gpu)   volume = 0.046875
   epoch 9:  10(SW) ->  3(gpu)   volume = 0.078125
   epoch 9:  11(SW) ->  2(gpu)   volume = 0.046875
   epoch 9:  11(SW) ->  6(gpu)   volume = 0.03125
   epoch 9:  12(SW) ->  0(gpu)   volume = 0.03125
   epoch 9:  12(SW) ->  4(gpu)   volume = 0.015625
   epoch 9:  12(SW) ->  7(gpu)   volume = 0.046875
   epoch 9:  13(SW) ->  0(gpu)   volume = 0.03125
   epoch 9:  13(SW) ->  3(gpu)   volume = 0.015625
   epoch 9:  13(SW) ->  7(gpu)   volume = 0.03125
   epoch 10:   1(gpu) ->  8(SW)   volume = 0.078125
   epoch 10:   1(gpu) ->  9(SW)   volume = 0.09375
   epoch 10:   1(gpu) -> 10(SW)   volume = 0.078125
   epoch 10:   1(gpu) -> 11(SW)   volume = 0.078125
   epoch 10:   1(gpu) -> 12(SW)   volume = 0.09375
   epoch 10:   1(gpu) -> 13(SW)   volume = 0.078125
   epoch 10:   8(SW) ->  3(gpu)   volume = 0.072536
   epoch 10:   8(SW) ->  7(gpu)   volume = 0.005589
   epoch 10:   9(SW) ->  0(gpu)   volume = 0.038241
   epoch 10:   9(SW) ->  2(gpu)   volume = 0.024259
   epoch 10:   9(SW) ->  7(gpu)   volume = 0.03125
   epoch 10:  10(SW) ->  2(gpu)   volume = 0.046875
   epoch 10:  10(SW) ->  4(gpu)   volume = 0.03125
   epoch 10:  11(SW) ->  0(gpu)   volume = 0.046875
   epoch 10:  11(SW) ->  2(gpu)   volume = 0.03125
   epoch 10:  12(SW) ->  4(gpu)   volume = 0.046875
   epoch 10:  12(SW) ->  7(gpu)   volume = 0.046875
   epoch 10:  13(SW) ->  0(gpu)   volume = 0.015625
   epoch 10:  13(SW) ->  2(gpu)   volume = 0.046875
   epoch 10:  13(SW) ->  3(gpu)   volume = 0.015625
   epoch 11:   1(gpu) ->  8(SW)   volume = 0.078125
   epoch 11:   1(gpu) ->  9(SW)   volume = 0.09375
   epoch 11:   1(gpu) -> 10(SW)   volume = 0.078125
   epoch 11:   1(gpu) -> 11(SW)   volume = 0.078125
   epoch 11:   1(gpu) -> 12(SW)   volume = 0.09375
   epoch 11:   1(gpu) -> 13(SW)   volume = 0.078125
   epoch 11:   8(SW) ->  3(gpu)   volume = 0.046875
   epoch 11:   8(SW) ->  6(gpu)   volume = 0.03125
   epoch 11:   9(SW) ->  0(gpu)   volume = 0.015625
   epoch 11:   9(SW) ->  3(gpu)   volume = 0.078125
   epoch 11:  10(SW) ->  0(gpu)   volume = 0.046875
   epoch 11:  10(SW) ->  2(gpu)   volume = 0.03125
   epoch 11:  11(SW) ->  3(gpu)   volume = 0.03125
   epoch 11:  11(SW) ->  6(gpu)   volume = 0.046875
   epoch 11:  12(SW) ->  0(gpu)   volume = 0.0625
   epoch 11:  12(SW) ->  6(gpu)   volume = 0.03125
   epoch 11:  13(SW) ->  0(gpu)   volume = 0.046875
   epoch 11:  13(SW) ->  5(gpu)   volume = 0.03125
   epoch 12:   1(gpu) ->  8(SW)   volume = 0.078125
   epoch 12:   1(gpu) ->  9(SW)   volume = 0.09375
   epoch 12:   1(gpu) -> 10(SW)   volume = 0.078125
   epoch 12:   1(gpu) -> 11(SW)   volume = 0.078125
   epoch 12:   1(gpu) -> 12(SW)   volume = 0.09375
   epoch 12:   1(gpu) -> 13(SW)   volume = 0.078125
   epoch 12:   8(SW) ->  2(gpu)   volume = 0.03125
   epoch 12:   8(SW) ->  3(gpu)   volume = 0.03125
   epoch 12:   8(SW) ->  7(gpu)   volume = 0.015625
   epoch 12:   9(SW) ->  3(gpu)   volume = 0.078125
   epoch 12:   9(SW) ->  5(gpu)   volume = 0.015625
   epoch 12:  10(SW) ->  2(gpu)   volume = 0.063337
   epoch 12:  10(SW) ->  6(gpu)   volume = 0.014788
   epoch 12:  11(SW) ->  5(gpu)   volume = 0.046875
   epoch 12:  11(SW) ->  7(gpu)   volume = 0.03125
   epoch 12:  12(SW) ->  2(gpu)   volume = 0.078125
   epoch 12:  12(SW) ->  3(gpu)   volume = 0.015625
   epoch 12:  13(SW) ->  0(gpu)   volume = 0.0625
   epoch 12:  13(SW) ->  4(gpu)   volume = 0.015625
   epoch 13:   1(gpu) ->  8(SW)   volume = 0.078125
   epoch 13:   1(gpu) ->  9(SW)   volume = 0.09375
   epoch 13:   1(gpu) -> 10(SW)   volume = 0.078125
   epoch 13:   1(gpu) -> 11(SW)   volume = 0.078125
   epoch 13:   1(gpu) -> 12(SW)   volume = 0.09375
   epoch 13:   1(gpu) -> 13(SW)   volume = 0.078125
   epoch 13:   8(SW) ->  3(gpu)   volume = 0.048916
   epoch 13:   8(SW) ->  6(gpu)   volume = 0.029209
   epoch 13:   9(SW) ->  2(gpu)   volume = 0.046875
   epoch 13:   9(SW) ->  3(gpu)   volume = 0.046875
   epoch 13:  10(SW) ->  0(gpu)   volume = 0.078125
   epoch 13:  11(SW) ->  3(gpu)   volume = 0.0625
   epoch 13:  11(SW) ->  6(gpu)   volume = 0.015625
   epoch 13:  12(SW) ->  0(gpu)   volume = 0.078125
   epoch 13:  12(SW) ->  6(gpu)   volume = 0.015625
   epoch 13:  13(SW) ->  3(gpu)   volume = 0.03125
   epoch 13:  13(SW) ->  6(gpu)   volume = 0.046875
   epoch 14:   1(gpu) ->  8(SW)   volume = 0.078125
   epoch 14:   1(gpu) ->  9(SW)   volume = 0.09375
   epoch 14:   1(gpu) -> 10(SW)   volume = 0.078125
   epoch 14:   1(gpu) -> 11(SW)   volume = 0.078125
   epoch 14:   1(gpu) -> 12(SW)   volume = 0.09375
   epoch 14:   1(gpu) -> 13(SW)   volume = 0.078125
   epoch 14:   8(SW) ->  2(gpu)   volume = 0.0625
   epoch 14:   8(SW) ->  5(gpu)   volume = 0.015625
   epoch 14:   9(SW) ->  0(gpu)   volume = 0.015625
   epoch 14:   9(SW) ->  3(gpu)   volume = 0.046875
   epoch 14:   9(SW) ->  6(gpu)   volume = 0.03125
   epoch 14:  10(SW) ->  3(gpu)   volume = 0.0625
   epoch 14:  10(SW) ->  6(gpu)   volume = 0.015625
   epoch 14:  11(SW) ->  2(gpu)   volume = 0.03125
   epoch 14:  11(SW) ->  3(gpu)   volume = 0.046875
   epoch 14:  12(SW) ->  0(gpu)   volume = 0.015625
   epoch 14:  12(SW) ->  3(gpu)   volume = 0.078125
   epoch 14:  13(SW) ->  3(gpu)   volume = 0.015625
   epoch 14:  13(SW) ->  4(gpu)   volume = 0.015625
   epoch 14:  13(SW) ->  6(gpu)   volume = 0.046875
   epoch 15:   1(gpu) ->  8(SW)   volume = 0.078125
   epoch 15:   1(gpu) ->  9(SW)   volume = 0.09375
   epoch 15:   1(gpu) -> 10(SW)   volume = 0.078125
   epoch 15:   1(gpu) -> 11(SW)   volume = 0.078125
   epoch 15:   1(gpu) -> 12(SW)   volume = 0.09375
   epoch 15:   1(gpu) -> 13(SW)   volume = 0.078125
   epoch 15:   8(SW) ->  0(gpu)   volume = 0.046875
   epoch 15:   8(SW) ->  5(gpu)   volume = 0.03125
   epoch 15:   9(SW) ->  4(gpu)   volume = 0.046875
   epoch 15:   9(SW) ->  5(gpu)   volume = 0.03125
   epoch 15:   9(SW) ->  7(gpu)   volume = 0.015625
   epoch 15:  10(SW) ->  0(gpu)   volume = 0.046875
   epoch 15:  10(SW) ->  5(gpu)   volume = 0.03125
   epoch 15:  11(SW) ->  3(gpu)   volume = 0.03125
   epoch 15:  11(SW) ->  5(gpu)   volume = 0.015625
   epoch 15:  11(SW) ->  7(gpu)   volume = 0.03125
   epoch 15:  12(SW) ->  0(gpu)   volume = 0.03125
   epoch 15:  12(SW) ->  4(gpu)   volume = 0.015625
   epoch 15:  12(SW) ->  5(gpu)   volume = 0.046875
   epoch 15:  13(SW) ->  0(gpu)   volume = 0.015625
   epoch 15:  13(SW) ->  2(gpu)   volume = 0.03125
   epoch 15:  13(SW) ->  5(gpu)   volume = 0.03125
   epoch 16:   1(gpu) ->  8(SW)   volume = 0.078125
   epoch 16:   1(gpu) ->  9(SW)   volume = 0.09375
   epoch 16:   1(gpu) -> 10(SW)   volume = 0.078125
   epoch 16:   1(gpu) -> 11(SW)   volume = 0.078125
   epoch 16:   1(gpu) -> 12(SW)   volume = 0.09375
   epoch 16:   1(gpu) -> 13(SW)   volume = 0.078125
   epoch 16:   8(SW) ->  0(gpu)   volume = 0.015625
   epoch 16:   8(SW) ->  3(gpu)   volume = 0.0625
   epoch 16:   9(SW) ->  0(gpu)   volume = 0.03125
   epoch 16:   9(SW) ->  4(gpu)   volume = 0.015625
   epoch 16:   9(SW) ->  7(gpu)   volume = 0.046875
   epoch 16:  10(SW) ->  2(gpu)   volume = 0.078125
   epoch 16:  11(SW) ->  3(gpu)   volume = 0.078125
   epoch 16:  12(SW) ->  4(gpu)   volume = 0.046875
   epoch 16:  12(SW) ->  7(gpu)   volume = 0.046875
   epoch 16:  13(SW) ->  2(gpu)   volume = 0.046875
   epoch 16:  13(SW) ->  3(gpu)   volume = 0.015625
   epoch 16:  13(SW) ->  7(gpu)   volume = 0.015625
   epoch 17:   1(gpu) ->  8(SW)   volume = 0.078125
   epoch 17:   1(gpu) ->  9(SW)   volume = 0.09375
   epoch 17:   1(gpu) -> 10(SW)   volume = 0.078125
   epoch 17:   1(gpu) -> 11(SW)   volume = 0.078125
   epoch 17:   1(gpu) -> 12(SW)   volume = 0.09375
   epoch 17:   1(gpu) -> 13(SW)   volume = 0.078125
   epoch 17:   8(SW) ->  2(gpu)   volume = 0.015625
   epoch 17:   8(SW) ->  3(gpu)   volume = 0.0625
   epoch 17:   9(SW) ->  2(gpu)   volume = 0.03125
   epoch 17:   9(SW) ->  4(gpu)   volume = 0.015625
   epoch 17:   9(SW) ->  7(gpu)   volume = 0.046875
   epoch 17:  10(SW) ->  2(gpu)   volume = 0.078125
   epoch 17:  11(SW) ->  0(gpu)   volume = 0.03125
   epoch 17:  11(SW) ->  4(gpu)   volume = 0.03125
   epoch 17:  11(SW) ->  6(gpu)   volume = 0.015625
   epoch 17:  12(SW) ->  0(gpu)   volume = 0.015625
   epoch 17:  12(SW) ->  4(gpu)   volume = 0.03125
   epoch 17:  12(SW) ->  7(gpu)   volume = 0.046875
   epoch 17:  13(SW) ->  2(gpu)   volume = 0.078125
   epoch 18:   1(gpu) ->  8(SW)   volume = 0.078125
   epoch 18:   1(gpu) ->  9(SW)   volume = 0.09375
   epoch 18:   1(gpu) -> 10(SW)   volume = 0.078125
   epoch 18:   1(gpu) -> 11(SW)   volume = 0.078125
   epoch 18:   1(gpu) -> 12(SW)   volume = 0.09375
   epoch 18:   1(gpu) -> 13(SW)   volume = 0.078125
   epoch 18:   8(SW) ->  0(gpu)   volume = 0.0625
   epoch 18:   8(SW) ->  2(gpu)   volume = 0.015625
   epoch 18:   9(SW) ->  0(gpu)   volume = 0.046875
   epoch 18:   9(SW) ->  4(gpu)   volume = 0.046875
   epoch 18:  10(SW) ->  2(gpu)   volume = 0.03125
   epoch 18:  10(SW) ->  3(gpu)   volume = 0.046875
   epoch 18:  11(SW) ->  0(gpu)   volume = 0.03125
   epoch 18:  11(SW) ->  6(gpu)   volume = 0.046875
   epoch 18:  12(SW) ->  2(gpu)   volume = 0.078125
   epoch 18:  12(SW) ->  5(gpu)   volume = 0.015625
   epoch 18:  13(SW) ->  3(gpu)   volume = 0.078125
   epoch 19:   1(gpu) ->  8(SW)   volume = 0.078125
   epoch 19:   1(gpu) ->  9(SW)   volume = 0.09375
   epoch 19:   1(gpu) -> 10(SW)   volume = 0.078125
   epoch 19:   1(gpu) -> 11(SW)   volume = 0.078125
   epoch 19:   1(gpu) -> 12(SW)   volume = 0.09375
   epoch 19:   1(gpu) -> 13(SW)   volume = 0.078125
   epoch 19:   8(SW) ->  2(gpu)   volume = 0.03125
   epoch 19:   8(SW) ->  5(gpu)   volume = 0.046875
   epoch 19:   9(SW) ->  3(gpu)   volume = 0.054808
   epoch 19:   9(SW) ->  7(gpu)   volume = 0.038942
   epoch 19:  10(SW) ->  2(gpu)   volume = 0.015625
   epoch 19:  10(SW) ->  4(gpu)   volume = 0.03125
   epoch 19:  10(SW) ->  5(gpu)   volume = 0.03125
   epoch 19:  11(SW) ->  2(gpu)   volume = 0.0625
   epoch 19:  11(SW) ->  5(gpu)   volume = 0.015625
   epoch 19:  12(SW) ->  2(gpu)   volume = 0.046875
   epoch 19:  12(SW) ->  3(gpu)   volume = 0.046875
   epoch 19:  13(SW) ->  3(gpu)   volume = 0.03779
   epoch 19:  13(SW) ->  6(gpu)   volume = 0.03125
   epoch 19:  13(SW) ->  7(gpu)   volume = 0.009085
   epoch 20:   1(gpu) ->  8(SW)   volume = 0.078125
   epoch 20:   1(gpu) ->  9(SW)   volume = 0.09375
   epoch 20:   1(gpu) -> 10(SW)   volume = 0.078125
   epoch 20:   1(gpu) -> 11(SW)   volume = 0.078125
   epoch 20:   1(gpu) -> 12(SW)   volume = 0.09375
   epoch 20:   1(gpu) -> 13(SW)   volume = 0.078125
   epoch 20:   8(SW) ->  0(gpu)   volume = 0.078125
   epoch 20:   9(SW) ->  2(gpu)   volume = 0.078125
   epoch 20:   9(SW) ->  5(gpu)   volume = 0.015625
   epoch 20:  10(SW) ->  2(gpu)   volume = 0.046875
   epoch 20:  10(SW) ->  3(gpu)   volume = 0.03125
   epoch 20:  11(SW) ->  2(gpu)   volume = 0.03125
   epoch 20:  11(SW) ->  5(gpu)   volume = 0.046875
   epoch 20:  12(SW) ->  2(gpu)   volume = 0.03125
   epoch 20:  12(SW) ->  3(gpu)   volume = 0.0625
   epoch 20:  13(SW) ->  3(gpu)   volume = 0.046875
   epoch 20:  13(SW) ->  5(gpu)   volume = 0.03125
   epoch 21:   1(gpu) ->  8(SW)   volume = 0.078125
   epoch 21:   1(gpu) ->  9(SW)   volume = 0.09375
   epoch 21:   1(gpu) -> 10(SW)   volume = 0.078125
   epoch 21:   1(gpu) -> 11(SW)   volume = 0.078125
   epoch 21:   1(gpu) -> 12(SW)   volume = 0.09375
   epoch 21:   1(gpu) -> 13(SW)   volume = 0.078125
   epoch 21:   8(SW) ->  2(gpu)   volume = 0.03125
   epoch 21:   8(SW) ->  6(gpu)   volume = 0.046875
   epoch 21:   9(SW) ->  4(gpu)   volume = 0.046875
   epoch 21:   9(SW) ->  7(gpu)   volume = 0.046875
   epoch 21:  10(SW) ->  0(gpu)   volume = 0.078125
   epoch 21:  11(SW) ->  0(gpu)   volume = 0.0625
   epoch 21:  11(SW) ->  2(gpu)   volume = 0.015625
   epoch 21:  12(SW) ->  4(gpu)   volume = 0.046875
   epoch 21:  12(SW) ->  7(gpu)   volume = 0.046875
   epoch 21:  13(SW) ->  0(gpu)   volume = 0.03125
   epoch 21:  13(SW) ->  3(gpu)   volume = 0.046875
   epoch 22:   1(gpu) ->  8(SW)   volume = 0.078125
   epoch 22:   1(gpu) ->  9(SW)   volume = 0.09375
   epoch 22:   1(gpu) -> 10(SW)   volume = 0.078125
   epoch 22:   1(gpu) -> 11(SW)   volume = 0.078125
   epoch 22:   1(gpu) -> 12(SW)   volume = 0.09375
   epoch 22:   1(gpu) -> 13(SW)   volume = 0.078125
   epoch 22:   8(SW) ->  5(gpu)   volume = 0.046875
   epoch 22:   8(SW) ->  7(gpu)   volume = 0.03125
   epoch 22:   9(SW) ->  4(gpu)   volume = 0.046875
   epoch 22:   9(SW) ->  6(gpu)   volume = 0.03125
   epoch 22:   9(SW) ->  7(gpu)   volume = 0.015625
   epoch 22:  10(SW) ->  2(gpu)   volume = 0.046875
   epoch 22:  10(SW) ->  4(gpu)   volume = 0.03125
   epoch 22:  11(SW) ->  4(gpu)   volume = 0.03125
   epoch 22:  11(SW) ->  6(gpu)   volume = 0.046875
   epoch 22:  12(SW) ->  0(gpu)   volume = 0.006741
   epoch 22:  12(SW) ->  4(gpu)   volume = 0.046875
   epoch 22:  12(SW) ->  7(gpu)   volume = 0.040134
   epoch 22:  13(SW) ->  2(gpu)   volume = 0.046875
   epoch 22:  13(SW) ->  4(gpu)   volume = 0.03125
   epoch 23:   1(gpu) ->  8(SW)   volume = 0.078125
   epoch 23:   1(gpu) ->  9(SW)   volume = 0.09375
   epoch 23:   1(gpu) -> 10(SW)   volume = 0.078125
   epoch 23:   1(gpu) -> 11(SW)   volume = 0.078125
   epoch 23:   1(gpu) -> 12(SW)   volume = 0.09375
   epoch 23:   1(gpu) -> 13(SW)   volume = 0.078125
   epoch 23:   8(SW) ->  3(gpu)   volume = 0.046875
   epoch 23:   8(SW) ->  4(gpu)   volume = 0.03125
   epoch 23:   9(SW) ->  3(gpu)   volume = 0.03125
   epoch 23:   9(SW) ->  4(gpu)   volume = 0.030019
   epoch 23:   9(SW) ->  5(gpu)   volume = 0.032481
   epoch 23:  10(SW) ->  0(gpu)   volume = 0.03125
   epoch 23:  10(SW) ->  2(gpu)   volume = 0.046875
   epoch 23:  11(SW) ->  0(gpu)   volume = 0.0625
   epoch 23:  11(SW) ->  2(gpu)   volume = 0.015625
   epoch 23:  12(SW) ->  3(gpu)   volume = 0.046875
   epoch 23:  12(SW) ->  5(gpu)   volume = 0.046875
   epoch 23:  13(SW) ->  2(gpu)   volume = 0.078125
   epoch 24:   1(gpu) ->  8(SW)   volume = 0.078125
   epoch 24:   1(gpu) ->  9(SW)   volume = 0.09375
   epoch 24:   1(gpu) -> 10(SW)   volume = 0.078125
   epoch 24:   1(gpu) -> 11(SW)   volume = 0.078125
   epoch 24:   1(gpu) -> 12(SW)   volume = 0.09375
   epoch 24:   1(gpu) -> 13(SW)   volume = 0.078125
   epoch 24:   8(SW) ->  2(gpu)   volume = 0.03125
   epoch 24:   8(SW) ->  3(gpu)   volume = 0.046875
   epoch 24:   9(SW) ->  4(gpu)   volume = 0.046875
   epoch 24:   9(SW) ->  7(gpu)   volume = 0.046875
   epoch 24:  10(SW) ->  0(gpu)   volume = 0.046875
   epoch 24:  10(SW) ->  3(gpu)   volume = 0.03125
   epoch 24:  11(SW) ->  2(gpu)   volume = 0.015625
   epoch 24:  11(SW) ->  5(gpu)   volume = 0.015625
   epoch 24:  11(SW) ->  6(gpu)   volume = 0.046875
   epoch 24:  12(SW) ->  4(gpu)   volume = 0.046875
   epoch 24:  12(SW) ->  7(gpu)   volume = 0.046875
   epoch 24:  13(SW) ->  0(gpu)   volume = 0.03125
   epoch 24:  13(SW) ->  6(gpu)   volume = 0.046875
   epoch 25:   1(gpu) ->  8(SW)   volume = 0.078125
   epoch 25:   1(gpu) ->  9(SW)   volume = 0.09375
   epoch 25:   1(gpu) -> 10(SW)   volume = 0.078125
   epoch 25:   1(gpu) -> 11(SW)   volume = 0.078125
   epoch 25:   1(gpu) -> 12(SW)   volume = 0.09375
   epoch 25:   1(gpu) -> 13(SW)   volume = 0.078125
   epoch 25:   8(SW) ->  4(gpu)   volume = 0.03125
   epoch 25:   8(SW) ->  6(gpu)   volume = 0.046875
   epoch 25:   9(SW) ->  5(gpu)   volume = 0.046875
   epoch 25:   9(SW) ->  7(gpu)   volume = 0.046875
   epoch 25:  10(SW) ->  0(gpu)   volume = 0.078125
   epoch 25:  11(SW) ->  6(gpu)   volume = 0.046875
   epoch 25:  11(SW) ->  7(gpu)   volume = 0.03125
   epoch 25:  12(SW) ->  4(gpu)   volume = 0.032455
   epoch 25:  12(SW) ->  5(gpu)   volume = 0.01442
   epoch 25:  12(SW) ->  7(gpu)   volume = 0.046875
   epoch 25:  13(SW) ->  0(gpu)   volume = 0.03125
   epoch 25:  13(SW) ->  4(gpu)   volume = 0.046875
   epoch 26:   1(gpu) ->  8(SW)   volume = 0.078125
   epoch 26:   1(gpu) ->  9(SW)   volume = 0.09375
   epoch 26:   1(gpu) -> 10(SW)   volume = 0.078125
   epoch 26:   1(gpu) -> 11(SW)   volume = 0.078125
   epoch 26:   1(gpu) -> 12(SW)   volume = 0.09375
   epoch 26:   1(gpu) -> 13(SW)   volume = 0.078125
   epoch 26:   8(SW) ->  0(gpu)   volume = 0.078125
   epoch 26:   9(SW) ->  2(gpu)   volume = 0.046875
   epoch 26:   9(SW) ->  5(gpu)   volume = 0.046875
   epoch 26:  10(SW) ->  3(gpu)   volume = 0.046875
   epoch 26:  10(SW) ->  5(gpu)   volume = 0.03125
   epoch 26:  11(SW) ->  3(gpu)   volume = 0.078125
   epoch 26:  12(SW) ->  2(gpu)   volume = 0.078125
   epoch 26:  12(SW) ->  5(gpu)   volume = 0.015625
   epoch 26:  13(SW) ->  3(gpu)   volume = 0.046875
   epoch 26:  13(SW) ->  5(gpu)   volume = 0.03125
   epoch 27:   1(gpu) ->  8(SW)   volume = 0.078125
   epoch 27:   1(gpu) ->  9(SW)   volume = 0.09375
   epoch 27:   1(gpu) -> 10(SW)   volume = 0.078125
   epoch 27:   1(gpu) -> 11(SW)   volume = 0.078125
   epoch 27:   1(gpu) -> 12(SW)   volume = 0.09375
   epoch 27:   1(gpu) -> 13(SW)   volume = 0.078125
   epoch 27:   8(SW) ->  0(gpu)   volume = 0.015625
   epoch 27:   8(SW) ->  2(gpu)   volume = 0.0625
   epoch 27:   9(SW) ->  2(gpu)   volume = 0.015625
   epoch 27:   9(SW) ->  5(gpu)   volume = 0.046875
   epoch 27:   9(SW) ->  6(gpu)   volume = 0.03125
   epoch 27:  10(SW) ->  2(gpu)   volume = 0.046875
   epoch 27:  10(SW) ->  5(gpu)   volume = 0.03125
   epoch 27:  11(SW) ->  3(gpu)   volume = 0.03125
   epoch 27:  11(SW) ->  5(gpu)   volume = 0.046875
   epoch 27:  12(SW) ->  2(gpu)   volume = 0.046875
   epoch 27:  12(SW) ->  5(gpu)   volume = 0.046875
   epoch 27:  13(SW) ->  2(gpu)   volume = 0.078125
   epoch 28:   1(gpu) ->  8(SW)   volume = 0.078125
   epoch 28:   1(gpu) ->  9(SW)   volume = 0.09375
   epoch 28:   1(gpu) -> 10(SW)   volume = 0.078125
   epoch 28:   1(gpu) -> 11(SW)   volume = 0.078125
   epoch 28:   1(gpu) -> 12(SW)   volume = 0.09375
   epoch 28:   1(gpu) -> 13(SW)   volume = 0.078125
   epoch 28:   8(SW) ->  3(gpu)   volume = 0.035876
   epoch 28:   8(SW) ->  6(gpu)   volume = 0.010999
   epoch 28:   8(SW) ->  7(gpu)   volume = 0.03125
   epoch 28:   9(SW) ->  3(gpu)   volume = 0.046875
   epoch 28:   9(SW) ->  4(gpu)   volume = 0.046875
   epoch 28:  10(SW) ->  0(gpu)   volume = 0.03125
   epoch 28:  10(SW) ->  3(gpu)   volume = 0.046875
   epoch 28:  11(SW) ->  0(gpu)   volume = 0.015625
   epoch 28:  11(SW) ->  3(gpu)   volume = 0.0625
   epoch 28:  12(SW) ->  4(gpu)   volume = 0.046875
   epoch 28:  12(SW) ->  7(gpu)   volume = 0.046875
   epoch 28:  13(SW) ->  0(gpu)   volume = 0.078125
   epoch 29:   1(gpu) ->  8(SW)   volume = 0.078125
   epoch 29:   1(gpu) ->  9(SW)   volume = 0.09375
   epoch 29:   1(gpu) -> 10(SW)   volume = 0.078125
   epoch 29:   1(gpu) -> 11(SW)   volume = 0.078125
   epoch 29:   1(gpu) -> 12(SW)   volume = 0.09375
   epoch 29:   1(gpu) -> 13(SW)   volume = 0.078125
   epoch 29:   8(SW) ->  0(gpu)   volume = 0.078125
   epoch 29:   9(SW) ->  2(gpu)   volume = 0.046875
   epoch 29:   9(SW) ->  4(gpu)   volume = 0.046875
   epoch 29:  10(SW) ->  0(gpu)   volume = 0.0625
   epoch 29:  10(SW) ->  2(gpu)   volume = 0.015625
   epoch 29:  11(SW) ->  0(gpu)   volume = 0.0625
   epoch 29:  11(SW) ->  5(gpu)   volume = 0.015625
   epoch 29:  12(SW) ->  0(gpu)   volume = 0.046875
   epoch 29:  12(SW) ->  7(gpu)   volume = 0.046875
   epoch 29:  13(SW) ->  3(gpu)   volume = 0.078125
   epoch 30:   1(gpu) ->  8(SW)   volume = 0.078125
   epoch 30:   1(gpu) ->  9(SW)   volume = 0.09375
   epoch 30:   1(gpu) -> 10(SW)   volume = 0.078125
   epoch 30:   1(gpu) -> 11(SW)   volume = 0.078125
   epoch 30:   1(gpu) -> 12(SW)   volume = 0.09375
   epoch 30:   1(gpu) -> 13(SW)   volume = 0.078125
   epoch 30:   8(SW) ->  0(gpu)   volume = 0.046875
   epoch 30:   8(SW) ->  4(gpu)   volume = 0.03125
   epoch 30:   9(SW) ->  2(gpu)   volume = 0.03125
   epoch 30:   9(SW) ->  3(gpu)   volume = 0.03125
   epoch 30:   9(SW) ->  7(gpu)   volume = 0.03125
   epoch 30:  10(SW) ->  2(gpu)   volume = 0.0625
   epoch 30:  10(SW) ->  4(gpu)   volume = 0.015625
   epoch 30:  11(SW) ->  2(gpu)   volume = 0.03125
   epoch 30:  11(SW) ->  4(gpu)   volume = 0.03125
   epoch 30:  11(SW) ->  6(gpu)   volume = 0.015625
   epoch 30:  12(SW) ->  0(gpu)   volume = 0.046875
   epoch 30:  12(SW) ->  2(gpu)   volume = 0.03125
   epoch 30:  12(SW) ->  4(gpu)   volume = 0.015625
   epoch 30:  13(SW) ->  2(gpu)   volume = 0.0625
   epoch 30:  13(SW) ->  3(gpu)   volume = 0.015625
   epoch 31:   1(gpu) ->  8(SW)   volume = 0.078125
   epoch 31:   1(gpu) ->  9(SW)   volume = 0.09375
   epoch 31:   1(gpu) -> 10(SW)   volume = 0.078125
   epoch 31:   1(gpu) -> 11(SW)   volume = 0.078125
   epoch 31:   1(gpu) -> 12(SW)   volume = 0.09375
   epoch 31:   1(gpu) -> 13(SW)   volume = 0.078125
   epoch 31:   8(SW) ->  2(gpu)   volume = 0.078125
   epoch 31:   9(SW) ->  4(gpu)   volume = 0.046875
   epoch 31:   9(SW) ->  7(gpu)   volume = 0.046875
   epoch 31:  10(SW) ->  3(gpu)   volume = 0.078125
   epoch 31:  11(SW) ->  2(gpu)   volume = 0.03125
   epoch 31:  11(SW) ->  3(gpu)   volume = 0.046875
   epoch 31:  12(SW) ->  0(gpu)   volume = 0.03125
   epoch 31:  12(SW) ->  4(gpu)   volume = 0.046875
   epoch 31:  12(SW) ->  7(gpu)   volume = 0.015625
   epoch 31:  13(SW) ->  2(gpu)   volume = 0.015625
   epoch 31:  13(SW) ->  3(gpu)   volume = 0.03125
   epoch 31:  13(SW) ->  5(gpu)   volume = 0.03125
   epoch 32:   1(gpu) ->  8(SW)   volume = 0.078125
   epoch 32:   1(gpu) ->  9(SW)   volume = 0.09375
   epoch 32:   1(gpu) -> 10(SW)   volume = 0.078125
   epoch 32:   1(gpu) -> 11(SW)   volume = 0.078125
   epoch 32:   1(gpu) -> 12(SW)   volume = 0.09375
   epoch 32:   1(gpu) -> 13(SW)   volume = 0.078125
   epoch 32:   8(SW) ->  0(gpu)   volume = 0.026896
   epoch 32:   8(SW) ->  3(gpu)   volume = 0.004354
   epoch 32:   8(SW) ->  6(gpu)   volume = 0.046875
   epoch 32:   9(SW) ->  0(gpu)   volume = 0.001305
   epoch 32:   9(SW) ->  4(gpu)   volume = 0.046875
   epoch 32:   9(SW) ->  5(gpu)   volume = 0.04557
   epoch 32:  10(SW) ->  3(gpu)   volume = 0.046875
   epoch 32:  10(SW) ->  6(gpu)   volume = 0.03125
   epoch 32:  11(SW) ->  0(gpu)   volume = 0.005589
   epoch 32:  11(SW) ->  3(gpu)   volume = 0.041286
   epoch 32:  11(SW) ->  7(gpu)   volume = 0.03125
   epoch 32:  12(SW) ->  2(gpu)   volume = 0.03125
   epoch 32:  12(SW) ->  5(gpu)   volume = 0.046875
   epoch 32:  12(SW) ->  6(gpu)   volume = 0.015625
   epoch 32:  13(SW) ->  2(gpu)   volume = 0.015625
   epoch 32:  13(SW) ->  3(gpu)   volume = 0.015625
   epoch 32:  13(SW) ->  6(gpu)   volume = 0.046875
   epoch 33:   1(gpu) ->  8(SW)   volume = 0.078125
   epoch 33:   1(gpu) ->  9(SW)   volume = 0.09375
   epoch 33:   1(gpu) -> 10(SW)   volume = 0.078125
   epoch 33:   1(gpu) -> 11(SW)   volume = 0.078125
   epoch 33:   1(gpu) -> 12(SW)   volume = 0.09375
   epoch 33:   1(gpu) -> 13(SW)   volume = 0.078125
   epoch 33:   8(SW) ->  0(gpu)   volume = 0.015625
   epoch 33:   8(SW) ->  3(gpu)   volume = 0.0625
   epoch 33:   9(SW) ->  3(gpu)   volume = 0.046875
   epoch 33:   9(SW) ->  5(gpu)   volume = 0.046875
   epoch 33:  10(SW) ->  0(gpu)   volume = 0.03125
   epoch 33:  10(SW) ->  2(gpu)   volume = 0.046875
   epoch 33:  11(SW) ->  3(gpu)   volume = 0.046875
   epoch 33:  11(SW) ->  6(gpu)   volume = 0.03125
   epoch 33:  12(SW) ->  0(gpu)   volume = 0.078125
   epoch 33:  12(SW) ->  5(gpu)   volume = 0.015625
   epoch 33:  13(SW) ->  2(gpu)   volume = 0.046875
   epoch 33:  13(SW) ->  6(gpu)   volume = 0.03125
   epoch 34:   1(gpu) ->  8(SW)   volume = 0.078125
   epoch 34:   1(gpu) ->  9(SW)   volume = 0.09375
   epoch 34:   1(gpu) -> 10(SW)   volume = 0.078125
   epoch 34:   1(gpu) -> 11(SW)   volume = 0.078125
   epoch 34:   1(gpu) -> 12(SW)   volume = 0.09375
   epoch 34:   1(gpu) -> 13(SW)   volume = 0.078125
   epoch 34:   8(SW) ->  0(gpu)   volume = 0.0625
   epoch 34:   8(SW) ->  2(gpu)   volume = 0.015625
   epoch 34:   9(SW) ->  2(gpu)   volume = 0.046875
   epoch 34:   9(SW) ->  5(gpu)   volume = 0.046875
   epoch 34:  10(SW) ->  2(gpu)   volume = 0.03125
   epoch 34:  10(SW) ->  6(gpu)   volume = 0.046875
   epoch 34:  11(SW) ->  5(gpu)   volume = 0.03125
   epoch 34:  11(SW) ->  6(gpu)   volume = 0.046875
   epoch 34:  12(SW) ->  2(gpu)   volume = 0.046796
   epoch 34:  12(SW) ->  4(gpu)   volume = 0.015704
   epoch 34:  12(SW) ->  6(gpu)   volume = 0.03125
   epoch 34:  13(SW) ->  2(gpu)   volume = 0.078125
   epoch 35:   1(gpu) ->  8(SW)   volume = 0.078125
   epoch 35:   1(gpu) ->  9(SW)   volume = 0.09375
   epoch 35:   1(gpu) -> 10(SW)   volume = 0.078125
   epoch 35:   1(gpu) -> 11(SW)   volume = 0.078125
   epoch 35:   1(gpu) -> 12(SW)   volume = 0.09375
   epoch 35:   1(gpu) -> 13(SW)   volume = 0.078125
   epoch 35:   8(SW) ->  3(gpu)   volume = 0.046875
   epoch 35:   8(SW) ->  4(gpu)   volume = 0.03125
   epoch 35:   9(SW) ->  0(gpu)   volume = 0.062526
   epoch 35:   9(SW) ->  2(gpu)   volume = 0.031224
   epoch 35:  10(SW) ->  0(gpu)   volume = 0.078125
   epoch 35:  11(SW) ->  0(gpu)   volume = 0.046875
   epoch 35:  11(SW) ->  7(gpu)   volume = 0.03125
   epoch 35:  12(SW) ->  2(gpu)   volume = 0.078125
   epoch 35:  12(SW) ->  7(gpu)   volume = 0.015625
   epoch 35:  13(SW) ->  0(gpu)   volume = 0.045618
   epoch 35:  13(SW) ->  3(gpu)   volume = 0.032507
   epoch 36:   1(gpu) ->  8(SW)   volume = 0.078125
   epoch 36:   1(gpu) ->  9(SW)   volume = 0.09375
   epoch 36:   1(gpu) -> 10(SW)   volume = 0.078125
   epoch 36:   1(gpu) -> 11(SW)   volume = 0.078125
   epoch 36:   1(gpu) -> 12(SW)   volume = 0.09375
   epoch 36:   1(gpu) -> 13(SW)   volume = 0.078125
   epoch 36:   8(SW) ->  3(gpu)   volume = 0.078125
   epoch 36:   9(SW) ->  4(gpu)   volume = 0.015625
   epoch 36:   9(SW) ->  5(gpu)   volume = 0.03125
   epoch 36:   9(SW) ->  7(gpu)   volume = 0.046875
   epoch 36:  10(SW) ->  2(gpu)   volume = 0.046875
   epoch 36:  10(SW) ->  5(gpu)   volume = 0.03125
   epoch 36:  11(SW) ->  3(gpu)   volume = 0.046875
   epoch 36:  11(SW) ->  4(gpu)   volume = 0.03125
   epoch 36:  12(SW) ->  5(gpu)   volume = 0.015625
   epoch 36:  12(SW) ->  6(gpu)   volume = 0.03125
   epoch 36:  12(SW) ->  7(gpu)   volume = 0.046875
   epoch 36:  13(SW) ->  3(gpu)   volume = 0.03125
   epoch 36:  13(SW) ->  4(gpu)   volume = 0.046875
   epoch 37:   1(gpu) ->  8(SW)   volume = 0.078125
   epoch 37:   1(gpu) ->  9(SW)   volume = 0.09375
   epoch 37:   1(gpu) -> 10(SW)   volume = 0.078125
   epoch 37:   1(gpu) -> 11(SW)   volume = 0.078125
   epoch 37:   1(gpu) -> 12(SW)   volume = 0.09375
   epoch 37:   1(gpu) -> 13(SW)   volume = 0.078125
   epoch 37:   8(SW) ->  0(gpu)   volume = 0.03125
   epoch 37:   8(SW) ->  6(gpu)   volume = 0.046875
   epoch 37:   9(SW) ->  4(gpu)   volume = 0.046875
   epoch 37:   9(SW) ->  5(gpu)   volume = 0.032529
   epoch 37:   9(SW) ->  6(gpu)   volume = 0.014346
   epoch 37:  10(SW) ->  2(gpu)   volume = 0.046875
   epoch 37:  10(SW) ->  5(gpu)   volume = 0.03125
   epoch 37:  11(SW) ->  3(gpu)   volume = 0.03125
   epoch 37:  11(SW) ->  6(gpu)   volume = 0.046875
   epoch 37:  12(SW) ->  5(gpu)   volume = 0.046875
   epoch 37:  12(SW) ->  7(gpu)   volume = 0.046875
   epoch 37:  13(SW) ->  2(gpu)   volume = 0.046875
   epoch 37:  13(SW) ->  6(gpu)   volume = 0.03125
   epoch 38:   1(gpu) ->  8(SW)   volume = 0.078125
   epoch 38:   1(gpu) ->  9(SW)   volume = 0.09375
   epoch 38:   1(gpu) -> 10(SW)   volume = 0.078125
   epoch 38:   1(gpu) -> 11(SW)   volume = 0.078125
   epoch 38:   1(gpu) -> 12(SW)   volume = 0.09375
   epoch 38:   1(gpu) -> 13(SW)   volume = 0.078125
   epoch 38:   8(SW) ->  2(gpu)   volume = 0.03125
   epoch 38:   8(SW) ->  6(gpu)   volume = 0.046875
   epoch 38:   9(SW) ->  2(gpu)   volume = 0.0625
   epoch 38:   9(SW) ->  6(gpu)   volume = 0.03125
   epoch 38:  10(SW) ->  0(gpu)   volume = 0.078125
   epoch 38:  11(SW) ->  2(gpu)   volume = 0.03125
   epoch 38:  11(SW) ->  6(gpu)   volume = 0.046875
   epoch 38:  12(SW) ->  2(gpu)   volume = 0.046875
   epoch 38:  12(SW) ->  3(gpu)   volume = 0.015625
   epoch 38:  12(SW) ->  6(gpu)   volume = 0.03125
   epoch 38:  13(SW) ->  3(gpu)   volume = 0.078125
   epoch 39:   1(gpu) ->  8(SW)   volume = 0.078125
   epoch 39:   1(gpu) ->  9(SW)   volume = 0.09375
   epoch 39:   1(gpu) -> 10(SW)   volume = 0.078125
   epoch 39:   1(gpu) -> 11(SW)   volume = 0.078125
   epoch 39:   1(gpu) -> 12(SW)   volume = 0.09375
   epoch 39:   1(gpu) -> 13(SW)   volume = 0.078125
   epoch 39:   8(SW) ->  2(gpu)   volume = 0.0625
   epoch 39:   8(SW) ->  6(gpu)   volume = 0.015625
   epoch 39:   9(SW) ->  2(gpu)   volume = 0.046875
   epoch 39:   9(SW) ->  3(gpu)   volume = 0.03125
   epoch 39:   9(SW) ->  4(gpu)   volume = 0.015625
   epoch 39:  10(SW) ->  0(gpu)   volume = 0.046875
   epoch 39:  10(SW) ->  5(gpu)   volume = 0.03125
   epoch 39:  11(SW) ->  2(gpu)   volume = 0.078125
   epoch 39:  12(SW) ->  0(gpu)   volume = 0.03125
   epoch 39:  12(SW) ->  3(gpu)   volume = 0.015625
   epoch 39:  12(SW) ->  7(gpu)   volume = 0.046875
   epoch 39:  13(SW) ->  0(gpu)   volume = 0.046875
   epoch 39:  13(SW) ->  5(gpu)   volume = 0.03125

-- source 2 --
   epoch 0:   2(gpu) ->  8(SW)   volume = 0.078125
   epoch 0:   2(gpu) ->  9(SW)   volume = 0.078125
   epoch 0:   2(gpu) -> 10(SW)   volume = 0.09375
   epoch 0:   2(gpu) -> 11(SW)   volume = 0.078125
   epoch 0:   2(gpu) -> 12(SW)   volume = 0.078125
   epoch 0:   2(gpu) -> 13(SW)   volume = 0.09375
   epoch 0:   8(SW) ->  1(gpu)   volume = 0.016221
   epoch 0:   8(SW) ->  3(gpu)   volume = 0.061904
   epoch 0:   9(SW) ->  0(gpu)   volume = 0.046875
   epoch 0:   9(SW) ->  6(gpu)   volume = 0.03125
   epoch 0:  10(SW) ->  3(gpu)   volume = 0.046875
   epoch 0:  10(SW) ->  6(gpu)   volume = 0.046875
   epoch 0:  11(SW) ->  3(gpu)   volume = 0.078125
   epoch 0:  12(SW) ->  3(gpu)   volume = 0.03125
   epoch 0:  12(SW) ->  4(gpu)   volume = 0.046875
   epoch 0:  13(SW) ->  3(gpu)   volume = 0.03125
   epoch 0:  13(SW) ->  4(gpu)   volume = 0.015625
   epoch 0:  13(SW) ->  6(gpu)   volume = 0.046875
   epoch 1:   2(gpu) ->  8(SW)   volume = 0.078125
   epoch 1:   2(gpu) ->  9(SW)   volume = 0.078125
   epoch 1:   2(gpu) -> 10(SW)   volume = 0.09375
   epoch 1:   2(gpu) -> 11(SW)   volume = 0.078125
   epoch 1:   2(gpu) -> 12(SW)   volume = 0.078125
   epoch 1:   2(gpu) -> 13(SW)   volume = 0.09375
   epoch 1:   8(SW) ->  3(gpu)   volume = 0.046875
   epoch 1:   8(SW) ->  5(gpu)   volume = 0.03125
   epoch 1:   9(SW) ->  3(gpu)   volume = 0.046875
   epoch 1:   9(SW) ->  5(gpu)   volume = 0.03125
   epoch 1:  10(SW) ->  3(gpu)   volume = 0.015625
   epoch 1:  10(SW) ->  4(gpu)   volume = 0.046875
   epoch 1:  10(SW) ->  5(gpu)   volume = 0.03125
   epoch 1:  11(SW) ->  1(gpu)   volume = 0.015625
   epoch 1:  11(SW) ->  3(gpu)   volume = 0.0625
   epoch 1:  12(SW) ->  0(gpu)   volume = 0.03125
   epoch 1:  12(SW) ->  5(gpu)   volume = 0.046875
   epoch 1:  13(SW) ->  3(gpu)   volume = 0.015625
   epoch 1:  13(SW) ->  4(gpu)   volume = 0.046875
   epoch 1:  13(SW) ->  5(gpu)   volume = 0.03125
   epoch 2:   2(gpu) ->  8(SW)   volume = 0.078125
   epoch 2:   2(gpu) ->  9(SW)   volume = 0.078125
   epoch 2:   2(gpu) -> 10(SW)   volume = 0.09375
   epoch 2:   2(gpu) -> 11(SW)   volume = 0.078125
   epoch 2:   2(gpu) -> 12(SW)   volume = 0.078125
   epoch 2:   2(gpu) -> 13(SW)   volume = 0.09375
   epoch 2:   8(SW) ->  0(gpu)   volume = 0.0625
   epoch 2:   8(SW) ->  7(gpu)   volume = 0.015625
   epoch 2:   9(SW) ->  1(gpu)   volume = 0.03125
   epoch 2:   9(SW) ->  7(gpu)   volume = 0.046875
   epoch 2:  10(SW) ->  3(gpu)   volume = 0.078125
   epoch 2:  10(SW) ->  7(gpu)   volume = 0.015625
   epoch 2:  11(SW) ->  0(gpu)   volume = 0.015625
   epoch 2:  11(SW) ->  3(gpu)   volume = 0.03125
   epoch 2:  11(SW) ->  7(gpu)   volume = 0.03125
   epoch 2:  12(SW) ->  0(gpu)   volume = 0.078125
   epoch 2:  13(SW) ->  3(gpu)   volume = 0.046875
   epoch 2:  13(SW) ->  4(gpu)   volume = 0.046875
   epoch 3:   2(gpu) ->  8(SW)   volume = 0.078125
   epoch 3:   2(gpu) ->  9(SW)   volume = 0.078125
   epoch 3:   2(gpu) -> 10(SW)   volume = 0.09375
   epoch 3:   2(gpu) -> 11(SW)   volume = 0.078125
   epoch 3:   2(gpu) -> 12(SW)   volume = 0.078125
   epoch 3:   2(gpu) -> 13(SW)   volume = 0.09375
   epoch 3:   8(SW) ->  4(gpu)   volume = 0.03125
   epoch 3:   8(SW) ->  5(gpu)   volume = 0.046875
   epoch 3:   9(SW) ->  3(gpu)   volume = 0.03125
   epoch 3:   9(SW) ->  5(gpu)   volume = 0.046875
   epoch 3:  10(SW) ->  0(gpu)   volume = 0.078125
   epoch 3:  10(SW) ->  7(gpu)   volume = 0.015625
   epoch 3:  11(SW) ->  5(gpu)   volume = 0.046875
   epoch 3:  11(SW) ->  7(gpu)   volume = 0.03125
   epoch 3:  12(SW) ->  3(gpu)   volume = 0.078125
   epoch 3:  13(SW) ->  1(gpu)   volume = 0.046875
   epoch 3:  13(SW) ->  4(gpu)   volume = 0.046875
   epoch 4:   2(gpu) ->  8(SW)   volume = 0.078125
   epoch 4:   2(gpu) ->  9(SW)   volume = 0.078125
   epoch 4:   2(gpu) -> 10(SW)   volume = 0.09375
   epoch 4:   2(gpu) -> 11(SW)   volume = 0.078125
   epoch 4:   2(gpu) -> 12(SW)   volume = 0.078125
   epoch 4:   2(gpu) -> 13(SW)   volume = 0.09375
   epoch 4:   8(SW) ->  3(gpu)   volume = 0.03125
   epoch 4:   8(SW) ->  6(gpu)   volume = 0.046875
   epoch 4:   9(SW) ->  0(gpu)   volume = 0.046875
   epoch 4:   9(SW) ->  6(gpu)   volume = 0.03125
   epoch 4:  10(SW) ->  1(gpu)   volume = 0.078125
   epoch 4:  10(SW) ->  3(gpu)   volume = 0.015625
   epoch 4:  11(SW) ->  0(gpu)   volume = 0.03125
   epoch 4:  11(SW) ->  6(gpu)   volume = 0.046875
   epoch 4:  12(SW) ->  0(gpu)   volume = 0.03125
   epoch 4:  12(SW) ->  3(gpu)   volume = 0.015625
   epoch 4:  12(SW) ->  6(gpu)   volume = 0.03125
   epoch 4:  13(SW) ->  1(gpu)   volume = 0.078125
   epoch 4:  13(SW) ->  7(gpu)   volume = 0.015625
   epoch 5:   2(gpu) ->  8(SW)   volume = 0.078125
   epoch 5:   2(gpu) ->  9(SW)   volume = 0.078125
   epoch 5:   2(gpu) -> 10(SW)   volume = 0.09375
   epoch 5:   2(gpu) -> 11(SW)   volume = 0.078125
   epoch 5:   2(gpu) -> 12(SW)   volume = 0.078125
   epoch 5:   2(gpu) -> 13(SW)   volume = 0.09375
   epoch 5:   8(SW) ->  0(gpu)   volume = 0.03125
   epoch 5:   8(SW) ->  1(gpu)   volume = 0.015625
   epoch 5:   8(SW) ->  7(gpu)   volume = 0.03125
   epoch 5:   9(SW) ->  3(gpu)   volume = 0.03125
   epoch 5:   9(SW) ->  5(gpu)   volume = 0.015625
   epoch 5:   9(SW) ->  6(gpu)   volume = 0.03125
   epoch 5:  10(SW) ->  4(gpu)   volume = 0.046875
   epoch 5:  10(SW) ->  6(gpu)   volume = 0.015625
   epoch 5:  10(SW) ->  7(gpu)   volume = 0.03125
   epoch 5:  11(SW) ->  3(gpu)   volume = 0.078125
   epoch 5:  12(SW) ->  3(gpu)   volume = 0.046875
   epoch 5:  12(SW) ->  6(gpu)   volume = 0.03125
   epoch 5:  13(SW) ->  4(gpu)   volume = 0.046875
   epoch 5:  13(SW) ->  7(gpu)   volume = 0.046875
   epoch 6:   2(gpu) ->  8(SW)   volume = 0.078125
   epoch 6:   2(gpu) ->  9(SW)   volume = 0.078125
   epoch 6:   2(gpu) -> 10(SW)   volume = 0.09375
   epoch 6:   2(gpu) -> 11(SW)   volume = 0.078125
   epoch 6:   2(gpu) -> 12(SW)   volume = 0.078125
   epoch 6:   2(gpu) -> 13(SW)   volume = 0.09375
   epoch 6:   8(SW) ->  1(gpu)   volume = 0.03125
   epoch 6:   8(SW) ->  6(gpu)   volume = 0.015625
   epoch 6:   8(SW) ->  7(gpu)   volume = 0.03125
   epoch 6:   9(SW) ->  0(gpu)   volume = 0.053135
   epoch 6:   9(SW) ->  5(gpu)   volume = 0.02499
   epoch 6:  10(SW) ->  1(gpu)   volume = 0.046875
   epoch 6:  10(SW) ->  4(gpu)   volume = 0.015625
   epoch 6:  10(SW) ->  5(gpu)   volume = 0.03125
   epoch 6:  11(SW) ->  1(gpu)   volume = 0.03125
   epoch 6:  11(SW) ->  6(gpu)   volume = 0.046875
   epoch 6:  12(SW) ->  0(gpu)   volume = 0.046875
   epoch 6:  12(SW) ->  5(gpu)   volume = 0.03125
   epoch 6:  13(SW) ->  1(gpu)   volume = 0.046875
   epoch 6:  13(SW) ->  5(gpu)   volume = 0.03125
   epoch 6:  13(SW) ->  6(gpu)   volume = 0.015625
   epoch 7:   2(gpu) ->  8(SW)   volume = 0.078125
   epoch 7:   2(gpu) ->  9(SW)   volume = 0.078125
   epoch 7:   2(gpu) -> 10(SW)   volume = 0.09375
   epoch 7:   2(gpu) -> 11(SW)   volume = 0.078125
   epoch 7:   2(gpu) -> 12(SW)   volume = 0.078125
   epoch 7:   2(gpu) -> 13(SW)   volume = 0.09375
   epoch 7:   8(SW) ->  3(gpu)   volume = 0.046875
   epoch 7:   8(SW) ->  7(gpu)   volume = 0.03125
   epoch 7:   9(SW) ->  3(gpu)   volume = 0.078125
   epoch 7:  10(SW) ->  1(gpu)   volume = 0.078125
   epoch 7:  10(SW) ->  7(gpu)   volume = 0.015625
   epoch 7:  11(SW) ->  1(gpu)   volume = 0.03125
   epoch 7:  11(SW) ->  5(gpu)   volume = 0.046875
   epoch 7:  12(SW) ->  0(gpu)   volume = 0.0625
   epoch 7:  12(SW) ->  7(gpu)   volume = 0.015625
   epoch 7:  13(SW) ->  4(gpu)   volume = 0.046875
   epoch 7:  13(SW) ->  7(gpu)   volume = 0.046875
   epoch 8:   2(gpu) ->  8(SW)   volume = 0.078125
   epoch 8:   2(gpu) ->  9(SW)   volume = 0.078125
   epoch 8:   2(gpu) -> 10(SW)   volume = 0.09375
   epoch 8:   2(gpu) -> 11(SW)   volume = 0.078125
   epoch 8:   2(gpu) -> 12(SW)   volume = 0.078125
   epoch 8:   2(gpu) -> 13(SW)   volume = 0.09375
   epoch 8:   8(SW) ->  4(gpu)   volume = 0.015625
   epoch 8:   8(SW) ->  5(gpu)   volume = 0.015625
   epoch 8:   8(SW) ->  6(gpu)   volume = 0.015625
   epoch 8:   8(SW) ->  7(gpu)   volume = 0.03125
   epoch 8:   9(SW) ->  0(gpu)   volume = 0.015625
   epoch 8:   9(SW) ->  1(gpu)   volume = 0.015625
   epoch 8:   9(SW) ->  6(gpu)   volume = 0.03125
   epoch 8:   9(SW) ->  7(gpu)   volume = 0.015625
   epoch 8:  10(SW) ->  0(gpu)   volume = 0.015625
   epoch 8:  10(SW) ->  3(gpu)   volume = 0.078125
   epoch 8:  11(SW) ->  3(gpu)   volume = 0.046875
   epoch 8:  11(SW) ->  7(gpu)   volume = 0.03125
   epoch 8:  12(SW) ->  1(gpu)   volume = 0.078125
   epoch 8:  13(SW) ->  0(gpu)   volume = 0.03125
   epoch 8:  13(SW) ->  3(gpu)   volume = 0.0625
   epoch 9:   2(gpu) ->  8(SW)   volume = 0.078125
   epoch 9:   2(gpu) ->  9(SW)   volume = 0.078125
   epoch 9:   2(gpu) -> 10(SW)   volume = 0.09375
   epoch 9:   2(gpu) -> 11(SW)   volume = 0.078125
   epoch 9:   2(gpu) -> 12(SW)   volume = 0.078125
   epoch 9:   2(gpu) -> 13(SW)   volume = 0.09375
   epoch 9:   8(SW) ->  3(gpu)   volume = 0.046875
   epoch 9:   8(SW) ->  5(gpu)   volume = 0.03125
   epoch 9:   9(SW) ->  0(gpu)   volume = 0.046928
   epoch 9:   9(SW) ->  3(gpu)   volume = 0.031197
   epoch 9:  10(SW) ->  4(gpu)   volume = 0.046875
   epoch 9:  10(SW) ->  7(gpu)   volume = 0.046875
   epoch 9:  11(SW) ->  0(gpu)   volume = 0.078125
   epoch 9:  12(SW) ->  3(gpu)   volume = 0.046875
   epoch 9:  12(SW) ->  4(gpu)   volume = 0.03125
   epoch 9:  13(SW) ->  4(gpu)   volume = 0.046875
   epoch 9:  13(SW) ->  5(gpu)   volume = 0.03125
   epoch 9:  13(SW) ->  7(gpu)   volume = 0.015625
   epoch 10:   2(gpu) ->  8(SW)   volume = 0.078125
   epoch 10:   2(gpu) ->  9(SW)   volume = 0.078125
   epoch 10:   2(gpu) -> 10(SW)   volume = 0.09375
   epoch 10:   2(gpu) -> 11(SW)   volume = 0.078125
   epoch 10:   2(gpu) -> 12(SW)   volume = 0.078125
   epoch 10:   2(gpu) -> 13(SW)   volume = 0.09375
   epoch 10:   8(SW) ->  0(gpu)   volume = 0.078125
   epoch 10:   9(SW) ->  1(gpu)   volume = 0.046875
   epoch 10:   9(SW) ->  4(gpu)   volume = 0.015625
   epoch 10:   9(SW) ->  7(gpu)   volume = 0.015625
   epoch 10:  10(SW) ->  1(gpu)   volume = 0.078125
   epoch 10:  10(SW) ->  7(gpu)   volume = 0.015625
   epoch 10:  11(SW) ->  0(gpu)   volume = 0.046875
   epoch 10:  11(SW) ->  1(gpu)   volume = 0.03125
   epoch 10:  12(SW) ->  1(gpu)   volume = 0.006855
   epoch 10:  12(SW) ->  3(gpu)   volume = 0.07127
   epoch 10:  13(SW) ->  1(gpu)   volume = 0.03125
   epoch 10:  13(SW) ->  5(gpu)   volume = 0.015625
   epoch 10:  13(SW) ->  7(gpu)   volume = 0.046875
   epoch 11:   2(gpu) ->  8(SW)   volume = 0.078125
   epoch 11:   2(gpu) ->  9(SW)   volume = 0.078125
   epoch 11:   2(gpu) -> 10(SW)   volume = 0.09375
   epoch 11:   2(gpu) -> 11(SW)   volume = 0.078125
   epoch 11:   2(gpu) -> 12(SW)   volume = 0.078125
   epoch 11:   2(gpu) -> 13(SW)   volume = 0.09375
   epoch 11:   8(SW) ->  5(gpu)   volume = 0.046875
   epoch 11:   8(SW) ->  6(gpu)   volume = 0.015625
   epoch 11:   8(SW) ->  7(gpu)   volume = 0.015625
   epoch 11:   9(SW) ->  0(gpu)   volume = 0.0625
   epoch 11:   9(SW) ->  4(gpu)   volume = 0.015625
   epoch 11:  10(SW) ->  1(gpu)   volume = 0.015625
   epoch 11:  10(SW) ->  3(gpu)   volume = 0.078125
   epoch 11:  11(SW) ->  1(gpu)   volume = 0.03125
   epoch 11:  11(SW) ->  5(gpu)   volume = 0.046875
   epoch 11:  12(SW) ->  0(gpu)   volume = 0.015625
   epoch 11:  12(SW) ->  1(gpu)   volume = 0.0625
   epoch 11:  13(SW) ->  0(gpu)   volume = 0.015625
   epoch 11:  13(SW) ->  3(gpu)   volume = 0.078125
   epoch 12:   2(gpu) ->  8(SW)   volume = 0.078125
   epoch 12:   2(gpu) ->  9(SW)   volume = 0.078125
   epoch 12:   2(gpu) -> 10(SW)   volume = 0.09375
   epoch 12:   2(gpu) -> 11(SW)   volume = 0.078125
   epoch 12:   2(gpu) -> 12(SW)   volume = 0.078125
   epoch 12:   2(gpu) -> 13(SW)   volume = 0.09375
   epoch 12:   8(SW) ->  1(gpu)   volume = 0.046875
   epoch 12:   8(SW) ->  4(gpu)   volume = 0.03125
   epoch 12:   9(SW) ->  1(gpu)   volume = 0.03125
   epoch 12:   9(SW) ->  7(gpu)   volume = 0.046875
   epoch 12:  10(SW) ->  0(gpu)   volume = 0.032087
   epoch 12:  10(SW) ->  3(gpu)   volume = 0.061663
   epoch 12:  11(SW) ->  4(gpu)   volume = 0.03125
   epoch 12:  11(SW) ->  6(gpu)   volume = 0.046875
   epoch 12:  12(SW) ->  0(gpu)   volume = 0.03125
   epoch 12:  12(SW) ->  5(gpu)   volume = 0.046875
   epoch 12:  13(SW) ->  0(gpu)   volume = 0.015625
   epoch 12:  13(SW) ->  3(gpu)   volume = 0.078125
   epoch 13:   2(gpu) ->  8(SW)   volume = 0.078125
   epoch 13:   2(gpu) ->  9(SW)   volume = 0.078125
   epoch 13:   2(gpu) -> 10(SW)   volume = 0.09375
   epoch 13:   2(gpu) -> 11(SW)   volume = 0.078125
   epoch 13:   2(gpu) -> 12(SW)   volume = 0.078125
   epoch 13:   2(gpu) -> 13(SW)   volume = 0.09375
   epoch 13:   8(SW) ->  0(gpu)   volume = 0.033291
   epoch 13:   8(SW) ->  5(gpu)   volume = 0.044834
   epoch 13:   9(SW) ->  0(gpu)   volume = 0.03125
   epoch 13:   9(SW) ->  5(gpu)   volume = 0.046875
   epoch 13:  10(SW) ->  3(gpu)   volume = 0.03125
   epoch 13:  10(SW) ->  4(gpu)   volume = 0.014473
   epoch 13:  10(SW) ->  6(gpu)   volume = 0.046875
   epoch 13:  10(SW) ->  7(gpu)   volume = 0.001152
   epoch 13:  11(SW) ->  3(gpu)   volume = 0.03125
   epoch 13:  11(SW) ->  5(gpu)   volume = 0.046875
   epoch 13:  12(SW) ->  1(gpu)   volume = 0.0625
   epoch 13:  12(SW) ->  5(gpu)   volume = 0.015625
   epoch 13:  13(SW) ->  0(gpu)   volume = 0.046875
   epoch 13:  13(SW) ->  4(gpu)   volume = 0.046875
   epoch 14:   2(gpu) ->  8(SW)   volume = 0.078125
   epoch 14:   2(gpu) ->  9(SW)   volume = 0.078125
   epoch 14:   2(gpu) -> 10(SW)   volume = 0.09375
   epoch 14:   2(gpu) -> 11(SW)   volume = 0.078125
   epoch 14:   2(gpu) -> 12(SW)   volume = 0.078125
   epoch 14:   2(gpu) -> 13(SW)   volume = 0.09375
   epoch 14:   8(SW) ->  1(gpu)   volume = 0.03125
   epoch 14:   8(SW) ->  6(gpu)   volume = 0.015625
   epoch 14:   8(SW) ->  7(gpu)   volume = 0.03125
   epoch 14:   9(SW) ->  3(gpu)   volume = 0.03125
   epoch 14:   9(SW) ->  5(gpu)   volume = 0.046875
   epoch 14:  10(SW) ->  0(gpu)   volume = 0.078125
   epoch 14:  10(SW) ->  3(gpu)   volume = 0.015625
   epoch 14:  11(SW) ->  0(gpu)   volume = 0.03125
   epoch 14:  11(SW) ->  1(gpu)   volume = 0.03125
   epoch 14:  11(SW) ->  5(gpu)   volume = 0.015625
   epoch 14:  12(SW) ->  5(gpu)   volume = 0.046875
   epoch 14:  12(SW) ->  6(gpu)   volume = 0.03125
   epoch 14:  13(SW) ->  0(gpu)   volume = 0.0625
   epoch 14:  13(SW) ->  5(gpu)   volume = 0.03125
   epoch 15:   2(gpu) ->  8(SW)   volume = 0.078125
   epoch 15:   2(gpu) ->  9(SW)   volume = 0.078125
   epoch 15:   2(gpu) -> 10(SW)   volume = 0.09375
   epoch 15:   2(gpu) -> 11(SW)   volume = 0.078125
   epoch 15:   2(gpu) -> 12(SW)   volume = 0.078125
   epoch 15:   2(gpu) -> 13(SW)   volume = 0.09375
   epoch 15:   8(SW) ->  0(gpu)   volume = 0.015625
   epoch 15:   8(SW) ->  3(gpu)   volume = 0.0625
   epoch 15:   9(SW) ->  3(gpu)   volume = 0.046875
   epoch 15:   9(SW) ->  6(gpu)   volume = 0.03125
   epoch 15:  10(SW) ->  4(gpu)   volume = 0.046875
   epoch 15:  10(SW) ->  6(gpu)   volume = 0.046875
   epoch 15:  11(SW) ->  3(gpu)   volume = 0.03125
   epoch 15:  11(SW) ->  6(gpu)   volume = 0.046875
   epoch 15:  12(SW) ->  3(gpu)   volume = 0.046875
   epoch 15:  12(SW) ->  6(gpu)   volume = 0.03125
   epoch 15:  13(SW) ->  0(gpu)   volume = 0.03125
   epoch 15:  13(SW) ->  4(gpu)   volume = 0.046875
   epoch 15:  13(SW) ->  6(gpu)   volume = 0.015625
   epoch 16:   2(gpu) ->  8(SW)   volume = 0.078125
   epoch 16:   2(gpu) ->  9(SW)   volume = 0.078125
   epoch 16:   2(gpu) -> 10(SW)   volume = 0.09375
   epoch 16:   2(gpu) -> 11(SW)   volume = 0.078125
   epoch 16:   2(gpu) -> 12(SW)   volume = 0.078125
   epoch 16:   2(gpu) -> 13(SW)   volume = 0.09375
   epoch 16:   8(SW) ->  0(gpu)   volume = 0.046875
   epoch 16:   8(SW) ->  1(gpu)   volume = 0.03125
   epoch 16:   9(SW) ->  1(gpu)   volume = 0.046875
   epoch 16:   9(SW) ->  3(gpu)   volume = 0.03125
   epoch 16:  10(SW) ->  3(gpu)   volume = 0.046875
   epoch 16:  10(SW) ->  7(gpu)   volume = 0.046875
   epoch 16:  11(SW) ->  3(gpu)   volume = 0.015625
   epoch 16:  11(SW) ->  4(gpu)   volume = 0.03125
   epoch 16:  11(SW) ->  7(gpu)   volume = 0.03125
   epoch 16:  12(SW) ->  0(gpu)   volume = 0.046875
   epoch 16:  12(SW) ->  1(gpu)   volume = 0.03125
   epoch 16:  13(SW) ->  0(gpu)   volume = 0.078125
   epoch 16:  13(SW) ->  4(gpu)   volume = 0.015625
   epoch 17:   2(gpu) ->  8(SW)   volume = 0.078125
   epoch 17:   2(gpu) ->  9(SW)   volume = 0.078125
   epoch 17:   2(gpu) -> 10(SW)   volume = 0.09375
   epoch 17:   2(gpu) -> 11(SW)   volume = 0.078125
   epoch 17:   2(gpu) -> 12(SW)   volume = 0.078125
   epoch 17:   2(gpu) -> 13(SW)   volume = 0.09375
   epoch 17:   8(SW) ->  4(gpu)   volume = 0.03125
   epoch 17:   8(SW) ->  5(gpu)   volume = 0.015625
   epoch 17:   8(SW) ->  7(gpu)   volume = 0.03125
   epoch 17:   9(SW) ->  1(gpu)   volume = 0.015625
   epoch 17:   9(SW) ->  3(gpu)   volume = 0.03125
   epoch 17:   9(SW) ->  4(gpu)   volume = 0.03125
   epoch 17:  10(SW) ->  0(gpu)   volume = 0.015625
   epoch 17:  10(SW) ->  4(gpu)   volume = 0.03125
   epoch 17:  10(SW) ->  7(gpu)   volume = 0.046875
   epoch 17:  11(SW) ->  3(gpu)   volume = 0.046875
   epoch 17:  11(SW) ->  7(gpu)   volume = 0.03125
   epoch 17:  12(SW) ->  1(gpu)   volume = 0.078125
   epoch 17:  13(SW) ->  4(gpu)   volume = 0.046875
   epoch 17:  13(SW) ->  7(gpu)   volume = 0.046875
   epoch 18:   2(gpu) ->  8(SW)   volume = 0.078125
   epoch 18:   2(gpu) ->  9(SW)   volume = 0.078125
   epoch 18:   2(gpu) -> 10(SW)   volume = 0.09375
   epoch 18:   2(gpu) -> 11(SW)   volume = 0.078125
   epoch 18:   2(gpu) -> 12(SW)   volume = 0.078125
   epoch 18:   2(gpu) -> 13(SW)   volume = 0.09375
   epoch 18:   8(SW) ->  5(gpu)   volume = 0.046875
   epoch 18:   8(SW) ->  6(gpu)   volume = 0.03125
   epoch 18:   9(SW) ->  1(gpu)   volume = 0.078125
   epoch 18:  10(SW) ->  0(gpu)   volume = 0.03125
   epoch 18:  10(SW) ->  3(gpu)   volume = 0.03125
   epoch 18:  10(SW) ->  6(gpu)   volume = 0.03125
   epoch 18:  11(SW) ->  3(gpu)   volume = 0.03125
   epoch 18:  11(SW) ->  5(gpu)   volume = 0.046875
   epoch 18:  12(SW) ->  3(gpu)   volume = 0.078125
   epoch 18:  13(SW) ->  0(gpu)   volume = 0.015625
   epoch 18:  13(SW) ->  1(gpu)   volume = 0.078125
   epoch 19:   2(gpu) ->  8(SW)   volume = 0.078125
   epoch 19:   2(gpu) ->  9(SW)   volume = 0.078125
   epoch 19:   2(gpu) -> 10(SW)   volume = 0.09375
   epoch 19:   2(gpu) -> 11(SW)   volume = 0.078125
   epoch 19:   2(gpu) -> 12(SW)   volume = 0.078125
   epoch 19:   2(gpu) -> 13(SW)   volume = 0.09375
   epoch 19:   8(SW) ->  0(gpu)   volume = 0.03125
   epoch 19:   8(SW) ->  1(gpu)   volume = 0.03125
   epoch 19:   8(SW) ->  6(gpu)   volume = 0.015625
   epoch 19:   9(SW) ->  4(gpu)   volume = 0.046875
   epoch 19:   9(SW) ->  6(gpu)   volume = 0.023317
   epoch 19:   9(SW) ->  7(gpu)   volume = 0.007933
   epoch 19:  10(SW) ->  3(gpu)   volume = 0.046875
   epoch 19:  10(SW) ->  7(gpu)   volume = 0.046875
   epoch 19:  11(SW) ->  1(gpu)   volume = 0.03125
   epoch 19:  11(SW) ->  3(gpu)   volume = 0.03125
   epoch 19:  11(SW) ->  6(gpu)   volume = 0.015625
   epoch 19:  12(SW) ->  0(gpu)   volume = 0.046875
   epoch 19:  12(SW) ->  6(gpu)   volume = 0.03125
   epoch 19:  13(SW) ->  3(gpu)   volume = 0.009085
   epoch 19:  13(SW) ->  4(gpu)   volume = 0.046875
   epoch 19:  13(SW) ->  7(gpu)   volume = 0.03779
   epoch 20:   2(gpu) ->  8(SW)   volume = 0.078125
   epoch 20:   2(gpu) ->  9(SW)   volume = 0.078125
   epoch 20:   2(gpu) -> 10(SW)   volume = 0.09375
   epoch 20:   2(gpu) -> 11(SW)   volume = 0.078125
   epoch 20:   2(gpu) -> 12(SW)   volume = 0.078125
   epoch 20:   2(gpu) -> 13(SW)   volume = 0.09375
   epoch 20:   8(SW) ->  1(gpu)   volume = 0.03125
   epoch 20:   8(SW) ->  3(gpu)   volume = 0.046875
   epoch 20:   9(SW) ->  3(gpu)   volume = 0.078125
   epoch 20:  10(SW) ->  1(gpu)   volume = 0.078125
   epoch 20:  10(SW) ->  6(gpu)   volume = 0.015625
   epoch 20:  11(SW) ->  3(gpu)   volume = 0.078125
   epoch 20:  12(SW) ->  0(gpu)   volume = 0.046875
   epoch 20:  12(SW) ->  6(gpu)   volume = 0.03125
   epoch 20:  13(SW) ->  1(gpu)   volume = 0.078125
   epoch 20:  13(SW) ->  6(gpu)   volume = 0.015625
   epoch 21:   2(gpu) ->  8(SW)   volume = 0.078125
   epoch 21:   2(gpu) ->  9(SW)   volume = 0.078125
   epoch 21:   2(gpu) -> 10(SW)   volume = 0.09375
   epoch 21:   2(gpu) -> 11(SW)   volume = 0.078125
   epoch 21:   2(gpu) -> 12(SW)   volume = 0.078125
   epoch 21:   2(gpu) -> 13(SW)   volume = 0.09375
   epoch 21:   8(SW) ->  0(gpu)   volume = 0.078125
   epoch 21:   9(SW) ->  0(gpu)   volume = 0.03125
   epoch 21:   9(SW) ->  3(gpu)   volume = 0.046875
   epoch 21:  10(SW) ->  4(gpu)   volume = 0.046875
   epoch 21:  10(SW) ->  7(gpu)   volume = 0.046875
   epoch 21:  11(SW) ->  3(gpu)   volume = 0.0625
   epoch 21:  11(SW) ->  4(gpu)   volume = 0.015625
   epoch 21:  12(SW) ->  0(gpu)   volume = 0.046875
   epoch 21:  12(SW) ->  3(gpu)   volume = 0.03125
   epoch 21:  13(SW) ->  4(gpu)   volume = 0.046875
   epoch 21:  13(SW) ->  7(gpu)   volume = 0.046875
   epoch 22:   2(gpu) ->  8(SW)   volume = 0.078125
   epoch 22:   2(gpu) ->  9(SW)   volume = 0.078125
   epoch 22:   2(gpu) -> 10(SW)   volume = 0.09375
   epoch 22:   2(gpu) -> 11(SW)   volume = 0.078125
   epoch 22:   2(gpu) -> 12(SW)   volume = 0.078125
   epoch 22:   2(gpu) -> 13(SW)   volume = 0.09375
   epoch 22:   8(SW) ->  0(gpu)   volume = 0.0625
   epoch 22:   8(SW) ->  4(gpu)   volume = 0.015625
   epoch 22:   9(SW) ->  1(gpu)   volume = 0.078125
   epoch 22:  10(SW) ->  4(gpu)   volume = 0.015625
   epoch 22:  10(SW) ->  5(gpu)   volume = 0.03125
   epoch 22:  10(SW) ->  7(gpu)   volume = 0.046875
   epoch 22:  11(SW) ->  1(gpu)   volume = 0.078125
   epoch 22:  12(SW) ->  0(gpu)   volume = 0.03125
   epoch 22:  12(SW) ->  1(gpu)   volume = 0.015625
   epoch 22:  12(SW) ->  6(gpu)   volume = 0.03125
   epoch 22:  13(SW) ->  4(gpu)   volume = 0.015625
   epoch 22:  13(SW) ->  5(gpu)   volume = 0.03125
   epoch 22:  13(SW) ->  7(gpu)   volume = 0.046875
   epoch 23:   2(gpu) ->  8(SW)   volume = 0.078125
   epoch 23:   2(gpu) ->  9(SW)   volume = 0.078125
   epoch 23:   2(gpu) -> 10(SW)   volume = 0.09375
   epoch 23:   2(gpu) -> 11(SW)   volume = 0.078125
   epoch 23:   2(gpu) -> 12(SW)   volume = 0.078125
   epoch 23:   2(gpu) -> 13(SW)   volume = 0.09375
   epoch 23:   8(SW) ->  1(gpu)   volume = 0.015625
   epoch 23:   8(SW) ->  3(gpu)   volume = 0.015625
   epoch 23:   8(SW) ->  5(gpu)   volume = 0.046875
   epoch 23:   9(SW) ->  1(gpu)   volume = 0.063731
   epoch 23:   9(SW) ->  5(gpu)   volume = 0.014394
   epoch 23:  10(SW) ->  3(gpu)   volume = 0.046875
   epoch 23:  10(SW) ->  6(gpu)   volume = 0.046875
   epoch 23:  11(SW) ->  0(gpu)   volume = 0.03125
   epoch 23:  11(SW) ->  1(gpu)   volume = 0.03125
   epoch 23:  11(SW) ->  3(gpu)   volume = 0.015625
   epoch 23:  12(SW) ->  1(gpu)   volume = 0.078125
   epoch 23:  13(SW) ->  3(gpu)   volume = 0.015625
   epoch 23:  13(SW) ->  5(gpu)   volume = 0.03125
   epoch 23:  13(SW) ->  6(gpu)   volume = 0.046875
   epoch 24:   2(gpu) ->  8(SW)   volume = 0.078125
   epoch 24:   2(gpu) ->  9(SW)   volume = 0.078125
   epoch 24:   2(gpu) -> 10(SW)   volume = 0.09375
   epoch 24:   2(gpu) -> 11(SW)   volume = 0.078125
   epoch 24:   2(gpu) -> 12(SW)   volume = 0.078125
   epoch 24:   2(gpu) -> 13(SW)   volume = 0.09375
   epoch 24:   8(SW) ->  0(gpu)   volume = 0.046875
   epoch 24:   8(SW) ->  1(gpu)   volume = 0.03125
   epoch 24:   9(SW) ->  0(gpu)   volume = 0.046875
   epoch 24:   9(SW) ->  5(gpu)   volume = 0.03125
   epoch 24:  10(SW) ->  4(gpu)   volume = 0.046875
   epoch 24:  10(SW) ->  5(gpu)   volume = 0.03125
   epoch 24:  10(SW) ->  7(gpu)   volume = 0.015625
   epoch 24:  11(SW) ->  3(gpu)   volume = 0.078125
   epoch 24:  12(SW) ->  0(gpu)   volume = 0.03125
   epoch 24:  12(SW) ->  5(gpu)   volume = 0.046875
   epoch 24:  13(SW) ->  4(gpu)   volume = 0.046875
   epoch 24:  13(SW) ->  7(gpu)   volume = 0.046875
   epoch 25:   2(gpu) ->  8(SW)   volume = 0.078125
   epoch 25:   2(gpu) ->  9(SW)   volume = 0.078125
   epoch 25:   2(gpu) -> 10(SW)   volume = 0.09375
   epoch 25:   2(gpu) -> 11(SW)   volume = 0.078125
   epoch 25:   2(gpu) -> 12(SW)   volume = 0.078125
   epoch 25:   2(gpu) -> 13(SW)   volume = 0.09375
   epoch 25:   8(SW) ->  1(gpu)   volume = 0.03125
   epoch 25:   8(SW) ->  5(gpu)   volume = 0.046875
   epoch 25:   9(SW) ->  0(gpu)   volume = 0.078125
   epoch 25:  10(SW) ->  6(gpu)   volume = 0.046875
   epoch 25:  10(SW) ->  7(gpu)   volume = 0.046875
   epoch 25:  11(SW) ->  4(gpu)   volume = 0.03125
   epoch 25:  11(SW) ->  5(gpu)   volume = 0.046875
   epoch 25:  12(SW) ->  0(gpu)   volume = 0.078125
   epoch 25:  13(SW) ->  6(gpu)   volume = 0.046875
   epoch 25:  13(SW) ->  7(gpu)   volume = 0.046875
   epoch 26:   2(gpu) ->  8(SW)   volume = 0.078125
   epoch 26:   2(gpu) ->  9(SW)   volume = 0.078125
   epoch 26:   2(gpu) -> 10(SW)   volume = 0.09375
   epoch 26:   2(gpu) -> 11(SW)   volume = 0.078125
   epoch 26:   2(gpu) -> 12(SW)   volume = 0.078125
   epoch 26:   2(gpu) -> 13(SW)   volume = 0.09375
   epoch 26:   8(SW) ->  3(gpu)   volume = 0.046875
   epoch 26:   8(SW) ->  5(gpu)   volume = 0.03125
   epoch 26:   9(SW) ->  3(gpu)   volume = 0.078125
   epoch 26:  10(SW) ->  0(gpu)   volume = 0.03125
   epoch 26:  10(SW) ->  1(gpu)   volume = 0.020649
   epoch 26:  10(SW) ->  6(gpu)   volume = 0.041851
   epoch 26:  11(SW) ->  0(gpu)   volume = 0.015625
   epoch 26:  11(SW) ->  1(gpu)   volume = 0.03125
   epoch 26:  11(SW) ->  5(gpu)   volume = 0.03125
   epoch 26:  12(SW) ->  0(gpu)   volume = 0.046875
   epoch 26:  12(SW) ->  5(gpu)   volume = 0.03125
   epoch 26:  13(SW) ->  0(gpu)   volume = 0.03125
   epoch 26:  13(SW) ->  1(gpu)   volume = 0.046875
   epoch 26:  13(SW) ->  6(gpu)   volume = 0.015625
   epoch 27:   2(gpu) ->  8(SW)   volume = 0.078125
   epoch 27:   2(gpu) ->  9(SW)   volume = 0.078125
   epoch 27:   2(gpu) -> 10(SW)   volume = 0.09375
   epoch 27:   2(gpu) -> 11(SW)   volume = 0.078125
   epoch 27:   2(gpu) -> 12(SW)   volume = 0.078125
   epoch 27:   2(gpu) -> 13(SW)   volume = 0.09375
   epoch 27:   8(SW) ->  0(gpu)   volume = 0.046875
   epoch 27:   8(SW) ->  1(gpu)   volume = 0.03125
   epoch 27:   9(SW) ->  0(gpu)   volume = 0.078125
   epoch 27:  10(SW) ->  0(gpu)   volume = 0.03125
   epoch 27:  10(SW) ->  1(gpu)   volume = 0.015625
   epoch 27:  10(SW) ->  6(gpu)   volume = 0.046875
   epoch 27:  11(SW) ->  0(gpu)   volume = 0.015625
   epoch 27:  11(SW) ->  1(gpu)   volume = 0.03125
   epoch 27:  11(SW) ->  3(gpu)   volume = 0.03125
   epoch 27:  12(SW) ->  1(gpu)   volume = 0.046875
   epoch 27:  12(SW) ->  6(gpu)   volume = 0.03125
   epoch 27:  13(SW) ->  3(gpu)   volume = 0.046875
   epoch 27:  13(SW) ->  6(gpu)   volume = 0.046875
   epoch 28:   2(gpu) ->  8(SW)   volume = 0.078125
   epoch 28:   2(gpu) ->  9(SW)   volume = 0.078125
   epoch 28:   2(gpu) -> 10(SW)   volume = 0.09375
   epoch 28:   2(gpu) -> 11(SW)   volume = 0.078125
   epoch 28:   2(gpu) -> 12(SW)   volume = 0.078125
   epoch 28:   2(gpu) -> 13(SW)   volume = 0.09375
   epoch 28:   8(SW) ->  0(gpu)   volume = 0.046875
   epoch 28:   8(SW) ->  4(gpu)   volume = 0.03125
   epoch 28:   9(SW) ->  0(gpu)   volume = 0.078125
   epoch 28:  10(SW) ->  1(gpu)   volume = 0.03125
   epoch 28:  10(SW) ->  4(gpu)   volume = 0.046875
   epoch 28:  10(SW) ->  7(gpu)   volume = 0.015625
   epoch 28:  11(SW) ->  1(gpu)   volume = 0.046875
   epoch 28:  11(SW) ->  7(gpu)   volume = 0.03125
   epoch 28:  12(SW) ->  0(gpu)   volume = 0.03125
   epoch 28:  12(SW) ->  3(gpu)   volume = 0.046875
   epoch 28:  13(SW) ->  4(gpu)   volume = 0.03125
   epoch 28:  13(SW) ->  6(gpu)   volume = 0.015625
   epoch 28:  13(SW) ->  7(gpu)   volume = 0.046875
   epoch 29:   2(gpu) ->  8(SW)   volume = 0.078125
   epoch 29:   2(gpu) ->  9(SW)   volume = 0.078125
   epoch 29:   2(gpu) -> 10(SW)   volume = 0.09375
   epoch 29:   2(gpu) -> 11(SW)   volume = 0.078125
   epoch 29:   2(gpu) -> 12(SW)   volume = 0.078125
   epoch 29:   2(gpu) -> 13(SW)   volume = 0.09375
   epoch 29:   8(SW) ->  0(gpu)   volume = 0.015625
   epoch 29:   8(SW) ->  1(gpu)   volume = 0.03125
   epoch 29:   8(SW) ->  3(gpu)   volume = 0.03125
   epoch 29:   9(SW) ->  0(gpu)   volume = 0.046875
   epoch 29:   9(SW) ->  3(gpu)   volume = 0.03125
   epoch 29:  10(SW) ->  3(gpu)   volume = 0.046875
   epoch 29:  10(SW) ->  7(gpu)   volume = 0.046875
   epoch 29:  11(SW) ->  0(gpu)   volume = 0.03125
   epoch 29:  11(SW) ->  3(gpu)   volume = 0.03125
   epoch 29:  11(SW) ->  6(gpu)   volume = 0.015625
   epoch 29:  12(SW) ->  3(gpu)   volume = 0.078125
   epoch 29:  13(SW) ->  1(gpu)   volume = 0.046875
   epoch 29:  13(SW) ->  6(gpu)   volume = 0.015625
   epoch 29:  13(SW) ->  7(gpu)   volume = 0.03125
   epoch 30:   2(gpu) ->  8(SW)   volume = 0.078125
   epoch 30:   2(gpu) ->  9(SW)   volume = 0.078125
   epoch 30:   2(gpu) -> 10(SW)   volume = 0.09375
   epoch 30:   2(gpu) -> 11(SW)   volume = 0.078125
   epoch 30:   2(gpu) -> 12(SW)   volume = 0.078125
   epoch 30:   2(gpu) -> 13(SW)   volume = 0.09375
   epoch 30:   8(SW) ->  0(gpu)   volume = 0.046875
   epoch 30:   8(SW) ->  1(gpu)   volume = 0.015625
   epoch 30:   8(SW) ->  7(gpu)   volume = 0.015625
   epoch 30:   9(SW) ->  0(gpu)   volume = 0.03125
   epoch 30:   9(SW) ->  1(gpu)   volume = 0.046875
   epoch 30:  10(SW) ->  0(gpu)   volume = 0.065194
   epoch 30:  10(SW) ->  6(gpu)   volume = 0.028556
   epoch 30:  11(SW) ->  0(gpu)   volume = 0.015625
   epoch 30:  11(SW) ->  1(gpu)   volume = 0.03125
   epoch 30:  11(SW) ->  7(gpu)   volume = 0.03125
   epoch 30:  12(SW) ->  1(gpu)   volume = 0.0625
   epoch 30:  12(SW) ->  3(gpu)   volume = 0.015625
   epoch 30:  13(SW) ->  1(gpu)   volume = 0.078125
   epoch 30:  13(SW) ->  4(gpu)   volume = 0.015625
   epoch 31:   2(gpu) ->  8(SW)   volume = 0.078125
   epoch 31:   2(gpu) ->  9(SW)   volume = 0.078125
   epoch 31:   2(gpu) -> 10(SW)   volume = 0.09375
   epoch 31:   2(gpu) -> 11(SW)   volume = 0.078125
   epoch 31:   2(gpu) -> 12(SW)   volume = 0.078125
   epoch 31:   2(gpu) -> 13(SW)   volume = 0.09375
   epoch 31:   8(SW) ->  1(gpu)   volume = 0.03125
   epoch 31:   8(SW) ->  3(gpu)   volume = 0.046875
   epoch 31:   9(SW) ->  0(gpu)   volume = 0.046875
   epoch 31:   9(SW) ->  6(gpu)   volume = 0.03125
   epoch 31:  10(SW) ->  4(gpu)   volume = 0.046875
   epoch 31:  10(SW) ->  7(gpu)   volume = 0.046875
   epoch 31:  11(SW) ->  1(gpu)   volume = 0.078125
   epoch 31:  12(SW) ->  1(gpu)   volume = 0.046875
   epoch 31:  12(SW) ->  6(gpu)   volume = 0.03125
   epoch 31:  13(SW) ->  0(gpu)   volume = 0.03125
   epoch 31:  13(SW) ->  4(gpu)   volume = 0.046875
   epoch 31:  13(SW) ->  7(gpu)   volume = 0.015625
   epoch 32:   2(gpu) ->  8(SW)   volume = 0.078125
   epoch 32:   2(gpu) ->  9(SW)   volume = 0.078125
   epoch 32:   2(gpu) -> 10(SW)   volume = 0.09375
   epoch 32:   2(gpu) -> 11(SW)   volume = 0.078125
   epoch 32:   2(gpu) -> 12(SW)   volume = 0.078125
   epoch 32:   2(gpu) -> 13(SW)   volume = 0.09375
   epoch 32:   8(SW) ->  0(gpu)   volume = 0.019979
   epoch 32:   8(SW) ->  4(gpu)   volume = 0.015546
   epoch 32:   8(SW) ->  5(gpu)   volume = 0.0426
   epoch 32:   9(SW) ->  6(gpu)   volume = 0.03125
   epoch 32:   9(SW) ->  7(gpu)   volume = 0.046875
   epoch 32:  10(SW) ->  1(gpu)   volume = 0.03125
   epoch 32:  10(SW) ->  3(gpu)   volume = 0.015625
   epoch 32:  10(SW) ->  7(gpu)   volume = 0.046875
   epoch 32:  11(SW) ->  1(gpu)   volume = 0.025661
   epoch 32:  11(SW) ->  3(gpu)   volume = 0.052464
   epoch 32:  12(SW) ->  0(gpu)   volume = 0.0625
   epoch 32:  12(SW) ->  6(gpu)   volume = 0.015625
   epoch 32:  13(SW) ->  1(gpu)   volume = 0.0625
   epoch 32:  13(SW) ->  5(gpu)   volume = 0.03125
   epoch 33:   2(gpu) ->  8(SW)   volume = 0.078125
   epoch 33:   2(gpu) ->  9(SW)   volume = 0.078125
   epoch 33:   2(gpu) -> 10(SW)   volume = 0.09375
   epoch 33:   2(gpu) -> 11(SW)   volume = 0.078125
   epoch 33:   2(gpu) -> 12(SW)   volume = 0.078125
   epoch 33:   2(gpu) -> 13(SW)   volume = 0.09375
   epoch 33:   8(SW) ->  1(gpu)   volume = 0.03125
   epoch 33:   8(SW) ->  5(gpu)   volume = 0.015625
   epoch 33:   8(SW) ->  6(gpu)   volume = 0.03125
   epoch 33:   9(SW) ->  0(gpu)   volume = 0.015038
   epoch 33:   9(SW) ->  1(gpu)   volume = 0.063087
   epoch 33:  10(SW) ->  0(gpu)   volume = 0.046875
   epoch 33:  10(SW) ->  6(gpu)   volume = 0.046875
   epoch 33:  11(SW) ->  0(gpu)   volume = 0.0625
   epoch 33:  11(SW) ->  1(gpu)   volume = 0.015625
   epoch 33:  12(SW) ->  1(gpu)   volume = 0.015625
   epoch 33:  12(SW) ->  3(gpu)   volume = 0.0625
   epoch 33:  13(SW) ->  0(gpu)   volume = 0.078125
   epoch 33:  13(SW) ->  6(gpu)   volume = 0.015625
   epoch 34:   2(gpu) ->  8(SW)   volume = 0.078125
   epoch 34:   2(gpu) ->  9(SW)   volume = 0.078125
   epoch 34:   2(gpu) -> 10(SW)   volume = 0.09375
   epoch 34:   2(gpu) -> 11(SW)   volume = 0.078125
   epoch 34:   2(gpu) -> 12(SW)   volume = 0.078125
   epoch 34:   2(gpu) -> 13(SW)   volume = 0.09375
   epoch 34:   8(SW) ->  3(gpu)   volume = 0.0625
   epoch 34:   8(SW) ->  5(gpu)   volume = 0.015625
   epoch 34:   9(SW) ->  1(gpu)   volume = 0.046875
   epoch 34:   9(SW) ->  6(gpu)   volume = 0.03125
   epoch 34:  10(SW) ->  1(gpu)   volume = 0.078125
   epoch 34:  10(SW) ->  5(gpu)   volume = 0.015625
   epoch 34:  11(SW) ->  1(gpu)   volume = 0.0625
   epoch 34:  11(SW) ->  5(gpu)   volume = 0.015625
   epoch 34:  12(SW) ->  1(gpu)   volume = 0.0625
   epoch 34:  12(SW) ->  5(gpu)   volume = 0.015625
   epoch 34:  13(SW) ->  0(gpu)   volume = 0.046875
   epoch 34:  13(SW) ->  6(gpu)   volume = 0.046875
   epoch 35:   2(gpu) ->  8(SW)   volume = 0.078125
   epoch 35:   2(gpu) ->  9(SW)   volume = 0.078125
   epoch 35:   2(gpu) -> 10(SW)   volume = 0.09375
   epoch 35:   2(gpu) -> 11(SW)   volume = 0.078125
   epoch 35:   2(gpu) -> 12(SW)   volume = 0.078125
   epoch 35:   2(gpu) -> 13(SW)   volume = 0.09375
   epoch 35:   8(SW) ->  0(gpu)   volume = 0.078125
   epoch 35:   9(SW) ->  0(gpu)   volume = 0.015599
   epoch 35:   9(SW) ->  1(gpu)   volume = 0.046875
   epoch 35:   9(SW) ->  6(gpu)   volume = 0.015651
   epoch 35:  10(SW) ->  3(gpu)   volume = 0.03125
   epoch 35:  10(SW) ->  4(gpu)   volume = 0.046849
   epoch 35:  10(SW) ->  5(gpu)   volume = 0.015651
   epoch 35:  11(SW) ->  0(gpu)   volume = 0.046875
   epoch 35:  11(SW) ->  3(gpu)   volume = 0.03125
   epoch 35:  12(SW) ->  3(gpu)   volume = 0.078125
   epoch 35:  13(SW) ->  1(gpu)   volume = 0.061243
   epoch 35:  13(SW) ->  4(gpu)   volume = 0.032507
   epoch 36:   2(gpu) ->  8(SW)   volume = 0.078125
   epoch 36:   2(gpu) ->  9(SW)   volume = 0.078125
   epoch 36:   2(gpu) -> 10(SW)   volume = 0.09375
   epoch 36:   2(gpu) -> 11(SW)   volume = 0.078125
   epoch 36:   2(gpu) -> 12(SW)   volume = 0.078125
   epoch 36:   2(gpu) -> 13(SW)   volume = 0.09375
   epoch 36:   8(SW) ->  0(gpu)   volume = 0.0625
   epoch 36:   8(SW) ->  5(gpu)   volume = 0.015625
   epoch 36:   9(SW) ->  1(gpu)   volume = 0.046875
   epoch 36:   9(SW) ->  3(gpu)   volume = 0.03125
   epoch 36:  10(SW) ->  4(gpu)   volume = 0.015625
   epoch 36:  10(SW) ->  6(gpu)   volume = 0.03125
   epoch 36:  10(SW) ->  7(gpu)   volume = 0.046875
   epoch 36:  11(SW) ->  0(gpu)   volume = 0.078125
   epoch 36:  12(SW) ->  1(gpu)   volume = 0.03125
   epoch 36:  12(SW) ->  4(gpu)   volume = 0.046875
   epoch 36:  13(SW) ->  6(gpu)   volume = 0.046875
   epoch 36:  13(SW) ->  7(gpu)   volume = 0.046875
   epoch 37:   2(gpu) ->  8(SW)   volume = 0.078125
   epoch 37:   2(gpu) ->  9(SW)   volume = 0.078125
   epoch 37:   2(gpu) -> 10(SW)   volume = 0.09375
   epoch 37:   2(gpu) -> 11(SW)   volume = 0.078125
   epoch 37:   2(gpu) -> 12(SW)   volume = 0.078125
   epoch 37:   2(gpu) -> 13(SW)   volume = 0.09375
   epoch 37:   8(SW) ->  3(gpu)   volume = 0.046875
   epoch 37:   8(SW) ->  5(gpu)   volume = 0.03125
   epoch 37:   9(SW) ->  1(gpu)   volume = 0.063779
   epoch 37:   9(SW) ->  5(gpu)   volume = 0.014346
   epoch 37:  10(SW) ->  4(gpu)   volume = 0.046875
   epoch 37:  10(SW) ->  6(gpu)   volume = 0.046875
   epoch 37:  11(SW) ->  0(gpu)   volume = 0.015625
   epoch 37:  11(SW) ->  3(gpu)   volume = 0.0625
   epoch 37:  12(SW) ->  1(gpu)   volume = 0.078125
   epoch 37:  13(SW) ->  0(gpu)   volume = 0.03125
   epoch 37:  13(SW) ->  4(gpu)   volume = 0.046875
   epoch 37:  13(SW) ->  6(gpu)   volume = 0.015625
   epoch 38:   2(gpu) ->  8(SW)   volume = 0.078125
   epoch 38:   2(gpu) ->  9(SW)   volume = 0.078125
   epoch 38:   2(gpu) -> 10(SW)   volume = 0.09375
   epoch 38:   2(gpu) -> 11(SW)   volume = 0.078125
   epoch 38:   2(gpu) -> 12(SW)   volume = 0.078125
   epoch 38:   2(gpu) -> 13(SW)   volume = 0.09375
   epoch 38:   8(SW) ->  1(gpu)   volume = 0.031815
   epoch 38:   8(SW) ->  5(gpu)   volume = 0.04631
   epoch 38:   9(SW) ->  0(gpu)   volume = 0.046875
   epoch 38:   9(SW) ->  5(gpu)   volume = 0.03125
   epoch 38:  10(SW) ->  1(gpu)   volume = 0.046875
   epoch 38:  10(SW) ->  3(gpu)   volume = 0.015625
   epoch 38:  10(SW) ->  5(gpu)   volume = 0.03125
   epoch 38:  11(SW) ->  5(gpu)   volume = 0.046875
   epoch 38:  11(SW) ->  7(gpu)   volume = 0.03125
   epoch 38:  12(SW) ->  0(gpu)   volume = 0.078125
   epoch 38:  13(SW) ->  0(gpu)   volume = 0.046875
   epoch 38:  13(SW) ->  1(gpu)   volume = 0.046875
   epoch 39:   2(gpu) ->  8(SW)   volume = 0.078125
   epoch 39:   2(gpu) ->  9(SW)   volume = 0.078125
   epoch 39:   2(gpu) -> 10(SW)   volume = 0.09375
   epoch 39:   2(gpu) -> 11(SW)   volume = 0.078125
   epoch 39:   2(gpu) -> 12(SW)   volume = 0.078125
   epoch 39:   2(gpu) -> 13(SW)   volume = 0.09375
   epoch 39:   8(SW) ->  1(gpu)   volume = 0.046875
   epoch 39:   8(SW) ->  5(gpu)   volume = 0.03125
   epoch 39:   9(SW) ->  0(gpu)   volume = 0.03125
   epoch 39:   9(SW) ->  1(gpu)   volume = 0.015625
   epoch 39:   9(SW) ->  6(gpu)   volume = 0.03125
   epoch 39:  10(SW) ->  4(gpu)   volume = 0.046875
   epoch 39:  10(SW) ->  7(gpu)   volume = 0.046875
   epoch 39:  11(SW) ->  1(gpu)   volume = 0.037584
   epoch 39:  11(SW) ->  3(gpu)   volume = 0.040541
   epoch 39:  12(SW) ->  4(gpu)   volume = 0.046875
   epoch 39:  12(SW) ->  6(gpu)   volume = 0.03125
   epoch 39:  13(SW) ->  4(gpu)   volume = 0.046875
   epoch 39:  13(SW) ->  7(gpu)   volume = 0.046875

-- source 3 --
   epoch 0:   3(gpu) ->  8(SW)   volume = 0.09375
   epoch 0:   3(gpu) ->  9(SW)   volume = 0.078125
   epoch 0:   3(gpu) -> 10(SW)   volume = 0.078125
   epoch 0:   3(gpu) -> 11(SW)   volume = 0.09375
   epoch 0:   3(gpu) -> 12(SW)   volume = 0.078125
   epoch 0:   3(gpu) -> 13(SW)   volume = 0.078125
   epoch 0:   8(SW) ->  1(gpu)   volume = 0.015029
   epoch 0:   8(SW) ->  5(gpu)   volume = 0.046875
   epoch 0:   8(SW) ->  6(gpu)   volume = 0.031846
   epoch 0:   9(SW) ->  1(gpu)   volume = 0.03125
   epoch 0:   9(SW) ->  7(gpu)   volume = 0.046875
   epoch 0:  10(SW) ->  2(gpu)   volume = 0.046875
   epoch 0:  10(SW) ->  4(gpu)   volume = 0.03125
   epoch 0:  11(SW) ->  2(gpu)   volume = 0.03125
   epoch 0:  11(SW) ->  5(gpu)   volume = 0.046875
   epoch 0:  11(SW) ->  6(gpu)   volume = 0.015625
   epoch 0:  12(SW) ->  1(gpu)   volume = 0.03125
   epoch 0:  12(SW) ->  7(gpu)   volume = 0.046875
   epoch 0:  13(SW) ->  1(gpu)   volume = 0.03125
   epoch 0:  13(SW) ->  4(gpu)   volume = 0.03125
   epoch 0:  13(SW) ->  5(gpu)   volume = 0.015625
   epoch 1:   3(gpu) ->  8(SW)   volume = 0.09375
   epoch 1:   3(gpu) ->  9(SW)   volume = 0.078125
   epoch 1:   3(gpu) -> 10(SW)   volume = 0.078125
   epoch 1:   3(gpu) -> 11(SW)   volume = 0.09375
   epoch 1:   3(gpu) -> 12(SW)   volume = 0.078125
   epoch 1:   3(gpu) -> 13(SW)   volume = 0.078125
   epoch 1:   8(SW) ->  1(gpu)   volume = 0.0625
   epoch 1:   8(SW) ->  4(gpu)   volume = 0.03125
   epoch 1:   9(SW) ->  0(gpu)   volume = 0.046875
   epoch 1:   9(SW) ->  2(gpu)   volume = 0.03125
   epoch 1:  10(SW) ->  0(gpu)   volume = 0.03125
   epoch 1:  10(SW) ->  7(gpu)   volume = 0.046875
   epoch 1:  11(SW) ->  0(gpu)   volume = 0.09375
   epoch 1:  12(SW) ->  2(gpu)   volume = 0.078125
   epoch 1:  13(SW) ->  1(gpu)   volume = 0.015625
   epoch 1:  13(SW) ->  2(gpu)   volume = 0.015625
   epoch 1:  13(SW) ->  7(gpu)   volume = 0.046875
   epoch 2:   3(gpu) ->  8(SW)   volume = 0.09375
   epoch 2:   3(gpu) ->  9(SW)   volume = 0.078125
   epoch 2:   3(gpu) -> 10(SW)   volume = 0.078125
   epoch 2:   3(gpu) -> 11(SW)   volume = 0.09375
   epoch 2:   3(gpu) -> 12(SW)   volume = 0.078125
   epoch 2:   3(gpu) -> 13(SW)   volume = 0.078125
   epoch 2:   8(SW) ->  1(gpu)   volume = 0.015625
   epoch 2:   8(SW) ->  2(gpu)   volume = 0.015625
   epoch 2:   8(SW) ->  6(gpu)   volume = 0.046875
   epoch 2:   8(SW) ->  7(gpu)   volume = 0.015625
   epoch 2:   9(SW) ->  0(gpu)   volume = 0.015625
   epoch 2:   9(SW) ->  1(gpu)   volume = 0.015625
   epoch 2:   9(SW) ->  2(gpu)   volume = 0.015625
   epoch 2:   9(SW) ->  6(gpu)   volume = 0.03125
   epoch 2:  10(SW) ->  1(gpu)   volume = 0.078125
   epoch 2:  11(SW) ->  1(gpu)   volume = 0.015625
   epoch 2:  11(SW) ->  2(gpu)   volume = 0.078125
   epoch 2:  12(SW) ->  2(gpu)   volume = 0.078125
   epoch 2:  13(SW) ->  2(gpu)   volume = 0.046875
   epoch 2:  13(SW) ->  5(gpu)   volume = 0.015625
   epoch 2:  13(SW) ->  6(gpu)   volume = 0.015625
   epoch 3:   3(gpu) ->  8(SW)   volume = 0.09375
   epoch 3:   3(gpu) ->  9(SW)   volume = 0.078125
   epoch 3:   3(gpu) -> 10(SW)   volume = 0.078125
   epoch 3:   3(gpu) -> 11(SW)   volume = 0.09375
   epoch 3:   3(gpu) -> 12(SW)   volume = 0.078125
   epoch 3:   3(gpu) -> 13(SW)   volume = 0.078125
   epoch 3:   8(SW) ->  0(gpu)   volume = 0.09375
   epoch 3:   9(SW) ->  1(gpu)   volume = 0.03125
   epoch 3:   9(SW) ->  4(gpu)   volume = 0.046875
   epoch 3:  10(SW) ->  2(gpu)   volume = 0.0625
   epoch 3:  10(SW) ->  7(gpu)   volume = 0.015625
   epoch 3:  11(SW) ->  0(gpu)   volume = 0.09375
   epoch 3:  12(SW) ->  1(gpu)   volume = 0.0625
   epoch 3:  12(SW) ->  7(gpu)   volume = 0.015625
   epoch 3:  13(SW) ->  2(gpu)   volume = 0.046875
   epoch 3:  13(SW) ->  6(gpu)   volume = 0.03125
   epoch 4:   3(gpu) ->  8(SW)   volume = 0.09375
   epoch 4:   3(gpu) ->  9(SW)   volume = 0.078125
   epoch 4:   3(gpu) -> 10(SW)   volume = 0.078125
   epoch 4:   3(gpu) -> 11(SW)   volume = 0.09375
   epoch 4:   3(gpu) -> 12(SW)   volume = 0.078125
   epoch 4:   3(gpu) -> 13(SW)   volume = 0.078125
   epoch 4:   8(SW) ->  1(gpu)   volume = 0.078125
   epoch 4:   8(SW) ->  4(gpu)   volume = 0.015625
   epoch 4:   9(SW) ->  1(gpu)   volume = 0.015625
   epoch 4:   9(SW) ->  5(gpu)   volume = 0.015625
   epoch 4:   9(SW) ->  7(gpu)   volume = 0.046875
   epoch 4:  10(SW) ->  4(gpu)   volume = 0.046875
   epoch 4:  10(SW) ->  5(gpu)   volume = 0.0199
   epoch 4:  10(SW) ->  6(gpu)   volume = 0.01135
   epoch 4:  11(SW) ->  2(gpu)   volume = 0.078125
   epoch 4:  11(SW) ->  5(gpu)   volume = 0.015625
   epoch 4:  12(SW) ->  1(gpu)   volume = 0.046875
   epoch 4:  12(SW) ->  4(gpu)   volume = 0.03125
   epoch 4:  13(SW) ->  4(gpu)   volume = 0.046875
   epoch 4:  13(SW) ->  6(gpu)   volume = 0.03125
   epoch 5:   3(gpu) ->  8(SW)   volume = 0.09375
   epoch 5:   3(gpu) ->  9(SW)   volume = 0.078125
   epoch 5:   3(gpu) -> 10(SW)   volume = 0.078125
   epoch 5:   3(gpu) -> 11(SW)   volume = 0.09375
   epoch 5:   3(gpu) -> 12(SW)   volume = 0.078125
   epoch 5:   3(gpu) -> 13(SW)   volume = 0.078125
   epoch 5:   8(SW) ->  0(gpu)   volume = 0.015625
   epoch 5:   8(SW) ->  5(gpu)   volume = 0.03125
   epoch 5:   8(SW) ->  6(gpu)   volume = 0.046875
   epoch 5:   9(SW) ->  1(gpu)   volume = 0.046875
   epoch 5:   9(SW) ->  2(gpu)   volume = 0.03125
   epoch 5:  10(SW) ->  2(gpu)   volume = 0.046875
   epoch 5:  10(SW) ->  6(gpu)   volume = 0.03125
   epoch 5:  11(SW) ->  1(gpu)   volume = 0.0625
   epoch 5:  11(SW) ->  2(gpu)   volume = 0.03125
   epoch 5:  12(SW) ->  1(gpu)   volume = 0.03125
   epoch 5:  12(SW) ->  5(gpu)   volume = 0.046875
   epoch 5:  13(SW) ->  2(gpu)   volume = 0.046875
   epoch 5:  13(SW) ->  6(gpu)   volume = 0.03125
   epoch 6:   3(gpu) ->  8(SW)   volume = 0.09375
   epoch 6:   3(gpu) ->  9(SW)   volume = 0.078125
   epoch 6:   3(gpu) -> 10(SW)   volume = 0.078125
   epoch 6:   3(gpu) -> 11(SW)   volume = 0.09375
   epoch 6:   3(gpu) -> 12(SW)   volume = 0.078125
   epoch 6:   3(gpu) -> 13(SW)   volume = 0.078125
   epoch 6:   8(SW) ->  0(gpu)   volume = 0.046875
   epoch 6:   8(SW) ->  2(gpu)   volume = 0.046875
   epoch 6:   9(SW) ->  4(gpu)   volume = 0.046875
   epoch 6:   9(SW) ->  6(gpu)   volume = 0.03125
   epoch 6:  10(SW) ->  4(gpu)   volume = 0.03125
   epoch 6:  10(SW) ->  6(gpu)   volume = 0.046875
   epoch 6:  11(SW) ->  0(gpu)   volume = 0.015625
   epoch 6:  11(SW) ->  1(gpu)   volume = 0.046875
   epoch 6:  11(SW) ->  7(gpu)   volume = 0.03125
   epoch 6:  12(SW) ->  1(gpu)   volume = 0.015625
   epoch 6:  12(SW) ->  2(gpu)   volume = 0.015625
   epoch 6:  12(SW) ->  7(gpu)   volume = 0.046875
   epoch 6:  13(SW) ->  6(gpu)   volume = 0.03125
   epoch 6:  13(SW) ->  7(gpu)   volume = 0.046875
   epoch 7:   3(gpu) ->  8(SW)   volume = 0.09375
   epoch 7:   3(gpu) ->  9(SW)   volume = 0.078125
   epoch 7:   3(gpu) -> 10(SW)   volume = 0.078125
   epoch 7:   3(gpu) -> 11(SW)   volume = 0.09375
   epoch 7:   3(gpu) -> 12(SW)   volume = 0.078125
   epoch 7:   3(gpu) -> 13(SW)   volume = 0.078125
   epoch 7:   8(SW) ->  0(gpu)   volume = 0.09375
   epoch 7:   9(SW) ->  1(gpu)   volume = 0.015625
   epoch 7:   9(SW) ->  4(gpu)   volume = 0.046875
   epoch 7:   9(SW) ->  6(gpu)   volume = 0.015625
   epoch 7:  10(SW) ->  2(gpu)   volume = 0.03125
   epoch 7:  10(SW) ->  4(gpu)   volume = 0.046875
   epoch 7:  11(SW) ->  0(gpu)   volume = 0.068782
   epoch 7:  11(SW) ->  4(gpu)   volume = 0.024968
   epoch 7:  12(SW) ->  1(gpu)   volume = 0.078125
   epoch 7:  13(SW) ->  0(gpu)   volume = 0.015625
   epoch 7:  13(SW) ->  2(gpu)   volume = 0.0625
   epoch 8:   3(gpu) ->  8(SW)   volume = 0.09375
   epoch 8:   3(gpu) ->  9(SW)   volume = 0.078125
   epoch 8:   3(gpu) -> 10(SW)   volume = 0.078125
   epoch 8:   3(gpu) -> 11(SW)   volume = 0.09375
   epoch 8:   3(gpu) -> 12(SW)   volume = 0.078125
   epoch 8:   3(gpu) -> 13(SW)   volume = 0.078125
   epoch 8:   8(SW) ->  1(gpu)   volume = 0.078125
   epoch 8:   8(SW) ->  4(gpu)   volume = 0.015625
   epoch 8:   9(SW) ->  1(gpu)   volume = 0.03125
   epoch 8:   9(SW) ->  2(gpu)   volume = 0.046875
   epoch 8:  10(SW) ->  1(gpu)   volume = 0.0625
   epoch 8:  10(SW) ->  7(gpu)   volume = 0.015625
   epoch 8:  11(SW) ->  1(gpu)   volume = 0.015625
   epoch 8:  11(SW) ->  2(gpu)   volume = 0.078125
   epoch 8:  12(SW) ->  2(gpu)   volume = 0.03125
   epoch 8:  12(SW) ->  4(gpu)   volume = 0.015625
   epoch 8:  12(SW) ->  6(gpu)   volume = 0.03125
   epoch 8:  13(SW) ->  5(gpu)   volume = 0.03125
   epoch 8:  13(SW) ->  6(gpu)   volume = 0.046875
   epoch 9:   3(gpu) ->  8(SW)   volume = 0.09375
   epoch 9:   3(gpu) ->  9(SW)   volume = 0.078125
   epoch 9:   3(gpu) -> 10(SW)   volume = 0.078125
   epoch 9:   3(gpu) -> 11(SW)   volume = 0.09375
   epoch 9:   3(gpu) -> 12(SW)   volume = 0.078125
   epoch 9:   3(gpu) -> 13(SW)   volume = 0.078125
   epoch 9:   8(SW) ->  1(gpu)   volume = 0.015625
   epoch 9:   8(SW) ->  2(gpu)   volume = 0.078125
   epoch 9:   9(SW) ->  4(gpu)   volume = 0.031303
   epoch 9:   9(SW) ->  5(gpu)   volume = 0.046822
   epoch 9:  10(SW) ->  2(gpu)   volume = 0.03125
   epoch 9:  10(SW) ->  6(gpu)   volume = 0.046875
   epoch 9:  11(SW) ->  1(gpu)   volume = 0.03125
   epoch 9:  11(SW) ->  4(gpu)   volume = 0.03125
   epoch 9:  11(SW) ->  7(gpu)   volume = 0.03125
   epoch 9:  12(SW) ->  2(gpu)   volume = 0.03125
   epoch 9:  12(SW) ->  5(gpu)   volume = 0.046875
   epoch 9:  13(SW) ->  1(gpu)   volume = 0.03125
   epoch 9:  13(SW) ->  6(gpu)   volume = 0.046875
   epoch 10:   3(gpu) ->  8(SW)   volume = 0.09375
   epoch 10:   3(gpu) ->  9(SW)   volume = 0.078125
   epoch 10:   3(gpu) -> 10(SW)   volume = 0.078125
   epoch 10:   3(gpu) -> 11(SW)   volume = 0.09375
   epoch 10:   3(gpu) -> 12(SW)   volume = 0.078125
   epoch 10:   3(gpu) -> 13(SW)   volume = 0.078125
   epoch 10:   8(SW) ->  0(gpu)   volume = 0.015625
   epoch 10:   8(SW) ->  2(gpu)   volume = 0.03125
   epoch 10:   8(SW) ->  5(gpu)   volume = 0.046875
   epoch 10:   9(SW) ->  0(gpu)   volume = 0.039884
   epoch 10:   9(SW) ->  2(gpu)   volume = 0.006991
   epoch 10:   9(SW) ->  6(gpu)   volume = 0.03125
   epoch 10:  10(SW) ->  5(gpu)   volume = 0.03125
   epoch 10:  10(SW) ->  6(gpu)   volume = 0.046875
   epoch 10:  11(SW) ->  5(gpu)   volume = 0.015625
   epoch 10:  11(SW) ->  6(gpu)   volume = 0.046875
   epoch 10:  11(SW) ->  7(gpu)   volume = 0.03125
   epoch 10:  12(SW) ->  0(gpu)   volume = 0.038105
   epoch 10:  12(SW) ->  1(gpu)   volume = 0.04002
   epoch 10:  13(SW) ->  0(gpu)   volume = 0.0625
   epoch 10:  13(SW) ->  5(gpu)   volume = 0.015625
   epoch 11:   3(gpu) ->  8(SW)   volume = 0.09375
   epoch 11:   3(gpu) ->  9(SW)   volume = 0.078125
   epoch 11:   3(gpu) -> 10(SW)   volume = 0.078125
   epoch 11:   3(gpu) -> 11(SW)   volume = 0.09375
   epoch 11:   3(gpu) -> 12(SW)   volume = 0.078125
   epoch 11:   3(gpu) -> 13(SW)   volume = 0.078125
   epoch 11:   8(SW) ->  1(gpu)   volume = 0.078125
   epoch 11:   8(SW) ->  4(gpu)   volume = 0.015625
   epoch 11:   9(SW) ->  2(gpu)   volume = 0.046875
   epoch 11:   9(SW) ->  6(gpu)   volume = 0.03125
   epoch 11:  10(SW) ->  1(gpu)   volume = 0.03125
   epoch 11:  10(SW) ->  4(gpu)   volume = 0.046875
   epoch 11:  11(SW) ->  2(gpu)   volume = 0.078125
   epoch 11:  11(SW) ->  4(gpu)   volume = 0.015625
   epoch 11:  12(SW) ->  2(gpu)   volume = 0.03125
   epoch 11:  12(SW) ->  5(gpu)   volume = 0.046875
   epoch 11:  13(SW) ->  1(gpu)   volume = 0.078125
   epoch 12:   3(gpu) ->  8(SW)   volume = 0.09375
   epoch 12:   3(gpu) ->  9(SW)   volume = 0.078125
   epoch 12:   3(gpu) -> 10(SW)   volume = 0.078125
   epoch 12:   3(gpu) -> 11(SW)   volume = 0.09375
   epoch 12:   3(gpu) -> 12(SW)   volume = 0.078125
   epoch 12:   3(gpu) -> 13(SW)   volume = 0.078125
   epoch 12:   8(SW) ->  0(gpu)   volume = 0.09375
   epoch 12:   9(SW) ->  0(gpu)   volume = 0.03125
   epoch 12:   9(SW) ->  4(gpu)   volume = 0.046875
   epoch 12:  10(SW) ->  4(gpu)   volume = 0.046875
   epoch 12:  10(SW) ->  5(gpu)   volume = 0.03125
   epoch 12:  11(SW) ->  0(gpu)   volume = 0.075983
   epoch 12:  11(SW) ->  1(gpu)   volume = 0.017767
   epoch 12:  12(SW) ->  4(gpu)   volume = 0.046875
   epoch 12:  12(SW) ->  6(gpu)   volume = 0.03125
   epoch 12:  13(SW) ->  4(gpu)   volume = 0.03125
   epoch 12:  13(SW) ->  7(gpu)   volume = 0.046875
   epoch 13:   3(gpu) ->  8(SW)   volume = 0.09375
   epoch 13:   3(gpu) ->  9(SW)   volume = 0.078125
   epoch 13:   3(gpu) -> 10(SW)   volume = 0.078125
   epoch 13:   3(gpu) -> 11(SW)   volume = 0.09375
   epoch 13:   3(gpu) -> 12(SW)   volume = 0.078125
   epoch 13:   3(gpu) -> 13(SW)   volume = 0.078125
   epoch 13:   8(SW) ->  0(gpu)   volume = 0.015625
   epoch 13:   8(SW) ->  1(gpu)   volume = 0.078125
   epoch 13:   9(SW) ->  6(gpu)   volume = 0.03125
   epoch 13:   9(SW) ->  7(gpu)   volume = 0.046875
   epoch 13:  10(SW) ->  4(gpu)   volume = 0.032402
   epoch 13:  10(SW) ->  7(gpu)   volume = 0.045723
   epoch 13:  11(SW) ->  2(gpu)   volume = 0.078125
   epoch 13:  11(SW) ->  6(gpu)   volume = 0.015625
   epoch 13:  12(SW) ->  2(gpu)   volume = 0.03125
   epoch 13:  12(SW) ->  7(gpu)   volume = 0.046875
   epoch 13:  13(SW) ->  1(gpu)   volume = 0.046875
   epoch 13:  13(SW) ->  5(gpu)   volume = 0.03125
   epoch 14:   3(gpu) ->  8(SW)   volume = 0.09375
   epoch 14:   3(gpu) ->  9(SW)   volume = 0.078125
   epoch 14:   3(gpu) -> 10(SW)   volume = 0.078125
   epoch 14:   3(gpu) -> 11(SW)   volume = 0.09375
   epoch 14:   3(gpu) -> 12(SW)   volume = 0.078125
   epoch 14:   3(gpu) -> 13(SW)   volume = 0.078125
   epoch 14:   8(SW) ->  0(gpu)   volume = 0.0625
   epoch 14:   8(SW) ->  5(gpu)   volume = 0.03125
   epoch 14:   9(SW) ->  0(gpu)   volume = 0.0625
   epoch 14:   9(SW) ->  1(gpu)   volume = 0.015625
   epoch 14:  10(SW) ->  1(gpu)   volume = 0.078125
   epoch 14:  11(SW) ->  4(gpu)   volume = 0.03125
   epoch 14:  11(SW) ->  5(gpu)   volume = 0.03125
   epoch 14:  11(SW) ->  7(gpu)   volume = 0.03125
   epoch 14:  12(SW) ->  0(gpu)   volume = 0.0625
   epoch 14:  12(SW) ->  2(gpu)   volume = 0.015625
   epoch 14:  13(SW) ->  0(gpu)   volume = 0.015625
   epoch 14:  13(SW) ->  1(gpu)   volume = 0.0625
   epoch 15:   3(gpu) ->  8(SW)   volume = 0.09375
   epoch 15:   3(gpu) ->  9(SW)   volume = 0.078125
   epoch 15:   3(gpu) -> 10(SW)   volume = 0.078125
   epoch 15:   3(gpu) -> 11(SW)   volume = 0.09375
   epoch 15:   3(gpu) -> 12(SW)   volume = 0.078125
   epoch 15:   3(gpu) -> 13(SW)   volume = 0.078125
   epoch 15:   8(SW) ->  1(gpu)   volume = 0.078125
   epoch 15:   8(SW) ->  7(gpu)   volume = 0.015625
   epoch 15:   9(SW) ->  2(gpu)   volume = 0.078125
   epoch 15:  10(SW) ->  1(gpu)   volume = 0.078125
   epoch 15:  11(SW) ->  1(gpu)   volume = 0.0625
   epoch 15:  11(SW) ->  4(gpu)   volume = 0.03125
   epoch 15:  12(SW) ->  2(gpu)   volume = 0.078125
   epoch 15:  13(SW) ->  1(gpu)   volume = 0.046875
   epoch 15:  13(SW) ->  6(gpu)   volume = 0.03125
   epoch 16:   3(gpu) ->  8(SW)   volume = 0.09375
   epoch 16:   3(gpu) ->  9(SW)   volume = 0.078125
   epoch 16:   3(gpu) -> 10(SW)   volume = 0.078125
   epoch 16:   3(gpu) -> 11(SW)   volume = 0.09375
   epoch 16:   3(gpu) -> 12(SW)   volume = 0.078125
   epoch 16:   3(gpu) -> 13(SW)   volume = 0.078125
   epoch 16:   8(SW) ->  2(gpu)   volume = 0.0625
   epoch 16:   8(SW) ->  5(gpu)   volume = 0.03125
   epoch 16:   9(SW) ->  2(gpu)   volume = 0.078125
   epoch 16:  10(SW) ->  1(gpu)   volume = 0.078125
   epoch 16:  11(SW) ->  0(gpu)   volume = 0.03125
   epoch 16:  11(SW) ->  5(gpu)   volume = 0.046875
   epoch 16:  11(SW) ->  6(gpu)   volume = 0.015625
   epoch 16:  12(SW) ->  0(gpu)   volume = 0.03125
   epoch 16:  12(SW) ->  2(gpu)   volume = 0.046875
   epoch 16:  13(SW) ->  1(gpu)   volume = 0.03125
   epoch 16:  13(SW) ->  6(gpu)   volume = 0.046875
   epoch 17:   3(gpu) ->  8(SW)   volume = 0.09375
   epoch 17:   3(gpu) ->  9(SW)   volume = 0.078125
   epoch 17:   3(gpu) -> 10(SW)   volume = 0.078125
   epoch 17:   3(gpu) -> 11(SW)   volume = 0.09375
   epoch 17:   3(gpu) -> 12(SW)   volume = 0.078125
   epoch 17:   3(gpu) -> 13(SW)   volume = 0.078125
   epoch 17:   8(SW) ->  0(gpu)   volume = 0.0625
   epoch 17:   8(SW) ->  5(gpu)   volume = 0.03125
   epoch 17:   9(SW) ->  2(gpu)   volume = 0.046875
   epoch 17:   9(SW) ->  6(gpu)   volume = 0.03125
   epoch 17:  10(SW) ->  0(gpu)   volume = 0.0625
   epoch 17:  10(SW) ->  2(gpu)   volume = 0.015625
   epoch 17:  11(SW) ->  1(gpu)   volume = 0.03125
   epoch 17:  11(SW) ->  2(gpu)   volume = 0.015625
   epoch 17:  11(SW) ->  5(gpu)   volume = 0.046875
   epoch 17:  12(SW) ->  0(gpu)   volume = 0.03125
   epoch 17:  12(SW) ->  5(gpu)   volume = 0.046875
   epoch 17:  13(SW) ->  1(gpu)   volume = 0.03125
   epoch 17:  13(SW) ->  6(gpu)   volume = 0.046875
   epoch 18:   3(gpu) ->  8(SW)   volume = 0.09375
   epoch 18:   3(gpu) ->  9(SW)   volume = 0.078125
   epoch 18:   3(gpu) -> 10(SW)   volume = 0.078125
   epoch 18:   3(gpu) -> 11(SW)   volume = 0.09375
   epoch 18:   3(gpu) -> 12(SW)   volume = 0.078125
   epoch 18:   3(gpu) -> 13(SW)   volume = 0.078125
   epoch 18:   8(SW) ->  1(gpu)   volume = 0.03125
   epoch 18:   8(SW) ->  4(gpu)   volume = 0.015625
   epoch 18:   8(SW) ->  6(gpu)   volume = 0.015625
   epoch 18:   8(SW) ->  7(gpu)   volume = 0.03125
   epoch 18:   9(SW) ->  2(gpu)   volume = 0.015625
   epoch 18:   9(SW) ->  5(gpu)   volume = 0.015625
   epoch 18:   9(SW) ->  7(gpu)   volume = 0.046875
   epoch 18:  10(SW) ->  1(gpu)   volume = 0.03125
   epoch 18:  10(SW) ->  7(gpu)   volume = 0.046875
   epoch 18:  11(SW) ->  0(gpu)   volume = 0.03125
   epoch 18:  11(SW) ->  2(gpu)   volume = 0.03125
   epoch 18:  11(SW) ->  7(gpu)   volume = 0.03125
   epoch 18:  12(SW) ->  0(gpu)   volume = 0.078125
   epoch 18:  13(SW) ->  0(gpu)   volume = 0.0625
   epoch 18:  13(SW) ->  6(gpu)   volume = 0.015625
   epoch 19:   3(gpu) ->  8(SW)   volume = 0.09375
   epoch 19:   3(gpu) ->  9(SW)   volume = 0.078125
   epoch 19:   3(gpu) -> 10(SW)   volume = 0.078125
   epoch 19:   3(gpu) -> 11(SW)   volume = 0.09375
   epoch 19:   3(gpu) -> 12(SW)   volume = 0.078125
   epoch 19:   3(gpu) -> 13(SW)   volume = 0.078125
   epoch 19:   8(SW) ->  0(gpu)   volume = 0.0625
   epoch 19:   8(SW) ->  2(gpu)   volume = 0.015625
   epoch 19:   8(SW) ->  4(gpu)   volume = 0.015625
   epoch 19:   9(SW) ->  0(gpu)   volume = 0.078125
   epoch 19:  10(SW) ->  0(gpu)   volume = 0.078125
   epoch 19:  11(SW) ->  0(gpu)   volume = 0.09375
   epoch 19:  12(SW) ->  2(gpu)   volume = 0.03125
   epoch 19:  12(SW) ->  7(gpu)   volume = 0.046875
   epoch 19:  13(SW) ->  0(gpu)   volume = 0.078125
   epoch 20:   3(gpu) ->  8(SW)   volume = 0.09375
   epoch 20:   3(gpu) ->  9(SW)   volume = 0.078125
   epoch 20:   3(gpu) -> 10(SW)   volume = 0.078125
   epoch 20:   3(gpu) -> 11(SW)   volume = 0.09375
   epoch 20:   3(gpu) -> 12(SW)   volume = 0.078125
   epoch 20:   3(gpu) -> 13(SW)   volume = 0.078125
   epoch 20:   8(SW) ->  1(gpu)   volume = 0.015625
   epoch 20:   8(SW) ->  5(gpu)   volume = 0.03125
   epoch 20:   8(SW) ->  6(gpu)   volume = 0.046875
   epoch 20:   9(SW) ->  0(gpu)   volume = 0.03125
   epoch 20:   9(SW) ->  7(gpu)   volume = 0.046875
   epoch 20:  10(SW) ->  0(gpu)   volume = 0.03125
   epoch 20:  10(SW) ->  4(gpu)   volume = 0.046875
   epoch 20:  11(SW) ->  2(gpu)   volume = 0.046875
   epoch 20:  11(SW) ->  6(gpu)   volume = 0.046875
   epoch 20:  12(SW) ->  4(gpu)   volume = 0.046875
   epoch 20:  12(SW) ->  7(gpu)   volume = 0.03125
   epoch 20:  13(SW) ->  0(gpu)   volume = 0.03125
   epoch 20:  13(SW) ->  4(gpu)   volume = 0.046875
   epoch 21:   3(gpu) ->  8(SW)   volume = 0.09375
   epoch 21:   3(gpu) ->  9(SW)   volume = 0.078125
   epoch 21:   3(gpu) -> 10(SW)   volume = 0.078125
   epoch 21:   3(gpu) -> 11(SW)   volume = 0.09375
   epoch 21:   3(gpu) -> 12(SW)   volume = 0.078125
   epoch 21:   3(gpu) -> 13(SW)   volume = 0.078125
   epoch 21:   8(SW) ->  4(gpu)   volume = 0.03125
   epoch 21:   8(SW) ->  5(gpu)   volume = 0.03125
   epoch 21:   8(SW) ->  7(gpu)   volume = 0.03125
   epoch 21:   9(SW) ->  2(gpu)   volume = 0.051071
   epoch 21:   9(SW) ->  5(gpu)   volume = 0.027054
   epoch 21:  10(SW) ->  1(gpu)   volume = 0.046875
   epoch 21:  10(SW) ->  5(gpu)   volume = 0.03125
   epoch 21:  11(SW) ->  1(gpu)   volume = 0.03125
   epoch 21:  11(SW) ->  4(gpu)   volume = 0.015625
   epoch 21:  11(SW) ->  5(gpu)   volume = 0.046875
   epoch 21:  12(SW) ->  2(gpu)   volume = 0.03125
   epoch 21:  12(SW) ->  5(gpu)   volume = 0.046875
   epoch 21:  13(SW) ->  1(gpu)   volume = 0.078125
   epoch 22:   3(gpu) ->  8(SW)   volume = 0.09375
   epoch 22:   3(gpu) ->  9(SW)   volume = 0.078125
   epoch 22:   3(gpu) -> 10(SW)   volume = 0.078125
   epoch 22:   3(gpu) -> 11(SW)   volume = 0.09375
   epoch 22:   3(gpu) -> 12(SW)   volume = 0.078125
   epoch 22:   3(gpu) -> 13(SW)   volume = 0.078125
   epoch 22:   8(SW) ->  1(gpu)   volume = 0.03125
   epoch 22:   8(SW) ->  2(gpu)   volume = 0.046875
   epoch 22:   8(SW) ->  4(gpu)   volume = 0.015625
   epoch 22:   9(SW) ->  2(gpu)   volume = 0.078125
   epoch 22:  10(SW) ->  0(gpu)   volume = 0.078125
   epoch 22:  11(SW) ->  0(gpu)   volume = 0.015625
   epoch 22:  11(SW) ->  2(gpu)   volume = 0.078125
   epoch 22:  12(SW) ->  2(gpu)   volume = 0.078125
   epoch 22:  13(SW) ->  0(gpu)   volume = 0.078125
   epoch 23:   3(gpu) ->  8(SW)   volume = 0.09375
   epoch 23:   3(gpu) ->  9(SW)   volume = 0.078125
   epoch 23:   3(gpu) -> 10(SW)   volume = 0.078125
   epoch 23:   3(gpu) -> 11(SW)   volume = 0.09375
   epoch 23:   3(gpu) -> 12(SW)   volume = 0.078125
   epoch 23:   3(gpu) -> 13(SW)   volume = 0.078125
   epoch 23:   8(SW) ->  0(gpu)   volume = 0.0625
   epoch 23:   8(SW) ->  6(gpu)   volume = 0.03125
   epoch 23:   9(SW) ->  0(gpu)   volume = 0.030019
   epoch 23:   9(SW) ->  2(gpu)   volume = 0.03125
   epoch 23:   9(SW) ->  7(gpu)   volume = 0.016856
   epoch 23:  10(SW) ->  1(gpu)   volume = 0.046875
   epoch 23:  10(SW) ->  2(gpu)   volume = 0.015625
   epoch 23:  10(SW) ->  7(gpu)   volume = 0.015625
   epoch 23:  11(SW) ->  2(gpu)   volume = 0.0625
   epoch 23:  11(SW) ->  7(gpu)   volume = 0.03125
   epoch 23:  12(SW) ->  2(gpu)   volume = 0.03125
   epoch 23:  12(SW) ->  7(gpu)   volume = 0.046875
   epoch 23:  13(SW) ->  1(gpu)   volume = 0.046875
   epoch 23:  13(SW) ->  7(gpu)   volume = 0.03125
   epoch 24:   3(gpu) ->  8(SW)   volume = 0.09375
   epoch 24:   3(gpu) ->  9(SW)   volume = 0.078125
   epoch 24:   3(gpu) -> 10(SW)   volume = 0.078125
   epoch 24:   3(gpu) -> 11(SW)   volume = 0.09375
   epoch 24:   3(gpu) -> 12(SW)   volume = 0.078125
   epoch 24:   3(gpu) -> 13(SW)   volume = 0.078125
   epoch 24:   8(SW) ->  4(gpu)   volume = 0.03125
   epoch 24:   8(SW) ->  6(gpu)   volume = 0.03125
   epoch 24:   8(SW) ->  7(gpu)   volume = 0.03125
   epoch 24:   9(SW) ->  2(gpu)   volume = 0.0625
   epoch 24:   9(SW) ->  5(gpu)   volume = 0.015625
   epoch 24:  10(SW) ->  1(gpu)   volume = 0.078125
   epoch 24:  11(SW) ->  1(gpu)   volume = 0.078125
   epoch 24:  11(SW) ->  7(gpu)   volume = 0.015625
   epoch 24:  12(SW) ->  0(gpu)   volume = 0.046875
   epoch 24:  12(SW) ->  2(gpu)   volume = 0.03125
   epoch 24:  13(SW) ->  0(gpu)   volume = 0.046875
   epoch 24:  13(SW) ->  5(gpu)   volume = 0.03125
   epoch 25:   3(gpu) ->  8(SW)   volume = 0.09375
   epoch 25:   3(gpu) ->  9(SW)   volume = 0.078125
   epoch 25:   3(gpu) -> 10(SW)   volume = 0.078125
   epoch 25:   3(gpu) -> 11(SW)   volume = 0.09375
   epoch 25:   3(gpu) -> 12(SW)   volume = 0.078125
   epoch 25:   3(gpu) -> 13(SW)   volume = 0.078125
   epoch 25:   8(SW) ->  0(gpu)   volume = 0.0625
   epoch 25:   8(SW) ->  2(gpu)   volume = 0.03125
   epoch 25:   9(SW) ->  4(gpu)   volume = 0.046875
   epoch 25:   9(SW) ->  6(gpu)   volume = 0.03125
   epoch 25:  10(SW) ->  1(gpu)   volume = 0.03125
   epoch 25:  10(SW) ->  4(gpu)   volume = 0.046875
   epoch 25:  11(SW) ->  0(gpu)   volume = 0.09375
   epoch 25:  12(SW) ->  2(gpu)   volume = 0.078125
   epoch 25:  13(SW) ->  0(gpu)   volume = 0.046875
   epoch 25:  13(SW) ->  1(gpu)   volume = 0.03125
   epoch 26:   3(gpu) ->  8(SW)   volume = 0.09375
   epoch 26:   3(gpu) ->  9(SW)   volume = 0.078125
   epoch 26:   3(gpu) -> 10(SW)   volume = 0.078125
   epoch 26:   3(gpu) -> 11(SW)   volume = 0.09375
   epoch 26:   3(gpu) -> 12(SW)   volume = 0.078125
   epoch 26:   3(gpu) -> 13(SW)   volume = 0.078125
   epoch 26:   8(SW) ->  1(gpu)   volume = 0.078125
   epoch 26:   8(SW) ->  5(gpu)   volume = 0.015625
   epoch 26:   9(SW) ->  4(gpu)   volume = 0.046875
   epoch 26:   9(SW) ->  6(gpu)   volume = 0.03125
   epoch 26:  10(SW) ->  1(gpu)   volume = 0.026226
   epoch 26:  10(SW) ->  2(gpu)   volume = 0.005024
   epoch 26:  10(SW) ->  4(gpu)   volume = 0.046875
   epoch 26:  11(SW) ->  1(gpu)   volume = 0.031329
   epoch 26:  11(SW) ->  6(gpu)   volume = 0.046875
   epoch 26:  11(SW) ->  7(gpu)   volume = 0.015546
   epoch 26:  12(SW) ->  1(gpu)   volume = 0.03125
   epoch 26:  12(SW) ->  4(gpu)   volume = 0.046875
   epoch 26:  13(SW) ->  1(gpu)   volume = 0.03125
   epoch 26:  13(SW) ->  4(gpu)   volume = 0.046875
   epoch 27:   3(gpu) ->  8(SW)   volume = 0.09375
   epoch 27:   3(gpu) ->  9(SW)   volume = 0.078125
   epoch 27:   3(gpu) -> 10(SW)   volume = 0.078125
   epoch 27:   3(gpu) -> 11(SW)   volume = 0.09375
   epoch 27:   3(gpu) -> 12(SW)   volume = 0.078125
   epoch 27:   3(gpu) -> 13(SW)   volume = 0.078125
   epoch 27:   8(SW) ->  1(gpu)   volume = 0.046875
   epoch 27:   8(SW) ->  5(gpu)   volume = 0.046875
   epoch 27:   9(SW) ->  1(gpu)   volume = 0.03125
   epoch 27:   9(SW) ->  7(gpu)   volume = 0.046875
   epoch 27:  10(SW) ->  0(gpu)   volume = 0.03125
   epoch 27:  10(SW) ->  7(gpu)   volume = 0.046875
   epoch 27:  11(SW) ->  2(gpu)   volume = 0.0625
   epoch 27:  11(SW) ->  7(gpu)   volume = 0.03125
   epoch 27:  12(SW) ->  4(gpu)   volume = 0.046875
   epoch 27:  12(SW) ->  7(gpu)   volume = 0.03125
   epoch 27:  13(SW) ->  1(gpu)   volume = 0.03125
   epoch 27:  13(SW) ->  7(gpu)   volume = 0.046875
   epoch 28:   3(gpu) ->  8(SW)   volume = 0.09375
   epoch 28:   3(gpu) ->  9(SW)   volume = 0.078125
   epoch 28:   3(gpu) -> 10(SW)   volume = 0.078125
   epoch 28:   3(gpu) -> 11(SW)   volume = 0.09375
   epoch 28:   3(gpu) -> 12(SW)   volume = 0.078125
   epoch 28:   3(gpu) -> 13(SW)   volume = 0.078125
   epoch 28:   8(SW) ->  1(gpu)   volume = 0.010999
   epoch 28:   8(SW) ->  2(gpu)   volume = 0.046875
   epoch 28:   8(SW) ->  6(gpu)   volume = 0.035876
   epoch 28:   9(SW) ->  5(gpu)   volume = 0.046875
   epoch 28:   9(SW) ->  6(gpu)   volume = 0.03125
   epoch 28:  10(SW) ->  1(gpu)   volume = 0.03125
   epoch 28:  10(SW) ->  6(gpu)   volume = 0.046875
   epoch 28:  11(SW) ->  0(gpu)   volume = 0.015625
   epoch 28:  11(SW) ->  1(gpu)   volume = 0.03125
   epoch 28:  11(SW) ->  6(gpu)   volume = 0.046875
   epoch 28:  12(SW) ->  2(gpu)   volume = 0.078125
   epoch 28:  13(SW) ->  1(gpu)   volume = 0.046875
   epoch 28:  13(SW) ->  5(gpu)   volume = 0.03125
   epoch 29:   3(gpu) ->  8(SW)   volume = 0.09375
   epoch 29:   3(gpu) ->  9(SW)   volume = 0.078125
   epoch 29:   3(gpu) -> 10(SW)   volume = 0.078125
   epoch 29:   3(gpu) -> 11(SW)   volume = 0.09375
   epoch 29:   3(gpu) -> 12(SW)   volume = 0.078125
   epoch 29:   3(gpu) -> 13(SW)   volume = 0.078125
   epoch 29:   8(SW) ->  2(gpu)   volume = 0.03125
   epoch 29:   8(SW) ->  4(gpu)   volume = 0.03125
   epoch 29:   8(SW) ->  5(gpu)   volume = 0.015625
   epoch 29:   8(SW) ->  6(gpu)   volume = 0.015625
   epoch 29:   9(SW) ->  2(gpu)   volume = 0.015625
   epoch 29:   9(SW) ->  5(gpu)   volume = 0.015625
   epoch 29:   9(SW) ->  7(gpu)   volume = 0.046875
   epoch 29:  10(SW) ->  1(gpu)   volume = 0.078125
   epoch 29:  11(SW) ->  1(gpu)   volume = 0.03125
   epoch 29:  11(SW) ->  2(gpu)   volume = 0.03125
   epoch 29:  11(SW) ->  7(gpu)   volume = 0.03125
   epoch 29:  12(SW) ->  1(gpu)   volume = 0.03125
   epoch 29:  12(SW) ->  4(gpu)   volume = 0.046875
   epoch 29:  13(SW) ->  0(gpu)   volume = 0.03125
   epoch 29:  13(SW) ->  5(gpu)   volume = 0.03125
   epoch 29:  13(SW) ->  7(gpu)   volume = 0.015625
   epoch 30:   3(gpu) ->  8(SW)   volume = 0.09375
   epoch 30:   3(gpu) ->  9(SW)   volume = 0.078125
   epoch 30:   3(gpu) -> 10(SW)   volume = 0.078125
   epoch 30:   3(gpu) -> 11(SW)   volume = 0.09375
   epoch 30:   3(gpu) -> 12(SW)   volume = 0.078125
   epoch 30:   3(gpu) -> 13(SW)   volume = 0.078125
   epoch 30:   8(SW) ->  1(gpu)   volume = 0.015625
   epoch 30:   8(SW) ->  2(gpu)   volume = 0.03125
   epoch 30:   8(SW) ->  5(gpu)   volume = 0.046875
   epoch 30:   9(SW) ->  1(gpu)   volume = 0.015625
   epoch 30:   9(SW) ->  5(gpu)   volume = 0.046875
   epoch 30:   9(SW) ->  7(gpu)   volume = 0.015625
   epoch 30:  10(SW) ->  0(gpu)   volume = 0.012931
   epoch 30:  10(SW) ->  6(gpu)   volume = 0.018319
   epoch 30:  10(SW) ->  7(gpu)   volume = 0.046875
   epoch 30:  11(SW) ->  0(gpu)   volume = 0.015625
   epoch 30:  11(SW) ->  5(gpu)   volume = 0.046875
   epoch 30:  11(SW) ->  6(gpu)   volume = 0.03125
   epoch 30:  12(SW) ->  0(gpu)   volume = 0.03125
   epoch 30:  12(SW) ->  5(gpu)   volume = 0.046875
   epoch 30:  13(SW) ->  4(gpu)   volume = 0.03125
   epoch 30:  13(SW) ->  6(gpu)   volume = 0.046875
   epoch 31:   3(gpu) ->  8(SW)   volume = 0.09375
   epoch 31:   3(gpu) ->  9(SW)   volume = 0.078125
   epoch 31:   3(gpu) -> 10(SW)   volume = 0.078125
   epoch 31:   3(gpu) -> 11(SW)   volume = 0.09375
   epoch 31:   3(gpu) -> 12(SW)   volume = 0.078125
   epoch 31:   3(gpu) -> 13(SW)   volume = 0.078125
   epoch 31:   8(SW) ->  0(gpu)   volume = 0.09375
   epoch 31:   9(SW) ->  2(gpu)   volume = 0.03125
   epoch 31:   9(SW) ->  5(gpu)   volume = 0.046875
   epoch 31:  10(SW) ->  0(gpu)   volume = 0.03125
   epoch 31:  10(SW) ->  2(gpu)   volume = 0.015625
   epoch 31:  10(SW) ->  5(gpu)   volume = 0.03125
   epoch 31:  11(SW) ->  0(gpu)   volume = 0.09375
   epoch 31:  12(SW) ->  2(gpu)   volume = 0.03125
   epoch 31:  12(SW) ->  5(gpu)   volume = 0.046875
   epoch 31:  13(SW) ->  1(gpu)   volume = 0.078125
   epoch 32:   3(gpu) ->  8(SW)   volume = 0.09375
   epoch 32:   3(gpu) ->  9(SW)   volume = 0.078125
   epoch 32:   3(gpu) -> 10(SW)   volume = 0.078125
   epoch 32:   3(gpu) -> 11(SW)   volume = 0.09375
   epoch 32:   3(gpu) -> 12(SW)   volume = 0.078125
   epoch 32:   3(gpu) -> 13(SW)   volume = 0.078125
   epoch 32:   8(SW) ->  1(gpu)   volume = 0.046875
   epoch 32:   8(SW) ->  4(gpu)   volume = 0.015625
   epoch 32:   8(SW) ->  7(gpu)   volume = 0.03125
   epoch 32:   9(SW) ->  0(gpu)   volume = 0.046875
   epoch 32:   9(SW) ->  2(gpu)   volume = 0.03125
   epoch 32:  10(SW) ->  2(gpu)   volume = 0.0625
   epoch 32:  10(SW) ->  4(gpu)   volume = 0.015625
   epoch 32:  11(SW) ->  1(gpu)   volume = 0.005589
   epoch 32:  11(SW) ->  5(gpu)   volume = 0.046875
   epoch 32:  11(SW) ->  6(gpu)   volume = 0.041286
   epoch 32:  12(SW) ->  0(gpu)   volume = 0.015625
   epoch 32:  12(SW) ->  1(gpu)   volume = 0.0625
   epoch 32:  13(SW) ->  0(gpu)   volume = 0.078125
   epoch 33:   3(gpu) ->  8(SW)   volume = 0.09375
   epoch 33:   3(gpu) ->  9(SW)   volume = 0.078125
   epoch 33:   3(gpu) -> 10(SW)   volume = 0.078125
   epoch 33:   3(gpu) -> 11(SW)   volume = 0.09375
   epoch 33:   3(gpu) -> 12(SW)   volume = 0.078125
   epoch 33:   3(gpu) -> 13(SW)   volume = 0.078125
   epoch 33:   8(SW) ->  0(gpu)   volume = 0.046875
   epoch 33:   8(SW) ->  2(gpu)   volume = 0.03125
   epoch 33:   8(SW) ->  6(gpu)   volume = 0.015625
   epoch 33:   9(SW) ->  2(gpu)   volume = 0.016212
   epoch 33:   9(SW) ->  4(gpu)   volume = 0.046875
   epoch 33:   9(SW) ->  6(gpu)   volume = 0.015038
   epoch 33:  10(SW) ->  4(gpu)   volume = 0.046875
   epoch 33:  10(SW) ->  5(gpu)   volume = 0.03125
   epoch 33:  11(SW) ->  2(gpu)   volume = 0.015625
   epoch 33:  11(SW) ->  5(gpu)   volume = 0.046875
   epoch 33:  11(SW) ->  7(gpu)   volume = 0.03125
   epoch 33:  12(SW) ->  6(gpu)   volume = 0.03125
   epoch 33:  12(SW) ->  7(gpu)   volume = 0.046875
   epoch 33:  13(SW) ->  4(gpu)   volume = 0.046875
   epoch 33:  13(SW) ->  5(gpu)   volume = 0.03125
   epoch 34:   3(gpu) ->  8(SW)   volume = 0.09375
   epoch 34:   3(gpu) ->  9(SW)   volume = 0.078125
   epoch 34:   3(gpu) -> 10(SW)   volume = 0.078125
   epoch 34:   3(gpu) -> 11(SW)   volume = 0.09375
   epoch 34:   3(gpu) -> 12(SW)   volume = 0.078125
   epoch 34:   3(gpu) -> 13(SW)   volume = 0.078125
   epoch 34:   8(SW) ->  1(gpu)   volume = 0.078125
   epoch 34:   8(SW) ->  4(gpu)   volume = 0.015625
   epoch 34:   9(SW) ->  0(gpu)   volume = 0.078125
   epoch 34:  10(SW) ->  2(gpu)   volume = 0.0625
   epoch 34:  10(SW) ->  5(gpu)   volume = 0.015625
   epoch 34:  11(SW) ->  0(gpu)   volume = 0.09375
   epoch 34:  12(SW) ->  0(gpu)   volume = 0.046796
   epoch 34:  12(SW) ->  2(gpu)   volume = 0.031329
   epoch 34:  13(SW) ->  1(gpu)   volume = 0.078125
   epoch 35:   3(gpu) ->  8(SW)   volume = 0.09375
   epoch 35:   3(gpu) ->  9(SW)   volume = 0.078125
   epoch 35:   3(gpu) -> 10(SW)   volume = 0.078125
   epoch 35:   3(gpu) -> 11(SW)   volume = 0.09375
   epoch 35:   3(gpu) -> 12(SW)   volume = 0.078125
   epoch 35:   3(gpu) -> 13(SW)   volume = 0.078125
   epoch 35:   8(SW) ->  0(gpu)   volume = 0.015625
   epoch 35:   8(SW) ->  1(gpu)   volume = 0.03125
   epoch 35:   8(SW) ->  5(gpu)   volume = 0.046875
   epoch 35:   9(SW) ->  1(gpu)   volume = 0.015625
   epoch 35:   9(SW) ->  4(gpu)   volume = 0.046875
   epoch 35:   9(SW) ->  7(gpu)   volume = 0.015625
   epoch 35:  10(SW) ->  2(gpu)   volume = 0.015651
   epoch 35:  10(SW) ->  5(gpu)   volume = 0.015599
   epoch 35:  10(SW) ->  6(gpu)   volume = 0.046875
   epoch 35:  11(SW) ->  2(gpu)   volume = 0.0625
   epoch 35:  11(SW) ->  4(gpu)   volume = 0.03125
   epoch 35:  12(SW) ->  0(gpu)   volume = 0.03125
   epoch 35:  12(SW) ->  4(gpu)   volume = 0.046875
   epoch 35:  13(SW) ->  4(gpu)   volume = 0.014368
   epoch 35:  13(SW) ->  6(gpu)   volume = 0.016882
   epoch 35:  13(SW) ->  7(gpu)   volume = 0.046875
   epoch 36:   3(gpu) ->  8(SW)   volume = 0.09375
   epoch 36:   3(gpu) ->  9(SW)   volume = 0.078125
   epoch 36:   3(gpu) -> 10(SW)   volume = 0.078125
   epoch 36:   3(gpu) -> 11(SW)   volume = 0.09375
   epoch 36:   3(gpu) -> 12(SW)   volume = 0.078125
   epoch 36:   3(gpu) -> 13(SW)   volume = 0.078125
   epoch 36:   8(SW) ->  1(gpu)   volume = 0.078125
   epoch 36:   8(SW) ->  6(gpu)   volume = 0.015625
   epoch 36:   9(SW) ->  2(gpu)   volume = 0.046875
   epoch 36:   9(SW) ->  6(gpu)   volume = 0.03125
   epoch 36:  10(SW) ->  0(gpu)   volume = 0.03125
   epoch 36:  10(SW) ->  1(gpu)   volume = 0.046875
   epoch 36:  11(SW) ->  2(gpu)   volume = 0.078125
   epoch 36:  11(SW) ->  6(gpu)   volume = 0.015625
   epoch 36:  12(SW) ->  0(gpu)   volume = 0.046875
   epoch 36:  12(SW) ->  5(gpu)   volume = 0.03125
   epoch 36:  13(SW) ->  0(gpu)   volume = 0.046875
   epoch 36:  13(SW) ->  5(gpu)   volume = 0.03125
   epoch 37:   3(gpu) ->  8(SW)   volume = 0.09375
   epoch 37:   3(gpu) ->  9(SW)   volume = 0.078125
   epoch 37:   3(gpu) -> 10(SW)   volume = 0.078125
   epoch 37:   3(gpu) -> 11(SW)   volume = 0.09375
   epoch 37:   3(gpu) -> 12(SW)   volume = 0.078125
   epoch 37:   3(gpu) -> 13(SW)   volume = 0.078125
   epoch 37:   8(SW) ->  0(gpu)   volume = 0.015625
   epoch 37:   8(SW) ->  2(gpu)   volume = 0.078125
   epoch 37:   9(SW) ->  0(gpu)   volume = 0.03125
   epoch 37:   9(SW) ->  2(gpu)   volume = 0.029971
   epoch 37:   9(SW) ->  6(gpu)   volume = 0.016904
   epoch 37:  10(SW) ->  2(gpu)   volume = 0.046875
   epoch 37:  10(SW) ->  7(gpu)   volume = 0.03125
   epoch 37:  11(SW) ->  1(gpu)   volume = 0.015625
   epoch 37:  11(SW) ->  2(gpu)   volume = 0.078125
   epoch 37:  12(SW) ->  0(gpu)   volume = 0.078125
   epoch 37:  13(SW) ->  1(gpu)   volume = 0.046875
   epoch 37:  13(SW) ->  5(gpu)   volume = 0.03125
   epoch 38:   3(gpu) ->  8(SW)   volume = 0.09375
   epoch 38:   3(gpu) ->  9(SW)   volume = 0.078125
   epoch 38:   3(gpu) -> 10(SW)   volume = 0.078125
   epoch 38:   3(gpu) -> 11(SW)   volume = 0.09375
   epoch 38:   3(gpu) -> 12(SW)   volume = 0.078125
   epoch 38:   3(gpu) -> 13(SW)   volume = 0.078125
   epoch 38:   8(SW) ->  0(gpu)   volume = 0.09375
   epoch 38:   9(SW) ->  1(gpu)   volume = 0.03125
   epoch 38:   9(SW) ->  5(gpu)   volume = 0.015625
   epoch 38:   9(SW) ->  7(gpu)   volume = 0.03125
   epoch 38:  10(SW) ->  6(gpu)   volume = 0.046875
   epoch 38:  10(SW) ->  7(gpu)   volume = 0.03125
   epoch 38:  11(SW) ->  0(gpu)   volume = 0.09375
   epoch 38:  12(SW) ->  4(gpu)   volume = 0.03125
   epoch 38:  12(SW) ->  7(gpu)   volume = 0.046875
   epoch 38:  13(SW) ->  0(gpu)   volume = 0.015625
   epoch 38:  13(SW) ->  6(gpu)   volume = 0.015625
   epoch 38:  13(SW) ->  7(gpu)   volume = 0.046875
   epoch 39:   3(gpu) ->  8(SW)   volume = 0.09375
   epoch 39:   3(gpu) ->  9(SW)   volume = 0.078125
   epoch 39:   3(gpu) -> 10(SW)   volume = 0.078125
   epoch 39:   3(gpu) -> 11(SW)   volume = 0.09375
   epoch 39:   3(gpu) -> 12(SW)   volume = 0.078125
   epoch 39:   3(gpu) -> 13(SW)   volume = 0.078125
   epoch 39:   8(SW) ->  0(gpu)   volume = 0.09375
   epoch 39:   9(SW) ->  2(gpu)   volume = 0.03125
   epoch 39:   9(SW) ->  7(gpu)   volume = 0.046875
   epoch 39:  10(SW) ->  1(gpu)   volume = 0.03125
   epoch 39:  10(SW) ->  6(gpu)   volume = 0.046875
   epoch 39:  11(SW) ->  1(gpu)   volume = 0.024916
   epoch 39:  11(SW) ->  4(gpu)   volume = 0.021959
   epoch 39:  11(SW) ->  6(gpu)   volume = 0.046875
   epoch 39:  12(SW) ->  2(gpu)   volume = 0.078125
   epoch 39:  13(SW) ->  1(gpu)   volume = 0.078125

-- source 4 --
   epoch 0:   4(gpu) ->  8(SW)   volume = 0.03125
   epoch 0:   4(gpu) ->  9(SW)   volume = 0.046875
   epoch 0:   4(gpu) -> 10(SW)   volume = 0.046875
   epoch 0:   4(gpu) -> 11(SW)   volume = 0.03125
   epoch 0:   4(gpu) -> 12(SW)   volume = 0.046875
   epoch 0:   4(gpu) -> 13(SW)   volume = 0.046875
   epoch 0:   8(SW) ->  0(gpu)   volume = 0.03125
   epoch 0:   9(SW) ->  2(gpu)   volume = 0.046875
   epoch 0:  10(SW) ->  1(gpu)   volume = 0.046875
   epoch 0:  11(SW) ->  0(gpu)   volume = 0.015625
   epoch 0:  11(SW) ->  3(gpu)   volume = 0.015625
   epoch 0:  12(SW) ->  2(gpu)   volume = 0.046875
   epoch 0:  13(SW) ->  0(gpu)   volume = 0.046875
   epoch 1:   4(gpu) ->  8(SW)   volume = 0.03125
   epoch 1:   4(gpu) ->  9(SW)   volume = 0.046875
   epoch 1:   4(gpu) -> 10(SW)   volume = 0.046875
   epoch 1:   4(gpu) -> 11(SW)   volume = 0.03125
   epoch 1:   4(gpu) -> 12(SW)   volume = 0.046875
   epoch 1:   4(gpu) -> 13(SW)   volume = 0.046875
   epoch 1:   8(SW) ->  5(gpu)   volume = 0.015625
   epoch 1:   8(SW) ->  6(gpu)   volume = 0.015625
   epoch 1:   9(SW) ->  1(gpu)   volume = 0.03125
   epoch 1:   9(SW) ->  5(gpu)   volume = 0.015625
   epoch 1:  10(SW) ->  1(gpu)   volume = 0.046875
   epoch 1:  11(SW) ->  5(gpu)   volume = 0.015625
   epoch 1:  11(SW) ->  6(gpu)   volume = 0.015625
   epoch 1:  12(SW) ->  1(gpu)   volume = 0.046875
   epoch 1:  13(SW) ->  2(gpu)   volume = 0.046875
   epoch 2:   4(gpu) ->  8(SW)   volume = 0.03125
   epoch 2:   4(gpu) ->  9(SW)   volume = 0.046875
   epoch 2:   4(gpu) -> 10(SW)   volume = 0.046875
   epoch 2:   4(gpu) -> 11(SW)   volume = 0.03125
   epoch 2:   4(gpu) -> 12(SW)   volume = 0.046875
   epoch 2:   4(gpu) -> 13(SW)   volume = 0.046875
   epoch 2:   8(SW) ->  3(gpu)   volume = 0.03125
   epoch 2:   9(SW) ->  0(gpu)   volume = 0.046875
   epoch 2:  10(SW) ->  0(gpu)   volume = 0.046875
   epoch 2:  11(SW) ->  3(gpu)   volume = 0.03125
   epoch 2:  12(SW) ->  3(gpu)   volume = 0.046875
   epoch 2:  13(SW) ->  7(gpu)   volume = 0.046875
   epoch 3:   4(gpu) ->  8(SW)   volume = 0.03125
   epoch 3:   4(gpu) ->  9(SW)   volume = 0.046875
   epoch 3:   4(gpu) -> 10(SW)   volume = 0.046875
   epoch 3:   4(gpu) -> 11(SW)   volume = 0.03125
   epoch 3:   4(gpu) -> 12(SW)   volume = 0.046875
   epoch 3:   4(gpu) -> 13(SW)   volume = 0.046875
   epoch 3:   8(SW) ->  1(gpu)   volume = 0.03125
   epoch 3:   9(SW) ->  3(gpu)   volume = 0.046875
   epoch 3:  10(SW) ->  5(gpu)   volume = 0.03125
   epoch 3:  10(SW) ->  7(gpu)   volume = 0.015625
   epoch 3:  11(SW) ->  3(gpu)   volume = 0.03125
   epoch 3:  12(SW) ->  5(gpu)   volume = 0.015625
   epoch 3:  12(SW) ->  6(gpu)   volume = 0.03125
   epoch 3:  13(SW) ->  2(gpu)   volume = 0.015625
   epoch 3:  13(SW) ->  3(gpu)   volume = 0.03125
   epoch 4:   4(gpu) ->  8(SW)   volume = 0.03125
   epoch 4:   4(gpu) ->  9(SW)   volume = 0.046875
   epoch 4:   4(gpu) -> 10(SW)   volume = 0.046875
   epoch 4:   4(gpu) -> 11(SW)   volume = 0.03125
   epoch 4:   4(gpu) -> 12(SW)   volume = 0.046875
   epoch 4:   4(gpu) -> 13(SW)   volume = 0.046875
   epoch 4:   8(SW) ->  3(gpu)   volume = 0.03125
   epoch 4:   9(SW) ->  1(gpu)   volume = 0.03125
   epoch 4:   9(SW) ->  3(gpu)   volume = 0.015625
   epoch 4:  10(SW) ->  2(gpu)   volume = 0.03125
   epoch 4:  10(SW) ->  7(gpu)   volume = 0.015625
   epoch 4:  11(SW) ->  1(gpu)   volume = 0.015625
   epoch 4:  11(SW) ->  7(gpu)   volume = 0.015625
   epoch 4:  12(SW) ->  1(gpu)   volume = 0.046875
   epoch 4:  13(SW) ->  2(gpu)   volume = 0.046875
   epoch 5:   4(gpu) ->  8(SW)   volume = 0.03125
   epoch 5:   4(gpu) ->  9(SW)   volume = 0.046875
   epoch 5:   4(gpu) -> 10(SW)   volume = 0.046875
   epoch 5:   4(gpu) -> 11(SW)   volume = 0.03125
   epoch 5:   4(gpu) -> 12(SW)   volume = 0.046875
   epoch 5:   4(gpu) -> 13(SW)   volume = 0.046875
   epoch 5:   8(SW) ->  1(gpu)   volume = 0.015625
   epoch 5:   8(SW) ->  3(gpu)   volume = 0.015625
   epoch 5:   9(SW) ->  3(gpu)   volume = 0.046875
   epoch 5:  10(SW) ->  3(gpu)   volume = 0.046875
   epoch 5:  11(SW) ->  6(gpu)   volume = 0.03125
   epoch 5:  12(SW) ->  0(gpu)   volume = 0.03125
   epoch 5:  12(SW) ->  2(gpu)   volume = 0.015625
   epoch 5:  13(SW) ->  3(gpu)   volume = 0.03125
   epoch 5:  13(SW) ->  6(gpu)   volume = 0.015625
   epoch 6:   4(gpu) ->  8(SW)   volume = 0.03125
   epoch 6:   4(gpu) ->  9(SW)   volume = 0.046875
   epoch 6:   4(gpu) -> 10(SW)   volume = 0.046875
   epoch 6:   4(gpu) -> 11(SW)   volume = 0.03125
   epoch 6:   4(gpu) -> 12(SW)   volume = 0.046875
   epoch 6:   4(gpu) -> 13(SW)   volume = 0.046875
   epoch 6:   8(SW) ->  6(gpu)   volume = 0.03125
   epoch 6:   9(SW) ->  1(gpu)   volume = 0.02499
   epoch 6:   9(SW) ->  5(gpu)   volume = 0.021885
   epoch 6:  10(SW) ->  2(gpu)   volume = 0.046875
   epoch 6:  11(SW) ->  3(gpu)   volume = 0.03125
   epoch 6:  12(SW) ->  2(gpu)   volume = 0.03125
   epoch 6:  12(SW) ->  5(gpu)   volume = 0.015625
   epoch 6:  13(SW) ->  0(gpu)   volume = 0.046875
   epoch 7:   4(gpu) ->  8(SW)   volume = 0.03125
   epoch 7:   4(gpu) ->  9(SW)   volume = 0.046875
   epoch 7:   4(gpu) -> 10(SW)   volume = 0.046875
   epoch 7:   4(gpu) -> 11(SW)   volume = 0.03125
   epoch 7:   4(gpu) -> 12(SW)   volume = 0.046875
   epoch 7:   4(gpu) -> 13(SW)   volume = 0.046875
   epoch 7:   8(SW) ->  1(gpu)   volume = 0.03125
   epoch 7:   9(SW) ->  2(gpu)   volume = 0.046875
   epoch 7:  10(SW) ->  0(gpu)   volume = 0.03125
   epoch 7:  10(SW) ->  6(gpu)   volume = 0.015625
   epoch 7:  11(SW) ->  0(gpu)   volume = 0.024968
   epoch 7:  11(SW) ->  2(gpu)   volume = 0.006282
   epoch 7:  12(SW) ->  3(gpu)   volume = 0.03125
   epoch 7:  12(SW) ->  7(gpu)   volume = 0.015625
   epoch 7:  13(SW) ->  3(gpu)   volume = 0.046875
   epoch 8:   4(gpu) ->  8(SW)   volume = 0.03125
   epoch 8:   4(gpu) ->  9(SW)   volume = 0.046875
   epoch 8:   4(gpu) -> 10(SW)   volume = 0.046875
   epoch 8:   4(gpu) -> 11(SW)   volume = 0.03125
   epoch 8:   4(gpu) -> 12(SW)   volume = 0.046875
   epoch 8:   4(gpu) -> 13(SW)   volume = 0.046875
   epoch 8:   8(SW) ->  3(gpu)   volume = 0.03125
   epoch 8:   9(SW) ->  3(gpu)   volume = 0.046875
   epoch 8:  10(SW) ->  0(gpu)   volume = 0.015625
   epoch 8:  10(SW) ->  5(gpu)   volume = 0.03125
   epoch 8:  11(SW) ->  5(gpu)   volume = 0.03125
   epoch 8:  12(SW) ->  0(gpu)   volume = 0.015625
   epoch 8:  12(SW) ->  7(gpu)   volume = 0.03125
   epoch 8:  13(SW) ->  2(gpu)   volume = 0.03125
   epoch 8:  13(SW) ->  3(gpu)   volume = 0.015625
   epoch 9:   4(gpu) ->  8(SW)   volume = 0.03125
   epoch 9:   4(gpu) ->  9(SW)   volume = 0.046875
   epoch 9:   4(gpu) -> 10(SW)   volume = 0.046875
   epoch 9:   4(gpu) -> 11(SW)   volume = 0.03125
   epoch 9:   4(gpu) -> 12(SW)   volume = 0.046875
   epoch 9:   4(gpu) -> 13(SW)   volume = 0.046875
   epoch 9:   8(SW) ->  6(gpu)   volume = 0.03125
   epoch 9:   9(SW) ->  1(gpu)   volume = 0.046875
   epoch 9:  10(SW) ->  2(gpu)   volume = 0.046875
   epoch 9:  11(SW) ->  5(gpu)   volume = 0.03125
   epoch 9:  12(SW) ->  1(gpu)   volume = 0.015625
   epoch 9:  12(SW) ->  6(gpu)   volume = 0.03125
   epoch 9:  13(SW) ->  2(gpu)   volume = 0.046875
   epoch 10:   4(gpu) ->  8(SW)   volume = 0.03125
   epoch 10:   4(gpu) ->  9(SW)   volume = 0.046875
   epoch 10:   4(gpu) -> 10(SW)   volume = 0.046875
   epoch 10:   4(gpu) -> 11(SW)   volume = 0.03125
   epoch 10:   4(gpu) -> 12(SW)   volume = 0.046875
   epoch 10:   4(gpu) -> 13(SW)   volume = 0.046875
   epoch 10:   8(SW) ->  3(gpu)   volume = 0.021214
   epoch 10:   8(SW) ->  6(gpu)   volume = 0.010036
   epoch 10:   9(SW) ->  5(gpu)   volume = 0.046875
   epoch 10:  10(SW) ->  0(gpu)   volume = 0.046875
   epoch 10:  11(SW) ->  3(gpu)   volume = 0.03125
   epoch 10:  12(SW) ->  0(gpu)   volume = 0.04002
   epoch 10:  12(SW) ->  5(gpu)   volume = 0.006855
   epoch 10:  13(SW) ->  6(gpu)   volume = 0.046875
   epoch 11:   4(gpu) ->  8(SW)   volume = 0.03125
   epoch 11:   4(gpu) ->  9(SW)   volume = 0.046875
   epoch 11:   4(gpu) -> 10(SW)   volume = 0.046875
   epoch 11:   4(gpu) -> 11(SW)   volume = 0.03125
   epoch 11:   4(gpu) -> 12(SW)   volume = 0.046875
   epoch 11:   4(gpu) -> 13(SW)   volume = 0.046875
   epoch 11:   8(SW) ->  0(gpu)   volume = 0.03125
   epoch 11:   9(SW) ->  1(gpu)   volume = 0.046875
   epoch 11:  10(SW) ->  2(gpu)   volume = 0.015625
   epoch 11:  10(SW) ->  5(gpu)   volume = 0.03125
   epoch 11:  11(SW) ->  3(gpu)   volume = 0.03125
   epoch 11:  12(SW) ->  3(gpu)   volume = 0.046875
   epoch 11:  13(SW) ->  2(gpu)   volume = 0.046875
   epoch 12:   4(gpu) ->  8(SW)   volume = 0.03125
   epoch 12:   4(gpu) ->  9(SW)   volume = 0.046875
   epoch 12:   4(gpu) -> 10(SW)   volume = 0.046875
   epoch 12:   4(gpu) -> 11(SW)   volume = 0.03125
   epoch 12:   4(gpu) -> 12(SW)   volume = 0.046875
   epoch 12:   4(gpu) -> 13(SW)   volume = 0.046875
   epoch 12:   8(SW) ->  6(gpu)   volume = 0.03125
   epoch 12:   9(SW) ->  0(gpu)   volume = 0.03125
   epoch 12:   9(SW) ->  1(gpu)   volume = 0.015625
   epoch 12:  10(SW) ->  1(gpu)   volume = 0.046875
   epoch 12:  11(SW) ->  2(gpu)   volume = 0.03125
   epoch 12:  12(SW) ->  0(gpu)   volume = 0.046875
   epoch 12:  13(SW) ->  2(gpu)   volume = 0.046875
   epoch 13:   4(gpu) ->  8(SW)   volume = 0.03125
   epoch 13:   4(gpu) ->  9(SW)   volume = 0.046875
   epoch 13:   4(gpu) -> 10(SW)   volume = 0.046875
   epoch 13:   4(gpu) -> 11(SW)   volume = 0.03125
   epoch 13:   4(gpu) -> 12(SW)   volume = 0.046875
   epoch 13:   4(gpu) -> 13(SW)   volume = 0.046875
   epoch 13:   8(SW) ->  6(gpu)   volume = 0.015625
   epoch 13:   8(SW) ->  7(gpu)   volume = 0.015625
   epoch 13:   9(SW) ->  1(gpu)   volume = 0.046875
   epoch 13:  10(SW) ->  1(gpu)   volume = 0.03125
   epoch 13:  10(SW) ->  2(gpu)   volume = 0.015625
   epoch 13:  11(SW) ->  7(gpu)   volume = 0.03125
   epoch 13:  12(SW) ->  1(gpu)   volume = 0.03125
   epoch 13:  12(SW) ->  3(gpu)   volume = 0.015625
   epoch 13:  13(SW) ->  2(gpu)   volume = 0.046875
   epoch 14:   4(gpu) ->  8(SW)   volume = 0.03125
   epoch 14:   4(gpu) ->  9(SW)   volume = 0.046875
   epoch 14:   4(gpu) -> 10(SW)   volume = 0.046875
   epoch 14:   4(gpu) -> 11(SW)   volume = 0.03125
   epoch 14:   4(gpu) -> 12(SW)   volume = 0.046875
   epoch 14:   4(gpu) -> 13(SW)   volume = 0.046875
   epoch 14:   8(SW) ->  0(gpu)   volume = 0.03125
   epoch 14:   9(SW) ->  1(gpu)   volume = 0.03125
   epoch 14:   9(SW) ->  7(gpu)   volume = 0.015625
   epoch 14:  10(SW) ->  2(gpu)   volume = 0.046875
   epoch 14:  11(SW) ->  0(gpu)   volume = 0.03125
   epoch 14:  12(SW) ->  1(gpu)   volume = 0.046875
   epoch 14:  13(SW) ->  2(gpu)   volume = 0.046875
   epoch 15:   4(gpu) ->  8(SW)   volume = 0.03125
   epoch 15:   4(gpu) ->  9(SW)   volume = 0.046875
   epoch 15:   4(gpu) -> 10(SW)   volume = 0.046875
   epoch 15:   4(gpu) -> 11(SW)   volume = 0.03125
   epoch 15:   4(gpu) -> 12(SW)   volume = 0.046875
   epoch 15:   4(gpu) -> 13(SW)   volume = 0.046875
   epoch 15:   8(SW) ->  3(gpu)   volume = 0.03125
   epoch 15:   9(SW) ->  0(gpu)   volume = 0.03125
   epoch 15:   9(SW) ->  1(gpu)   volume = 0.015625
   epoch 15:  10(SW) ->  2(gpu)   volume = 0.046875
   epoch 15:  11(SW) ->  2(gpu)   volume = 0.03125
   epoch 15:  12(SW) ->  1(gpu)   volume = 0.046875
   epoch 15:  13(SW) ->  2(gpu)   volume = 0.046875
   epoch 16:   4(gpu) ->  8(SW)   volume = 0.03125
   epoch 16:   4(gpu) ->  9(SW)   volume = 0.046875
   epoch 16:   4(gpu) -> 10(SW)   volume = 0.046875
   epoch 16:   4(gpu) -> 11(SW)   volume = 0.03125
   epoch 16:   4(gpu) -> 12(SW)   volume = 0.046875
   epoch 16:   4(gpu) -> 13(SW)   volume = 0.046875
   epoch 16:   8(SW) ->  0(gpu)   volume = 0.03125
   epoch 16:   9(SW) ->  1(gpu)   volume = 0.046875
   epoch 16:  10(SW) ->  0(gpu)   volume = 0.03125
   epoch 16:  10(SW) ->  2(gpu)   volume = 0.015625
   epoch 16:  11(SW) ->  0(gpu)   volume = 0.03125
   epoch 16:  12(SW) ->  3(gpu)   volume = 0.046875
   epoch 16:  13(SW) ->  2(gpu)   volume = 0.046875
   epoch 17:   4(gpu) ->  8(SW)   volume = 0.03125
   epoch 17:   4(gpu) ->  9(SW)   volume = 0.046875
   epoch 17:   4(gpu) -> 10(SW)   volume = 0.046875
   epoch 17:   4(gpu) -> 11(SW)   volume = 0.03125
   epoch 17:   4(gpu) -> 12(SW)   volume = 0.046875
   epoch 17:   4(gpu) -> 13(SW)   volume = 0.046875
   epoch 17:   8(SW) ->  0(gpu)   volume = 0.03125
   epoch 17:   9(SW) ->  3(gpu)   volume = 0.046875
   epoch 17:  10(SW) ->  1(gpu)   volume = 0.03125
   epoch 17:  10(SW) ->  5(gpu)   volume = 0.015625
   epoch 17:  11(SW) ->  0(gpu)   volume = 0.03125
   epoch 17:  12(SW) ->  0(gpu)   volume = 0.03125
   epoch 17:  12(SW) ->  1(gpu)   volume = 0.015625
   epoch 17:  13(SW) ->  0(gpu)   volume = 0.03125
   epoch 17:  13(SW) ->  3(gpu)   volume = 0.015625
   epoch 18:   4(gpu) ->  8(SW)   volume = 0.03125
   epoch 18:   4(gpu) ->  9(SW)   volume = 0.046875
   epoch 18:   4(gpu) -> 10(SW)   volume = 0.046875
   epoch 18:   4(gpu) -> 11(SW)   volume = 0.03125
   epoch 18:   4(gpu) -> 12(SW)   volume = 0.046875
   epoch 18:   4(gpu) -> 13(SW)   volume = 0.046875
   epoch 18:   8(SW) ->  0(gpu)   volume = 0.03125
   epoch 18:   9(SW) ->  0(gpu)   volume = 0.03125
   epoch 18:   9(SW) ->  6(gpu)   volume = 0.015625
   epoch 18:  10(SW) ->  0(gpu)   volume = 0.046875
   epoch 18:  11(SW) ->  0(gpu)   volume = 0.03125
   epoch 18:  12(SW) ->  1(gpu)   volume = 0.046875
   epoch 18:  13(SW) ->  7(gpu)   volume = 0.046875
   epoch 19:   4(gpu) ->  8(SW)   volume = 0.03125
   epoch 19:   4(gpu) ->  9(SW)   volume = 0.046875
   epoch 19:   4(gpu) -> 10(SW)   volume = 0.046875
   epoch 19:   4(gpu) -> 11(SW)   volume = 0.03125
   epoch 19:   4(gpu) -> 12(SW)   volume = 0.046875
   epoch 19:   4(gpu) -> 13(SW)   volume = 0.046875
   epoch 19:   8(SW) ->  2(gpu)   volume = 0.03125
   epoch 19:   9(SW) ->  5(gpu)   volume = 0.046875
   epoch 19:  10(SW) ->  6(gpu)   volume = 0.046875
   epoch 19:  11(SW) ->  5(gpu)   volume = 0.03125
   epoch 19:  12(SW) ->  1(gpu)   volume = 0.046875
   epoch 19:  13(SW) ->  5(gpu)   volume = 0.03125
   epoch 19:  13(SW) ->  6(gpu)   volume = 0.015625
   epoch 20:   4(gpu) ->  8(SW)   volume = 0.03125
   epoch 20:   4(gpu) ->  9(SW)   volume = 0.046875
   epoch 20:   4(gpu) -> 10(SW)   volume = 0.046875
   epoch 20:   4(gpu) -> 11(SW)   volume = 0.03125
   epoch 20:   4(gpu) -> 12(SW)   volume = 0.046875
   epoch 20:   4(gpu) -> 13(SW)   volume = 0.046875
   epoch 20:   8(SW) ->  3(gpu)   volume = 0.03125
   epoch 20:   9(SW) ->  1(gpu)   volume = 0.046875
   epoch 20:  10(SW) ->  3(gpu)   volume = 0.046875
   epoch 20:  11(SW) ->  3(gpu)   volume = 0.015625
   epoch 20:  11(SW) ->  7(gpu)   volume = 0.015625
   epoch 20:  12(SW) ->  1(gpu)   volume = 0.046875
   epoch 20:  13(SW) ->  2(gpu)   volume = 0.046875
   epoch 21:   4(gpu) ->  8(SW)   volume = 0.03125
   epoch 21:   4(gpu) ->  9(SW)   volume = 0.046875
   epoch 21:   4(gpu) -> 10(SW)   volume = 0.046875
   epoch 21:   4(gpu) -> 11(SW)   volume = 0.03125
   epoch 21:   4(gpu) -> 12(SW)   volume = 0.046875
   epoch 21:   4(gpu) -> 13(SW)   volume = 0.046875
   epoch 21:   8(SW) ->  3(gpu)   volume = 0.03125
   epoch 21:   9(SW) ->  1(gpu)   volume = 0.035446
   epoch 21:   9(SW) ->  3(gpu)   volume = 0.011429
   epoch 21:  10(SW) ->  2(gpu)   volume = 0.046875
   epoch 21:  11(SW) ->  3(gpu)   volume = 0.03125
   epoch 21:  12(SW) ->  1(gpu)   volume = 0.046875
   epoch 21:  13(SW) ->  2(gpu)   volume = 0.046875
   epoch 22:   4(gpu) ->  8(SW)   volume = 0.03125
   epoch 22:   4(gpu) ->  9(SW)   volume = 0.046875
   epoch 22:   4(gpu) -> 10(SW)   volume = 0.046875
   epoch 22:   4(gpu) -> 11(SW)   volume = 0.03125
   epoch 22:   4(gpu) -> 12(SW)   volume = 0.046875
   epoch 22:   4(gpu) -> 13(SW)   volume = 0.046875
   epoch 22:   8(SW) ->  6(gpu)   volume = 0.03125
   epoch 22:   9(SW) ->  0(gpu)   volume = 0.03125
   epoch 22:   9(SW) ->  1(gpu)   volume = 0.015625
   epoch 22:  10(SW) ->  3(gpu)   volume = 0.03125
   epoch 22:  10(SW) ->  6(gpu)   volume = 0.015625
   epoch 22:  11(SW) ->  0(gpu)   volume = 0.03125
   epoch 22:  12(SW) ->  1(gpu)   volume = 0.046875
   epoch 22:  13(SW) ->  6(gpu)   volume = 0.046875
   epoch 23:   4(gpu) ->  8(SW)   volume = 0.03125
   epoch 23:   4(gpu) ->  9(SW)   volume = 0.046875
   epoch 23:   4(gpu) -> 10(SW)   volume = 0.046875
   epoch 23:   4(gpu) -> 11(SW)   volume = 0.03125
   epoch 23:   4(gpu) -> 12(SW)   volume = 0.046875
   epoch 23:   4(gpu) -> 13(SW)   volume = 0.046875
   epoch 23:   8(SW) ->  0(gpu)   volume = 0.03125
   epoch 23:   9(SW) ->  2(gpu)   volume = 0.046875
   epoch 23:  10(SW) ->  2(gpu)   volume = 0.03125
   epoch 23:  10(SW) ->  5(gpu)   volume = 0.015625
   epoch 23:  11(SW) ->  3(gpu)   volume = 0.03125
   epoch 23:  12(SW) ->  0(gpu)   volume = 0.046875
   epoch 23:  13(SW) ->  3(gpu)   volume = 0.03125
   epoch 23:  13(SW) ->  7(gpu)   volume = 0.015625
   epoch 24:   4(gpu) ->  8(SW)   volume = 0.03125
   epoch 24:   4(gpu) ->  9(SW)   volume = 0.046875
   epoch 24:   4(gpu) -> 10(SW)   volume = 0.046875
   epoch 24:   4(gpu) -> 11(SW)   volume = 0.03125
   epoch 24:   4(gpu) -> 12(SW)   volume = 0.046875
   epoch 24:   4(gpu) -> 13(SW)   volume = 0.046875
   epoch 24:   8(SW) ->  5(gpu)   volume = 0.015625
   epoch 24:   8(SW) ->  6(gpu)   volume = 0.015625
   epoch 24:   9(SW) ->  1(gpu)   volume = 0.046875
   epoch 24:  10(SW) ->  2(gpu)   volume = 0.046875
   epoch 24:  11(SW) ->  3(gpu)   volume = 0.015625
   epoch 24:  11(SW) ->  7(gpu)   volume = 0.015625
   epoch 24:  12(SW) ->  1(gpu)   volume = 0.046875
   epoch 24:  13(SW) ->  2(gpu)   volume = 0.046875
   epoch 25:   4(gpu) ->  8(SW)   volume = 0.03125
   epoch 25:   4(gpu) ->  9(SW)   volume = 0.046875
   epoch 25:   4(gpu) -> 10(SW)   volume = 0.046875
   epoch 25:   4(gpu) -> 11(SW)   volume = 0.03125
   epoch 25:   4(gpu) -> 12(SW)   volume = 0.046875
   epoch 25:   4(gpu) -> 13(SW)   volume = 0.046875
   epoch 25:   8(SW) ->  3(gpu)   volume = 0.03125
   epoch 25:   9(SW) ->  1(gpu)   volume = 0.046875
   epoch 25:  10(SW) ->  2(gpu)   volume = 0.015625
   epoch 25:  10(SW) ->  3(gpu)   volume = 0.03125
   epoch 25:  11(SW) ->  3(gpu)   volume = 0.03125
   epoch 25:  12(SW) ->  3(gpu)   volume = 0.01442
   epoch 25:  12(SW) ->  5(gpu)   volume = 0.032455
   epoch 25:  13(SW) ->  2(gpu)   volume = 0.046875
   epoch 26:   4(gpu) ->  8(SW)   volume = 0.03125
   epoch 26:   4(gpu) ->  9(SW)   volume = 0.046875
   epoch 26:   4(gpu) -> 10(SW)   volume = 0.046875
   epoch 26:   4(gpu) -> 11(SW)   volume = 0.03125
   epoch 26:   4(gpu) -> 12(SW)   volume = 0.046875
   epoch 26:   4(gpu) -> 13(SW)   volume = 0.046875
   epoch 26:   8(SW) ->  2(gpu)   volume = 0.03125
   epoch 26:   9(SW) ->  0(gpu)   volume = 0.001178
   epoch 26:   9(SW) ->  1(gpu)   volume = 0.045697
   epoch 26:  10(SW) ->  2(gpu)   volume = 0.041851
   epoch 26:  10(SW) ->  3(gpu)   volume = 0.005024
   epoch 26:  11(SW) ->  1(gpu)   volume = 0.015546
   epoch 26:  11(SW) ->  7(gpu)   volume = 0.015704
   epoch 26:  12(SW) ->  1(gpu)   volume = 0.046875
   epoch 26:  13(SW) ->  2(gpu)   volume = 0.046875
   epoch 27:   4(gpu) ->  8(SW)   volume = 0.03125
   epoch 27:   4(gpu) ->  9(SW)   volume = 0.046875
   epoch 27:   4(gpu) -> 10(SW)   volume = 0.046875
   epoch 27:   4(gpu) -> 11(SW)   volume = 0.03125
   epoch 27:   4(gpu) -> 12(SW)   volume = 0.046875
   epoch 27:   4(gpu) -> 13(SW)   volume = 0.046875
   epoch 27:   8(SW) ->  0(gpu)   volume = 0.03125
   epoch 27:   9(SW) ->  1(gpu)   volume = 0.015625
   epoch 27:   9(SW) ->  3(gpu)   volume = 0.03125
   epoch 27:  10(SW) ->  3(gpu)   volume = 0.046875
   epoch 27:  11(SW) ->  3(gpu)   volume = 0.03125
   epoch 27:  12(SW) ->  0(gpu)   volume = 0.03125
   epoch 27:  12(SW) ->  7(gpu)   volume = 0.015625
   epoch 27:  13(SW) ->  0(gpu)   volume = 0.03125
   epoch 27:  13(SW) ->  1(gpu)   volume = 0.015625
   epoch 28:   4(gpu) ->  8(SW)   volume = 0.03125
   epoch 28:   4(gpu) ->  9(SW)   volume = 0.046875
   epoch 28:   4(gpu) -> 10(SW)   volume = 0.046875
   epoch 28:   4(gpu) -> 11(SW)   volume = 0.03125
   epoch 28:   4(gpu) -> 12(SW)   volume = 0.046875
   epoch 28:   4(gpu) -> 13(SW)   volume = 0.046875
   epoch 28:   8(SW) ->  1(gpu)   volume = 0.020251
   epoch 28:   8(SW) ->  3(gpu)   volume = 0.010999
   epoch 28:   9(SW) ->  1(gpu)   volume = 0.046875
   epoch 28:  10(SW) ->  0(gpu)   volume = 0.046875
   epoch 28:  11(SW) ->  3(gpu)   volume = 0.03125
   epoch 28:  12(SW) ->  1(gpu)   volume = 0.046875
   epoch 28:  13(SW) ->  2(gpu)   volume = 0.046875
   epoch 29:   4(gpu) ->  8(SW)   volume = 0.03125
   epoch 29:   4(gpu) ->  9(SW)   volume = 0.046875
   epoch 29:   4(gpu) -> 10(SW)   volume = 0.046875
   epoch 29:   4(gpu) -> 11(SW)   volume = 0.03125
   epoch 29:   4(gpu) -> 12(SW)   volume = 0.046875
   epoch 29:   4(gpu) -> 13(SW)   volume = 0.046875
   epoch 29:   8(SW) ->  6(gpu)   volume = 0.03125
   epoch 29:   9(SW) ->  1(gpu)   volume = 0.046875
   epoch 29:  10(SW) ->  2(gpu)   volume = 0.046875
   epoch 29:  11(SW) ->  5(gpu)   volume = 0.03125
   epoch 29:  12(SW) ->  1(gpu)   volume = 0.046875
   epoch 29:  13(SW) ->  2(gpu)   volume = 0.046875
   epoch 30:   4(gpu) ->  8(SW)   volume = 0.03125
   epoch 30:   4(gpu) ->  9(SW)   volume = 0.046875
   epoch 30:   4(gpu) -> 10(SW)   volume = 0.046875
   epoch 30:   4(gpu) -> 11(SW)   volume = 0.03125
   epoch 30:   4(gpu) -> 12(SW)   volume = 0.046875
   epoch 30:   4(gpu) -> 13(SW)   volume = 0.046875
   epoch 30:   8(SW) ->  3(gpu)   volume = 0.03125
   epoch 30:   9(SW) ->  0(gpu)   volume = 0.046875
   epoch 30:  10(SW) ->  3(gpu)   volume = 0.046875
   epoch 30:  11(SW) ->  0(gpu)   volume = 0.03125
   epoch 30:  12(SW) ->  3(gpu)   volume = 0.015625
   epoch 30:  12(SW) ->  6(gpu)   volume = 0.03125
   epoch 30:  13(SW) ->  0(gpu)   volume = 0.046875
   epoch 31:   4(gpu) ->  8(SW)   volume = 0.03125
   epoch 31:   4(gpu) ->  9(SW)   volume = 0.046875
   epoch 31:   4(gpu) -> 10(SW)   volume = 0.046875
   epoch 31:   4(gpu) -> 11(SW)   volume = 0.03125
   epoch 31:   4(gpu) -> 12(SW)   volume = 0.046875
   epoch 31:   4(gpu) -> 13(SW)   volume = 0.046875
   epoch 31:   8(SW) ->  5(gpu)   volume = 0.03125
   epoch 31:   9(SW) ->  1(gpu)   volume = 0.046875
   epoch 31:  10(SW) ->  0(gpu)   volume = 0.046875
   epoch 31:  11(SW) ->  5(gpu)   volume = 0.015625
   epoch 31:  11(SW) ->  7(gpu)   volume = 0.015625
   epoch 31:  12(SW) ->  0(gpu)   volume = 0.046875
   epoch 31:  13(SW) ->  2(gpu)   volume = 0.046875
   epoch 32:   4(gpu) ->  8(SW)   volume = 0.03125
   epoch 32:   4(gpu) ->  9(SW)   volume = 0.046875
   epoch 32:   4(gpu) -> 10(SW)   volume = 0.046875
   epoch 32:   4(gpu) -> 11(SW)   volume = 0.03125
   epoch 32:   4(gpu) -> 12(SW)   volume = 0.046875
   epoch 32:   4(gpu) -> 13(SW)   volume = 0.046875
   epoch 32:   8(SW) ->  1(gpu)   volume = 0.03125
   epoch 32:   9(SW) ->  1(gpu)   volume = 0.04557
   epoch 32:   9(SW) ->  5(gpu)   volume = 0.001305
   epoch 32:  10(SW) ->  0(gpu)   volume = 0.03125
   epoch 32:  10(SW) ->  6(gpu)   volume = 0.015625
   epoch 32:  11(SW) ->  0(gpu)   volume = 0.025661
   epoch 32:  11(SW) ->  6(gpu)   volume = 0.005589
   epoch 32:  12(SW) ->  7(gpu)   volume = 0.046875
   epoch 32:  13(SW) ->  2(gpu)   volume = 0.046875
   epoch 33:   4(gpu) ->  8(SW)   volume = 0.03125
   epoch 33:   4(gpu) ->  9(SW)   volume = 0.046875
   epoch 33:   4(gpu) -> 10(SW)   volume = 0.046875
   epoch 33:   4(gpu) -> 11(SW)   volume = 0.03125
   epoch 33:   4(gpu) -> 12(SW)   volume = 0.046875
   epoch 33:   4(gpu) -> 13(SW)   volume = 0.046875
   epoch 33:   8(SW) ->  0(gpu)   volume = 0.03125
   epoch 33:   9(SW) ->  0(gpu)   volume = 0.016212
   epoch 33:   9(SW) ->  3(gpu)   volume = 0.030663
   epoch 33:  10(SW) ->  3(gpu)   volume = 0.046875
   epoch 33:  11(SW) ->  3(gpu)   volume = 0.03125
   epoch 33:  12(SW) ->  3(gpu)   volume = 0.015625
   epoch 33:  12(SW) ->  5(gpu)   volume = 0.03125
   epoch 33:  13(SW) ->  3(gpu)   volume = 0.046875
   epoch 34:   4(gpu) ->  8(SW)   volume = 0.03125
   epoch 34:   4(gpu) ->  9(SW)   volume = 0.046875
   epoch 34:   4(gpu) -> 10(SW)   volume = 0.046875
   epoch 34:   4(gpu) -> 11(SW)   volume = 0.03125
   epoch 34:   4(gpu) -> 12(SW)   volume = 0.046875
   epoch 34:   4(gpu) -> 13(SW)   volume = 0.046875
   epoch 34:   8(SW) ->  3(gpu)   volume = 0.03125
   epoch 34:   9(SW) ->  3(gpu)   volume = 0.03125
   epoch 34:   9(SW) ->  7(gpu)   volume = 0.015625
   epoch 34:  10(SW) ->  7(gpu)   volume = 0.046875
   epoch 34:  11(SW) ->  3(gpu)   volume = 0.03125
   epoch 34:  12(SW) ->  0(gpu)   volume = 0.031329
   epoch 34:  12(SW) ->  7(gpu)   volume = 0.015546
   epoch 34:  13(SW) ->  2(gpu)   volume = 0.015625
   epoch 34:  13(SW) ->  7(gpu)   volume = 0.03125
   epoch 35:   4(gpu) ->  8(SW)   volume = 0.03125
   epoch 35:   4(gpu) ->  9(SW)   volume = 0.046875
   epoch 35:   4(gpu) -> 10(SW)   volume = 0.046875
   epoch 35:   4(gpu) -> 11(SW)   volume = 0.03125
   epoch 35:   4(gpu) -> 12(SW)   volume = 0.046875
   epoch 35:   4(gpu) -> 13(SW)   volume = 0.046875
   epoch 35:   8(SW) ->  7(gpu)   volume = 0.03125
   epoch 35:   9(SW) ->  2(gpu)   volume = 0.015625
   epoch 35:   9(SW) ->  3(gpu)   volume = 0.03125
   epoch 35:  10(SW) ->  2(gpu)   volume = 0.046875
   epoch 35:  11(SW) ->  3(gpu)   volume = 0.03125
   epoch 35:  12(SW) ->  1(gpu)   volume = 0.046875
   epoch 35:  13(SW) ->  0(gpu)   volume = 0.032507
   epoch 35:  13(SW) ->  2(gpu)   volume = 0.014368
   epoch 36:   4(gpu) ->  8(SW)   volume = 0.03125
   epoch 36:   4(gpu) ->  9(SW)   volume = 0.046875
   epoch 36:   4(gpu) -> 10(SW)   volume = 0.046875
   epoch 36:   4(gpu) -> 11(SW)   volume = 0.03125
   epoch 36:   4(gpu) -> 12(SW)   volume = 0.046875
   epoch 36:   4(gpu) -> 13(SW)   volume = 0.046875
   epoch 36:   8(SW) ->  6(gpu)   volume = 0.03125
   epoch 36:   9(SW) ->  0(gpu)   volume = 0.03125
   epoch 36:   9(SW) ->  3(gpu)   volume = 0.015625
   epoch 36:  10(SW) ->  0(gpu)   volume = 0.046875
   epoch 36:  11(SW) ->  6(gpu)   volume = 0.03125
   epoch 36:  12(SW) ->  0(gpu)   volume = 0.03125
   epoch 36:  12(SW) ->  1(gpu)   volume = 0.015625
   epoch 36:  13(SW) ->  3(gpu)   volume = 0.046875
   epoch 37:   4(gpu) ->  8(SW)   volume = 0.03125
   epoch 37:   4(gpu) ->  9(SW)   volume = 0.046875
   epoch 37:   4(gpu) -> 10(SW)   volume = 0.046875
   epoch 37:   4(gpu) -> 11(SW)   volume = 0.03125
   epoch 37:   4(gpu) -> 12(SW)   volume = 0.046875
   epoch 37:   4(gpu) -> 13(SW)   volume = 0.046875
   epoch 37:   8(SW) ->  1(gpu)   volume = 0.03125
   epoch 37:   9(SW) ->  7(gpu)   volume = 0.046875
   epoch 37:  10(SW) ->  3(gpu)   volume = 0.03125
   epoch 37:  10(SW) ->  7(gpu)   volume = 0.015625
   epoch 37:  11(SW) ->  0(gpu)   volume = 0.03125
   epoch 37:  12(SW) ->  1(gpu)   volume = 0.015625
   epoch 37:  12(SW) ->  6(gpu)   volume = 0.03125
   epoch 37:  13(SW) ->  7(gpu)   volume = 0.046875
   epoch 38:   4(gpu) ->  8(SW)   volume = 0.03125
   epoch 38:   4(gpu) ->  9(SW)   volume = 0.046875
   epoch 38:   4(gpu) -> 10(SW)   volume = 0.046875
   epoch 38:   4(gpu) -> 11(SW)   volume = 0.03125
   epoch 38:   4(gpu) -> 12(SW)   volume = 0.046875
   epoch 38:   4(gpu) -> 13(SW)   volume = 0.046875
   epoch 38:   8(SW) ->  7(gpu)   volume = 0.03125
   epoch 38:   9(SW) ->  1(gpu)   volume = 0.015625
   epoch 38:   9(SW) ->  3(gpu)   volume = 0.03125
   epoch 38:  10(SW) ->  2(gpu)   volume = 0.046875
   epoch 38:  11(SW) ->  2(gpu)   volume = 0.03125
   epoch 38:  12(SW) ->  1(gpu)   volume = 0.046875
   epoch 38:  13(SW) ->  2(gpu)   volume = 0.046875
   epoch 39:   4(gpu) ->  8(SW)   volume = 0.03125
   epoch 39:   4(gpu) ->  9(SW)   volume = 0.046875
   epoch 39:   4(gpu) -> 10(SW)   volume = 0.046875
   epoch 39:   4(gpu) -> 11(SW)   volume = 0.03125
   epoch 39:   4(gpu) -> 12(SW)   volume = 0.046875
   epoch 39:   4(gpu) -> 13(SW)   volume = 0.046875
   epoch 39:   8(SW) ->  6(gpu)   volume = 0.03125
   epoch 39:   9(SW) ->  0(gpu)   volume = 0.046875
   epoch 39:  10(SW) ->  0(gpu)   volume = 0.03125
   epoch 39:  10(SW) ->  2(gpu)   volume = 0.015625
   epoch 39:  11(SW) ->  0(gpu)   volume = 0.03125
   epoch 39:  12(SW) ->  0(gpu)   volume = 0.046875
   epoch 39:  13(SW) ->  0(gpu)   volume = 0.03125
   epoch 39:  13(SW) ->  2(gpu)   volume = 0.015625
   epoch 40:   4(gpu) ->  8(SW)   volume = 0.03125
   epoch 40:   4(gpu) ->  9(SW)   volume = 0.046875
   epoch 40:   4(gpu) -> 10(SW)   volume = 0.046875
   epoch 40:   4(gpu) -> 11(SW)   volume = 0.03125
   epoch 40:   4(gpu) -> 12(SW)   volume = 0.046875
   epoch 40:   4(gpu) -> 13(SW)   volume = 0.046875
   epoch 40:   8(SW) ->  6(gpu)   volume = 0.03125
   epoch 40:   9(SW) ->  5(gpu)   volume = 0.03125
   epoch 40:   9(SW) ->  7(gpu)   volume = 0.015625
   epoch 40:  10(SW) ->  6(gpu)   volume = 0.03125
   epoch 40:  10(SW) ->  7(gpu)   volume = 0.015625
   epoch 40:  11(SW) ->  6(gpu)   volume = 0.03125
   epoch 40:  12(SW) ->  5(gpu)   volume = 0.046875
   epoch 40:  13(SW) ->  7(gpu)   volume = 0.046875
   epoch 41:   4(gpu) ->  8(SW)   volume = 0.03125
   epoch 41:   4(gpu) ->  9(SW)   volume = 0.046875
   epoch 41:   4(gpu) -> 10(SW)   volume = 0.046875
   epoch 41:   4(gpu) -> 11(SW)   volume = 0.03125
   epoch 41:   4(gpu) -> 12(SW)   volume = 0.046875
   epoch 41:   4(gpu) -> 13(SW)   volume = 0.046875
   epoch 41:   8(SW) ->  5(gpu)   volume = 0.03125
   epoch 41:   9(SW) ->  6(gpu)   volume = 0.03125
   epoch 41:   9(SW) ->  7(gpu)   volume = 0.015625
   epoch 41:  10(SW) ->  6(gpu)   volume = 0.03125
   epoch 41:  10(SW) ->  7(gpu)   volume = 0.015625
   epoch 41:  11(SW) ->  5(gpu)   volume = 0.015625
   epoch 41:  11(SW) ->  6(gpu)   volume = 0.015625
   epoch 41:  12(SW) ->  5(gpu)   volume = 0.03125
   epoch 41:  12(SW) ->  7(gpu)   volume = 0.015625
   epoch 41:  13(SW) ->  6(gpu)   volume = 0.03125
   epoch 41:  13(SW) ->  7(gpu)   volume = 0.015625
   epoch 42:   4(gpu) ->  8(SW)   volume = 0.03125
   epoch 42:   4(gpu) ->  9(SW)   volume = 0.046875
   epoch 42:   4(gpu) -> 10(SW)   volume = 0.046875
   epoch 42:   4(gpu) -> 11(SW)   volume = 0.03125
   epoch 42:   4(gpu) -> 12(SW)   volume = 0.046875
   epoch 42:   4(gpu) -> 13(SW)   volume = 0.046875
   epoch 42:   8(SW) ->  5(gpu)   volume = 0.015625
   epoch 42:   8(SW) ->  7(gpu)   volume = 0.015625
   epoch 42:   9(SW) ->  5(gpu)   volume = 0.03125
   epoch 42:   9(SW) ->  7(gpu)   volume = 0.015625
   epoch 42:  10(SW) ->  6(gpu)   volume = 0.03125
   epoch 42:  10(SW) ->  7(gpu)   volume = 0.015625
   epoch 42:  11(SW) ->  7(gpu)   volume = 0.03125
   epoch 42:  12(SW) ->  5(gpu)   volume = 0.046875
   epoch 42:  13(SW) ->  7(gpu)   volume = 0.046875
   epoch 43:   4(gpu) ->  8(SW)   volume = 0.03125
   epoch 43:   4(gpu) ->  9(SW)   volume = 0.046875
   epoch 43:   4(gpu) -> 10(SW)   volume = 0.046875
   epoch 43:   4(gpu) -> 11(SW)   volume = 0.03125
   epoch 43:   4(gpu) -> 12(SW)   volume = 0.046875
   epoch 43:   4(gpu) -> 13(SW)   volume = 0.046875
   epoch 43:   8(SW) ->  6(gpu)   volume = 0.03125
   epoch 43:   9(SW) ->  5(gpu)   volume = 0.03125
   epoch 43:   9(SW) ->  7(gpu)   volume = 0.015625
   epoch 43:  10(SW) ->  5(gpu)   volume = 0.03125
   epoch 43:  10(SW) ->  7(gpu)   volume = 0.015625
   epoch 43:  11(SW) ->  5(gpu)   volume = 0.015625
   epoch 43:  11(SW) ->  6(gpu)   volume = 0.015625
   epoch 43:  12(SW) ->  5(gpu)   volume = 0.03125
   epoch 43:  12(SW) ->  7(gpu)   volume = 0.015625
   epoch 43:  13(SW) ->  5(gpu)   volume = 0.03125
   epoch 43:  13(SW) ->  7(gpu)   volume = 0.015625

-- source 5 --
   epoch 0:   5(gpu) ->  8(SW)   volume = 0.046875
   epoch 0:   5(gpu) ->  9(SW)   volume = 0.046875
   epoch 0:   5(gpu) -> 10(SW)   volume = 0.03125
   epoch 0:   5(gpu) -> 11(SW)   volume = 0.046875
   epoch 0:   5(gpu) -> 12(SW)   volume = 0.046875
   epoch 0:   5(gpu) -> 13(SW)   volume = 0.03125
   epoch 0:   8(SW) ->  2(gpu)   volume = 0.046875
   epoch 0:   9(SW) ->  2(gpu)   volume = 0.015625
   epoch 0:   9(SW) ->  3(gpu)   volume = 0.03125
   epoch 0:  10(SW) ->  0(gpu)   volume = 0.015625
   epoch 0:  10(SW) ->  3(gpu)   volume = 0.015625
   epoch 0:  11(SW) ->  2(gpu)   volume = 0.046875
   epoch 0:  12(SW) ->  3(gpu)   volume = 0.046875
   epoch 0:  13(SW) ->  2(gpu)   volume = 0.03125
   epoch 1:   5(gpu) ->  8(SW)   volume = 0.046875
   epoch 1:   5(gpu) ->  9(SW)   volume = 0.046875
   epoch 1:   5(gpu) -> 10(SW)   volume = 0.03125
   epoch 1:   5(gpu) -> 11(SW)   volume = 0.046875
   epoch 1:   5(gpu) -> 12(SW)   volume = 0.046875
   epoch 1:   5(gpu) -> 13(SW)   volume = 0.03125
   epoch 1:   8(SW) ->  3(gpu)   volume = 0.046875
   epoch 1:   9(SW) ->  2(gpu)   volume = 0.046875
   epoch 1:  10(SW) ->  0(gpu)   volume = 0.03125
   epoch 1:  11(SW) ->  2(gpu)   volume = 0.046875
   epoch 1:  12(SW) ->  0(gpu)   volume = 0.046875
   epoch 1:  13(SW) ->  0(gpu)   volume = 0.03125
   epoch 2:   5(gpu) ->  8(SW)   volume = 0.046875
   epoch 2:   5(gpu) ->  9(SW)   volume = 0.046875
   epoch 2:   5(gpu) -> 10(SW)   volume = 0.03125
   epoch 2:   5(gpu) -> 11(SW)   volume = 0.046875
   epoch 2:   5(gpu) -> 12(SW)   volume = 0.046875
   epoch 2:   5(gpu) -> 13(SW)   volume = 0.03125
   epoch 2:   8(SW) ->  2(gpu)   volume = 0.015625
   epoch 2:   8(SW) ->  4(gpu)   volume = 0.03125
   epoch 2:   9(SW) ->  1(gpu)   volume = 0.046875
   epoch 2:  10(SW) ->  2(gpu)   volume = 0.03125
   epoch 2:  11(SW) ->  6(gpu)   volume = 0.046875
   epoch 2:  12(SW) ->  1(gpu)   volume = 0.046875
   epoch 2:  13(SW) ->  1(gpu)   volume = 0.03125
   epoch 3:   5(gpu) ->  8(SW)   volume = 0.046875
   epoch 3:   5(gpu) ->  9(SW)   volume = 0.046875
   epoch 3:   5(gpu) -> 10(SW)   volume = 0.03125
   epoch 3:   5(gpu) -> 11(SW)   volume = 0.046875
   epoch 3:   5(gpu) -> 12(SW)   volume = 0.046875
   epoch 3:   5(gpu) -> 13(SW)   volume = 0.03125
   epoch 3:   8(SW) ->  1(gpu)   volume = 0.046875
   epoch 3:   9(SW) ->  2(gpu)   volume = 0.046875
   epoch 3:  10(SW) ->  1(gpu)   volume = 0.03125
   epoch 3:  11(SW) ->  2(gpu)   volume = 0.046875
   epoch 3:  12(SW) ->  2(gpu)   volume = 0.046875
   epoch 3:  13(SW) ->  1(gpu)   volume = 0.03125
   epoch 4:   5(gpu) ->  8(SW)   volume = 0.046875
   epoch 4:   5(gpu) ->  9(SW)   volume = 0.046875
   epoch 4:   5(gpu) -> 10(SW)   volume = 0.03125
   epoch 4:   5(gpu) -> 11(SW)   volume = 0.046875
   epoch 4:   5(gpu) -> 12(SW)   volume = 0.046875
   epoch 4:   5(gpu) -> 13(SW)   volume = 0.03125
   epoch 4:   8(SW) ->  0(gpu)   volume = 0.046875
   epoch 4:   9(SW) ->  3(gpu)   volume = 0.046875
   epoch 4:  10(SW) ->  0(gpu)   volume = 0.03125
   epoch 4:  11(SW) ->  0(gpu)   volume = 0.046875
   epoch 4:  12(SW) ->  0(gpu)   volume = 0.046875
   epoch 4:  13(SW) ->  3(gpu)   volume = 0.03125
   epoch 5:   5(gpu) ->  8(SW)   volume = 0.046875
   epoch 5:   5(gpu) ->  9(SW)   volume = 0.046875
   epoch 5:   5(gpu) -> 10(SW)   volume = 0.03125
   epoch 5:   5(gpu) -> 11(SW)   volume = 0.046875
   epoch 5:   5(gpu) -> 12(SW)   volume = 0.046875
   epoch 5:   5(gpu) -> 13(SW)   volume = 0.03125
   epoch 5:   8(SW) ->  1(gpu)   volume = 0.046875
   epoch 5:   9(SW) ->  0(gpu)   volume = 0.03125
   epoch 5:   9(SW) ->  2(gpu)   volume = 0.015625
   epoch 5:  10(SW) ->  0(gpu)   volume = 0.03125
   epoch 5:  11(SW) ->  0(gpu)   volume = 0.046875
   epoch 5:  12(SW) ->  1(gpu)   volume = 0.046875
   epoch 5:  13(SW) ->  1(gpu)   volume = 0.03125
   epoch 6:   5(gpu) ->  8(SW)   volume = 0.046875
   epoch 6:   5(gpu) ->  9(SW)   volume = 0.046875
   epoch 6:   5(gpu) -> 10(SW)   volume = 0.03125
   epoch 6:   5(gpu) -> 11(SW)   volume = 0.046875
   epoch 6:   5(gpu) -> 12(SW)   volume = 0.046875
   epoch 6:   5(gpu) -> 13(SW)   volume = 0.03125
   epoch 6:   8(SW) ->  1(gpu)   volume = 0.046875
   epoch 6:   9(SW) ->  3(gpu)   volume = 0.046875
   epoch 6:  10(SW) ->  1(gpu)   volume = 0.03125
   epoch 6:  11(SW) ->  0(gpu)   volume = 0.046875
   epoch 6:  12(SW) ->  3(gpu)   volume = 0.046875
   epoch 6:  13(SW) ->  1(gpu)   volume = 0.03125
   epoch 7:   5(gpu) ->  8(SW)   volume = 0.046875
   epoch 7:   5(gpu) ->  9(SW)   volume = 0.046875
   epoch 7:   5(gpu) -> 10(SW)   volume = 0.03125
   epoch 7:   5(gpu) -> 11(SW)   volume = 0.046875
   epoch 7:   5(gpu) -> 12(SW)   volume = 0.046875
   epoch 7:   5(gpu) -> 13(SW)   volume = 0.03125
   epoch 7:   8(SW) ->  2(gpu)   volume = 0.046875
   epoch 7:   9(SW) ->  0(gpu)   volume = 0.03125
   epoch 7:   9(SW) ->  6(gpu)   volume = 0.015625
   epoch 7:  10(SW) ->  6(gpu)   volume = 0.03125
   epoch 7:  11(SW) ->  1(gpu)   volume = 0.024968
   epoch 7:  11(SW) ->  3(gpu)   volume = 0.015625
   epoch 7:  11(SW) ->  4(gpu)   volume = 0.006282
   epoch 7:  12(SW) ->  4(gpu)   volume = 0.046875
   epoch 7:  13(SW) ->  3(gpu)   volume = 0.03125
   epoch 8:   5(gpu) ->  8(SW)   volume = 0.046875
   epoch 8:   5(gpu) ->  9(SW)   volume = 0.046875
   epoch 8:   5(gpu) -> 10(SW)   volume = 0.03125
   epoch 8:   5(gpu) -> 11(SW)   volume = 0.046875
   epoch 8:   5(gpu) -> 12(SW)   volume = 0.046875
   epoch 8:   5(gpu) -> 13(SW)   volume = 0.03125
   epoch 8:   8(SW) ->  0(gpu)   volume = 0.046875
   epoch 8:   9(SW) ->  4(gpu)   volume = 0.046875
   epoch 8:  10(SW) ->  7(gpu)   volume = 0.03125
   epoch 8:  11(SW) ->  0(gpu)   volume = 0.008783
   epoch 8:  11(SW) ->  1(gpu)   volume = 0.038092
   epoch 8:  12(SW) ->  2(gpu)   volume = 0.046875
   epoch 8:  13(SW) ->  4(gpu)   volume = 0.03125
   epoch 9:   5(gpu) ->  8(SW)   volume = 0.046875
   epoch 9:   5(gpu) ->  9(SW)   volume = 0.046875
   epoch 9:   5(gpu) -> 10(SW)   volume = 0.03125
   epoch 9:   5(gpu) -> 11(SW)   volume = 0.046875
   epoch 9:   5(gpu) -> 12(SW)   volume = 0.046875
   epoch 9:   5(gpu) -> 13(SW)   volume = 0.03125
   epoch 9:   8(SW) ->  0(gpu)   volume = 0.03125
   epoch 9:   8(SW) ->  4(gpu)   volume = 0.015625
   epoch 9:   9(SW) ->  3(gpu)   volume = 0.046875
   epoch 9:  10(SW) ->  0(gpu)   volume = 0.03125
   epoch 9:  11(SW) ->  0(gpu)   volume = 0.015625
   epoch 9:  11(SW) ->  3(gpu)   volume = 0.03125
   epoch 9:  12(SW) ->  0(gpu)   volume = 0.046875
   epoch 9:  13(SW) ->  3(gpu)   volume = 0.03125
   epoch 10:   5(gpu) ->  8(SW)   volume = 0.046875
   epoch 10:   5(gpu) ->  9(SW)   volume = 0.046875
   epoch 10:   5(gpu) -> 10(SW)   volume = 0.03125
   epoch 10:   5(gpu) -> 11(SW)   volume = 0.046875
   epoch 10:   5(gpu) -> 12(SW)   volume = 0.046875
   epoch 10:   5(gpu) -> 13(SW)   volume = 0.03125
   epoch 10:   8(SW) ->  1(gpu)   volume = 0.046875
   epoch 10:   9(SW) ->  1(gpu)   volume = 0.046875
   epoch 10:  10(SW) ->  7(gpu)   volume = 0.03125
   epoch 10:  11(SW) ->  1(gpu)   volume = 0.046875
   epoch 10:  12(SW) ->  1(gpu)   volume = 0.046875
   epoch 10:  13(SW) ->  4(gpu)   volume = 0.03125
   epoch 11:   5(gpu) ->  8(SW)   volume = 0.046875
   epoch 11:   5(gpu) ->  9(SW)   volume = 0.046875
   epoch 11:   5(gpu) -> 10(SW)   volume = 0.03125
   epoch 11:   5(gpu) -> 11(SW)   volume = 0.046875
   epoch 11:   5(gpu) -> 12(SW)   volume = 0.046875
   epoch 11:   5(gpu) -> 13(SW)   volume = 0.03125
   epoch 11:   8(SW) ->  3(gpu)   volume = 0.046875
   epoch 11:   9(SW) ->  7(gpu)   volume = 0.046875
   epoch 11:  10(SW) ->  7(gpu)   volume = 0.03125
   epoch 11:  11(SW) ->  0(gpu)   volume = 0.046875
   epoch 11:  12(SW) ->  7(gpu)   volume = 0.046875
   epoch 11:  13(SW) ->  4(gpu)   volume = 0.03125
   epoch 12:   5(gpu) ->  8(SW)   volume = 0.046875
   epoch 12:   5(gpu) ->  9(SW)   volume = 0.046875
   epoch 12:   5(gpu) -> 10(SW)   volume = 0.03125
   epoch 12:   5(gpu) -> 11(SW)   volume = 0.046875
   epoch 12:   5(gpu) -> 12(SW)   volume = 0.046875
   epoch 12:   5(gpu) -> 13(SW)   volume = 0.03125
   epoch 12:   8(SW) ->  1(gpu)   volume = 0.03125
   epoch 12:   8(SW) ->  7(gpu)   volume = 0.015625
   epoch 12:   9(SW) ->  1(gpu)   volume = 0.046875
   epoch 12:  10(SW) ->  1(gpu)   volume = 0.03125
   epoch 12:  11(SW) ->  1(gpu)   volume = 0.046875
   epoch 12:  12(SW) ->  1(gpu)   volume = 0.046875
   epoch 12:  13(SW) ->  1(gpu)   volume = 0.03125
   epoch 13:   5(gpu) ->  8(SW)   volume = 0.046875
   epoch 13:   5(gpu) ->  9(SW)   volume = 0.046875
   epoch 13:   5(gpu) -> 10(SW)   volume = 0.03125
   epoch 13:   5(gpu) -> 11(SW)   volume = 0.046875
   epoch 13:   5(gpu) -> 12(SW)   volume = 0.046875
   epoch 13:   5(gpu) -> 13(SW)   volume = 0.03125
   epoch 13:   8(SW) ->  0(gpu)   volume = 0.044834
   epoch 13:   8(SW) ->  6(gpu)   volume = 0.002041
   epoch 13:   9(SW) ->  0(gpu)   volume = 0.046875
   epoch 13:  10(SW) ->  2(gpu)   volume = 0.03125
   epoch 13:  11(SW) ->  0(gpu)   volume = 0.046875
   epoch 13:  12(SW) ->  3(gpu)   volume = 0.046875
   epoch 13:  13(SW) ->  0(gpu)   volume = 0.03125
   epoch 14:   5(gpu) ->  8(SW)   volume = 0.046875
   epoch 14:   5(gpu) ->  9(SW)   volume = 0.046875
   epoch 14:   5(gpu) -> 10(SW)   volume = 0.03125
   epoch 14:   5(gpu) -> 11(SW)   volume = 0.046875
   epoch 14:   5(gpu) -> 12(SW)   volume = 0.046875
   epoch 14:   5(gpu) -> 13(SW)   volume = 0.03125
   epoch 14:   8(SW) ->  2(gpu)   volume = 0.015625
   epoch 14:   8(SW) ->  4(gpu)   volume = 0.03125
   epoch 14:   9(SW) ->  4(gpu)   volume = 0.046875
   epoch 14:  10(SW) ->  6(gpu)   volume = 0.007999
   epoch 14:  10(SW) ->  7(gpu)   volume = 0.023251
   epoch 14:  11(SW) ->  2(gpu)   volume = 0.046875
   epoch 14:  12(SW) ->  7(gpu)   volume = 0.046875
   epoch 14:  13(SW) ->  4(gpu)   volume = 0.03125
   epoch 15:   5(gpu) ->  8(SW)   volume = 0.046875
   epoch 15:   5(gpu) ->  9(SW)   volume = 0.046875
   epoch 15:   5(gpu) -> 10(SW)   volume = 0.03125
   epoch 15:   5(gpu) -> 11(SW)   volume = 0.046875
   epoch 15:   5(gpu) -> 12(SW)   volume = 0.046875
   epoch 15:   5(gpu) -> 13(SW)   volume = 0.03125
   epoch 15:   8(SW) ->  2(gpu)   volume = 0.046875
   epoch 15:   9(SW) ->  0(gpu)   volume = 0.046875
   epoch 15:  10(SW) ->  0(gpu)   volume = 0.03125
   epoch 15:  11(SW) ->  0(gpu)   volume = 0.046875
   epoch 15:  12(SW) ->  0(gpu)   volume = 0.015625
   epoch 15:  12(SW) ->  3(gpu)   volume = 0.03125
   epoch 15:  13(SW) ->  0(gpu)   volume = 0.03125
   epoch 16:   5(gpu) ->  8(SW)   volume = 0.046875
   epoch 16:   5(gpu) ->  9(SW)   volume = 0.046875
   epoch 16:   5(gpu) -> 10(SW)   volume = 0.03125
   epoch 16:   5(gpu) -> 11(SW)   volume = 0.046875
   epoch 16:   5(gpu) -> 12(SW)   volume = 0.046875
   epoch 16:   5(gpu) -> 13(SW)   volume = 0.03125
   epoch 16:   8(SW) ->  1(gpu)   volume = 0.015625
   epoch 16:   8(SW) ->  7(gpu)   volume = 0.03125
   epoch 16:   9(SW) ->  4(gpu)   volume = 0.015625
   epoch 16:   9(SW) ->  6(gpu)   volume = 0.03125
   epoch 16:  10(SW) ->  4(gpu)   volume = 0.03125
   epoch 16:  11(SW) ->  1(gpu)   volume = 0.046875
   epoch 16:  12(SW) ->  1(gpu)   volume = 0.015625
   epoch 16:  12(SW) ->  6(gpu)   volume = 0.03125
   epoch 16:  13(SW) ->  7(gpu)   volume = 0.03125
   epoch 17:   5(gpu) ->  8(SW)   volume = 0.046875
   epoch 17:   5(gpu) ->  9(SW)   volume = 0.046875
   epoch 17:   5(gpu) -> 10(SW)   volume = 0.03125
   epoch 17:   5(gpu) -> 11(SW)   volume = 0.046875
   epoch 17:   5(gpu) -> 12(SW)   volume = 0.046875
   epoch 17:   5(gpu) -> 13(SW)   volume = 0.03125
   epoch 17:   8(SW) ->  2(gpu)   volume = 0.046875
   epoch 17:   9(SW) ->  0(gpu)   volume = 0.046875
   epoch 17:  10(SW) ->  3(gpu)   volume = 0.03125
   epoch 17:  11(SW) ->  3(gpu)   volume = 0.046875
   epoch 17:  12(SW) ->  2(gpu)   volume = 0.015625
   epoch 17:  12(SW) ->  3(gpu)   volume = 0.03125
   epoch 17:  13(SW) ->  3(gpu)   volume = 0.03125
   epoch 18:   5(gpu) ->  8(SW)   volume = 0.046875
   epoch 18:   5(gpu) ->  9(SW)   volume = 0.046875
   epoch 18:   5(gpu) -> 10(SW)   volume = 0.03125
   epoch 18:   5(gpu) -> 11(SW)   volume = 0.046875
   epoch 18:   5(gpu) -> 12(SW)   volume = 0.046875
   epoch 18:   5(gpu) -> 13(SW)   volume = 0.03125
   epoch 18:   8(SW) ->  1(gpu)   volume = 0.046875
   epoch 18:   9(SW) ->  3(gpu)   volume = 0.046875
   epoch 18:  10(SW) ->  4(gpu)   volume = 0.015625
   epoch 18:  10(SW) ->  6(gpu)   volume = 0.015625
   epoch 18:  11(SW) ->  1(gpu)   volume = 0.046875
   epoch 18:  12(SW) ->  4(gpu)   volume = 0.015625
   epoch 18:  12(SW) ->  6(gpu)   volume = 0.03125
   epoch 18:  13(SW) ->  6(gpu)   volume = 0.03125
   epoch 19:   5(gpu) ->  8(SW)   volume = 0.046875
   epoch 19:   5(gpu) ->  9(SW)   volume = 0.046875
   epoch 19:   5(gpu) -> 10(SW)   volume = 0.03125
   epoch 19:   5(gpu) -> 11(SW)   volume = 0.046875
   epoch 19:   5(gpu) -> 12(SW)   volume = 0.046875
   epoch 19:   5(gpu) -> 13(SW)   volume = 0.03125
   epoch 19:   8(SW) ->  1(gpu)   volume = 0.046875
   epoch 19:   9(SW) ->  1(gpu)   volume = 0.046875
   epoch 19:  10(SW) ->  2(gpu)   volume = 0.03125
   epoch 19:  11(SW) ->  1(gpu)   volume = 0.015625
   epoch 19:  11(SW) ->  7(gpu)   volume = 0.03125
   epoch 19:  12(SW) ->  0(gpu)   volume = 0.03125
   epoch 19:  12(SW) ->  1(gpu)   volume = 0.015625
   epoch 19:  13(SW) ->  2(gpu)   volume = 0.03125
   epoch 20:   5(gpu) ->  8(SW)   volume = 0.046875
   epoch 20:   5(gpu) ->  9(SW)   volume = 0.046875
   epoch 20:   5(gpu) -> 10(SW)   volume = 0.03125
   epoch 20:   5(gpu) -> 11(SW)   volume = 0.046875
   epoch 20:   5(gpu) -> 12(SW)   volume = 0.046875
   epoch 20:   5(gpu) -> 13(SW)   volume = 0.03125
   epoch 20:   8(SW) ->  3(gpu)   volume = 0.015625
   epoch 20:   8(SW) ->  7(gpu)   volume = 0.03125
   epoch 20:   9(SW) ->  0(gpu)   volume = 0.015625
   epoch 20:   9(SW) ->  6(gpu)   volume = 0.03125
   epoch 20:  10(SW) ->  6(gpu)   volume = 0.03125
   epoch 20:  11(SW) ->  0(gpu)   volume = 0.046875
   epoch 20:  12(SW) ->  2(gpu)   volume = 0.046875
   epoch 20:  13(SW) ->  6(gpu)   volume = 0.03125
   epoch 21:   5(gpu) ->  8(SW)   volume = 0.046875
   epoch 21:   5(gpu) ->  9(SW)   volume = 0.046875
   epoch 21:   5(gpu) -> 10(SW)   volume = 0.03125
   epoch 21:   5(gpu) -> 11(SW)   volume = 0.046875
   epoch 21:   5(gpu) -> 12(SW)   volume = 0.046875
   epoch 21:   5(gpu) -> 13(SW)   volume = 0.03125
   epoch 21:   8(SW) ->  2(gpu)   volume = 0.046875
   epoch 21:   9(SW) ->  0(gpu)   volume = 0.046875
   epoch 21:  10(SW) ->  3(gpu)   volume = 0.03125
   epoch 21:  11(SW) ->  2(gpu)   volume = 0.046875
   epoch 21:  12(SW) ->  3(gpu)   volume = 0.046875
   epoch 21:  13(SW) ->  3(gpu)   volume = 0.03125
   epoch 22:   5(gpu) ->  8(SW)   volume = 0.046875
   epoch 22:   5(gpu) ->  9(SW)   volume = 0.046875
   epoch 22:   5(gpu) -> 10(SW)   volume = 0.03125
   epoch 22:   5(gpu) -> 11(SW)   volume = 0.046875
   epoch 22:   5(gpu) -> 12(SW)   volume = 0.046875
   epoch 22:   5(gpu) -> 13(SW)   volume = 0.03125
   epoch 22:   8(SW) ->  3(gpu)   volume = 0.046875
   epoch 22:   9(SW) ->  0(gpu)   volume = 0.046875
   epoch 22:  10(SW) ->  2(gpu)   volume = 0.03125
   epoch 22:  11(SW) ->  3(gpu)   volume = 0.015625
   epoch 22:  11(SW) ->  7(gpu)   volume = 0.03125
   epoch 22:  12(SW) ->  0(gpu)   volume = 0.040134
   epoch 22:  12(SW) ->  7(gpu)   volume = 0.006741
   epoch 22:  13(SW) ->  3(gpu)   volume = 0.03125
   epoch 23:   5(gpu) ->  8(SW)   volume = 0.046875
   epoch 23:   5(gpu) ->  9(SW)   volume = 0.046875
   epoch 23:   5(gpu) -> 10(SW)   volume = 0.03125
   epoch 23:   5(gpu) -> 11(SW)   volume = 0.046875
   epoch 23:   5(gpu) -> 12(SW)   volume = 0.046875
   epoch 23:   5(gpu) -> 13(SW)   volume = 0.03125
   epoch 23:   8(SW) ->  2(gpu)   volume = 0.03125
   epoch 23:   8(SW) ->  6(gpu)   volume = 0.015625
   epoch 23:   9(SW) ->  3(gpu)   volume = 0.046875
   epoch 23:  10(SW) ->  7(gpu)   volume = 0.03125
   epoch 23:  11(SW) ->  6(gpu)   volume = 0.046875
   epoch 23:  12(SW) ->  0(gpu)   volume = 0.015625
   epoch 23:  12(SW) ->  6(gpu)   volume = 0.03125
   epoch 23:  13(SW) ->  3(gpu)   volume = 0.03125
   epoch 24:   5(gpu) ->  8(SW)   volume = 0.046875
   epoch 24:   5(gpu) ->  9(SW)   volume = 0.046875
   epoch 24:   5(gpu) -> 10(SW)   volume = 0.03125
   epoch 24:   5(gpu) -> 11(SW)   volume = 0.046875
   epoch 24:   5(gpu) -> 12(SW)   volume = 0.046875
   epoch 24:   5(gpu) -> 13(SW)   volume = 0.03125
   epoch 24:   8(SW) ->  0(gpu)   volume = 0.046875
   epoch 24:   9(SW) ->  3(gpu)   volume = 0.046875
   epoch 24:  10(SW) ->  0(gpu)   volume = 0.03125
   epoch 24:  11(SW) ->  0(gpu)   volume = 0.046875
   epoch 24:  12(SW) ->  3(gpu)   volume = 0.046875
   epoch 24:  13(SW) ->  3(gpu)   volume = 0.03125
   epoch 25:   5(gpu) ->  8(SW)   volume = 0.046875
   epoch 25:   5(gpu) ->  9(SW)   volume = 0.046875
   epoch 25:   5(gpu) -> 10(SW)   volume = 0.03125
   epoch 25:   5(gpu) -> 11(SW)   volume = 0.046875
   epoch 25:   5(gpu) -> 12(SW)   volume = 0.046875
   epoch 25:   5(gpu) -> 13(SW)   volume = 0.03125
   epoch 25:   8(SW) ->  2(gpu)   volume = 0.046875
   epoch 25:   9(SW) ->  1(gpu)   volume = 0.015625
   epoch 25:   9(SW) ->  3(gpu)   volume = 0.03125
   epoch 25:  10(SW) ->  2(gpu)   volume = 0.03125
   epoch 25:  11(SW) ->  2(gpu)   volume = 0.046875
   epoch 25:  12(SW) ->  1(gpu)   volume = 0.046875
   epoch 25:  13(SW) ->  3(gpu)   volume = 0.03125
   epoch 26:   5(gpu) ->  8(SW)   volume = 0.046875
   epoch 26:   5(gpu) ->  9(SW)   volume = 0.046875
   epoch 26:   5(gpu) -> 10(SW)   volume = 0.03125
   epoch 26:   5(gpu) -> 11(SW)   volume = 0.046875
   epoch 26:   5(gpu) -> 12(SW)   volume = 0.046875
   epoch 26:   5(gpu) -> 13(SW)   volume = 0.03125
   epoch 26:   8(SW) ->  0(gpu)   volume = 0.015625
   epoch 26:   8(SW) ->  3(gpu)   volume = 0.03125
   epoch 26:   9(SW) ->  0(gpu)   volume = 0.046875
   epoch 26:  10(SW) ->  3(gpu)   volume = 0.026226
   epoch 26:  10(SW) ->  6(gpu)   volume = 0.005024
   epoch 26:  11(SW) ->  0(gpu)   volume = 0.046875
   epoch 26:  12(SW) ->  3(gpu)   volume = 0.046875
   epoch 26:  13(SW) ->  0(gpu)   volume = 0.03125
   epoch 27:   5(gpu) ->  8(SW)   volume = 0.046875
   epoch 27:   5(gpu) ->  9(SW)   volume = 0.046875
   epoch 27:   5(gpu) -> 10(SW)   volume = 0.03125
   epoch 27:   5(gpu) -> 11(SW)   volume = 0.046875
   epoch 27:   5(gpu) -> 12(SW)   volume = 0.046875
   epoch 27:   5(gpu) -> 13(SW)   volume = 0.03125
   epoch 27:   8(SW) ->  3(gpu)   volume = 0.015625
   epoch 27:   8(SW) ->  4(gpu)   volume = 0.03125
   epoch 27:   9(SW) ->  1(gpu)   volume = 0.046875
   epoch 27:  10(SW) ->  1(gpu)   volume = 0.03125
   epoch 27:  11(SW) ->  1(gpu)   volume = 0.046875
   epoch 27:  12(SW) ->  3(gpu)   volume = 0.046875
   epoch 27:  13(SW) ->  3(gpu)   volume = 0.03125
   epoch 28:   5(gpu) ->  8(SW)   volume = 0.046875
   epoch 28:   5(gpu) ->  9(SW)   volume = 0.046875
   epoch 28:   5(gpu) -> 10(SW)   volume = 0.03125
   epoch 28:   5(gpu) -> 11(SW)   volume = 0.046875
   epoch 28:   5(gpu) -> 12(SW)   volume = 0.046875
   epoch 28:   5(gpu) -> 13(SW)   volume = 0.03125
   epoch 28:   8(SW) ->  0(gpu)   volume = 0.046875
   epoch 28:   9(SW) ->  2(gpu)   volume = 0.046875
   epoch 28:  10(SW) ->  7(gpu)   volume = 0.03125
   epoch 28:  11(SW) ->  2(gpu)   volume = 0.03125
   epoch 28:  11(SW) ->  4(gpu)   volume = 0.015625
   epoch 28:  12(SW) ->  0(gpu)   volume = 0.046875
   epoch 28:  13(SW) ->  2(gpu)   volume = 0.03125
   epoch 29:   5(gpu) ->  8(SW)   volume = 0.046875
   epoch 29:   5(gpu) ->  9(SW)   volume = 0.046875
   epoch 29:   5(gpu) -> 10(SW)   volume = 0.03125
   epoch 29:   5(gpu) -> 11(SW)   volume = 0.046875
   epoch 29:   5(gpu) -> 12(SW)   volume = 0.046875
   epoch 29:   5(gpu) -> 13(SW)   volume = 0.03125
   epoch 29:   8(SW) ->  3(gpu)   volume = 0.046875
   epoch 29:   9(SW) ->  0(gpu)   volume = 0.03125
   epoch 29:   9(SW) ->  2(gpu)   volume = 0.015625
   epoch 29:  10(SW) ->  6(gpu)   volume = 0.03125
   epoch 29:  11(SW) ->  2(gpu)   volume = 0.046875
   epoch 29:  12(SW) ->  2(gpu)   volume = 0.046875
   epoch 29:  13(SW) ->  6(gpu)   volume = 0.03125
   epoch 30:   5(gpu) ->  8(SW)   volume = 0.046875
   epoch 30:   5(gpu) ->  9(SW)   volume = 0.046875
   epoch 30:   5(gpu) -> 10(SW)   volume = 0.03125
   epoch 30:   5(gpu) -> 11(SW)   volume = 0.046875
   epoch 30:   5(gpu) -> 12(SW)   volume = 0.046875
   epoch 30:   5(gpu) -> 13(SW)   volume = 0.03125
   epoch 30:   8(SW) ->  2(gpu)   volume = 0.046875
   epoch 30:   9(SW) ->  2(gpu)   volume = 0.046875
   epoch 30:  10(SW) ->  2(gpu)   volume = 0.03125
   epoch 30:  11(SW) ->  2(gpu)   volume = 0.046875
   epoch 30:  12(SW) ->  2(gpu)   volume = 0.046875
   epoch 30:  13(SW) ->  2(gpu)   volume = 0.03125
   epoch 31:   5(gpu) ->  8(SW)   volume = 0.046875
   epoch 31:   5(gpu) ->  9(SW)   volume = 0.046875
   epoch 31:   5(gpu) -> 10(SW)   volume = 0.03125
   epoch 31:   5(gpu) -> 11(SW)   volume = 0.046875
   epoch 31:   5(gpu) -> 12(SW)   volume = 0.046875
   epoch 31:   5(gpu) -> 13(SW)   volume = 0.03125
   epoch 31:   8(SW) ->  1(gpu)   volume = 0.046875
   epoch 31:   9(SW) ->  1(gpu)   volume = 0.046875
   epoch 31:  10(SW) ->  2(gpu)   volume = 0.03125
   epoch 31:  11(SW) ->  2(gpu)   volume = 0.03125
   epoch 31:  11(SW) ->  7(gpu)   volume = 0.015625
   epoch 31:  12(SW) ->  1(gpu)   volume = 0.046875
   epoch 31:  13(SW) ->  2(gpu)   volume = 0.03125
   epoch 32:   5(gpu) ->  8(SW)   volume = 0.046875
   epoch 32:   5(gpu) ->  9(SW)   volume = 0.046875
   epoch 32:   5(gpu) -> 10(SW)   volume = 0.03125
   epoch 32:   5(gpu) -> 11(SW)   volume = 0.046875
   epoch 32:   5(gpu) -> 12(SW)   volume = 0.046875
   epoch 32:   5(gpu) -> 13(SW)   volume = 0.03125
   epoch 32:   8(SW) ->  0(gpu)   volume = 0.046875
   epoch 32:   9(SW) ->  2(gpu)   volume = 0.046875
   epoch 32:  10(SW) ->  2(gpu)   volume = 0.03125
   epoch 32:  11(SW) ->  0(gpu)   volume = 0.03125
   epoch 32:  11(SW) ->  2(gpu)   volume = 0.015625
   epoch 32:  12(SW) ->  3(gpu)   volume = 0.046875
   epoch 32:  13(SW) ->  2(gpu)   volume = 0.03125
   epoch 33:   5(gpu) ->  8(SW)   volume = 0.046875
   epoch 33:   5(gpu) ->  9(SW)   volume = 0.046875
   epoch 33:   5(gpu) -> 10(SW)   volume = 0.03125
   epoch 33:   5(gpu) -> 11(SW)   volume = 0.046875
   epoch 33:   5(gpu) -> 12(SW)   volume = 0.046875
   epoch 33:   5(gpu) -> 13(SW)   volume = 0.03125
   epoch 33:   8(SW) ->  1(gpu)   volume = 0.046875
   epoch 33:   9(SW) ->  1(gpu)   volume = 0.030663
   epoch 33:   9(SW) ->  6(gpu)   volume = 0.016212
   epoch 33:  10(SW) ->  2(gpu)   volume = 0.03125
   epoch 33:  11(SW) ->  3(gpu)   volume = 0.015625
   epoch 33:  11(SW) ->  4(gpu)   volume = 0.03125
   epoch 33:  12(SW) ->  1(gpu)   volume = 0.046875
   epoch 33:  13(SW) ->  3(gpu)   volume = 0.03125
   epoch 34:   5(gpu) ->  8(SW)   volume = 0.046875
   epoch 34:   5(gpu) ->  9(SW)   volume = 0.046875
   epoch 34:   5(gpu) -> 10(SW)   volume = 0.03125
   epoch 34:   5(gpu) -> 11(SW)   volume = 0.046875
   epoch 34:   5(gpu) -> 12(SW)   volume = 0.046875
   epoch 34:   5(gpu) -> 13(SW)   volume = 0.03125
   epoch 34:   8(SW) ->  2(gpu)   volume = 0.015625
   epoch 34:   8(SW) ->  7(gpu)   volume = 0.03125
   epoch 34:   9(SW) ->  3(gpu)   volume = 0.046875
   epoch 34:  10(SW) ->  0(gpu)   volume = 0.03125
   epoch 34:  11(SW) ->  3(gpu)   volume = 0.015625
   epoch 34:  11(SW) ->  7(gpu)   volume = 0.03125
   epoch 34:  12(SW) ->  3(gpu)   volume = 0.015546
   epoch 34:  12(SW) ->  7(gpu)   volume = 0.031329
   epoch 34:  13(SW) ->  4(gpu)   volume = 0.03125
   epoch 35:   5(gpu) ->  8(SW)   volume = 0.046875
   epoch 35:   5(gpu) ->  9(SW)   volume = 0.046875
   epoch 35:   5(gpu) -> 10(SW)   volume = 0.03125
   epoch 35:   5(gpu) -> 11(SW)   volume = 0.046875
   epoch 35:   5(gpu) -> 12(SW)   volume = 0.046875
   epoch 35:   5(gpu) -> 13(SW)   volume = 0.03125
   epoch 35:   8(SW) ->  6(gpu)   volume = 0.046875
   epoch 35:   9(SW) ->  2(gpu)   volume = 0.031276
   epoch 35:   9(SW) ->  6(gpu)   volume = 0.015599
   epoch 35:  10(SW) ->  1(gpu)   volume = 2.6e-05
   epoch 35:  10(SW) ->  2(gpu)   volume = 0.031224
   epoch 35:  11(SW) ->  6(gpu)   volume = 0.046875
   epoch 35:  12(SW) ->  1(gpu)   volume = 0.015625
   epoch 35:  12(SW) ->  6(gpu)   volume = 0.03125
   epoch 35:  13(SW) ->  2(gpu)   volume = 0.03125
   epoch 36:   5(gpu) ->  8(SW)   volume = 0.046875
   epoch 36:   5(gpu) ->  9(SW)   volume = 0.046875
   epoch 36:   5(gpu) -> 10(SW)   volume = 0.03125
   epoch 36:   5(gpu) -> 11(SW)   volume = 0.046875
   epoch 36:   5(gpu) -> 12(SW)   volume = 0.046875
   epoch 36:   5(gpu) -> 13(SW)   volume = 0.03125
   epoch 36:   8(SW) ->  0(gpu)   volume = 0.03125
   epoch 36:   8(SW) ->  4(gpu)   volume = 0.015625
   epoch 36:   9(SW) ->  1(gpu)   volume = 0.046875
   epoch 36:  10(SW) ->  4(gpu)   volume = 0.03125
   epoch 36:  11(SW) ->  0(gpu)   volume = 0.015625
   epoch 36:  11(SW) ->  7(gpu)   volume = 0.03125
   epoch 36:  12(SW) ->  1(gpu)   volume = 0.046875
   epoch 36:  13(SW) ->  0(gpu)   volume = 0.03125
   epoch 37:   5(gpu) ->  8(SW)   volume = 0.046875
   epoch 37:   5(gpu) ->  9(SW)   volume = 0.046875
   epoch 37:   5(gpu) -> 10(SW)   volume = 0.03125
   epoch 37:   5(gpu) -> 11(SW)   volume = 0.046875
   epoch 37:   5(gpu) -> 12(SW)   volume = 0.046875
   epoch 37:   5(gpu) -> 13(SW)   volume = 0.03125
   epoch 37:   8(SW) ->  0(gpu)   volume = 0.015625
   epoch 37:   8(SW) ->  4(gpu)   volume = 0.03125
   epoch 37:   9(SW) ->  3(gpu)   volume = 0.046875
   epoch 37:  10(SW) ->  0(gpu)   volume = 0.03125
   epoch 37:  11(SW) ->  1(gpu)   volume = 0.015625
   epoch 37:  11(SW) ->  7(gpu)   volume = 0.03125
   epoch 37:  12(SW) ->  3(gpu)   volume = 0.046875
   epoch 37:  13(SW) ->  3(gpu)   volume = 0.03125
   epoch 38:   5(gpu) ->  8(SW)   volume = 0.046875
   epoch 38:   5(gpu) ->  9(SW)   volume = 0.046875
   epoch 38:   5(gpu) -> 10(SW)   volume = 0.03125
   epoch 38:   5(gpu) -> 11(SW)   volume = 0.046875
   epoch 38:   5(gpu) -> 12(SW)   volume = 0.046875
   epoch 38:   5(gpu) -> 13(SW)   volume = 0.03125
   epoch 38:   8(SW) ->  3(gpu)   volume = 0.020728
   epoch 38:   8(SW) ->  4(gpu)   volume = 0.026147
   epoch 38:   9(SW) ->  3(gpu)   volume = 0.046875
   epoch 38:  10(SW) ->  1(gpu)   volume = 0.03125
   epoch 38:  11(SW) ->  1(gpu)   volume = 0.046875
   epoch 38:  12(SW) ->  1(gpu)   volume = 0.046875
   epoch 38:  13(SW) ->  1(gpu)   volume = 0.03125
   epoch 39:   5(gpu) ->  8(SW)   volume = 0.046875
   epoch 39:   5(gpu) ->  9(SW)   volume = 0.046875
   epoch 39:   5(gpu) -> 10(SW)   volume = 0.03125
   epoch 39:   5(gpu) -> 11(SW)   volume = 0.046875
   epoch 39:   5(gpu) -> 12(SW)   volume = 0.046875
   epoch 39:   5(gpu) -> 13(SW)   volume = 0.03125
   epoch 39:   8(SW) ->  2(gpu)   volume = 0.015625
   epoch 39:   8(SW) ->  4(gpu)   volume = 0.03125
   epoch 39:   9(SW) ->  3(gpu)   volume = 0.046875
   epoch 39:  10(SW) ->  2(gpu)   volume = 0.03125
   epoch 39:  11(SW) ->  0(gpu)   volume = 0.03125
   epoch 39:  11(SW) ->  1(gpu)   volume = 0.015625
   epoch 39:  12(SW) ->  3(gpu)   volume = 0.046875
   epoch 39:  13(SW) ->  3(gpu)   volume = 0.03125
   epoch 40:   5(gpu) ->  8(SW)   volume = 0.046875
   epoch 40:   5(gpu) ->  9(SW)   volume = 0.046875
   epoch 40:   5(gpu) -> 10(SW)   volume = 0.03125
   epoch 40:   5(gpu) -> 11(SW)   volume = 0.046875
   epoch 40:   5(gpu) -> 12(SW)   volume = 0.046875
   epoch 40:   5(gpu) -> 13(SW)   volume = 0.03125
   epoch 40:   8(SW) ->  6(gpu)   volume = 0.015625
   epoch 40:   8(SW) ->  7(gpu)   volume = 0.03125
   epoch 40:   9(SW) ->  4(gpu)   volume = 0.015625
   epoch 40:   9(SW) ->  6(gpu)   volume = 0.03125
   epoch 40:  10(SW) ->  7(gpu)   volume = 0.03125
   epoch 40:  11(SW) ->  6(gpu)   volume = 0.015625
   epoch 40:  11(SW) ->  7(gpu)   volume = 0.03125
   epoch 40:  12(SW) ->  6(gpu)   volume = 0.03125
   epoch 40:  12(SW) ->  7(gpu)   volume = 0.015625
   epoch 40:  13(SW) ->  4(gpu)   volume = 0.03125
   epoch 41:   5(gpu) ->  8(SW)   volume = 0.046875
   epoch 41:   5(gpu) ->  9(SW)   volume = 0.046875
   epoch 41:   5(gpu) -> 10(SW)   volume = 0.03125
   epoch 41:   5(gpu) -> 11(SW)   volume = 0.046875
   epoch 41:   5(gpu) -> 12(SW)   volume = 0.046875
   epoch 41:   5(gpu) -> 13(SW)   volume = 0.03125
   epoch 41:   8(SW) ->  6(gpu)   volume = 0.046875
   epoch 41:   9(SW) ->  4(gpu)   volume = 0.046875
   epoch 41:  10(SW) ->  7(gpu)   volume = 0.03125
   epoch 41:  11(SW) ->  6(gpu)   volume = 0.03125
   epoch 41:  11(SW) ->  7(gpu)   volume = 0.015625
   epoch 41:  12(SW) ->  4(gpu)   volume = 0.046875
   epoch 41:  13(SW) ->  7(gpu)   volume = 0.03125
   epoch 42:   5(gpu) ->  8(SW)   volume = 0.046875
   epoch 42:   5(gpu) ->  9(SW)   volume = 0.046875
   epoch 42:   5(gpu) -> 10(SW)   volume = 0.03125
   epoch 42:   5(gpu) -> 11(SW)   volume = 0.046875
   epoch 42:   5(gpu) -> 12(SW)   volume = 0.046875
   epoch 42:   5(gpu) -> 13(SW)   volume = 0.03125
   epoch 42:   8(SW) ->  6(gpu)   volume = 0.046875
   epoch 42:   9(SW) ->  4(gpu)   volume = 0.046875
   epoch 42:  10(SW) ->  7(gpu)   volume = 0.03125
   epoch 42:  11(SW) ->  6(gpu)   volume = 0.046875
   epoch 42:  12(SW) ->  6(gpu)   volume = 0.03125
   epoch 42:  12(SW) ->  7(gpu)   volume = 0.015625
   epoch 42:  13(SW) ->  4(gpu)   volume = 0.03125
   epoch 43:   5(gpu) ->  8(SW)   volume = 0.046875
   epoch 43:   5(gpu) ->  9(SW)   volume = 0.046875
   epoch 43:   5(gpu) -> 10(SW)   volume = 0.03125
   epoch 43:   5(gpu) -> 11(SW)   volume = 0.046875
   epoch 43:   5(gpu) -> 12(SW)   volume = 0.046875
   epoch 43:   5(gpu) -> 13(SW)   volume = 0.03125
   epoch 43:   8(SW) ->  6(gpu)   volume = 0.015625
   epoch 43:   8(SW) ->  7(gpu)   volume = 0.03125
   epoch 43:   9(SW) ->  4(gpu)   volume = 0.046875
   epoch 43:  10(SW) ->  4(gpu)   volume = 0.014447
   epoch 43:  10(SW) ->  7(gpu)   volume = 0.016803
   epoch 43:  11(SW) ->  6(gpu)   volume = 0.03125
   epoch 43:  11(SW) ->  7(gpu)   volume = 0.015625
   epoch 43:  12(SW) ->  4(gpu)   volume = 0.046875
   epoch 43:  13(SW) ->  7(gpu)   volume = 0.03125

-- source 6 --
   epoch 0:   6(gpu) ->  8(SW)   volume = 0.046875
   epoch 0:   6(gpu) ->  9(SW)   volume = 0.03125
   epoch 0:   6(gpu) -> 10(SW)   volume = 0.046875
   epoch 0:   6(gpu) -> 11(SW)   volume = 0.046875
   epoch 0:   6(gpu) -> 12(SW)   volume = 0.03125
   epoch 0:   6(gpu) -> 13(SW)   volume = 0.046875
   epoch 0:   8(SW) ->  1(gpu)   volume = 0.046875
   epoch 0:   9(SW) ->  1(gpu)   volume = 0.03125
   epoch 0:  10(SW) ->  0(gpu)   volume = 0.046875
   epoch 0:  11(SW) ->  1(gpu)   volume = 0.046875
   epoch 0:  12(SW) ->  1(gpu)   volume = 0.03125
   epoch 0:  13(SW) ->  3(gpu)   volume = 0.046875
   epoch 1:   6(gpu) ->  8(SW)   volume = 0.046875
   epoch 1:   6(gpu) ->  9(SW)   volume = 0.03125
   epoch 1:   6(gpu) -> 10(SW)   volume = 0.046875
   epoch 1:   6(gpu) -> 11(SW)   volume = 0.046875
   epoch 1:   6(gpu) -> 12(SW)   volume = 0.03125
   epoch 1:   6(gpu) -> 13(SW)   volume = 0.046875
   epoch 1:   8(SW) ->  0(gpu)   volume = 0.015625
   epoch 1:   8(SW) ->  2(gpu)   volume = 0.03125
   epoch 1:   9(SW) ->  1(gpu)   volume = 0.03125
   epoch 1:  10(SW) ->  0(gpu)   volume = 0.015625
   epoch 1:  10(SW) ->  1(gpu)   volume = 0.03125
   epoch 1:  11(SW) ->  3(gpu)   volume = 0.03125
   epoch 1:  11(SW) ->  5(gpu)   volume = 0.015625
   epoch 1:  12(SW) ->  3(gpu)   volume = 0.03125
   epoch 1:  13(SW) ->  1(gpu)   volume = 0.046875
   epoch 2:   6(gpu) ->  8(SW)   volume = 0.046875
   epoch 2:   6(gpu) ->  9(SW)   volume = 0.03125
   epoch 2:   6(gpu) -> 10(SW)   volume = 0.046875
   epoch 2:   6(gpu) -> 11(SW)   volume = 0.046875
   epoch 2:   6(gpu) -> 12(SW)   volume = 0.03125
   epoch 2:   6(gpu) -> 13(SW)   volume = 0.046875
   epoch 2:   8(SW) ->  2(gpu)   volume = 0.046875
   epoch 2:   9(SW) ->  2(gpu)   volume = 0.03125
   epoch 2:  10(SW) ->  2(gpu)   volume = 0.046875
   epoch 2:  11(SW) ->  1(gpu)   volume = 0.015625
   epoch 2:  11(SW) ->  3(gpu)   volume = 0.03125
   epoch 2:  12(SW) ->  5(gpu)   volume = 0.03125
   epoch 2:  13(SW) ->  2(gpu)   volume = 0.046875
   epoch 3:   6(gpu) ->  8(SW)   volume = 0.046875
   epoch 3:   6(gpu) ->  9(SW)   volume = 0.03125
   epoch 3:   6(gpu) -> 10(SW)   volume = 0.046875
   epoch 3:   6(gpu) -> 11(SW)   volume = 0.046875
   epoch 3:   6(gpu) -> 12(SW)   volume = 0.03125
   epoch 3:   6(gpu) -> 13(SW)   volume = 0.046875
   epoch 3:   8(SW) ->  2(gpu)   volume = 0.046875
   epoch 3:   9(SW) ->  2(gpu)   volume = 0.03125
   epoch 3:  10(SW) ->  1(gpu)   volume = 0.046875
   epoch 3:  11(SW) ->  1(gpu)   volume = 0.046875
   epoch 3:  12(SW) ->  1(gpu)   volume = 0.03125
   epoch 3:  13(SW) ->  3(gpu)   volume = 0.046875
   epoch 4:   6(gpu) ->  8(SW)   volume = 0.046875
   epoch 4:   6(gpu) ->  9(SW)   volume = 0.03125
   epoch 4:   6(gpu) -> 10(SW)   volume = 0.046875
   epoch 4:   6(gpu) -> 11(SW)   volume = 0.046875
   epoch 4:   6(gpu) -> 12(SW)   volume = 0.03125
   epoch 4:   6(gpu) -> 13(SW)   volume = 0.046875
   epoch 4:   8(SW) ->  0(gpu)   volume = 0.015625
   epoch 4:   8(SW) ->  7(gpu)   volume = 0.03125
   epoch 4:   9(SW) ->  0(gpu)   volume = 0.03125
   epoch 4:  10(SW) ->  0(gpu)   volume = 0.046875
   epoch 4:  11(SW) ->  3(gpu)   volume = 0.03125
   epoch 4:  11(SW) ->  7(gpu)   volume = 0.015625
   epoch 4:  12(SW) ->  4(gpu)   volume = 0.015625
   epoch 4:  12(SW) ->  5(gpu)   volume = 0.015625
   epoch 4:  13(SW) ->  3(gpu)   volume = 0.046875
   epoch 5:   6(gpu) ->  8(SW)   volume = 0.046875
   epoch 5:   6(gpu) ->  9(SW)   volume = 0.03125
   epoch 5:   6(gpu) -> 10(SW)   volume = 0.046875
   epoch 5:   6(gpu) -> 11(SW)   volume = 0.046875
   epoch 5:   6(gpu) -> 12(SW)   volume = 0.03125
   epoch 5:   6(gpu) -> 13(SW)   volume = 0.046875
   epoch 5:   8(SW) ->  0(gpu)   volume = 0.046875
   epoch 5:   9(SW) ->  2(gpu)   volume = 0.03125
   epoch 5:  10(SW) ->  2(gpu)   volume = 0.046875
   epoch 5:  11(SW) ->  2(gpu)   volume = 0.046875
   epoch 5:  12(SW) ->  3(gpu)   volume = 0.03125
   epoch 5:  13(SW) ->  1(gpu)   volume = 0.046875
   epoch 6:   6(gpu) ->  8(SW)   volume = 0.046875
   epoch 6:   6(gpu) ->  9(SW)   volume = 0.03125
   epoch 6:   6(gpu) -> 10(SW)   volume = 0.046875
   epoch 6:   6(gpu) -> 11(SW)   volume = 0.046875
   epoch 6:   6(gpu) -> 12(SW)   volume = 0.03125
   epoch 6:   6(gpu) -> 13(SW)   volume = 0.046875
   epoch 6:   8(SW) ->  0(gpu)   volume = 0.015625
   epoch 6:   8(SW) ->  3(gpu)   volume = 0.03125
   epoch 6:   9(SW) ->  2(gpu)   volume = 0.03125
   epoch 6:  10(SW) ->  0(gpu)   volume = 0.046875
   epoch 6:  11(SW) ->  3(gpu)   volume = 0.046875
   epoch 6:  12(SW) ->  2(gpu)   volume = 0.03125
   epoch 6:  13(SW) ->  2(gpu)   volume = 0.046875
   epoch 7:   6(gpu) ->  8(SW)   volume = 0.046875
   epoch 7:   6(gpu) ->  9(SW)   volume = 0.03125
   epoch 7:   6(gpu) -> 10(SW)   volume = 0.046875
   epoch 7:   6(gpu) -> 11(SW)   volume = 0.046875
   epoch 7:   6(gpu) -> 12(SW)   volume = 0.03125
   epoch 7:   6(gpu) -> 13(SW)   volume = 0.046875
   epoch 7:   8(SW) ->  5(gpu)   volume = 0.046875
   epoch 7:   9(SW) ->  5(gpu)   volume = 0.03125
   epoch 7:  10(SW) ->  2(gpu)   volume = 0.015625
   epoch 7:  10(SW) ->  5(gpu)   volume = 0.03125
   epoch 7:  11(SW) ->  3(gpu)   volume = 0.046875
   epoch 7:  12(SW) ->  5(gpu)   volume = 0.03125
   epoch 7:  13(SW) ->  0(gpu)   volume = 0.015625
   epoch 7:  13(SW) ->  5(gpu)   volume = 0.03125
   epoch 8:   6(gpu) ->  8(SW)   volume = 0.046875
   epoch 8:   6(gpu) ->  9(SW)   volume = 0.03125
   epoch 8:   6(gpu) -> 10(SW)   volume = 0.046875
   epoch 8:   6(gpu) -> 11(SW)   volume = 0.046875
   epoch 8:   6(gpu) -> 12(SW)   volume = 0.03125
   epoch 8:   6(gpu) -> 13(SW)   volume = 0.046875
   epoch 8:   8(SW) ->  0(gpu)   volume = 0.046875
   epoch 8:   9(SW) ->  7(gpu)   volume = 0.03125
   epoch 8:  10(SW) ->  1(gpu)   volume = 0.015625
   epoch 8:  10(SW) ->  2(gpu)   volume = 0.03125
   epoch 8:  11(SW) ->  3(gpu)   volume = 0.046875
   epoch 8:  12(SW) ->  4(gpu)   volume = 0.03125
   epoch 8:  13(SW) ->  2(gpu)   volume = 0.046875
   epoch 9:   6(gpu) ->  8(SW)   volume = 0.046875
   epoch 9:   6(gpu) ->  9(SW)   volume = 0.03125
   epoch 9:   6(gpu) -> 10(SW)   volume = 0.046875
   epoch 9:   6(gpu) -> 11(SW)   volume = 0.046875
   epoch 9:   6(gpu) -> 12(SW)   volume = 0.03125
   epoch 9:   6(gpu) -> 13(SW)   volume = 0.046875
   epoch 9:   8(SW) ->  3(gpu)   volume = 0.046875
   epoch 9:   9(SW) ->  0(gpu)   volume = 0.031197
   epoch 9:   9(SW) ->  5(gpu)   volume = 5.3e-05
   epoch 9:  10(SW) ->  0(gpu)   volume = 0.046875
   epoch 9:  11(SW) ->  3(gpu)   volume = 0.046875
   epoch 9:  12(SW) ->  3(gpu)   volume = 0.03125
   epoch 9:  13(SW) ->  0(gpu)   volume = 0.046875
   epoch 10:   6(gpu) ->  8(SW)   volume = 0.046875
   epoch 10:   6(gpu) ->  9(SW)   volume = 0.03125
   epoch 10:   6(gpu) -> 10(SW)   volume = 0.046875
   epoch 10:   6(gpu) -> 11(SW)   volume = 0.046875
   epoch 10:   6(gpu) -> 12(SW)   volume = 0.03125
   epoch 10:   6(gpu) -> 13(SW)   volume = 0.046875
   epoch 10:   8(SW) ->  2(gpu)   volume = 0.046875
   epoch 10:   9(SW) ->  4(gpu)   volume = 0.03125
   epoch 10:  10(SW) ->  0(gpu)   volume = 0.03125
   epoch 10:  10(SW) ->  4(gpu)   volume = 0.015625
   epoch 10:  11(SW) ->  2(gpu)   volume = 0.046875
   epoch 10:  12(SW) ->  2(gpu)   volume = 0.03125
   epoch 10:  13(SW) ->  2(gpu)   volume = 0.046875
   epoch 11:   6(gpu) ->  8(SW)   volume = 0.046875
   epoch 11:   6(gpu) ->  9(SW)   volume = 0.03125
   epoch 11:   6(gpu) -> 10(SW)   volume = 0.046875
   epoch 11:   6(gpu) -> 11(SW)   volume = 0.046875
   epoch 11:   6(gpu) -> 12(SW)   volume = 0.03125
   epoch 11:   6(gpu) -> 13(SW)   volume = 0.046875
   epoch 11:   8(SW) ->  0(gpu)   volume = 0.03125
   epoch 11:   8(SW) ->  4(gpu)   volume = 0.015625
   epoch 11:   9(SW) ->  4(gpu)   volume = 0.03125
   epoch 11:  10(SW) ->  0(gpu)   volume = 0.03125
   epoch 11:  10(SW) ->  7(gpu)   volume = 0.015625
   epoch 11:  11(SW) ->  0(gpu)   volume = 0.046875
   epoch 11:  12(SW) ->  4(gpu)   volume = 0.03125
   epoch 11:  13(SW) ->  0(gpu)   volume = 0.015625
   epoch 11:  13(SW) ->  4(gpu)   volume = 0.015625
   epoch 11:  13(SW) ->  7(gpu)   volume = 0.015625
   epoch 12:   6(gpu) ->  8(SW)   volume = 0.046875
   epoch 12:   6(gpu) ->  9(SW)   volume = 0.03125
   epoch 12:   6(gpu) -> 10(SW)   volume = 0.046875
   epoch 12:   6(gpu) -> 11(SW)   volume = 0.046875
   epoch 12:   6(gpu) -> 12(SW)   volume = 0.03125
   epoch 12:   6(gpu) -> 13(SW)   volume = 0.046875
   epoch 12:   8(SW) ->  2(gpu)   volume = 0.046875
   epoch 12:   9(SW) ->  2(gpu)   volume = 0.03125
   epoch 12:  10(SW) ->  2(gpu)   volume = 0.030413
   epoch 12:  10(SW) ->  3(gpu)   volume = 0.016462
   epoch 12:  11(SW) ->  2(gpu)   volume = 0.046875
   epoch 12:  12(SW) ->  3(gpu)   volume = 0.03125
   epoch 12:  13(SW) ->  2(gpu)   volume = 0.046875
   epoch 13:   6(gpu) ->  8(SW)   volume = 0.046875
   epoch 13:   6(gpu) ->  9(SW)   volume = 0.03125
   epoch 13:   6(gpu) -> 10(SW)   volume = 0.046875
   epoch 13:   6(gpu) -> 11(SW)   volume = 0.046875
   epoch 13:   6(gpu) -> 12(SW)   volume = 0.03125
   epoch 13:   6(gpu) -> 13(SW)   volume = 0.046875
   epoch 13:   8(SW) ->  3(gpu)   volume = 0.044834
   epoch 13:   8(SW) ->  5(gpu)   volume = 0.002041
   epoch 13:   9(SW) ->  3(gpu)   volume = 0.03125
   epoch 13:  10(SW) ->  3(gpu)   volume = 0.046875
   epoch 13:  11(SW) ->  0(gpu)   volume = 0.046875
   epoch 13:  12(SW) ->  5(gpu)   volume = 0.03125
   epoch 13:  13(SW) ->  3(gpu)   volume = 0.046875
   epoch 14:   6(gpu) ->  8(SW)   volume = 0.046875
   epoch 14:   6(gpu) ->  9(SW)   volume = 0.03125
   epoch 14:   6(gpu) -> 10(SW)   volume = 0.046875
   epoch 14:   6(gpu) -> 11(SW)   volume = 0.046875
   epoch 14:   6(gpu) -> 12(SW)   volume = 0.03125
   epoch 14:   6(gpu) -> 13(SW)   volume = 0.046875
   epoch 14:   8(SW) ->  1(gpu)   volume = 0.046875
   epoch 14:   9(SW) ->  7(gpu)   volume = 0.03125
   epoch 14:  10(SW) ->  4(gpu)   volume = 0.046875
   epoch 14:  11(SW) ->  1(gpu)   volume = 0.046875
   epoch 14:  12(SW) ->  4(gpu)   volume = 0.03125
   epoch 14:  13(SW) ->  7(gpu)   volume = 0.046875
   epoch 15:   6(gpu) ->  8(SW)   volume = 0.046875
   epoch 15:   6(gpu) ->  9(SW)   volume = 0.03125
   epoch 15:   6(gpu) -> 10(SW)   volume = 0.046875
   epoch 15:   6(gpu) -> 11(SW)   volume = 0.046875
   epoch 15:   6(gpu) -> 12(SW)   volume = 0.03125
   epoch 15:   6(gpu) -> 13(SW)   volume = 0.046875
   epoch 15:   8(SW) ->  0(gpu)   volume = 0.03125
   epoch 15:   8(SW) ->  7(gpu)   volume = 0.015625
   epoch 15:   9(SW) ->  7(gpu)   volume = 0.03125
   epoch 15:  10(SW) ->  3(gpu)   volume = 0.046875
   epoch 15:  11(SW) ->  0(gpu)   volume = 0.046875
   epoch 15:  12(SW) ->  0(gpu)   volume = 0.03125
   epoch 15:  13(SW) ->  3(gpu)   volume = 0.046875
   epoch 16:   6(gpu) ->  8(SW)   volume = 0.046875
   epoch 16:   6(gpu) ->  9(SW)   volume = 0.03125
   epoch 16:   6(gpu) -> 10(SW)   volume = 0.046875
   epoch 16:   6(gpu) -> 11(SW)   volume = 0.046875
   epoch 16:   6(gpu) -> 12(SW)   volume = 0.03125
   epoch 16:   6(gpu) -> 13(SW)   volume = 0.046875
   epoch 16:   8(SW) ->  2(gpu)   volume = 0.015625
   epoch 16:   8(SW) ->  4(gpu)   volume = 0.03125
   epoch 16:   9(SW) ->  3(gpu)   volume = 0.015625
   epoch 16:   9(SW) ->  4(gpu)   volume = 0.015625
   epoch 16:  10(SW) ->  4(gpu)   volume = 0.015625
   epoch 16:  10(SW) ->  5(gpu)   volume = 0.03125
   epoch 16:  11(SW) ->  2(gpu)   volume = 0.046875
   epoch 16:  12(SW) ->  2(gpu)   volume = 0.03125
   epoch 16:  13(SW) ->  4(gpu)   volume = 0.015625
   epoch 16:  13(SW) ->  5(gpu)   volume = 0.03125
   epoch 17:   6(gpu) ->  8(SW)   volume = 0.046875
   epoch 17:   6(gpu) ->  9(SW)   volume = 0.03125
   epoch 17:   6(gpu) -> 10(SW)   volume = 0.046875
   epoch 17:   6(gpu) -> 11(SW)   volume = 0.046875
   epoch 17:   6(gpu) -> 12(SW)   volume = 0.03125
   epoch 17:   6(gpu) -> 13(SW)   volume = 0.046875
   epoch 17:   8(SW) ->  1(gpu)   volume = 0.046875
   epoch 17:   9(SW) ->  0(gpu)   volume = 0.03125
   epoch 17:  10(SW) ->  1(gpu)   volume = 0.046875
   epoch 17:  11(SW) ->  1(gpu)   volume = 0.046875
   epoch 17:  12(SW) ->  2(gpu)   volume = 0.03125
   epoch 17:  13(SW) ->  0(gpu)   volume = 0.046875
   epoch 18:   6(gpu) ->  8(SW)   volume = 0.046875
   epoch 18:   6(gpu) ->  9(SW)   volume = 0.03125
   epoch 18:   6(gpu) -> 10(SW)   volume = 0.046875
   epoch 18:   6(gpu) -> 11(SW)   volume = 0.046875
   epoch 18:   6(gpu) -> 12(SW)   volume = 0.03125
   epoch 18:   6(gpu) -> 13(SW)   volume = 0.046875
   epoch 18:   8(SW) ->  2(gpu)   volume = 0.046875
   epoch 18:   9(SW) ->  5(gpu)   volume = 0.03125
   epoch 18:  10(SW) ->  2(gpu)   volume = 0.016462
   epoch 18:  10(SW) ->  5(gpu)   volume = 0.030413
   epoch 18:  11(SW) ->  2(gpu)   volume = 0.046875
   epoch 18:  12(SW) ->  5(gpu)   volume = 0.03125
   epoch 18:  13(SW) ->  2(gpu)   volume = 0.046875
   epoch 19:   6(gpu) ->  8(SW)   volume = 0.046875
   epoch 19:   6(gpu) ->  9(SW)   volume = 0.03125
   epoch 19:   6(gpu) -> 10(SW)   volume = 0.046875
   epoch 19:   6(gpu) -> 11(SW)   volume = 0.046875
   epoch 19:   6(gpu) -> 12(SW)   volume = 0.03125
   epoch 19:   6(gpu) -> 13(SW)   volume = 0.046875
   epoch 19:   8(SW) ->  4(gpu)   volume = 0.015625
   epoch 19:   8(SW) ->  7(gpu)   volume = 0.03125
   epoch 19:   9(SW) ->  1(gpu)   volume = 0.03125
   epoch 19:  10(SW) ->  1(gpu)   volume = 0.03125
   epoch 19:  10(SW) ->  4(gpu)   volume = 0.015625
   epoch 19:  11(SW) ->  1(gpu)   volume = 0.03125
   epoch 19:  11(SW) ->  2(gpu)   volume = 0.015625
   epoch 19:  12(SW) ->  1(gpu)   volume = 0.03125
   epoch 19:  13(SW) ->  2(gpu)   volume = 0.015625
   epoch 19:  13(SW) ->  3(gpu)   volume = 0.03125
   epoch 20:   6(gpu) ->  8(SW)   volume = 0.046875
   epoch 20:   6(gpu) ->  9(SW)   volume = 0.03125
   epoch 20:   6(gpu) -> 10(SW)   volume = 0.046875
   epoch 20:   6(gpu) -> 11(SW)   volume = 0.046875
   epoch 20:   6(gpu) -> 12(SW)   volume = 0.03125
   epoch 20:   6(gpu) -> 13(SW)   volume = 0.046875
   epoch 20:   8(SW) ->  0(gpu)   volume = 0.015625
   epoch 20:   8(SW) ->  1(gpu)   volume = 0.03125
   epoch 20:   9(SW) ->  0(gpu)   volume = 0.03125
   epoch 20:  10(SW) ->  0(gpu)   volume = 0.046875
   epoch 20:  11(SW) ->  0(gpu)   volume = 0.046875
   epoch 20:  12(SW) ->  0(gpu)   volume = 0.03125
   epoch 20:  13(SW) ->  0(gpu)   volume = 0.046875
   epoch 21:   6(gpu) ->  8(SW)   volume = 0.046875
   epoch 21:   6(gpu) ->  9(SW)   volume = 0.03125
   epoch 21:   6(gpu) -> 10(SW)   volume = 0.046875
   epoch 21:   6(gpu) -> 11(SW)   volume = 0.046875
   epoch 21:   6(gpu) -> 12(SW)   volume = 0.03125
   epoch 21:   6(gpu) -> 13(SW)   volume = 0.046875
   epoch 21:   8(SW) ->  1(gpu)   volume = 0.046875
   epoch 21:   9(SW) ->  1(gpu)   volume = 0.03125
   epoch 21:  10(SW) ->  3(gpu)   volume = 0.046875
   epoch 21:  11(SW) ->  1(gpu)   volume = 0.046875
   epoch 21:  12(SW) ->  0(gpu)   volume = 0.03125
   epoch 21:  13(SW) ->  0(gpu)   volume = 0.046875
   epoch 22:   6(gpu) ->  8(SW)   volume = 0.046875
   epoch 22:   6(gpu) ->  9(SW)   volume = 0.03125
   epoch 22:   6(gpu) -> 10(SW)   volume = 0.046875
   epoch 22:   6(gpu) -> 11(SW)   volume = 0.046875
   epoch 22:   6(gpu) -> 12(SW)   volume = 0.03125
   epoch 22:   6(gpu) -> 13(SW)   volume = 0.046875
   epoch 22:   8(SW) ->  1(gpu)   volume = 0.046875
   epoch 22:   9(SW) ->  7(gpu)   volume = 0.03125
   epoch 22:  10(SW) ->  3(gpu)   volume = 0.046875
   epoch 22:  11(SW) ->  0(gpu)   volume = 0.046875
   epoch 22:  12(SW) ->  3(gpu)   volume = 0.03125
   epoch 22:  13(SW) ->  3(gpu)   volume = 0.046875
   epoch 23:   6(gpu) ->  8(SW)   volume = 0.046875
   epoch 23:   6(gpu) ->  9(SW)   volume = 0.03125
   epoch 23:   6(gpu) -> 10(SW)   volume = 0.046875
   epoch 23:   6(gpu) -> 11(SW)   volume = 0.046875
   epoch 23:   6(gpu) -> 12(SW)   volume = 0.03125
   epoch 23:   6(gpu) -> 13(SW)   volume = 0.046875
   epoch 23:   8(SW) ->  1(gpu)   volume = 0.046875
   epoch 23:   9(SW) ->  0(gpu)   volume = 0.001231
   epoch 23:   9(SW) ->  1(gpu)   volume = 0.030019
   epoch 23:  10(SW) ->  3(gpu)   volume = 0.03125
   epoch 23:  10(SW) ->  5(gpu)   volume = 0.015625
   epoch 23:  11(SW) ->  1(gpu)   volume = 0.046875
   epoch 23:  12(SW) ->  1(gpu)   volume = 0.015625
   epoch 23:  12(SW) ->  4(gpu)   volume = 0.015625
   epoch 23:  13(SW) ->  0(gpu)   volume = 0.03125
   epoch 23:  13(SW) ->  2(gpu)   volume = 0.015625
   epoch 24:   6(gpu) ->  8(SW)   volume = 0.046875
   epoch 24:   6(gpu) ->  9(SW)   volume = 0.03125
   epoch 24:   6(gpu) -> 10(SW)   volume = 0.046875
   epoch 24:   6(gpu) -> 11(SW)   volume = 0.046875
   epoch 24:   6(gpu) -> 12(SW)   volume = 0.03125
   epoch 24:   6(gpu) -> 13(SW)   volume = 0.046875
   epoch 24:   8(SW) ->  3(gpu)   volume = 0.046875
   epoch 24:   9(SW) ->  0(gpu)   volume = 0.03125
   epoch 24:  10(SW) ->  3(gpu)   volume = 0.046875
   epoch 24:  11(SW) ->  0(gpu)   volume = 0.046875
   epoch 24:  12(SW) ->  3(gpu)   volume = 0.03125
   epoch 24:  13(SW) ->  3(gpu)   volume = 0.046875
   epoch 25:   6(gpu) ->  8(SW)   volume = 0.046875
   epoch 25:   6(gpu) ->  9(SW)   volume = 0.03125
   epoch 25:   6(gpu) -> 10(SW)   volume = 0.046875
   epoch 25:   6(gpu) -> 11(SW)   volume = 0.046875
   epoch 25:   6(gpu) -> 12(SW)   volume = 0.03125
   epoch 25:   6(gpu) -> 13(SW)   volume = 0.046875
   epoch 25:   8(SW) ->  1(gpu)   volume = 0.046875
   epoch 25:   9(SW) ->  1(gpu)   volume = 0.03125
   epoch 25:  10(SW) ->  2(gpu)   volume = 0.046875
   epoch 25:  11(SW) ->  1(gpu)   volume = 0.046875
   epoch 25:  12(SW) ->  3(gpu)   volume = 0.01683
   epoch 25:  12(SW) ->  4(gpu)   volume = 0.01442
   epoch 25:  13(SW) ->  3(gpu)   volume = 0.046875
   epoch 26:   6(gpu) ->  8(SW)   volume = 0.046875
   epoch 26:   6(gpu) ->  9(SW)   volume = 0.03125
   epoch 26:   6(gpu) -> 10(SW)   volume = 0.046875
   epoch 26:   6(gpu) -> 11(SW)   volume = 0.046875
   epoch 26:   6(gpu) -> 12(SW)   volume = 0.03125
   epoch 26:   6(gpu) -> 13(SW)   volume = 0.046875
   epoch 26:   8(SW) ->  3(gpu)   volume = 0.015625
   epoch 26:   8(SW) ->  7(gpu)   volume = 0.03125
   epoch 26:   9(SW) ->  0(gpu)   volume = 0.030072
   epoch 26:   9(SW) ->  7(gpu)   volume = 0.001178
   epoch 26:  10(SW) ->  0(gpu)   volume = 0.046875
   epoch 26:  11(SW) ->  0(gpu)   volume = 0.03125
   epoch 26:  11(SW) ->  3(gpu)   volume = 0.015625
   epoch 26:  12(SW) ->  0(gpu)   volume = 0.03125
   epoch 26:  13(SW) ->  0(gpu)   volume = 0.015625
   epoch 26:  13(SW) ->  3(gpu)   volume = 0.03125
   epoch 27:   6(gpu) ->  8(SW)   volume = 0.046875
   epoch 27:   6(gpu) ->  9(SW)   volume = 0.03125
   epoch 27:   6(gpu) -> 10(SW)   volume = 0.046875
   epoch 27:   6(gpu) -> 11(SW)   volume = 0.046875
   epoch 27:   6(gpu) -> 12(SW)   volume = 0.03125
   epoch 27:   6(gpu) -> 13(SW)   volume = 0.046875
   epoch 27:   8(SW) ->  3(gpu)   volume = 0.046875
   epoch 27:   9(SW) ->  2(gpu)   volume = 0.03125
   epoch 27:  10(SW) ->  0(gpu)   volume = 0.015625
   epoch 27:  10(SW) ->  2(gpu)   volume = 0.03125
   epoch 27:  11(SW) ->  0(gpu)   volume = 0.046875
   epoch 27:  12(SW) ->  2(gpu)   volume = 0.03125
   epoch 27:  13(SW) ->  0(gpu)   volume = 0.03125
   epoch 27:  13(SW) ->  2(gpu)   volume = 0.015625
   epoch 28:   6(gpu) ->  8(SW)   volume = 0.046875
   epoch 28:   6(gpu) ->  9(SW)   volume = 0.03125
   epoch 28:   6(gpu) -> 10(SW)   volume = 0.046875
   epoch 28:   6(gpu) -> 11(SW)   volume = 0.046875
   epoch 28:   6(gpu) -> 12(SW)   volume = 0.03125
   epoch 28:   6(gpu) -> 13(SW)   volume = 0.046875
   epoch 28:   8(SW) ->  3(gpu)   volume = 0.046875
   epoch 28:   9(SW) ->  1(gpu)   volume = 0.03125
   epoch 28:  10(SW) ->  1(gpu)   volume = 0.015625
   epoch 28:  10(SW) ->  3(gpu)   volume = 0.03125
   epoch 28:  11(SW) ->  0(gpu)   volume = 0.046875
   epoch 28:  12(SW) ->  3(gpu)   volume = 0.03125
   epoch 28:  13(SW) ->  1(gpu)   volume = 0.03125
   epoch 28:  13(SW) ->  4(gpu)   volume = 0.015625
   epoch 29:   6(gpu) ->  8(SW)   volume = 0.046875
   epoch 29:   6(gpu) ->  9(SW)   volume = 0.03125
   epoch 29:   6(gpu) -> 10(SW)   volume = 0.046875
   epoch 29:   6(gpu) -> 11(SW)   volume = 0.046875
   epoch 29:   6(gpu) -> 12(SW)   volume = 0.03125
   epoch 29:   6(gpu) -> 13(SW)   volume = 0.046875
   epoch 29:   8(SW) ->  1(gpu)   volume = 0.046875
   epoch 29:   9(SW) ->  5(gpu)   volume = 0.03125
   epoch 29:  10(SW) ->  0(gpu)   volume = 0.015625
   epoch 29:  10(SW) ->  3(gpu)   volume = 0.03125
   epoch 29:  11(SW) ->  1(gpu)   volume = 0.046875
   epoch 29:  12(SW) ->  5(gpu)   volume = 0.03125
   epoch 29:  13(SW) ->  0(gpu)   volume = 0.046875
   epoch 30:   6(gpu) ->  8(SW)   volume = 0.046875
   epoch 30:   6(gpu) ->  9(SW)   volume = 0.03125
   epoch 30:   6(gpu) -> 10(SW)   volume = 0.046875
   epoch 30:   6(gpu) -> 11(SW)   volume = 0.046875
   epoch 30:   6(gpu) -> 12(SW)   volume = 0.03125
   epoch 30:   6(gpu) -> 13(SW)   volume = 0.046875
   epoch 30:   8(SW) ->  1(gpu)   volume = 0.046875
   epoch 30:   9(SW) ->  1(gpu)   volume = 0.03125
   epoch 30:  10(SW) ->  1(gpu)   volume = 0.046875
   epoch 30:  11(SW) ->  1(gpu)   volume = 0.046875
   epoch 30:  12(SW) ->  1(gpu)   volume = 0.03125
   epoch 30:  13(SW) ->  0(gpu)   volume = 0.015625
   epoch 30:  13(SW) ->  7(gpu)   volume = 0.03125
   epoch 31:   6(gpu) ->  8(SW)   volume = 0.046875
   epoch 31:   6(gpu) ->  9(SW)   volume = 0.03125
   epoch 31:   6(gpu) -> 10(SW)   volume = 0.046875
   epoch 31:   6(gpu) -> 11(SW)   volume = 0.046875
   epoch 31:   6(gpu) -> 12(SW)   volume = 0.03125
   epoch 31:   6(gpu) -> 13(SW)   volume = 0.046875
   epoch 31:   8(SW) ->  4(gpu)   volume = 0.015625
   epoch 31:   8(SW) ->  7(gpu)   volume = 0.03125
   epoch 31:   9(SW) ->  0(gpu)   volume = 0.03125
   epoch 31:  10(SW) ->  2(gpu)   volume = 0.046875
   epoch 31:  11(SW) ->  2(gpu)   volume = 0.015625
   epoch 31:  11(SW) ->  4(gpu)   volume = 0.03125
   epoch 31:  12(SW) ->  7(gpu)   volume = 0.03125
   epoch 31:  13(SW) ->  0(gpu)   volume = 0.046875
   epoch 32:   6(gpu) ->  8(SW)   volume = 0.046875
   epoch 32:   6(gpu) ->  9(SW)   volume = 0.03125
   epoch 32:   6(gpu) -> 10(SW)   volume = 0.046875
   epoch 32:   6(gpu) -> 11(SW)   volume = 0.046875
   epoch 32:   6(gpu) -> 12(SW)   volume = 0.03125
   epoch 32:   6(gpu) -> 13(SW)   volume = 0.046875
   epoch 32:   8(SW) ->  3(gpu)   volume = 0.046875
   epoch 32:   9(SW) ->  1(gpu)   volume = 0.03125
   epoch 32:  10(SW) ->  3(gpu)   volume = 0.015625
   epoch 32:  10(SW) ->  4(gpu)   volume = 0.03125
   epoch 32:  11(SW) ->  1(gpu)   volume = 0.046875
   epoch 32:  12(SW) ->  1(gpu)   volume = 0.03125
   epoch 32:  13(SW) ->  7(gpu)   volume = 0.046875
   epoch 33:   6(gpu) ->  8(SW)   volume = 0.046875
   epoch 33:   6(gpu) ->  9(SW)   volume = 0.03125
   epoch 33:   6(gpu) -> 10(SW)   volume = 0.046875
   epoch 33:   6(gpu) -> 11(SW)   volume = 0.046875
   epoch 33:   6(gpu) -> 12(SW)   volume = 0.03125
   epoch 33:   6(gpu) -> 13(SW)   volume = 0.046875
   epoch 33:   8(SW) ->  2(gpu)   volume = 0.046875
   epoch 33:   9(SW) ->  2(gpu)   volume = 0.03125
   epoch 33:  10(SW) ->  7(gpu)   volume = 0.046875
   epoch 33:  11(SW) ->  2(gpu)   volume = 0.046875
   epoch 33:  12(SW) ->  2(gpu)   volume = 0.03125
   epoch 33:  13(SW) ->  2(gpu)   volume = 0.046875
   epoch 34:   6(gpu) ->  8(SW)   volume = 0.046875
   epoch 34:   6(gpu) ->  9(SW)   volume = 0.03125
   epoch 34:   6(gpu) -> 10(SW)   volume = 0.046875
   epoch 34:   6(gpu) -> 11(SW)   volume = 0.046875
   epoch 34:   6(gpu) -> 12(SW)   volume = 0.03125
   epoch 34:   6(gpu) -> 13(SW)   volume = 0.046875
   epoch 34:   8(SW) ->  4(gpu)   volume = 0.015625
   epoch 34:   8(SW) ->  5(gpu)   volume = 0.03125
   epoch 34:   9(SW) ->  7(gpu)   volume = 0.03125
   epoch 34:  10(SW) ->  0(gpu)   volume = 0.046875
   epoch 34:  11(SW) ->  1(gpu)   volume = 0.015625
   epoch 34:  11(SW) ->  2(gpu)   volume = 0.03125
   epoch 34:  12(SW) ->  5(gpu)   volume = 0.03125
   epoch 34:  13(SW) ->  3(gpu)   volume = 0.03125
   epoch 34:  13(SW) ->  7(gpu)   volume = 0.015625
   epoch 35:   6(gpu) ->  8(SW)   volume = 0.046875
   epoch 35:   6(gpu) ->  9(SW)   volume = 0.03125
   epoch 35:   6(gpu) -> 10(SW)   volume = 0.046875
   epoch 35:   6(gpu) -> 11(SW)   volume = 0.046875
   epoch 35:   6(gpu) -> 12(SW)   volume = 0.03125
   epoch 35:   6(gpu) -> 13(SW)   volume = 0.046875
   epoch 35:   8(SW) ->  1(gpu)   volume = 0.046875
   epoch 35:   9(SW) ->  1(gpu)   volume = 0.03125
   epoch 35:  10(SW) ->  1(gpu)   volume = 0.046849
   epoch 35:  10(SW) ->  4(gpu)   volume = 2.6e-05
   epoch 35:  11(SW) ->  5(gpu)   volume = 0.046875
   epoch 35:  12(SW) ->  1(gpu)   volume = 0.03125
   epoch 35:  13(SW) ->  1(gpu)   volume = 0.016882
   epoch 35:  13(SW) ->  5(gpu)   volume = 0.029993
   epoch 36:   6(gpu) ->  8(SW)   volume = 0.046875
   epoch 36:   6(gpu) ->  9(SW)   volume = 0.03125
   epoch 36:   6(gpu) -> 10(SW)   volume = 0.046875
   epoch 36:   6(gpu) -> 11(SW)   volume = 0.046875
   epoch 36:   6(gpu) -> 12(SW)   volume = 0.03125
   epoch 36:   6(gpu) -> 13(SW)   volume = 0.046875
   epoch 36:   8(SW) ->  3(gpu)   volume = 0.015625
   epoch 36:   8(SW) ->  7(gpu)   volume = 0.03125
   epoch 36:   9(SW) ->  4(gpu)   volume = 0.03125
   epoch 36:  10(SW) ->  2(gpu)   volume = 0.046875
   epoch 36:  11(SW) ->  3(gpu)   volume = 0.046875
   epoch 36:  12(SW) ->  3(gpu)   volume = 0.03125
   epoch 36:  13(SW) ->  2(gpu)   volume = 0.046875
   epoch 37:   6(gpu) ->  8(SW)   volume = 0.046875
   epoch 37:   6(gpu) ->  9(SW)   volume = 0.03125
   epoch 37:   6(gpu) -> 10(SW)   volume = 0.046875
   epoch 37:   6(gpu) -> 11(SW)   volume = 0.046875
   epoch 37:   6(gpu) -> 12(SW)   volume = 0.03125
   epoch 37:   6(gpu) -> 13(SW)   volume = 0.046875
   epoch 37:   8(SW) ->  5(gpu)   volume = 0.015625
   epoch 37:   8(SW) ->  7(gpu)   volume = 0.03125
   epoch 37:   9(SW) ->  3(gpu)   volume = 0.03125
   epoch 37:  10(SW) ->  0(gpu)   volume = 0.046875
   epoch 37:  11(SW) ->  0(gpu)   volume = 0.046875
   epoch 37:  12(SW) ->  3(gpu)   volume = 0.03125
   epoch 37:  13(SW) ->  0(gpu)   volume = 0.046875
   epoch 38:   6(gpu) ->  8(SW)   volume = 0.046875
   epoch 38:   6(gpu) ->  9(SW)   volume = 0.03125
   epoch 38:   6(gpu) -> 10(SW)   volume = 0.046875
   epoch 38:   6(gpu) -> 11(SW)   volume = 0.046875
   epoch 38:   6(gpu) -> 12(SW)   volume = 0.03125
   epoch 38:   6(gpu) -> 13(SW)   volume = 0.046875
   epoch 38:   8(SW) ->  2(gpu)   volume = 0.046875
   epoch 38:   9(SW) ->  0(gpu)   volume = 0.03125
   epoch 38:  10(SW) ->  2(gpu)   volume = 0.046875
   epoch 38:  11(SW) ->  2(gpu)   volume = 0.015625
   epoch 38:  11(SW) ->  4(gpu)   volume = 0.03125
   epoch 38:  12(SW) ->  2(gpu)   volume = 0.03125
   epoch 38:  13(SW) ->  0(gpu)   volume = 0.015625
   epoch 38:  13(SW) ->  5(gpu)   volume = 0.03125
   epoch 39:   6(gpu) ->  8(SW)   volume = 0.046875
   epoch 39:   6(gpu) ->  9(SW)   volume = 0.03125
   epoch 39:   6(gpu) -> 10(SW)   volume = 0.046875
   epoch 39:   6(gpu) -> 11(SW)   volume = 0.046875
   epoch 39:   6(gpu) -> 12(SW)   volume = 0.03125
   epoch 39:   6(gpu) -> 13(SW)   volume = 0.046875
   epoch 39:   8(SW) ->  5(gpu)   volume = 0.015625
   epoch 39:   8(SW) ->  7(gpu)   volume = 0.03125
   epoch 39:   9(SW) ->  1(gpu)   volume = 0.03125
   epoch 39:  10(SW) ->  3(gpu)   volume = 0.046875
   epoch 39:  11(SW) ->  5(gpu)   volume = 0.046875
   epoch 39:  12(SW) ->  3(gpu)   volume = 0.015625
   epoch 39:  12(SW) ->  5(gpu)   volume = 0.015625
   epoch 39:  13(SW) ->  3(gpu)   volume = 0.046875
   epoch 40:   6(gpu) ->  8(SW)   volume = 0.046875
   epoch 40:   6(gpu) ->  9(SW)   volume = 0.03125
   epoch 40:   6(gpu) -> 10(SW)   volume = 0.046875
   epoch 40:   6(gpu) -> 11(SW)   volume = 0.046875
   epoch 40:   6(gpu) -> 12(SW)   volume = 0.03125
   epoch 40:   6(gpu) -> 13(SW)   volume = 0.046875
   epoch 40:   8(SW) ->  5(gpu)   volume = 0.046875
   epoch 40:   9(SW) ->  7(gpu)   volume = 0.03125
   epoch 40:  10(SW) ->  4(gpu)   volume = 0.046875
   epoch 40:  11(SW) ->  5(gpu)   volume = 0.046875
   epoch 40:  12(SW) ->  7(gpu)   volume = 0.03125
   epoch 40:  13(SW) ->  4(gpu)   volume = 0.015625
   epoch 40:  13(SW) ->  5(gpu)   volume = 0.03125
   epoch 41:   6(gpu) ->  8(SW)   volume = 0.046875
   epoch 41:   6(gpu) ->  9(SW)   volume = 0.03125
   epoch 41:   6(gpu) -> 10(SW)   volume = 0.046875
   epoch 41:   6(gpu) -> 11(SW)   volume = 0.046875
   epoch 41:   6(gpu) -> 12(SW)   volume = 0.03125
   epoch 41:   6(gpu) -> 13(SW)   volume = 0.046875
   epoch 41:   8(SW) ->  5(gpu)   volume = 0.015625
   epoch 41:   8(SW) ->  7(gpu)   volume = 0.03125
   epoch 41:   9(SW) ->  7(gpu)   volume = 0.03125
   epoch 41:  10(SW) ->  4(gpu)   volume = 0.046875
   epoch 41:  11(SW) ->  4(gpu)   volume = 0.03125
   epoch 41:  11(SW) ->  7(gpu)   volume = 0.015625
   epoch 41:  12(SW) ->  7(gpu)   volume = 0.03125
   epoch 41:  13(SW) ->  4(gpu)   volume = 0.046875
   epoch 42:   6(gpu) ->  8(SW)   volume = 0.046875
   epoch 42:   6(gpu) ->  9(SW)   volume = 0.03125
   epoch 42:   6(gpu) -> 10(SW)   volume = 0.046875
   epoch 42:   6(gpu) -> 11(SW)   volume = 0.046875
   epoch 42:   6(gpu) -> 12(SW)   volume = 0.03125
   epoch 42:   6(gpu) -> 13(SW)   volume = 0.046875
   epoch 42:   8(SW) ->  4(gpu)   volume = 0.03125
   epoch 42:   8(SW) ->  7(gpu)   volume = 0.015625
   epoch 42:   9(SW) ->  7(gpu)   volume = 0.03125
   epoch 42:  10(SW) ->  4(gpu)   volume = 0.046875
   epoch 42:  11(SW) ->  4(gpu)   volume = 0.03125
   epoch 42:  11(SW) ->  5(gpu)   volume = 0.015625
   epoch 42:  12(SW) ->  7(gpu)   volume = 0.03125
   epoch 42:  13(SW) ->  4(gpu)   volume = 0.015625
   epoch 42:  13(SW) ->  5(gpu)   volume = 0.03125
   epoch 43:   6(gpu) ->  8(SW)   volume = 0.046875
   epoch 43:   6(gpu) ->  9(SW)   volume = 0.03125
   epoch 43:   6(gpu) -> 10(SW)   volume = 0.046875
   epoch 43:   6(gpu) -> 11(SW)   volume = 0.046875
   epoch 43:   6(gpu) -> 12(SW)   volume = 0.03125
   epoch 43:   6(gpu) -> 13(SW)   volume = 0.046875
   epoch 43:   8(SW) ->  5(gpu)   volume = 0.046875
   epoch 43:   9(SW) ->  7(gpu)   volume = 0.03125
   epoch 43:  10(SW) ->  4(gpu)   volume = 0.032428
   epoch 43:  10(SW) ->  7(gpu)   volume = 0.014447
   epoch 43:  11(SW) ->  4(gpu)   volume = 0.03125
   epoch 43:  11(SW) ->  7(gpu)   volume = 0.015625
   epoch 43:  12(SW) ->  7(gpu)   volume = 0.03125
   epoch 43:  13(SW) ->  4(gpu)   volume = 0.046875

-- source 7 --
   epoch 0:   7(gpu) ->  8(SW)   volume = 0.03125
   epoch 0:   7(gpu) ->  9(SW)   volume = 0.046875
   epoch 0:   7(gpu) -> 10(SW)   volume = 0.046875
   epoch 0:   7(gpu) -> 11(SW)   volume = 0.03125
   epoch 0:   7(gpu) -> 12(SW)   volume = 0.046875
   epoch 0:   7(gpu) -> 13(SW)   volume = 0.046875
   epoch 0:   8(SW) ->  2(gpu)   volume = 0.015029
   epoch 0:   8(SW) ->  3(gpu)   volume = 0.016221
   epoch 0:   9(SW) ->  3(gpu)   volume = 0.046875
   epoch 0:  10(SW) ->  0(gpu)   volume = 0.015625
   epoch 0:  10(SW) ->  1(gpu)   volume = 0.03125
   epoch 0:  11(SW) ->  1(gpu)   volume = 0.03125
   epoch 0:  12(SW) ->  0(gpu)   volume = 0.03125
   epoch 0:  12(SW) ->  2(gpu)   volume = 0.015625
   epoch 0:  13(SW) ->  1(gpu)   volume = 0.046875
   epoch 1:   7(gpu) ->  8(SW)   volume = 0.03125
   epoch 1:   7(gpu) ->  9(SW)   volume = 0.046875
   epoch 1:   7(gpu) -> 10(SW)   volume = 0.046875
   epoch 1:   7(gpu) -> 11(SW)   volume = 0.03125
   epoch 1:   7(gpu) -> 12(SW)   volume = 0.046875
   epoch 1:   7(gpu) -> 13(SW)   volume = 0.046875
   epoch 1:   8(SW) ->  6(gpu)   volume = 0.03125
   epoch 1:   9(SW) ->  1(gpu)   volume = 0.03125
   epoch 1:   9(SW) ->  6(gpu)   volume = 0.015625
   epoch 1:  10(SW) ->  2(gpu)   volume = 0.046875
   epoch 1:  11(SW) ->  6(gpu)   volume = 0.03125
   epoch 1:  12(SW) ->  1(gpu)   volume = 0.046875
   epoch 1:  13(SW) ->  0(gpu)   volume = 0.015625
   epoch 1:  13(SW) ->  2(gpu)   volume = 0.03125
   epoch 2:   7(gpu) ->  8(SW)   volume = 0.03125
   epoch 2:   7(gpu) ->  9(SW)   volume = 0.046875
   epoch 2:   7(gpu) -> 10(SW)   volume = 0.046875
   epoch 2:   7(gpu) -> 11(SW)   volume = 0.03125
   epoch 2:   7(gpu) -> 12(SW)   volume = 0.046875
   epoch 2:   7(gpu) -> 13(SW)   volume = 0.046875
   epoch 2:   8(SW) ->  3(gpu)   volume = 0.03125
   epoch 2:   9(SW) ->  0(gpu)   volume = 0.015625
   epoch 2:   9(SW) ->  4(gpu)   volume = 0.03125
   epoch 2:  10(SW) ->  0(gpu)   volume = 0.03125
   epoch 2:  10(SW) ->  5(gpu)   volume = 0.015625
   epoch 2:  11(SW) ->  4(gpu)   volume = 0.03125
   epoch 2:  12(SW) ->  3(gpu)   volume = 0.03125
   epoch 2:  12(SW) ->  5(gpu)   volume = 0.015625
   epoch 2:  13(SW) ->  0(gpu)   volume = 0.03125
   epoch 2:  13(SW) ->  5(gpu)   volume = 0.015625
   epoch 3:   7(gpu) ->  8(SW)   volume = 0.03125
   epoch 3:   7(gpu) ->  9(SW)   volume = 0.046875
   epoch 3:   7(gpu) -> 10(SW)   volume = 0.046875
   epoch 3:   7(gpu) -> 11(SW)   volume = 0.03125
   epoch 3:   7(gpu) -> 12(SW)   volume = 0.046875
   epoch 3:   7(gpu) -> 13(SW)   volume = 0.046875
   epoch 3:   8(SW) ->  2(gpu)   volume = 0.03125
   epoch 3:   9(SW) ->  0(gpu)   volume = 0.015625
   epoch 3:   9(SW) ->  1(gpu)   volume = 0.03125
   epoch 3:  10(SW) ->  6(gpu)   volume = 0.046875
   epoch 3:  11(SW) ->  1(gpu)   volume = 0.03125
   epoch 3:  12(SW) ->  0(gpu)   volume = 0.046875
   epoch 3:  13(SW) ->  0(gpu)   volume = 0.015625
   epoch 3:  13(SW) ->  5(gpu)   volume = 0.03125
   epoch 4:   7(gpu) ->  8(SW)   volume = 0.03125
   epoch 4:   7(gpu) ->  9(SW)   volume = 0.046875
   epoch 4:   7(gpu) -> 10(SW)   volume = 0.046875
   epoch 4:   7(gpu) -> 11(SW)   volume = 0.03125
   epoch 4:   7(gpu) -> 12(SW)   volume = 0.046875
   epoch 4:   7(gpu) -> 13(SW)   volume = 0.046875
   epoch 4:   8(SW) ->  2(gpu)   volume = 0.03125
   epoch 4:   9(SW) ->  1(gpu)   volume = 0.046875
   epoch 4:  10(SW) ->  2(gpu)   volume = 0.046875
   epoch 4:  11(SW) ->  3(gpu)   volume = 0.03125
   epoch 4:  12(SW) ->  3(gpu)   volume = 0.046875
   epoch 4:  13(SW) ->  2(gpu)   volume = 0.046875
   epoch 5:   7(gpu) ->  8(SW)   volume = 0.03125
   epoch 5:   7(gpu) ->  9(SW)   volume = 0.046875
   epoch 5:   7(gpu) -> 10(SW)   volume = 0.046875
   epoch 5:   7(gpu) -> 11(SW)   volume = 0.03125
   epoch 5:   7(gpu) -> 12(SW)   volume = 0.046875
   epoch 5:   7(gpu) -> 13(SW)   volume = 0.046875
   epoch 5:   8(SW) ->  3(gpu)   volume = 0.03125
   epoch 5:   9(SW) ->  0(gpu)   volume = 0.046875
   epoch 5:  10(SW) ->  0(gpu)   volume = 0.046875
   epoch 5:  11(SW) ->  0(gpu)   volume = 0.03125
   epoch 5:  12(SW) ->  0(gpu)   volume = 0.046875
   epoch 5:  13(SW) ->  0(gpu)   volume = 0.046875
   epoch 6:   7(gpu) ->  8(SW)   volume = 0.03125
   epoch 6:   7(gpu) ->  9(SW)   volume = 0.046875
   epoch 6:   7(gpu) -> 10(SW)   volume = 0.046875
   epoch 6:   7(gpu) -> 11(SW)   volume = 0.03125
   epoch 6:   7(gpu) -> 12(SW)   volume = 0.046875
   epoch 6:   7(gpu) -> 13(SW)   volume = 0.046875
   epoch 6:   8(SW) ->  0(gpu)   volume = 0.03125
   epoch 6:   9(SW) ->  1(gpu)   volume = 0.03751
   epoch 6:   9(SW) ->  2(gpu)   volume = 0.009365
   epoch 6:  10(SW) ->  0(gpu)   volume = 0.03125
   epoch 6:  10(SW) ->  2(gpu)   volume = 0.015625
   epoch 6:  11(SW) ->  0(gpu)   volume = 0.03125
   epoch 6:  12(SW) ->  1(gpu)   volume = 0.046875
   epoch 6:  13(SW) ->  2(gpu)   volume = 0.046875
   epoch 7:   7(gpu) ->  8(SW)   volume = 0.03125
   epoch 7:   7(gpu) ->  9(SW)   volume = 0.046875
   epoch 7:   7(gpu) -> 10(SW)   volume = 0.046875
   epoch 7:   7(gpu) -> 11(SW)   volume = 0.03125
   epoch 7:   7(gpu) -> 12(SW)   volume = 0.046875
   epoch 7:   7(gpu) -> 13(SW)   volume = 0.046875
   epoch 7:   8(SW) ->  2(gpu)   volume = 0.03125
   epoch 7:   9(SW) ->  0(gpu)   volume = 0.046875
   epoch 7:  10(SW) ->  0(gpu)   volume = 0.046875
   epoch 7:  11(SW) ->  3(gpu)   volume = 0.03125
   epoch 7:  12(SW) ->  0(gpu)   volume = 0.015625
   epoch 7:  12(SW) ->  6(gpu)   volume = 0.03125
   epoch 7:  13(SW) ->  0(gpu)   volume = 0.046875
   epoch 8:   7(gpu) ->  8(SW)   volume = 0.03125
   epoch 8:   7(gpu) ->  9(SW)   volume = 0.046875
   epoch 8:   7(gpu) -> 10(SW)   volume = 0.046875
   epoch 8:   7(gpu) -> 11(SW)   volume = 0.03125
   epoch 8:   7(gpu) -> 12(SW)   volume = 0.046875
   epoch 8:   7(gpu) -> 13(SW)   volume = 0.046875
   epoch 8:   8(SW) ->  6(gpu)   volume = 0.03125
   epoch 8:   9(SW) ->  1(gpu)   volume = 0.046875
   epoch 8:  10(SW) ->  0(gpu)   volume = 0.046875
   epoch 8:  11(SW) ->  0(gpu)   volume = 0.015625
   epoch 8:  11(SW) ->  5(gpu)   volume = 0.015625
   epoch 8:  12(SW) ->  3(gpu)   volume = 0.046875
   epoch 8:  13(SW) ->  0(gpu)   volume = 0.046875
   epoch 9:   7(gpu) ->  8(SW)   volume = 0.03125
   epoch 9:   7(gpu) ->  9(SW)   volume = 0.046875
   epoch 9:   7(gpu) -> 10(SW)   volume = 0.046875
   epoch 9:   7(gpu) -> 11(SW)   volume = 0.03125
   epoch 9:   7(gpu) -> 12(SW)   volume = 0.046875
   epoch 9:   7(gpu) -> 13(SW)   volume = 0.046875
   epoch 9:   8(SW) ->  1(gpu)   volume = 0.015625
   epoch 9:   8(SW) ->  4(gpu)   volume = 0.015625
   epoch 9:   9(SW) ->  1(gpu)   volume = 0.046875
   epoch 9:  10(SW) ->  2(gpu)   volume = 0.015625
   epoch 9:  10(SW) ->  5(gpu)   volume = 0.03125
   epoch 9:  11(SW) ->  5(gpu)   volume = 0.015625
   epoch 9:  11(SW) ->  6(gpu)   volume = 0.015625
   epoch 9:  12(SW) ->  1(gpu)   volume = 0.046875
   epoch 9:  13(SW) ->  2(gpu)   volume = 0.046875
   epoch 10:   7(gpu) ->  8(SW)   volume = 0.03125
   epoch 10:   7(gpu) ->  9(SW)   volume = 0.046875
   epoch 10:   7(gpu) -> 10(SW)   volume = 0.046875
   epoch 10:   7(gpu) -> 11(SW)   volume = 0.03125
   epoch 10:   7(gpu) -> 12(SW)   volume = 0.046875
   epoch 10:   7(gpu) -> 13(SW)   volume = 0.046875
   epoch 10:   8(SW) ->  1(gpu)   volume = 0.03125
   epoch 10:   9(SW) ->  2(gpu)   volume = 0.046875
   epoch 10:  10(SW) ->  3(gpu)   volume = 0.046875
   epoch 10:  11(SW) ->  3(gpu)   volume = 0.03125
   epoch 10:  12(SW) ->  5(gpu)   volume = 0.04002
   epoch 10:  12(SW) ->  6(gpu)   volume = 0.006855
   epoch 10:  13(SW) ->  1(gpu)   volume = 0.046875
   epoch 11:   7(gpu) ->  8(SW)   volume = 0.03125
   epoch 11:   7(gpu) ->  9(SW)   volume = 0.046875
   epoch 11:   7(gpu) -> 10(SW)   volume = 0.046875
   epoch 11:   7(gpu) -> 11(SW)   volume = 0.03125
   epoch 11:   7(gpu) -> 12(SW)   volume = 0.046875
   epoch 11:   7(gpu) -> 13(SW)   volume = 0.046875
   epoch 11:   8(SW) ->  0(gpu)   volume = 0.03125
   epoch 11:   9(SW) ->  1(gpu)   volume = 0.046875
   epoch 11:  10(SW) ->  2(gpu)   volume = 0.046875
   epoch 11:  11(SW) ->  3(gpu)   volume = 0.03125
   epoch 11:  12(SW) ->  1(gpu)   volume = 0.015625
   epoch 11:  12(SW) ->  3(gpu)   volume = 0.03125
   epoch 11:  13(SW) ->  2(gpu)   volume = 0.046875
   epoch 12:   7(gpu) ->  8(SW)   volume = 0.03125
   epoch 12:   7(gpu) ->  9(SW)   volume = 0.046875
   epoch 12:   7(gpu) -> 10(SW)   volume = 0.046875
   epoch 12:   7(gpu) -> 11(SW)   volume = 0.03125
   epoch 12:   7(gpu) -> 12(SW)   volume = 0.046875
   epoch 12:   7(gpu) -> 13(SW)   volume = 0.046875
   epoch 12:   8(SW) ->  3(gpu)   volume = 0.015625
   epoch 12:   8(SW) ->  6(gpu)   volume = 0.015625
   epoch 12:   9(SW) ->  0(gpu)   volume = 0.015625
   epoch 12:   9(SW) ->  6(gpu)   volume = 0.03125
   epoch 12:  10(SW) ->  0(gpu)   volume = 0.046038
   epoch 12:  10(SW) ->  6(gpu)   volume = 0.000837
   epoch 12:  11(SW) ->  0(gpu)   volume = 0.017767
   epoch 12:  11(SW) ->  1(gpu)   volume = 0.013483
   epoch 12:  12(SW) ->  1(gpu)   volume = 0.046875
   epoch 12:  13(SW) ->  6(gpu)   volume = 0.046875
   epoch 13:   7(gpu) ->  8(SW)   volume = 0.03125
   epoch 13:   7(gpu) ->  9(SW)   volume = 0.046875
   epoch 13:   7(gpu) -> 10(SW)   volume = 0.046875
   epoch 13:   7(gpu) -> 11(SW)   volume = 0.03125
   epoch 13:   7(gpu) -> 12(SW)   volume = 0.046875
   epoch 13:   7(gpu) -> 13(SW)   volume = 0.046875
   epoch 13:   8(SW) ->  4(gpu)   volume = 0.03125
   epoch 13:   9(SW) ->  1(gpu)   volume = 0.046875
   epoch 13:  10(SW) ->  2(gpu)   volume = 0.046875
   epoch 13:  11(SW) ->  4(gpu)   volume = 0.03125
   epoch 13:  12(SW) ->  4(gpu)   volume = 0.046875
   epoch 13:  13(SW) ->  2(gpu)   volume = 0.046875
   epoch 14:   7(gpu) ->  8(SW)   volume = 0.03125
   epoch 14:   7(gpu) ->  9(SW)   volume = 0.046875
   epoch 14:   7(gpu) -> 10(SW)   volume = 0.046875
   epoch 14:   7(gpu) -> 11(SW)   volume = 0.03125
   epoch 14:   7(gpu) -> 12(SW)   volume = 0.046875
   epoch 14:   7(gpu) -> 13(SW)   volume = 0.046875
   epoch 14:   8(SW) ->  3(gpu)   volume = 0.03125
   epoch 14:   9(SW) ->  1(gpu)   volume = 0.046875
   epoch 14:  10(SW) ->  2(gpu)   volume = 0.046875
   epoch 14:  11(SW) ->  0(gpu)   volume = 0.03125
   epoch 14:  12(SW) ->  1(gpu)   volume = 0.046875
   epoch 14:  13(SW) ->  2(gpu)   volume = 0.046875
   epoch 15:   7(gpu) ->  8(SW)   volume = 0.03125
   epoch 15:   7(gpu) ->  9(SW)   volume = 0.046875
   epoch 15:   7(gpu) -> 10(SW)   volume = 0.046875
   epoch 15:   7(gpu) -> 11(SW)   volume = 0.03125
   epoch 15:   7(gpu) -> 12(SW)   volume = 0.046875
   epoch 15:   7(gpu) -> 13(SW)   volume = 0.046875
   epoch 15:   8(SW) ->  4(gpu)   volume = 0.03125
   epoch 15:   9(SW) ->  1(gpu)   volume = 0.015625
   epoch 15:   9(SW) ->  3(gpu)   volume = 0.03125
   epoch 15:  10(SW) ->  2(gpu)   volume = 0.046875
   epoch 15:  11(SW) ->  3(gpu)   volume = 0.03125
   epoch 15:  12(SW) ->  1(gpu)   volume = 0.046875
   epoch 15:  13(SW) ->  2(gpu)   volume = 0.015625
   epoch 15:  13(SW) ->  3(gpu)   volume = 0.03125
   epoch 16:   7(gpu) ->  8(SW)   volume = 0.03125
   epoch 16:   7(gpu) ->  9(SW)   volume = 0.046875
   epoch 16:   7(gpu) -> 10(SW)   volume = 0.046875
   epoch 16:   7(gpu) -> 11(SW)   volume = 0.03125
   epoch 16:   7(gpu) -> 12(SW)   volume = 0.046875
   epoch 16:   7(gpu) -> 13(SW)   volume = 0.046875
   epoch 16:   8(SW) ->  3(gpu)   volume = 0.03125
   epoch 16:   9(SW) ->  0(gpu)   volume = 0.046875
   epoch 16:  10(SW) ->  0(gpu)   volume = 0.046875
   epoch 16:  11(SW) ->  0(gpu)   volume = 0.03125
   epoch 16:  12(SW) ->  1(gpu)   volume = 0.046875
   epoch 16:  13(SW) ->  1(gpu)   volume = 0.03125
   epoch 16:  13(SW) ->  4(gpu)   volume = 0.015625
   epoch 17:   7(gpu) ->  8(SW)   volume = 0.03125
   epoch 17:   7(gpu) ->  9(SW)   volume = 0.046875
   epoch 17:   7(gpu) -> 10(SW)   volume = 0.046875
   epoch 17:   7(gpu) -> 11(SW)   volume = 0.03125
   epoch 17:   7(gpu) -> 12(SW)   volume = 0.046875
   epoch 17:   7(gpu) -> 13(SW)   volume = 0.046875
   epoch 17:   8(SW) ->  3(gpu)   volume = 0.03125
   epoch 17:   9(SW) ->  1(gpu)   volume = 0.046875
   epoch 17:  10(SW) ->  3(gpu)   volume = 0.046875
   epoch 17:  11(SW) ->  0(gpu)   volume = 0.03125
   epoch 17:  12(SW) ->  3(gpu)   volume = 0.046875
   epoch 17:  13(SW) ->  2(gpu)   volume = 0.015625
   epoch 17:  13(SW) ->  3(gpu)   volume = 0.03125
   epoch 18:   7(gpu) ->  8(SW)   volume = 0.03125
   epoch 18:   7(gpu) ->  9(SW)   volume = 0.046875
   epoch 18:   7(gpu) -> 10(SW)   volume = 0.046875
   epoch 18:   7(gpu) -> 11(SW)   volume = 0.03125
   epoch 18:   7(gpu) -> 12(SW)   volume = 0.046875
   epoch 18:   7(gpu) -> 13(SW)   volume = 0.046875
   epoch 18:   8(SW) ->  2(gpu)   volume = 0.015625
   epoch 18:   8(SW) ->  3(gpu)   volume = 0.015625
   epoch 18:   9(SW) ->  1(gpu)   volume = 0.015625
   epoch 18:   9(SW) ->  3(gpu)   volume = 0.03125
   epoch 18:  10(SW) ->  2(gpu)   volume = 0.046038
   epoch 18:  10(SW) ->  5(gpu)   volume = 0.000837
   epoch 18:  11(SW) ->  3(gpu)   volume = 0.03125
   epoch 18:  12(SW) ->  1(gpu)   volume = 0.046875
   epoch 18:  13(SW) ->  2(gpu)   volume = 0.046875
   epoch 19:   7(gpu) ->  8(SW)   volume = 0.03125
   epoch 19:   7(gpu) ->  9(SW)   volume = 0.046875
   epoch 19:   7(gpu) -> 10(SW)   volume = 0.046875
   epoch 19:   7(gpu) -> 11(SW)   volume = 0.03125
   epoch 19:   7(gpu) -> 12(SW)   volume = 0.046875
   epoch 19:   7(gpu) -> 13(SW)   volume = 0.046875
   epoch 19:   8(SW) ->  6(gpu)   volume = 0.03125
   epoch 19:   9(SW) ->  1(gpu)   volume = 0.015625
   epoch 19:   9(SW) ->  2(gpu)   volume = 0.023317
   epoch 19:   9(SW) ->  6(gpu)   volume = 0.007933
   epoch 19:  10(SW) ->  2(gpu)   volume = 0.046875
   epoch 19:  11(SW) ->  6(gpu)   volume = 0.03125
   epoch 19:  12(SW) ->  5(gpu)   volume = 0.046875
   epoch 19:  13(SW) ->  2(gpu)   volume = 0.046875
   epoch 20:   7(gpu) ->  8(SW)   volume = 0.03125
   epoch 20:   7(gpu) ->  9(SW)   volume = 0.046875
   epoch 20:   7(gpu) -> 10(SW)   volume = 0.046875
   epoch 20:   7(gpu) -> 11(SW)   volume = 0.03125
   epoch 20:   7(gpu) -> 12(SW)   volume = 0.046875
   epoch 20:   7(gpu) -> 13(SW)   volume = 0.046875
   epoch 20:   8(SW) ->  4(gpu)   volume = 0.03125
   epoch 20:   9(SW) ->  1(gpu)   volume = 0.046875
   epoch 20:  10(SW) ->  2(gpu)   volume = 0.046875
   epoch 20:  11(SW) ->  4(gpu)   volume = 0.03125
   epoch 20:  12(SW) ->  1(gpu)   volume = 0.046875
   epoch 20:  13(SW) ->  2(gpu)   volume = 0.046875
   epoch 21:   7(gpu) ->  8(SW)   volume = 0.03125
   epoch 21:   7(gpu) ->  9(SW)   volume = 0.046875
   epoch 21:   7(gpu) -> 10(SW)   volume = 0.046875
   epoch 21:   7(gpu) -> 11(SW)   volume = 0.03125
   epoch 21:   7(gpu) -> 12(SW)   volume = 0.046875
   epoch 21:   7(gpu) -> 13(SW)   volume = 0.046875
   epoch 21:   8(SW) ->  0(gpu)   volume = 0.015625
   epoch 21:   8(SW) ->  5(gpu)   volume = 0.015625
   epoch 21:   9(SW) ->  1(gpu)   volume = 0.027054
   epoch 21:   9(SW) ->  5(gpu)   volume = 0.019821
   epoch 21:  10(SW) ->  2(gpu)   volume = 0.046875
   epoch 21:  11(SW) ->  0(gpu)   volume = 0.03125
   epoch 21:  12(SW) ->  1(gpu)   volume = 0.046875
   epoch 21:  13(SW) ->  2(gpu)   volume = 0.046875
   epoch 22:   7(gpu) ->  8(SW)   volume = 0.03125
   epoch 22:   7(gpu) ->  9(SW)   volume = 0.046875
   epoch 22:   7(gpu) -> 10(SW)   volume = 0.046875
   epoch 22:   7(gpu) -> 11(SW)   volume = 0.03125
   epoch 22:   7(gpu) -> 12(SW)   volume = 0.046875
   epoch 22:   7(gpu) -> 13(SW)   volume = 0.046875
   epoch 22:   8(SW) ->  0(gpu)   volume = 0.03125
   epoch 22:   9(SW) ->  5(gpu)   volume = 0.046875
   epoch 22:  10(SW) ->  2(gpu)   volume = 0.015625
   epoch 22:  10(SW) ->  6(gpu)   volume = 0.03125
   epoch 22:  11(SW) ->  3(gpu)   volume = 0.03125
   epoch 22:  12(SW) ->  5(gpu)   volume = 0.046875
   epoch 22:  13(SW) ->  2(gpu)   volume = 0.046875
   epoch 23:   7(gpu) ->  8(SW)   volume = 0.03125
   epoch 23:   7(gpu) ->  9(SW)   volume = 0.046875
   epoch 23:   7(gpu) -> 10(SW)   volume = 0.046875
   epoch 23:   7(gpu) -> 11(SW)   volume = 0.03125
   epoch 23:   7(gpu) -> 12(SW)   volume = 0.046875
   epoch 23:   7(gpu) -> 13(SW)   volume = 0.046875
   epoch 23:   8(SW) ->  3(gpu)   volume = 0.03125
   epoch 23:   9(SW) ->  0(gpu)   volume = 0.046875
   epoch 23:  10(SW) ->  0(gpu)   volume = 0.046875
   epoch 23:  11(SW) ->  4(gpu)   volume = 0.03125
   epoch 23:  12(SW) ->  0(gpu)   volume = 0.015625
   epoch 23:  12(SW) ->  3(gpu)   volume = 0.03125
   epoch 23:  13(SW) ->  0(gpu)   volume = 0.046875
   epoch 24:   7(gpu) ->  8(SW)   volume = 0.03125
   epoch 24:   7(gpu) ->  9(SW)   volume = 0.046875
   epoch 24:   7(gpu) -> 10(SW)   volume = 0.046875
   epoch 24:   7(gpu) -> 11(SW)   volume = 0.03125
   epoch 24:   7(gpu) -> 12(SW)   volume = 0.046875
   epoch 24:   7(gpu) -> 13(SW)   volume = 0.046875
   epoch 24:   8(SW) ->  5(gpu)   volume = 0.03125
   epoch 24:   9(SW) ->  1(gpu)   volume = 0.046875
   epoch 24:  10(SW) ->  2(gpu)   volume = 0.046875
   epoch 24:  11(SW) ->  5(gpu)   volume = 0.03125
   epoch 24:  12(SW) ->  1(gpu)   volume = 0.046875
   epoch 24:  13(SW) ->  2(gpu)   volume = 0.046875
   epoch 25:   7(gpu) ->  8(SW)   volume = 0.03125
   epoch 25:   7(gpu) ->  9(SW)   volume = 0.046875
   epoch 25:   7(gpu) -> 10(SW)   volume = 0.046875
   epoch 25:   7(gpu) -> 11(SW)   volume = 0.03125
   epoch 25:   7(gpu) -> 12(SW)   volume = 0.046875
   epoch 25:   7(gpu) -> 13(SW)   volume = 0.046875
   epoch 25:   8(SW) ->  0(gpu)   volume = 0.03125
   epoch 25:   9(SW) ->  3(gpu)   volume = 0.046875
   epoch 25:  10(SW) ->  1(gpu)   volume = 0.046875
   epoch 25:  11(SW) ->  3(gpu)   volume = 0.03125
   epoch 25:  12(SW) ->  1(gpu)   volume = 0.046875
   epoch 25:  13(SW) ->  1(gpu)   volume = 0.046875
   epoch 26:   7(gpu) ->  8(SW)   volume = 0.03125
   epoch 26:   7(gpu) ->  9(SW)   volume = 0.046875
   epoch 26:   7(gpu) -> 10(SW)   volume = 0.046875
   epoch 26:   7(gpu) -> 11(SW)   volume = 0.03125
   epoch 26:   7(gpu) -> 12(SW)   volume = 0.046875
   epoch 26:   7(gpu) -> 13(SW)   volume = 0.046875
   epoch 26:   8(SW) ->  4(gpu)   volume = 0.03125
   epoch 26:   9(SW) ->  1(gpu)   volume = 0.046875
   epoch 26:  10(SW) ->  2(gpu)   volume = 0.046875
   epoch 26:  11(SW) ->  4(gpu)   volume = 0.03125
   epoch 26:  12(SW) ->  1(gpu)   volume = 0.015625
   epoch 26:  12(SW) ->  6(gpu)   volume = 0.03125
   epoch 26:  13(SW) ->  2(gpu)   volume = 0.046875
   epoch 27:   7(gpu) ->  8(SW)   volume = 0.03125
   epoch 27:   7(gpu) ->  9(SW)   volume = 0.046875
   epoch 27:   7(gpu) -> 10(SW)   volume = 0.046875
   epoch 27:   7(gpu) -> 11(SW)   volume = 0.03125
   epoch 27:   7(gpu) -> 12(SW)   volume = 0.046875
   epoch 27:   7(gpu) -> 13(SW)   volume = 0.046875
   epoch 27:   8(SW) ->  3(gpu)   volume = 0.03125
   epoch 27:   9(SW) ->  3(gpu)   volume = 0.046875
   epoch 27:  10(SW) ->  2(gpu)   volume = 0.015625
   epoch 27:  10(SW) ->  3(gpu)   volume = 0.03125
   epoch 27:  11(SW) ->  0(gpu)   volume = 0.03125
   epoch 27:  12(SW) ->  0(gpu)   volume = 0.046875
   epoch 27:  13(SW) ->  0(gpu)   volume = 0.015625
   epoch 27:  13(SW) ->  5(gpu)   volume = 0.03125
   epoch 28:   7(gpu) ->  8(SW)   volume = 0.03125
   epoch 28:   7(gpu) ->  9(SW)   volume = 0.046875
   epoch 28:   7(gpu) -> 10(SW)   volume = 0.046875
   epoch 28:   7(gpu) -> 11(SW)   volume = 0.03125
   epoch 28:   7(gpu) -> 12(SW)   volume = 0.046875
   epoch 28:   7(gpu) -> 13(SW)   volume = 0.046875
   epoch 28:   8(SW) ->  2(gpu)   volume = 0.03125
   epoch 28:   9(SW) ->  1(gpu)   volume = 0.015625
   epoch 28:   9(SW) ->  3(gpu)   volume = 0.03125
   epoch 28:  10(SW) ->  2(gpu)   volume = 0.046875
   epoch 28:  11(SW) ->  0(gpu)   volume = 0.015625
   epoch 28:  11(SW) ->  4(gpu)   volume = 0.015625
   epoch 28:  12(SW) ->  1(gpu)   volume = 0.046875
   epoch 28:  13(SW) ->  3(gpu)   volume = 0.046875
   epoch 29:   7(gpu) ->  8(SW)   volume = 0.03125
   epoch 29:   7(gpu) ->  9(SW)   volume = 0.046875
   epoch 29:   7(gpu) -> 10(SW)   volume = 0.046875
   epoch 29:   7(gpu) -> 11(SW)   volume = 0.03125
   epoch 29:   7(gpu) -> 12(SW)   volume = 0.046875
   epoch 29:   7(gpu) -> 13(SW)   volume = 0.046875
   epoch 29:   8(SW) ->  5(gpu)   volume = 0.03125
   epoch 29:   9(SW) ->  1(gpu)   volume = 0.046875
   epoch 29:  10(SW) ->  2(gpu)   volume = 0.03125
   epoch 29:  10(SW) ->  6(gpu)   volume = 0.015625
   epoch 29:  11(SW) ->  6(gpu)   volume = 0.03125
   epoch 29:  12(SW) ->  0(gpu)   volume = 0.03125
   epoch 29:  12(SW) ->  1(gpu)   volume = 0.015625
   epoch 29:  13(SW) ->  2(gpu)   volume = 0.046875
   epoch 30:   7(gpu) ->  8(SW)   volume = 0.03125
   epoch 30:   7(gpu) ->  9(SW)   volume = 0.046875
   epoch 30:   7(gpu) -> 10(SW)   volume = 0.046875
   epoch 30:   7(gpu) -> 11(SW)   volume = 0.03125
   epoch 30:   7(gpu) -> 12(SW)   volume = 0.046875
   epoch 30:   7(gpu) -> 13(SW)   volume = 0.046875
   epoch 30:   8(SW) ->  6(gpu)   volume = 0.03125
   epoch 30:   9(SW) ->  3(gpu)   volume = 0.015625
   epoch 30:   9(SW) ->  6(gpu)   volume = 0.03125
   epoch 30:  10(SW) ->  3(gpu)   volume = 0.03125
   epoch 30:  10(SW) ->  5(gpu)   volume = 0.015625
   epoch 30:  11(SW) ->  0(gpu)   volume = 0.03125
   epoch 30:  12(SW) ->  3(gpu)   volume = 0.046875
   epoch 30:  13(SW) ->  0(gpu)   volume = 0.015625
   epoch 30:  13(SW) ->  5(gpu)   volume = 0.03125
   epoch 31:   7(gpu) ->  8(SW)   volume = 0.03125
   epoch 31:   7(gpu) ->  9(SW)   volume = 0.046875
   epoch 31:   7(gpu) -> 10(SW)   volume = 0.046875
   epoch 31:   7(gpu) -> 11(SW)   volume = 0.03125
   epoch 31:   7(gpu) -> 12(SW)   volume = 0.046875
   epoch 31:   7(gpu) -> 13(SW)   volume = 0.046875
   epoch 31:   8(SW) ->  6(gpu)   volume = 0.03125
   epoch 31:   9(SW) ->  2(gpu)   volume = 0.046875
   epoch 31:  10(SW) ->  6(gpu)   volume = 0.046875
   epoch 31:  11(SW) ->  5(gpu)   volume = 0.03125
   epoch 31:  12(SW) ->  3(gpu)   volume = 0.046875
   epoch 31:  13(SW) ->  3(gpu)   volume = 0.046875
   epoch 32:   7(gpu) ->  8(SW)   volume = 0.03125
   epoch 32:   7(gpu) ->  9(SW)   volume = 0.046875
   epoch 32:   7(gpu) -> 10(SW)   volume = 0.046875
   epoch 32:   7(gpu) -> 11(SW)   volume = 0.03125
   epoch 32:   7(gpu) -> 12(SW)   volume = 0.046875
   epoch 32:   7(gpu) -> 13(SW)   volume = 0.046875
   epoch 32:   8(SW) ->  3(gpu)   volume = 0.031171
   epoch 32:   8(SW) ->  4(gpu)   volume = 7.9e-05
   epoch 32:   9(SW) ->  0(gpu)   volume = 0.029945
   epoch 32:   9(SW) ->  3(gpu)   volume = 0.01693
   epoch 32:  10(SW) ->  0(gpu)   volume = 0.046875
   epoch 32:  11(SW) ->  0(gpu)   volume = 0.03125
   epoch 32:  12(SW) ->  4(gpu)   volume = 0.046875
   epoch 32:  13(SW) ->  4(gpu)   volume = 0.046875
   epoch 33:   7(gpu) ->  8(SW)   volume = 0.03125
   epoch 33:   7(gpu) ->  9(SW)   volume = 0.046875
   epoch 33:   7(gpu) -> 10(SW)   volume = 0.046875
   epoch 33:   7(gpu) -> 11(SW)   volume = 0.03125
   epoch 33:   7(gpu) -> 12(SW)   volume = 0.046875
   epoch 33:   7(gpu) -> 13(SW)   volume = 0.046875
   epoch 33:   8(SW) ->  3(gpu)   volume = 0.03125
   epoch 33:   9(SW) ->  0(gpu)   volume = 0.046875
   epoch 33:  10(SW) ->  2(gpu)   volume = 0.015625
   epoch 33:  10(SW) ->  3(gpu)   volume = 0.03125
   epoch 33:  11(SW) ->  0(gpu)   volume = 0.03125
   epoch 33:  12(SW) ->  2(gpu)   volume = 0.046875
   epoch 33:  13(SW) ->  1(gpu)   volume = 0.046875
   epoch 34:   7(gpu) ->  8(SW)   volume = 0.03125
   epoch 34:   7(gpu) ->  9(SW)   volume = 0.046875
   epoch 34:   7(gpu) -> 10(SW)   volume = 0.046875
   epoch 34:   7(gpu) -> 11(SW)   volume = 0.03125
   epoch 34:   7(gpu) -> 12(SW)   volume = 0.046875
   epoch 34:   7(gpu) -> 13(SW)   volume = 0.046875
   epoch 34:   8(SW) ->  0(gpu)   volume = 0.03125
   epoch 34:   9(SW) ->  4(gpu)   volume = 0.046875
   epoch 34:  10(SW) ->  4(gpu)   volume = 0.046875
   epoch 34:  11(SW) ->  4(gpu)   volume = 0.03125
   epoch 34:  12(SW) ->  1(gpu)   volume = 0.015704
   epoch 34:  12(SW) ->  4(gpu)   volume = 0.031171
   epoch 34:  13(SW) ->  0(gpu)   volume = 0.03125
   epoch 34:  13(SW) ->  4(gpu)   volume = 0.015625
   epoch 35:   7(gpu) ->  8(SW)   volume = 0.03125
   epoch 35:   7(gpu) ->  9(SW)   volume = 0.046875
   epoch 35:   7(gpu) -> 10(SW)   volume = 0.046875
   epoch 35:   7(gpu) -> 11(SW)   volume = 0.03125
   epoch 35:   7(gpu) -> 12(SW)   volume = 0.046875
   epoch 35:   7(gpu) -> 13(SW)   volume = 0.046875
   epoch 35:   8(SW) ->  2(gpu)   volume = 0.03125
   epoch 35:   9(SW) ->  3(gpu)   volume = 0.046875
   epoch 35:  10(SW) ->  3(gpu)   volume = 0.046875
   epoch 35:  11(SW) ->  3(gpu)   volume = 0.03125
   epoch 35:  12(SW) ->  0(gpu)   volume = 0.046875
   epoch 35:  13(SW) ->  3(gpu)   volume = 0.045618
   epoch 35:  13(SW) ->  5(gpu)   volume = 0.001257
   epoch 36:   7(gpu) ->  8(SW)   volume = 0.03125
   epoch 36:   7(gpu) ->  9(SW)   volume = 0.046875
   epoch 36:   7(gpu) -> 10(SW)   volume = 0.046875
   epoch 36:   7(gpu) -> 11(SW)   volume = 0.03125
   epoch 36:   7(gpu) -> 12(SW)   volume = 0.046875
   epoch 36:   7(gpu) -> 13(SW)   volume = 0.046875
   epoch 36:   8(SW) ->  5(gpu)   volume = 0.03125
   epoch 36:   9(SW) ->  0(gpu)   volume = 0.046875
   epoch 36:  10(SW) ->  3(gpu)   volume = 0.046875
   epoch 36:  11(SW) ->  5(gpu)   volume = 0.03125
   epoch 36:  12(SW) ->  3(gpu)   volume = 0.046875
   epoch 36:  13(SW) ->  2(gpu)   volume = 0.046875
   epoch 37:   7(gpu) ->  8(SW)   volume = 0.03125
   epoch 37:   7(gpu) ->  9(SW)   volume = 0.046875
   epoch 37:   7(gpu) -> 10(SW)   volume = 0.046875
   epoch 37:   7(gpu) -> 11(SW)   volume = 0.03125
   epoch 37:   7(gpu) -> 12(SW)   volume = 0.046875
   epoch 37:   7(gpu) -> 13(SW)   volume = 0.046875
   epoch 37:   8(SW) ->  0(gpu)   volume = 0.03125
   epoch 37:   9(SW) ->  0(gpu)   volume = 0.046875
   epoch 37:  10(SW) ->  3(gpu)   volume = 0.046875
   epoch 37:  11(SW) ->  4(gpu)   volume = 0.03125
   epoch 37:  12(SW) ->  4(gpu)   volume = 0.046875
   epoch 37:  13(SW) ->  3(gpu)   volume = 0.046875
   epoch 38:   7(gpu) ->  8(SW)   volume = 0.03125
   epoch 38:   7(gpu) ->  9(SW)   volume = 0.046875
   epoch 38:   7(gpu) -> 10(SW)   volume = 0.046875
   epoch 38:   7(gpu) -> 11(SW)   volume = 0.03125
   epoch 38:   7(gpu) -> 12(SW)   volume = 0.046875
   epoch 38:   7(gpu) -> 13(SW)   volume = 0.046875
   epoch 38:   8(SW) ->  3(gpu)   volume = 0.030685
   epoch 38:   8(SW) ->  5(gpu)   volume = 0.000565
   epoch 38:   9(SW) ->  1(gpu)   volume = 0.046875
   epoch 38:  10(SW) ->  3(gpu)   volume = 0.046875
   epoch 38:  11(SW) ->  1(gpu)   volume = 0.03125
   epoch 38:  12(SW) ->  3(gpu)   volume = 0.046875
   epoch 38:  13(SW) ->  2(gpu)   volume = 0.046875
   epoch 39:   7(gpu) ->  8(SW)   volume = 0.03125
   epoch 39:   7(gpu) ->  9(SW)   volume = 0.046875
   epoch 39:   7(gpu) -> 10(SW)   volume = 0.046875
   epoch 39:   7(gpu) -> 11(SW)   volume = 0.03125
   epoch 39:   7(gpu) -> 12(SW)   volume = 0.046875
   epoch 39:   7(gpu) -> 13(SW)   volume = 0.046875
   epoch 39:   8(SW) ->  1(gpu)   volume = 0.03125
   epoch 39:   9(SW) ->  1(gpu)   volume = 0.046875
   epoch 39:  10(SW) ->  2(gpu)   volume = 0.046875
   epoch 39:  11(SW) ->  0(gpu)   volume = 0.03125
   epoch 39:  12(SW) ->  1(gpu)   volume = 0.046875
   epoch 39:  13(SW) ->  2(gpu)   volume = 0.046875
   epoch 40:   7(gpu) ->  8(SW)   volume = 0.03125
   epoch 40:   7(gpu) ->  9(SW)   volume = 0.046875
   epoch 40:   7(gpu) -> 10(SW)   volume = 0.046875
   epoch 40:   7(gpu) -> 11(SW)   volume = 0.03125
   epoch 40:   7(gpu) -> 12(SW)   volume = 0.046875
   epoch 40:   7(gpu) -> 13(SW)   volume = 0.046875
   epoch 40:   8(SW) ->  4(gpu)   volume = 0.03125
   epoch 40:   9(SW) ->  4(gpu)   volume = 0.03125
   epoch 40:   9(SW) ->  5(gpu)   volume = 0.015625
   epoch 40:  10(SW) ->  5(gpu)   volume = 0.03125
   epoch 40:  10(SW) ->  6(gpu)   volume = 0.015625
   epoch 40:  11(SW) ->  4(gpu)   volume = 0.03125
   epoch 40:  12(SW) ->  4(gpu)   volume = 0.046875
   epoch 40:  13(SW) ->  6(gpu)   volume = 0.046875
   epoch 41:   7(gpu) ->  8(SW)   volume = 0.03125
   epoch 41:   7(gpu) ->  9(SW)   volume = 0.046875
   epoch 41:   7(gpu) -> 10(SW)   volume = 0.046875
   epoch 41:   7(gpu) -> 11(SW)   volume = 0.03125
   epoch 41:   7(gpu) -> 12(SW)   volume = 0.046875
   epoch 41:   7(gpu) -> 13(SW)   volume = 0.046875
   epoch 41:   8(SW) ->  4(gpu)   volume = 0.03125
   epoch 41:   9(SW) ->  5(gpu)   volume = 0.046875
   epoch 41:  10(SW) ->  5(gpu)   volume = 0.03125
   epoch 41:  10(SW) ->  6(gpu)   volume = 0.015625
   epoch 41:  11(SW) ->  5(gpu)   volume = 0.03125
   epoch 41:  12(SW) ->  5(gpu)   volume = 0.015625
   epoch 41:  12(SW) ->  6(gpu)   volume = 0.03125
   epoch 41:  13(SW) ->  5(gpu)   volume = 0.03125
   epoch 41:  13(SW) ->  6(gpu)   volume = 0.015625
   epoch 42:   7(gpu) ->  8(SW)   volume = 0.03125
   epoch 42:   7(gpu) ->  9(SW)   volume = 0.046875
   epoch 42:   7(gpu) -> 10(SW)   volume = 0.046875
   epoch 42:   7(gpu) -> 11(SW)   volume = 0.03125
   epoch 42:   7(gpu) -> 12(SW)   volume = 0.046875
   epoch 42:   7(gpu) -> 13(SW)   volume = 0.046875
   epoch 42:   8(SW) ->  5(gpu)   volume = 0.03125
   epoch 42:   9(SW) ->  5(gpu)   volume = 0.015625
   epoch 42:   9(SW) ->  6(gpu)   volume = 0.03125
   epoch 42:  10(SW) ->  5(gpu)   volume = 0.03125
   epoch 42:  10(SW) ->  6(gpu)   volume = 0.015625
   epoch 42:  11(SW) ->  5(gpu)   volume = 0.03125
   epoch 42:  12(SW) ->  4(gpu)   volume = 0.046875
   epoch 42:  13(SW) ->  6(gpu)   volume = 0.046875
   epoch 43:   7(gpu) ->  8(SW)   volume = 0.03125
   epoch 43:   7(gpu) ->  9(SW)   volume = 0.046875
   epoch 43:   7(gpu) -> 10(SW)   volume = 0.046875
   epoch 43:   7(gpu) -> 11(SW)   volume = 0.03125
   epoch 43:   7(gpu) -> 12(SW)   volume = 0.046875
   epoch 43:   7(gpu) -> 13(SW)   volume = 0.046875
   epoch 43:   8(SW) ->  4(gpu)   volume = 0.03125
   epoch 43:   9(SW) ->  5(gpu)   volume = 0.015625
   epoch 43:   9(SW) ->  6(gpu)   volume = 0.03125
   epoch 43:  10(SW) ->  6(gpu)   volume = 0.046875
   epoch 43:  11(SW) ->  5(gpu)   volume = 0.03125
   epoch 43:  12(SW) ->  5(gpu)   volume = 0.015625
   epoch 43:  12(SW) ->  6(gpu)   volume = 0.03125
   epoch 43:  13(SW) ->  6(gpu)   volume = 0.046875

------------------------------------------------------------------------------
RAW CONSUMED VARS  T_s_d_k = consumed_at_k[source s][dest d][epoch k]
(volume of source s's demand absorbed AT destination d during epoch k)
------------------------------------------------------------------------------
   dest  0:  from source  1  epoch 0  consumed = 0.25
   dest  0:  from source  1  epoch 1  consumed = 0.140625
   dest  0:  from source  1  epoch 2  consumed = 0.15625
   dest  0:  from source  1  epoch 3  consumed = 0.15625
   dest  0:  from source  1  epoch 4  consumed = 0.125
   dest  0:  from source  1  epoch 5  consumed = 0.046875
   dest  0:  from source  1  epoch 6  consumed = 0.08749
   dest  0:  from source  1  epoch 8  consumed = 0.194342
   dest  0:  from source  1  epoch 9  consumed = 0.125
   dest  0:  from source  1  epoch 10  consumed = 0.100741
   dest  0:  from source  1  epoch 11  consumed = 0.171875
   dest  0:  from source  1  epoch 12  consumed = 0.0625
   dest  0:  from source  1  epoch 13  consumed = 0.15625
   dest  0:  from source  1  epoch 14  consumed = 0.03125
   dest  0:  from source  1  epoch 15  consumed = 0.140625
   dest  0:  from source  1  epoch 16  consumed = 0.046875
   dest  0:  from source  1  epoch 17  consumed = 0.046875
   dest  0:  from source  1  epoch 18  consumed = 0.140625
   dest  0:  from source  1  epoch 20  consumed = 0.078125
   dest  0:  from source  1  epoch 21  consumed = 0.171875
   dest  0:  from source  1  epoch 22  consumed = 0.006741
   dest  0:  from source  1  epoch 23  consumed = 0.09375
   dest  0:  from source  1  epoch 24  consumed = 0.078125
   dest  0:  from source  1  epoch 25  consumed = 0.109375
   dest  0:  from source  1  epoch 26  consumed = 0.078125
   dest  0:  from source  1  epoch 27  consumed = 0.015625
   dest  0:  from source  1  epoch 28  consumed = 0.125
   dest  0:  from source  1  epoch 29  consumed = 0.25
   dest  0:  from source  1  epoch 30  consumed = 0.09375
   dest  0:  from source  1  epoch 31  consumed = 0.03125
   dest  0:  from source  1  epoch 32  consumed = 0.033791
   dest  0:  from source  1  epoch 33  consumed = 0.125
   dest  0:  from source  1  epoch 34  consumed = 0.0625
   dest  0:  from source  1  epoch 35  consumed = 0.233144
   dest  0:  from source  1  epoch 37  consumed = 0.03125
   dest  0:  from source  1  epoch 38  consumed = 0.078125
   dest  0:  from source  1  epoch 39  consumed = 0.125
   dest  0:  from source  2  epoch 0  consumed = 0.046875
   dest  0:  from source  2  epoch 1  consumed = 0.03125
   dest  0:  from source  2  epoch 2  consumed = 0.15625
   dest  0:  from source  2  epoch 3  consumed = 0.078125
   dest  0:  from source  2  epoch 4  consumed = 0.109375
   dest  0:  from source  2  epoch 5  consumed = 0.03125
   dest  0:  from source  2  epoch 6  consumed = 0.10001
   dest  0:  from source  2  epoch 7  consumed = 0.0625
   dest  0:  from source  2  epoch 8  consumed = 0.0625
   dest  0:  from source  2  epoch 9  consumed = 0.125053
   dest  0:  from source  2  epoch 10  consumed = 0.125
   dest  0:  from source  2  epoch 11  consumed = 0.09375
   dest  0:  from source  2  epoch 12  consumed = 0.078962
   dest  0:  from source  2  epoch 13  consumed = 0.111416
   dest  0:  from source  2  epoch 14  consumed = 0.171875
   dest  0:  from source  2  epoch 15  consumed = 0.046875
   dest  0:  from source  2  epoch 16  consumed = 0.171875
   dest  0:  from source  2  epoch 17  consumed = 0.015625
   dest  0:  from source  2  epoch 18  consumed = 0.046875
   dest  0:  from source  2  epoch 19  consumed = 0.078125
   dest  0:  from source  2  epoch 20  consumed = 0.046875
   dest  0:  from source  2  epoch 21  consumed = 0.15625
   dest  0:  from source  2  epoch 22  consumed = 0.09375
   dest  0:  from source  2  epoch 23  consumed = 0.03125
   dest  0:  from source  2  epoch 24  consumed = 0.125
   dest  0:  from source  2  epoch 25  consumed = 0.15625
   dest  0:  from source  2  epoch 26  consumed = 0.125
   dest  0:  from source  2  epoch 27  consumed = 0.171875
   dest  0:  from source  2  epoch 28  consumed = 0.15625
   dest  0:  from source  2  epoch 29  consumed = 0.09375
   dest  0:  from source  2  epoch 30  consumed = 0.158944
   dest  0:  from source  2  epoch 31  consumed = 0.078125
   dest  0:  from source  2  epoch 32  consumed = 0.082479
   dest  0:  from source  2  epoch 33  consumed = 0.202538
   dest  0:  from source  2  epoch 34  consumed = 0.046875
   dest  0:  from source  2  epoch 35  consumed = 0.140599
   dest  0:  from source  2  epoch 36  consumed = 0.140625
   dest  0:  from source  2  epoch 37  consumed = 0.046875
   dest  0:  from source  2  epoch 38  consumed = 0.171875
   dest  0:  from source  2  epoch 39  consumed = 0.03125
   dest  0:  from source  3  epoch 1  consumed = 0.171875
   dest  0:  from source  3  epoch 2  consumed = 0.015625
   dest  0:  from source  3  epoch 3  consumed = 0.1875
   dest  0:  from source  3  epoch 5  consumed = 0.015625
   dest  0:  from source  3  epoch 6  consumed = 0.0625
   dest  0:  from source  3  epoch 7  consumed = 0.178157
   dest  0:  from source  3  epoch 10  consumed = 0.156114
   dest  0:  from source  3  epoch 12  consumed = 0.200983
   dest  0:  from source  3  epoch 13  consumed = 0.015625
   dest  0:  from source  3  epoch 14  consumed = 0.203125
   dest  0:  from source  3  epoch 16  consumed = 0.0625
   dest  0:  from source  3  epoch 17  consumed = 0.15625
   dest  0:  from source  3  epoch 18  consumed = 0.171875
   dest  0:  from source  3  epoch 19  consumed = 0.390625
   dest  0:  from source  3  epoch 20  consumed = 0.09375
   dest  0:  from source  3  epoch 22  consumed = 0.171875
   dest  0:  from source  3  epoch 23  consumed = 0.092519
   dest  0:  from source  3  epoch 24  consumed = 0.09375
   dest  0:  from source  3  epoch 25  consumed = 0.203125
   dest  0:  from source  3  epoch 27  consumed = 0.03125
   dest  0:  from source  3  epoch 28  consumed = 0.015625
   dest  0:  from source  3  epoch 29  consumed = 0.03125
   dest  0:  from source  3  epoch 30  consumed = 0.059806
   dest  0:  from source  3  epoch 31  consumed = 0.21875
   dest  0:  from source  3  epoch 32  consumed = 0.140625
   dest  0:  from source  3  epoch 33  consumed = 0.046875
   dest  0:  from source  3  epoch 34  consumed = 0.218671
   dest  0:  from source  3  epoch 35  consumed = 0.046875
   dest  0:  from source  3  epoch 36  consumed = 0.125
   dest  0:  from source  3  epoch 37  consumed = 0.125
   dest  0:  from source  3  epoch 38  consumed = 0.203125
   dest  0:  from source  3  epoch 39  consumed = 0.09375
   dest  0:  from source  4  epoch 0  consumed = 0.09375
   dest  0:  from source  4  epoch 2  consumed = 0.09375
   dest  0:  from source  4  epoch 5  consumed = 0.03125
   dest  0:  from source  4  epoch 6  consumed = 0.046875
   dest  0:  from source  4  epoch 7  consumed = 0.056218
   dest  0:  from source  4  epoch 8  consumed = 0.03125
   dest  0:  from source  4  epoch 10  consumed = 0.086895
   dest  0:  from source  4  epoch 11  consumed = 0.03125
   dest  0:  from source  4  epoch 12  consumed = 0.078125
   dest  0:  from source  4  epoch 14  consumed = 0.0625
   dest  0:  from source  4  epoch 15  consumed = 0.03125
   dest  0:  from source  4  epoch 16  consumed = 0.09375
   dest  0:  from source  4  epoch 17  consumed = 0.125
   dest  0:  from source  4  epoch 18  consumed = 0.140625
   dest  0:  from source  4  epoch 22  consumed = 0.0625
   dest  0:  from source  4  epoch 23  consumed = 0.078125
   dest  0:  from source  4  epoch 26  consumed = 0.001178
   dest  0:  from source  4  epoch 27  consumed = 0.09375
   dest  0:  from source  4  epoch 28  consumed = 0.046875
   dest  0:  from source  4  epoch 30  consumed = 0.125
   dest  0:  from source  4  epoch 31  consumed = 0.09375
   dest  0:  from source  4  epoch 32  consumed = 0.056911
   dest  0:  from source  4  epoch 33  consumed = 0.047462
   dest  0:  from source  4  epoch 34  consumed = 0.031329
   dest  0:  from source  4  epoch 35  consumed = 0.032507
   dest  0:  from source  4  epoch 36  consumed = 0.109375
   dest  0:  from source  4  epoch 37  consumed = 0.03125
   dest  0:  from source  4  epoch 39  consumed = 0.1875
   dest  0:  from source  5  epoch 0  consumed = 0.015625
   dest  0:  from source  5  epoch 1  consumed = 0.109375
   dest  0:  from source  5  epoch 4  consumed = 0.171875
   dest  0:  from source  5  epoch 5  consumed = 0.109375
   dest  0:  from source  5  epoch 6  consumed = 0.046875
   dest  0:  from source  5  epoch 7  consumed = 0.03125
   dest  0:  from source  5  epoch 8  consumed = 0.055658
   dest  0:  from source  5  epoch 9  consumed = 0.125
   dest  0:  from source  5  epoch 11  consumed = 0.046875
   dest  0:  from source  5  epoch 13  consumed = 0.169834
   dest  0:  from source  5  epoch 15  consumed = 0.171875
   dest  0:  from source  5  epoch 17  consumed = 0.046875
   dest  0:  from source  5  epoch 19  consumed = 0.03125
   dest  0:  from source  5  epoch 20  consumed = 0.0625
   dest  0:  from source  5  epoch 21  consumed = 0.046875
   dest  0:  from source  5  epoch 22  consumed = 0.087009
   dest  0:  from source  5  epoch 23  consumed = 0.015625
   dest  0:  from source  5  epoch 24  consumed = 0.125
   dest  0:  from source  5  epoch 26  consumed = 0.140625
   dest  0:  from source  5  epoch 28  consumed = 0.09375
   dest  0:  from source  5  epoch 29  consumed = 0.03125
   dest  0:  from source  5  epoch 32  consumed = 0.078125
   dest  0:  from source  5  epoch 34  consumed = 0.03125
   dest  0:  from source  5  epoch 36  consumed = 0.078125
   dest  0:  from source  5  epoch 37  consumed = 0.046875
   dest  0:  from source  5  epoch 39  consumed = 0.03125
   dest  0:  from source  6  epoch 0  consumed = 0.046875
   dest  0:  from source  6  epoch 1  consumed = 0.03125
   dest  0:  from source  6  epoch 4  consumed = 0.09375
   dest  0:  from source  6  epoch 5  consumed = 0.046875
   dest  0:  from source  6  epoch 6  consumed = 0.0625
   dest  0:  from source  6  epoch 7  consumed = 0.015625
   dest  0:  from source  6  epoch 8  consumed = 0.046875
   dest  0:  from source  6  epoch 9  consumed = 0.124947
   dest  0:  from source  6  epoch 10  consumed = 0.03125
   dest  0:  from source  6  epoch 11  consumed = 0.125
   dest  0:  from source  6  epoch 13  consumed = 0.046875
   dest  0:  from source  6  epoch 15  consumed = 0.109375
   dest  0:  from source  6  epoch 17  consumed = 0.078125
   dest  0:  from source  6  epoch 20  consumed = 0.21875
   dest  0:  from source  6  epoch 21  consumed = 0.078125
   dest  0:  from source  6  epoch 22  consumed = 0.046875
   dest  0:  from source  6  epoch 23  consumed = 0.032481
   dest  0:  from source  6  epoch 24  consumed = 0.078125
   dest  0:  from source  6  epoch 26  consumed = 0.155072
   dest  0:  from source  6  epoch 27  consumed = 0.09375
   dest  0:  from source  6  epoch 28  consumed = 0.046875
   dest  0:  from source  6  epoch 29  consumed = 0.0625
   dest  0:  from source  6  epoch 30  consumed = 0.015625
   dest  0:  from source  6  epoch 31  consumed = 0.078125
   dest  0:  from source  6  epoch 34  consumed = 0.046875
   dest  0:  from source  6  epoch 37  consumed = 0.140625
   dest  0:  from source  6  epoch 38  consumed = 0.046875
   dest  0:  from source  7  epoch 0  consumed = 0.046875
   dest  0:  from source  7  epoch 1  consumed = 0.015625
   dest  0:  from source  7  epoch 2  consumed = 0.078125
   dest  0:  from source  7  epoch 3  consumed = 0.078125
   dest  0:  from source  7  epoch 5  consumed = 0.21875
   dest  0:  from source  7  epoch 6  consumed = 0.09375
   dest  0:  from source  7  epoch 7  consumed = 0.15625
   dest  0:  from source  7  epoch 8  consumed = 0.109375
   dest  0:  from source  7  epoch 11  consumed = 0.03125
   dest  0:  from source  7  epoch 12  consumed = 0.07943
   dest  0:  from source  7  epoch 14  consumed = 0.03125
   dest  0:  from source  7  epoch 16  consumed = 0.125
   dest  0:  from source  7  epoch 17  consumed = 0.03125
   dest  0:  from source  7  epoch 21  consumed = 0.046875
   dest  0:  from source  7  epoch 22  consumed = 0.03125
   dest  0:  from source  7  epoch 23  consumed = 0.15625
   dest  0:  from source  7  epoch 25  consumed = 0.03125
   dest  0:  from source  7  epoch 27  consumed = 0.09375
   dest  0:  from source  7  epoch 28  consumed = 0.015625
   dest  0:  from source  7  epoch 29  consumed = 0.03125
   dest  0:  from source  7  epoch 30  consumed = 0.046875
   dest  0:  from source  7  epoch 32  consumed = 0.10807
   dest  0:  from source  7  epoch 33  consumed = 0.078125
   dest  0:  from source  7  epoch 34  consumed = 0.0625
   dest  0:  from source  7  epoch 35  consumed = 0.046875
   dest  0:  from source  7  epoch 36  consumed = 0.046875
   dest  0:  from source  7  epoch 37  consumed = 0.078125
   dest  0:  from source  7  epoch 39  consumed = 0.03125
   dest  1:  from source  0  epoch 0  consumed = 0.0625
   dest  1:  from source  0  epoch 1  consumed = 0.09375
   dest  1:  from source  0  epoch 2  consumed = 0.203125
   dest  1:  from source  0  epoch 3  consumed = 0.03125
   dest  1:  from source  0  epoch 4  consumed = 0.0625
   dest  1:  from source  0  epoch 5  consumed = 0.15625
   dest  1:  from source  0  epoch 6  consumed = 0.0625
   dest  1:  from source  0  epoch 7  consumed = 0.240657
   dest  1:  from source  0  epoch 8  consumed = 0.118158
   dest  1:  from source  0  epoch 9  consumed = 0.25
   dest  1:  from source  0  epoch 11  consumed = 0.09375
   dest  1:  from source  0  epoch 12  consumed = 0.046875
   dest  1:  from source  0  epoch 13  consumed = 0.15625
   dest  1:  from source  0  epoch 14  consumed = 0.015625
   dest  1:  from source  0  epoch 15  consumed = 0.109375
   dest  1:  from source  0  epoch 16  consumed = 0.078125
   dest  1:  from source  0  epoch 17  consumed = 0.109375
   dest  1:  from source  0  epoch 18  consumed = 0.078125
   dest  1:  from source  0  epoch 19  consumed = 0.125
   dest  1:  from source  0  epoch 20  consumed = 0.078125
   dest  1:  from source  0  epoch 21  consumed = 0.0625
   dest  1:  from source  0  epoch 22  consumed = 0.1875
   dest  1:  from source  0  epoch 23  consumed = 0.078125
   dest  1:  from source  0  epoch 24  consumed = 0.125
   dest  1:  from source  0  epoch 25  consumed = 0.03125
   dest  1:  from source  0  epoch 26  consumed = 0.032428
   dest  1:  from source  0  epoch 27  consumed = 0.109375
   dest  1:  from source  0  epoch 28  consumed = 0.046875
   dest  1:  from source  0  epoch 29  consumed = 0.03125
   dest  1:  from source  0  epoch 30  consumed = 0.03125
   dest  1:  from source  0  epoch 31  consumed = 0.078125
   dest  1:  from source  0  epoch 32  consumed = 0.07943
   dest  1:  from source  0  epoch 33  consumed = 0.203125
   dest  1:  from source  0  epoch 34  consumed = 0.062421
   dest  1:  from source  0  epoch 35  consumed = 0.109375
   dest  1:  from source  0  epoch 36  consumed = 0.1875
   dest  1:  from source  0  epoch 37  consumed = 0.233096
   dest  1:  from source  0  epoch 38  consumed = 0.04631
   dest  1:  from source  0  epoch 39  consumed = 0.09375
   dest  1:  from source  2  epoch 0  consumed = 0.016221
   dest  1:  from source  2  epoch 1  consumed = 0.015625
   dest  1:  from source  2  epoch 2  consumed = 0.03125
   dest  1:  from source  2  epoch 3  consumed = 0.046875
   dest  1:  from source  2  epoch 4  consumed = 0.15625
   dest  1:  from source  2  epoch 5  consumed = 0.015625
   dest  1:  from source  2  epoch 6  consumed = 0.15625
   dest  1:  from source  2  epoch 7  consumed = 0.109375
   dest  1:  from source  2  epoch 8  consumed = 0.09375
   dest  1:  from source  2  epoch 10  consumed = 0.194355
   dest  1:  from source  2  epoch 11  consumed = 0.109375
   dest  1:  from source  2  epoch 12  consumed = 0.078125
   dest  1:  from source  2  epoch 13  consumed = 0.0625
   dest  1:  from source  2  epoch 14  consumed = 0.0625
   dest  1:  from source  2  epoch 16  consumed = 0.109375
   dest  1:  from source  2  epoch 17  consumed = 0.09375
   dest  1:  from source  2  epoch 18  consumed = 0.15625
   dest  1:  from source  2  epoch 19  consumed = 0.0625
   dest  1:  from source  2  epoch 20  consumed = 0.1875
   dest  1:  from source  2  epoch 22  consumed = 0.171875
   dest  1:  from source  2  epoch 23  consumed = 0.188731
   dest  1:  from source  2  epoch 24  consumed = 0.03125
   dest  1:  from source  2  epoch 25  consumed = 0.03125
   dest  1:  from source  2  epoch 26  consumed = 0.098774
   dest  1:  from source  2  epoch 27  consumed = 0.125
   dest  1:  from source  2  epoch 28  consumed = 0.078125
   dest  1:  from source  2  epoch 29  consumed = 0.078125
   dest  1:  from source  2  epoch 30  consumed = 0.234375
   dest  1:  from source  2  epoch 31  consumed = 0.15625
   dest  1:  from source  2  epoch 32  consumed = 0.119411
   dest  1:  from source  2  epoch 33  consumed = 0.125587
   dest  1:  from source  2  epoch 34  consumed = 0.25
   dest  1:  from source  2  epoch 35  consumed = 0.108118
   dest  1:  from source  2  epoch 36  consumed = 0.078125
   dest  1:  from source  2  epoch 37  consumed = 0.141904
   dest  1:  from source  2  epoch 38  consumed = 0.125565
   dest  1:  from source  2  epoch 39  consumed = 0.100084
   dest  1:  from source  3  epoch 0  consumed = 0.108779
   dest  1:  from source  3  epoch 1  consumed = 0.078125
   dest  1:  from source  3  epoch 2  consumed = 0.125
   dest  1:  from source  3  epoch 3  consumed = 0.09375
   dest  1:  from source  3  epoch 4  consumed = 0.140625
   dest  1:  from source  3  epoch 5  consumed = 0.140625
   dest  1:  from source  3  epoch 6  consumed = 0.0625
   dest  1:  from source  3  epoch 7  consumed = 0.09375
   dest  1:  from source  3  epoch 8  consumed = 0.1875
   dest  1:  from source  3  epoch 9  consumed = 0.078125
   dest  1:  from source  3  epoch 10  consumed = 0.04002
   dest  1:  from source  3  epoch 11  consumed = 0.1875
   dest  1:  from source  3  epoch 12  consumed = 0.017767
   dest  1:  from source  3  epoch 13  consumed = 0.125
   dest  1:  from source  3  epoch 14  consumed = 0.15625
   dest  1:  from source  3  epoch 15  consumed = 0.265625
   dest  1:  from source  3  epoch 16  consumed = 0.109375
   dest  1:  from source  3  epoch 17  consumed = 0.0625
   dest  1:  from source  3  epoch 18  consumed = 0.0625
   dest  1:  from source  3  epoch 20  consumed = 0.015625
   dest  1:  from source  3  epoch 21  consumed = 0.15625
   dest  1:  from source  3  epoch 22  consumed = 0.03125
   dest  1:  from source  3  epoch 23  consumed = 0.09375
   dest  1:  from source  3  epoch 24  consumed = 0.15625
   dest  1:  from source  3  epoch 25  consumed = 0.0625
   dest  1:  from source  3  epoch 26  consumed = 0.198179
   dest  1:  from source  3  epoch 27  consumed = 0.109375
   dest  1:  from source  3  epoch 28  consumed = 0.120374
   dest  1:  from source  3  epoch 29  consumed = 0.140625
   dest  1:  from source  3  epoch 30  consumed = 0.03125
   dest  1:  from source  3  epoch 31  consumed = 0.078125
   dest  1:  from source  3  epoch 32  consumed = 0.114964
   dest  1:  from source  3  epoch 34  consumed = 0.15625
   dest  1:  from source  3  epoch 35  consumed = 0.046875
   dest  1:  from source  3  epoch 36  consumed = 0.125
   dest  1:  from source  3  epoch 37  consumed = 0.0625
   dest  1:  from source  3  epoch 38  consumed = 0.03125
   dest  1:  from source  3  epoch 39  consumed = 0.134291
   dest  1:  from source  4  epoch 0  consumed = 0.046875
   dest  1:  from source  4  epoch 1  consumed = 0.125
   dest  1:  from source  4  epoch 3  consumed = 0.03125
   dest  1:  from source  4  epoch 4  consumed = 0.09375
   dest  1:  from source  4  epoch 5  consumed = 0.015625
   dest  1:  from source  4  epoch 6  consumed = 0.02499
   dest  1:  from source  4  epoch 7  consumed = 0.03125
   dest  1:  from source  4  epoch 9  consumed = 0.0625
   dest  1:  from source  4  epoch 11  consumed = 0.046875
   dest  1:  from source  4  epoch 12  consumed = 0.0625
   dest  1:  from source  4  epoch 13  consumed = 0.109375
   dest  1:  from source  4  epoch 14  consumed = 0.078125
   dest  1:  from source  4  epoch 15  consumed = 0.0625
   dest  1:  from source  4  epoch 16  consumed = 0.046875
   dest  1:  from source  4  epoch 17  consumed = 0.046875
   dest  1:  from source  4  epoch 18  consumed = 0.046875
   dest  1:  from source  4  epoch 19  consumed = 0.046875
   dest  1:  from source  4  epoch 20  consumed = 0.09375
   dest  1:  from source  4  epoch 21  consumed = 0.082321
   dest  1:  from source  4  epoch 22  consumed = 0.0625
   dest  1:  from source  4  epoch 24  consumed = 0.09375
   dest  1:  from source  4  epoch 25  consumed = 0.046875
   dest  1:  from source  4  epoch 26  consumed = 0.108118
   dest  1:  from source  4  epoch 27  consumed = 0.03125
   dest  1:  from source  4  epoch 28  consumed = 0.114001
   dest  1:  from source  4  epoch 29  consumed = 0.09375
   dest  1:  from source  4  epoch 31  consumed = 0.046875
   dest  1:  from source  4  epoch 32  consumed = 0.07682
   dest  1:  from source  4  epoch 35  consumed = 0.046875
   dest  1:  from source  4  epoch 36  consumed = 0.015625
   dest  1:  from source  4  epoch 37  consumed = 0.046875
   dest  1:  from source  4  epoch 38  consumed = 0.0625
   dest  1:  from source  5  epoch 2  consumed = 0.125
   dest  1:  from source  5  epoch 3  consumed = 0.109375
   dest  1:  from source  5  epoch 5  consumed = 0.125
   dest  1:  from source  5  epoch 6  consumed = 0.109375
   dest  1:  from source  5  epoch 7  consumed = 0.024968
   dest  1:  from source  5  epoch 8  consumed = 0.038092
   dest  1:  from source  5  epoch 10  consumed = 0.1875
   dest  1:  from source  5  epoch 12  consumed = 0.234375
   dest  1:  from source  5  epoch 16  consumed = 0.078125
   dest  1:  from source  5  epoch 18  consumed = 0.09375
   dest  1:  from source  5  epoch 19  consumed = 0.125
   dest  1:  from source  5  epoch 25  consumed = 0.0625
   dest  1:  from source  5  epoch 27  consumed = 0.125
   dest  1:  from source  5  epoch 31  consumed = 0.140625
   dest  1:  from source  5  epoch 33  consumed = 0.124413
   dest  1:  from source  5  epoch 35  consumed = 0.015651
   dest  1:  from source  5  epoch 36  consumed = 0.09375
   dest  1:  from source  5  epoch 37  consumed = 0.015625
   dest  1:  from source  5  epoch 38  consumed = 0.15625
   dest  1:  from source  5  epoch 39  consumed = 0.015625
   dest  1:  from source  6  epoch 0  consumed = 0.15625
   dest  1:  from source  6  epoch 1  consumed = 0.109375
   dest  1:  from source  6  epoch 2  consumed = 0.015625
   dest  1:  from source  6  epoch 3  consumed = 0.125
   dest  1:  from source  6  epoch 5  consumed = 0.046875
   dest  1:  from source  6  epoch 8  consumed = 0.015625
   dest  1:  from source  6  epoch 14  consumed = 0.09375
   dest  1:  from source  6  epoch 17  consumed = 0.140625
   dest  1:  from source  6  epoch 19  consumed = 0.125
   dest  1:  from source  6  epoch 20  consumed = 0.03125
   dest  1:  from source  6  epoch 21  consumed = 0.125
   dest  1:  from source  6  epoch 22  consumed = 0.046875
   dest  1:  from source  6  epoch 23  consumed = 0.139394
   dest  1:  from source  6  epoch 25  consumed = 0.125
   dest  1:  from source  6  epoch 28  consumed = 0.078125
   dest  1:  from source  6  epoch 29  consumed = 0.09375
   dest  1:  from source  6  epoch 30  consumed = 0.203125
   dest  1:  from source  6  epoch 32  consumed = 0.109375
   dest  1:  from source  6  epoch 34  consumed = 0.015625
   dest  1:  from source  6  epoch 35  consumed = 0.173106
   dest  1:  from source  6  epoch 39  consumed = 0.03125
   dest  1:  from source  7  epoch 0  consumed = 0.109375
   dest  1:  from source  7  epoch 1  consumed = 0.078125
   dest  1:  from source  7  epoch 3  consumed = 0.0625
   dest  1:  from source  7  epoch 4  consumed = 0.046875
   dest  1:  from source  7  epoch 6  consumed = 0.084385
   dest  1:  from source  7  epoch 8  consumed = 0.046875
   dest  1:  from source  7  epoch 9  consumed = 0.109375
   dest  1:  from source  7  epoch 10  consumed = 0.078125
   dest  1:  from source  7  epoch 11  consumed = 0.0625
   dest  1:  from source  7  epoch 12  consumed = 0.060358
   dest  1:  from source  7  epoch 13  consumed = 0.046875
   dest  1:  from source  7  epoch 14  consumed = 0.09375
   dest  1:  from source  7  epoch 15  consumed = 0.0625
   dest  1:  from source  7  epoch 16  consumed = 0.078125
   dest  1:  from source  7  epoch 17  consumed = 0.046875
   dest  1:  from source  7  epoch 18  consumed = 0.0625
   dest  1:  from source  7  epoch 19  consumed = 0.015625
   dest  1:  from source  7  epoch 20  consumed = 0.09375
   dest  1:  from source  7  epoch 21  consumed = 0.073929
   dest  1:  from source  7  epoch 24  consumed = 0.09375
   dest  1:  from source  7  epoch 25  consumed = 0.140625
   dest  1:  from source  7  epoch 26  consumed = 0.0625
   dest  1:  from source  7  epoch 28  consumed = 0.0625
   dest  1:  from source  7  epoch 29  consumed = 0.0625
   dest  1:  from source  7  epoch 33  consumed = 0.046875
   dest  1:  from source  7  epoch 34  consumed = 0.015704
   dest  1:  from source  7  epoch 38  consumed = 0.078125
   dest  1:  from source  7  epoch 39  consumed = 0.125
   dest  2:  from source  0  epoch 0  consumed = 0.141221
   dest  2:  from source  0  epoch 1  consumed = 0.0625
   dest  2:  from source  0  epoch 2  consumed = 0.046875
   dest  2:  from source  0  epoch 3  consumed = 0.09375
   dest  2:  from source  0  epoch 4  consumed = 0.0625
   dest  2:  from source  0  epoch 5  consumed = 0.1875
   dest  2:  from source  0  epoch 6  consumed = 0.078125
   dest  2:  from source  0  epoch 7  consumed = 0.118718
   dest  2:  from source  0  epoch 8  consumed = 0.140625
   dest  2:  from source  0  epoch 9  consumed = 0.15625
   dest  2:  from source  0  epoch 10  consumed = 0.09375
   dest  2:  from source  0  epoch 11  consumed = 0.15625
   dest  2:  from source  0  epoch 12  consumed = 0.046875
   dest  2:  from source  0  epoch 13  consumed = 0.15625
   dest  2:  from source  0  epoch 14  consumed = 0.140625
   dest  2:  from source  0  epoch 15  consumed = 0.078125
   dest  2:  from source  0  epoch 16  consumed = 0.03125
   dest  2:  from source  0  epoch 17  consumed = 0.109375
   dest  2:  from source  0  epoch 18  consumed = 0.0625
   dest  2:  from source  0  epoch 19  consumed = 0.054808
   dest  2:  from source  0  epoch 20  consumed = 0.078125
   dest  2:  from source  0  epoch 21  consumed = 0.089554
   dest  2:  from source  0  epoch 22  consumed = 0.03125
   dest  2:  from source  0  epoch 23  consumed = 0.09375
   dest  2:  from source  0  epoch 24  consumed = 0.171875
   dest  2:  from source  0  epoch 25  consumed = 0.15625
   dest  2:  from source  0  epoch 26  consumed = 0.15625
   dest  2:  from source  0  epoch 27  consumed = 0.0625
   dest  2:  from source  0  epoch 28  consumed = 0.140625
   dest  2:  from source  0  epoch 29  consumed = 0.078125
   dest  2:  from source  0  epoch 31  consumed = 0.046875
   dest  2:  from source  0  epoch 32  consumed = 0.1875
   dest  2:  from source  0  epoch 33  consumed = 0.046288
   dest  2:  from source  0  epoch 34  consumed = 0.125
   dest  2:  from source  0  epoch 35  consumed = 0.110632
   dest  2:  from source  0  epoch 36  consumed = 0.1875
   dest  2:  from source  0  epoch 37  consumed = 0.173154
   dest  2:  from source  0  epoch 38  consumed = 0.015625
   dest  2:  from source  0  epoch 39  consumed = 0.03125
   dest  2:  from source  1  epoch 0  consumed = 0.015625
   dest  2:  from source  1  epoch 1  consumed = 0.0625
   dest  2:  from source  1  epoch 3  consumed = 0.03125
   dest  2:  from source  1  epoch 4  consumed = 0.15625
   dest  2:  from source  1  epoch 6  consumed = 0.10001
   dest  2:  from source  1  epoch 7  consumed = 0.140625
   dest  2:  from source  1  epoch 8  consumed = 0.046875
   dest  2:  from source  1  epoch 9  consumed = 0.046875
   dest  2:  from source  1  epoch 10  consumed = 0.149259
   dest  2:  from source  1  epoch 11  consumed = 0.03125
   dest  2:  from source  1  epoch 12  consumed = 0.172712
   dest  2:  from source  1  epoch 13  consumed = 0.046875
   dest  2:  from source  1  epoch 14  consumed = 0.09375
   dest  2:  from source  1  epoch 15  consumed = 0.03125
   dest  2:  from source  1  epoch 16  consumed = 0.125
   dest  2:  from source  1  epoch 17  consumed = 0.203125
   dest  2:  from source  1  epoch 18  consumed = 0.125
   dest  2:  from source  1  epoch 19  consumed = 0.15625
   dest  2:  from source  1  epoch 20  consumed = 0.1875
   dest  2:  from source  1  epoch 21  consumed = 0.046875
   dest  2:  from source  1  epoch 22  consumed = 0.09375
   dest  2:  from source  1  epoch 23  consumed = 0.140625
   dest  2:  from source  1  epoch 24  consumed = 0.046875
   dest  2:  from source  1  epoch 26  consumed = 0.125
   dest  2:  from source  1  epoch 27  consumed = 0.25
   dest  2:  from source  1  epoch 29  consumed = 0.0625
   dest  2:  from source  1  epoch 30  consumed = 0.21875
   dest  2:  from source  1  epoch 31  consumed = 0.125
   dest  2:  from source  1  epoch 32  consumed = 0.046875
   dest  2:  from source  1  epoch 33  consumed = 0.09375
   dest  2:  from source  1  epoch 34  consumed = 0.218671
   dest  2:  from source  1  epoch 35  consumed = 0.109349
   dest  2:  from source  1  epoch 36  consumed = 0.046875
   dest  2:  from source  1  epoch 37  consumed = 0.09375
   dest  2:  from source  1  epoch 38  consumed = 0.171875
   dest  2:  from source  1  epoch 39  consumed = 0.1875
   dest  2:  from source  3  epoch 0  consumed = 0.078125
   dest  2:  from source  3  epoch 1  consumed = 0.125
   dest  2:  from source  3  epoch 2  consumed = 0.234375
   dest  2:  from source  3  epoch 3  consumed = 0.109375
   dest  2:  from source  3  epoch 4  consumed = 0.078125
   dest  2:  from source  3  epoch 5  consumed = 0.15625
   dest  2:  from source  3  epoch 6  consumed = 0.0625
   dest  2:  from source  3  epoch 7  consumed = 0.09375
   dest  2:  from source  3  epoch 8  consumed = 0.15625
   dest  2:  from source  3  epoch 9  consumed = 0.140625
   dest  2:  from source  3  epoch 10  consumed = 0.038241
   dest  2:  from source  3  epoch 11  consumed = 0.15625
   dest  2:  from source  3  epoch 13  consumed = 0.109375
   dest  2:  from source  3  epoch 14  consumed = 0.015625
   dest  2:  from source  3  epoch 15  consumed = 0.15625
   dest  2:  from source  3  epoch 16  consumed = 0.1875
   dest  2:  from source  3  epoch 17  consumed = 0.078125
   dest  2:  from source  3  epoch 18  consumed = 0.046875
   dest  2:  from source  3  epoch 19  consumed = 0.046875
   dest  2:  from source  3  epoch 20  consumed = 0.046875
   dest  2:  from source  3  epoch 21  consumed = 0.082321
   dest  2:  from source  3  epoch 22  consumed = 0.28125
   dest  2:  from source  3  epoch 23  consumed = 0.140625
   dest  2:  from source  3  epoch 24  consumed = 0.09375
   dest  2:  from source  3  epoch 25  consumed = 0.109375
   dest  2:  from source  3  epoch 26  consumed = 0.005024
   dest  2:  from source  3  epoch 27  consumed = 0.0625
   dest  2:  from source  3  epoch 28  consumed = 0.125
   dest  2:  from source  3  epoch 29  consumed = 0.078125
   dest  2:  from source  3  epoch 30  consumed = 0.03125
   dest  2:  from source  3  epoch 31  consumed = 0.078125
   dest  2:  from source  3  epoch 32  consumed = 0.09375
   dest  2:  from source  3  epoch 33  consumed = 0.063087
   dest  2:  from source  3  epoch 34  consumed = 0.093829
   dest  2:  from source  3  epoch 35  consumed = 0.078151
   dest  2:  from source  3  epoch 36  consumed = 0.125
   dest  2:  from source  3  epoch 37  consumed = 0.233096
   dest  2:  from source  3  epoch 39  consumed = 0.109375
   dest  2:  from source  4  epoch 0  consumed = 0.09375
   dest  2:  from source  4  epoch 1  consumed = 0.046875
   dest  2:  from source  4  epoch 3  consumed = 0.015625
   dest  2:  from source  4  epoch 4  consumed = 0.078125
   dest  2:  from source  4  epoch 5  consumed = 0.015625
   dest  2:  from source  4  epoch 6  consumed = 0.078125
   dest  2:  from source  4  epoch 7  consumed = 0.053157
   dest  2:  from source  4  epoch 8  consumed = 0.03125
   dest  2:  from source  4  epoch 9  consumed = 0.09375
   dest  2:  from source  4  epoch 11  consumed = 0.0625
   dest  2:  from source  4  epoch 12  consumed = 0.078125
   dest  2:  from source  4  epoch 13  consumed = 0.0625
   dest  2:  from source  4  epoch 14  consumed = 0.09375
   dest  2:  from source  4  epoch 15  consumed = 0.125
   dest  2:  from source  4  epoch 16  consumed = 0.0625
   dest  2:  from source  4  epoch 19  consumed = 0.03125
   dest  2:  from source  4  epoch 20  consumed = 0.046875
   dest  2:  from source  4  epoch 21  consumed = 0.09375
   dest  2:  from source  4  epoch 23  consumed = 0.078125
   dest  2:  from source  4  epoch 24  consumed = 0.09375
   dest  2:  from source  4  epoch 25  consumed = 0.0625
   dest  2:  from source  4  epoch 26  consumed = 0.119976
   dest  2:  from source  4  epoch 28  consumed = 0.046875
   dest  2:  from source  4  epoch 29  consumed = 0.09375
   dest  2:  from source  4  epoch 31  consumed = 0.046875
   dest  2:  from source  4  epoch 32  consumed = 0.046875
   dest  2:  from source  4  epoch 34  consumed = 0.015625
   dest  2:  from source  4  epoch 35  consumed = 0.076868
   dest  2:  from source  4  epoch 38  consumed = 0.125
   dest  2:  from source  4  epoch 39  consumed = 0.03125
   dest  2:  from source  5  epoch 0  consumed = 0.140625
   dest  2:  from source  5  epoch 1  consumed = 0.09375
   dest  2:  from source  5  epoch 2  consumed = 0.046875
   dest  2:  from source  5  epoch 3  consumed = 0.140625
   dest  2:  from source  5  epoch 5  consumed = 0.015625
   dest  2:  from source  5  epoch 7  consumed = 0.046875
   dest  2:  from source  5  epoch 8  consumed = 0.046875
   dest  2:  from source  5  epoch 13  consumed = 0.03125
   dest  2:  from source  5  epoch 14  consumed = 0.0625
   dest  2:  from source  5  epoch 15  consumed = 0.046875
   dest  2:  from source  5  epoch 17  consumed = 0.0625
   dest  2:  from source  5  epoch 19  consumed = 0.0625
   dest  2:  from source  5  epoch 20  consumed = 0.046875
   dest  2:  from source  5  epoch 21  consumed = 0.09375
   dest  2:  from source  5  epoch 22  consumed = 0.03125
   dest  2:  from source  5  epoch 23  consumed = 0.03125
   dest  2:  from source  5  epoch 25  consumed = 0.125
   dest  2:  from source  5  epoch 28  consumed = 0.109375
   dest  2:  from source  5  epoch 29  consumed = 0.109375
   dest  2:  from source  5  epoch 30  consumed = 0.25
   dest  2:  from source  5  epoch 31  consumed = 0.09375
   dest  2:  from source  5  epoch 32  consumed = 0.125
   dest  2:  from source  5  epoch 33  consumed = 0.03125
   dest  2:  from source  5  epoch 34  consumed = 0.015625
   dest  2:  from source  5  epoch 35  consumed = 0.09375
   dest  2:  from source  5  epoch 39  consumed = 0.046875
   dest  2:  from source  6  epoch 1  consumed = 0.03125
   dest  2:  from source  6  epoch 2  consumed = 0.171875
   dest  2:  from source  6  epoch 3  consumed = 0.078125
   dest  2:  from source  6  epoch 5  consumed = 0.125
   dest  2:  from source  6  epoch 6  consumed = 0.109375
   dest  2:  from source  6  epoch 7  consumed = 0.015625
   dest  2:  from source  6  epoch 8  consumed = 0.078125
   dest  2:  from source  6  epoch 10  consumed = 0.171875
   dest  2:  from source  6  epoch 12  consumed = 0.202288
   dest  2:  from source  6  epoch 16  consumed = 0.09375
   dest  2:  from source  6  epoch 17  consumed = 0.03125
   dest  2:  from source  6  epoch 18  consumed = 0.157087
   dest  2:  from source  6  epoch 19  consumed = 0.03125
   dest  2:  from source  6  epoch 23  consumed = 0.015625
   dest  2:  from source  6  epoch 25  consumed = 0.046875
   dest  2:  from source  6  epoch 27  consumed = 0.109375
   dest  2:  from source  6  epoch 31  consumed = 0.0625
   dest  2:  from source  6  epoch 33  consumed = 0.203125
   dest  2:  from source  6  epoch 34  consumed = 0.03125
   dest  2:  from source  6  epoch 36  consumed = 0.09375
   dest  2:  from source  6  epoch 38  consumed = 0.140625
   dest  2:  from source  7  epoch 0  consumed = 0.030654
   dest  2:  from source  7  epoch 1  consumed = 0.078125
   dest  2:  from source  7  epoch 3  consumed = 0.03125
   dest  2:  from source  7  epoch 4  consumed = 0.125
   dest  2:  from source  7  epoch 6  consumed = 0.071865
   dest  2:  from source  7  epoch 7  consumed = 0.03125
   dest  2:  from source  7  epoch 9  consumed = 0.0625
   dest  2:  from source  7  epoch 10  consumed = 0.046875
   dest  2:  from source  7  epoch 11  consumed = 0.09375
   dest  2:  from source  7  epoch 13  consumed = 0.09375
   dest  2:  from source  7  epoch 14  consumed = 0.09375
   dest  2:  from source  7  epoch 15  consumed = 0.0625
   dest  2:  from source  7  epoch 17  consumed = 0.015625
   dest  2:  from source  7  epoch 18  consumed = 0.108538
   dest  2:  from source  7  epoch 19  consumed = 0.117067
   dest  2:  from source  7  epoch 20  consumed = 0.09375
   dest  2:  from source  7  epoch 21  consumed = 0.09375
   dest  2:  from source  7  epoch 22  consumed = 0.0625
   dest  2:  from source  7  epoch 24  consumed = 0.09375
   dest  2:  from source  7  epoch 26  consumed = 0.09375
   dest  2:  from source  7  epoch 27  consumed = 0.015625
   dest  2:  from source  7  epoch 28  consumed = 0.078125
   dest  2:  from source  7  epoch 29  consumed = 0.078125
   dest  2:  from source  7  epoch 31  consumed = 0.046875
   dest  2:  from source  7  epoch 33  consumed = 0.0625
   dest  2:  from source  7  epoch 35  consumed = 0.03125
   dest  2:  from source  7  epoch 36  consumed = 0.046875
   dest  2:  from source  7  epoch 38  consumed = 0.046875
   dest  2:  from source  7  epoch 39  consumed = 0.09375
   dest  3:  from source  0  epoch 1  consumed = 0.1875
   dest  3:  from source  0  epoch 2  consumed = 0.03125
   dest  3:  from source  0  epoch 3  consumed = 0.15625
   dest  3:  from source  0  epoch 4  consumed = 0.046875
   dest  3:  from source  0  epoch 5  consumed = 0.015625
   dest  3:  from source  0  epoch 6  consumed = 0.109375
   dest  3:  from source  0  epoch 7  consumed = 0.09375
   dest  3:  from source  0  epoch 8  consumed = 0.015625
   dest  3:  from source  0  epoch 9  consumed = 0.046875
   dest  3:  from source  0  epoch 10  consumed = 0.20998
   dest  3:  from source  0  epoch 12  consumed = 0.171875
   dest  3:  from source  0  epoch 13  consumed = 0.015625
   dest  3:  from source  0  epoch 14  consumed = 0.171875
   dest  3:  from source  0  epoch 15  consumed = 0.03125
   dest  3:  from source  0  epoch 16  consumed = 0.15625
   dest  3:  from source  0  epoch 18  consumed = 0.109375
   dest  3:  from source  0  epoch 19  consumed = 0.242067
   dest  3:  from source  0  epoch 20  consumed = 0.046875
   dest  3:  from source  0  epoch 21  consumed = 0.082321
   dest  3:  from source  0  epoch 22  consumed = 0.21875
   dest  3:  from source  0  epoch 23  consumed = 0.046875
   dest  3:  from source  0  epoch 24  consumed = 0.03125
   dest  3:  from source  0  epoch 25  consumed = 0.1875
   dest  3:  from source  0  epoch 26  consumed = 0.03125
   dest  3:  from source  0  epoch 27  consumed = 0.03125
   dest  3:  from source  0  epoch 28  consumed = 0.03125
   dest  3:  from source  0  epoch 29  consumed = 0.125
   dest  3:  from source  0  epoch 30  consumed = 0.25
   dest  3:  from source  0  epoch 31  consumed = 0.203125
   dest  3:  from source  0  epoch 32  consumed = 0.166294
   dest  3:  from source  0  epoch 33  consumed = 0.000587
   dest  3:  from source  0  epoch 34  consumed = 0.234454
   dest  3:  from source  0  epoch 35  consumed = 0.046875
   dest  3:  from source  0  epoch 36  consumed = 0.0625
   dest  3:  from source  0  epoch 37  consumed = 0.046875
   dest  3:  from source  0  epoch 38  consumed = 0.167337
   dest  3:  from source  0  epoch 39  consumed = 0.178209
   dest  3:  from source  1  epoch 0  consumed = 0.03125
   dest  3:  from source  1  epoch 1  consumed = 0.015625
   dest  3:  from source  1  epoch 2  consumed = 0.109375
   dest  3:  from source  1  epoch 3  consumed = 0.078125
   dest  3:  from source  1  epoch 4  consumed = 0.109375
   dest  3:  from source  1  epoch 5  consumed = 0.125
   dest  3:  from source  1  epoch 6  consumed = 0.1875
   dest  3:  from source  1  epoch 7  consumed = 0.078125
   dest  3:  from source  1  epoch 8  consumed = 0.109375
   dest  3:  from source  1  epoch 9  consumed = 0.093803
   dest  3:  from source  1  epoch 10  consumed = 0.088161
   dest  3:  from source  1  epoch 11  consumed = 0.15625
   dest  3:  from source  1  epoch 12  consumed = 0.125
   dest  3:  from source  1  epoch 13  consumed = 0.189541
   dest  3:  from source  1  epoch 14  consumed = 0.25
   dest  3:  from source  1  epoch 15  consumed = 0.03125
   dest  3:  from source  1  epoch 16  consumed = 0.15625
   dest  3:  from source  1  epoch 17  consumed = 0.0625
   dest  3:  from source  1  epoch 18  consumed = 0.125
   dest  3:  from source  1  epoch 19  consumed = 0.139473
   dest  3:  from source  1  epoch 20  consumed = 0.140625
   dest  3:  from source  1  epoch 21  consumed = 0.046875
   dest  3:  from source  1  epoch 23  consumed = 0.125
   dest  3:  from source  1  epoch 24  consumed = 0.078125
   dest  3:  from source  1  epoch 26  consumed = 0.171875
   dest  3:  from source  1  epoch 27  consumed = 0.03125
   dest  3:  from source  1  epoch 28  consumed = 0.192126
   dest  3:  from source  1  epoch 29  consumed = 0.078125
   dest  3:  from source  1  epoch 30  consumed = 0.046875
   dest  3:  from source  1  epoch 31  consumed = 0.15625
   dest  3:  from source  1  epoch 32  consumed = 0.10814
   dest  3:  from source  1  epoch 33  consumed = 0.15625
   dest  3:  from source  1  epoch 35  consumed = 0.079382
   dest  3:  from source  1  epoch 36  consumed = 0.15625
   dest  3:  from source  1  epoch 37  consumed = 0.03125
   dest  3:  from source  1  epoch 38  consumed = 0.09375
   dest  3:  from source  1  epoch 39  consumed = 0.046875
   dest  3:  from source  2  epoch 0  consumed = 0.249404
   dest  3:  from source  2  epoch 1  consumed = 0.1875
   dest  3:  from source  2  epoch 2  consumed = 0.15625
   dest  3:  from source  2  epoch 3  consumed = 0.109375
   dest  3:  from source  2  epoch 4  consumed = 0.0625
   dest  3:  from source  2  epoch 5  consumed = 0.15625
   dest  3:  from source  2  epoch 7  consumed = 0.125
   dest  3:  from source  2  epoch 8  consumed = 0.1875
   dest  3:  from source  2  epoch 9  consumed = 0.124947
   dest  3:  from source  2  epoch 10  consumed = 0.07127
   dest  3:  from source  2  epoch 11  consumed = 0.15625
   dest  3:  from source  2  epoch 12  consumed = 0.139788
   dest  3:  from source  2  epoch 13  consumed = 0.0625
   dest  3:  from source  2  epoch 14  consumed = 0.046875
   dest  3:  from source  2  epoch 15  consumed = 0.1875
   dest  3:  from source  2  epoch 16  consumed = 0.09375
   dest  3:  from source  2  epoch 17  consumed = 0.078125
   dest  3:  from source  2  epoch 18  consumed = 0.140625
   dest  3:  from source  2  epoch 19  consumed = 0.08721
   dest  3:  from source  2  epoch 20  consumed = 0.203125
   dest  3:  from source  2  epoch 21  consumed = 0.140625
   dest  3:  from source  2  epoch 23  consumed = 0.09375
   dest  3:  from source  2  epoch 24  consumed = 0.078125
   dest  3:  from source  2  epoch 26  consumed = 0.125
   dest  3:  from source  2  epoch 27  consumed = 0.078125
   dest  3:  from source  2  epoch 28  consumed = 0.046875
   dest  3:  from source  2  epoch 29  consumed = 0.21875
   dest  3:  from source  2  epoch 30  consumed = 0.015625
   dest  3:  from source  2  epoch 31  consumed = 0.046875
   dest  3:  from source  2  epoch 32  consumed = 0.068089
   dest  3:  from source  2  epoch 33  consumed = 0.0625
   dest  3:  from source  2  epoch 34  consumed = 0.0625
   dest  3:  from source  2  epoch 35  consumed = 0.140625
   dest  3:  from source  2  epoch 36  consumed = 0.03125
   dest  3:  from source  2  epoch 37  consumed = 0.109375
   dest  3:  from source  2  epoch 38  consumed = 0.015625
   dest  3:  from source  2  epoch 39  consumed = 0.040541
   dest  3:  from source  4  epoch 0  consumed = 0.015625
   dest  3:  from source  4  epoch 2  consumed = 0.109375
   dest  3:  from source  4  epoch 3  consumed = 0.109375
   dest  3:  from source  4  epoch 4  consumed = 0.046875
   dest  3:  from source  4  epoch 5  consumed = 0.140625
   dest  3:  from source  4  epoch 6  consumed = 0.03125
   dest  3:  from source  4  epoch 7  consumed = 0.078125
   dest  3:  from source  4  epoch 8  consumed = 0.09375
   dest  3:  from source  4  epoch 10  consumed = 0.052464
   dest  3:  from source  4  epoch 11  consumed = 0.078125
   dest  3:  from source  4  epoch 13  consumed = 0.015625
   dest  3:  from source  4  epoch 15  consumed = 0.03125
   dest  3:  from source  4  epoch 16  consumed = 0.046875
   dest  3:  from source  4  epoch 17  consumed = 0.0625
   dest  3:  from source  4  epoch 20  consumed = 0.09375
   dest  3:  from source  4  epoch 21  consumed = 0.073929
   dest  3:  from source  4  epoch 22  consumed = 0.03125
   dest  3:  from source  4  epoch 23  consumed = 0.0625
   dest  3:  from source  4  epoch 24  consumed = 0.015625
   dest  3:  from source  4  epoch 25  consumed = 0.10817
   dest  3:  from source  4  epoch 26  consumed = 0.005024
   dest  3:  from source  4  epoch 27  consumed = 0.109375
   dest  3:  from source  4  epoch 28  consumed = 0.042249
   dest  3:  from source  4  epoch 30  consumed = 0.09375
   dest  3:  from source  4  epoch 33  consumed = 0.171288
   dest  3:  from source  4  epoch 34  consumed = 0.09375
   dest  3:  from source  4  epoch 35  consumed = 0.0625
   dest  3:  from source  4  epoch 36  consumed = 0.0625
   dest  3:  from source  4  epoch 37  consumed = 0.03125
   dest  3:  from source  4  epoch 38  consumed = 0.03125
   dest  3:  from source  5  epoch 0  consumed = 0.09375
   dest  3:  from source  5  epoch 1  consumed = 0.046875
   dest  3:  from source  5  epoch 4  consumed = 0.078125
   dest  3:  from source  5  epoch 6  consumed = 0.09375
   dest  3:  from source  5  epoch 7  consumed = 0.046875
   dest  3:  from source  5  epoch 9  consumed = 0.109375
   dest  3:  from source  5  epoch 11  consumed = 0.046875
   dest  3:  from source  5  epoch 13  consumed = 0.046875
   dest  3:  from source  5  epoch 15  consumed = 0.03125
   dest  3:  from source  5  epoch 17  consumed = 0.140625
   dest  3:  from source  5  epoch 18  consumed = 0.046875
   dest  3:  from source  5  epoch 20  consumed = 0.015625
   dest  3:  from source  5  epoch 21  consumed = 0.109375
   dest  3:  from source  5  epoch 22  consumed = 0.09375
   dest  3:  from source  5  epoch 23  consumed = 0.078125
   dest  3:  from source  5  epoch 24  consumed = 0.125
   dest  3:  from source  5  epoch 25  consumed = 0.0625
   dest  3:  from source  5  epoch 26  consumed = 0.104351
   dest  3:  from source  5  epoch 27  consumed = 0.09375
   dest  3:  from source  5  epoch 29  consumed = 0.046875
   dest  3:  from source  5  epoch 32  consumed = 0.046875
   dest  3:  from source  5  epoch 33  consumed = 0.046875
   dest  3:  from source  5  epoch 34  consumed = 0.078046
   dest  3:  from source  5  epoch 37  consumed = 0.125
   dest  3:  from source  5  epoch 38  consumed = 0.067603
   dest  3:  from source  5  epoch 39  consumed = 0.125
   dest  3:  from source  6  epoch 0  consumed = 0.046875
   dest  3:  from source  6  epoch 1  consumed = 0.0625
   dest  3:  from source  6  epoch 2  consumed = 0.03125
   dest  3:  from source  6  epoch 3  consumed = 0.046875
   dest  3:  from source  6  epoch 4  consumed = 0.078125
   dest  3:  from source  6  epoch 5  consumed = 0.03125
   dest  3:  from source  6  epoch 6  consumed = 0.078125
   dest  3:  from source  6  epoch 7  consumed = 0.046875
   dest  3:  from source  6  epoch 8  consumed = 0.046875
   dest  3:  from source  6  epoch 9  consumed = 0.125
   dest  3:  from source  6  epoch 12  consumed = 0.047712
   dest  3:  from source  6  epoch 13  consumed = 0.169834
   dest  3:  from source  6  epoch 15  consumed = 0.09375
   dest  3:  from source  6  epoch 16  consumed = 0.015625
   dest  3:  from source  6  epoch 19  consumed = 0.03125
   dest  3:  from source  6  epoch 21  consumed = 0.046875
   dest  3:  from source  6  epoch 22  consumed = 0.125
   dest  3:  from source  6  epoch 23  consumed = 0.03125
   dest  3:  from source  6  epoch 24  consumed = 0.171875
   dest  3:  from source  6  epoch 25  consumed = 0.063705
   dest  3:  from source  6  epoch 26  consumed = 0.0625
   dest  3:  from source  6  epoch 27  consumed = 0.046875
   dest  3:  from source  6  epoch 28  consumed = 0.109375
   dest  3:  from source  6  epoch 29  consumed = 0.03125
   dest  3:  from source  6  epoch 32  consumed = 0.0625
   dest  3:  from source  6  epoch 34  consumed = 0.03125
   dest  3:  from source  6  epoch 36  consumed = 0.09375
   dest  3:  from source  6  epoch 37  consumed = 0.0625
   dest  3:  from source  6  epoch 39  consumed = 0.109375
   dest  3:  from source  7  epoch 0  consumed = 0.063096
   dest  3:  from source  7  epoch 2  consumed = 0.0625
   dest  3:  from source  7  epoch 4  consumed = 0.078125
   dest  3:  from source  7  epoch 5  consumed = 0.03125
   dest  3:  from source  7  epoch 7  consumed = 0.03125
   dest  3:  from source  7  epoch 8  consumed = 0.046875
   dest  3:  from source  7  epoch 10  consumed = 0.078125
   dest  3:  from source  7  epoch 11  consumed = 0.0625
   dest  3:  from source  7  epoch 12  consumed = 0.015625
   dest  3:  from source  7  epoch 14  consumed = 0.03125
   dest  3:  from source  7  epoch 15  consumed = 0.09375
   dest  3:  from source  7  epoch 16  consumed = 0.03125
   dest  3:  from source  7  epoch 17  consumed = 0.15625
   dest  3:  from source  7  epoch 18  consumed = 0.078125
   dest  3:  from source  7  epoch 22  consumed = 0.03125
   dest  3:  from source  7  epoch 23  consumed = 0.0625
   dest  3:  from source  7  epoch 25  consumed = 0.078125
   dest  3:  from source  7  epoch 27  consumed = 0.109375
   dest  3:  from source  7  epoch 28  consumed = 0.078125
   dest  3:  from source  7  epoch 30  consumed = 0.09375
   dest  3:  from source  7  epoch 31  consumed = 0.09375
   dest  3:  from source  7  epoch 32  consumed = 0.048102
   dest  3:  from source  7  epoch 33  consumed = 0.0625
   dest  3:  from source  7  epoch 35  consumed = 0.170618
   dest  3:  from source  7  epoch 36  consumed = 0.09375
   dest  3:  from source  7  epoch 37  consumed = 0.09375
   dest  3:  from source  7  epoch 38  consumed = 0.124435
   dest  4:  from source  0  epoch 0  consumed = 0.109375
   dest  4:  from source  0  epoch 1  consumed = 0.078125
   dest  4:  from source  0  epoch 3  consumed = 0.09375
   dest  4:  from source  0  epoch 4  consumed = 0.09375
   dest  4:  from source  0  epoch 6  consumed = 0.15625
   dest  4:  from source  0  epoch 8  consumed = 0.03125
   dest  4:  from source  0  epoch 10  consumed = 0.078125
   dest  4:  from source  0  epoch 11  consumed = 0.03125
   dest  4:  from source  0  epoch 13  consumed = 0.046875
   dest  4:  from source  0  epoch 14  consumed = 0.015625
   dest  4:  from source  0  epoch 15  consumed = 0.03125
   dest  4:  from source  0  epoch 17  consumed = 0.03125
   dest  4:  from source  0  epoch 18  consumed = 0.15625
   dest  4:  from source  0  epoch 19  consumed = 0.078125
   dest  4:  from source  0  epoch 20  consumed = 0.046875
   dest  4:  from source  0  epoch 23  consumed = 0.141856
   dest  4:  from source  0  epoch 24  consumed = 0.03125
   dest  4:  from source  0  epoch 27  consumed = 0.171875
   dest  4:  from source  0  epoch 29  consumed = 0.125
   dest  4:  from source  0  epoch 30  consumed = 0.109375
   dest  4:  from source  0  epoch 31  consumed = 0.015625
   dest  4:  from source  0  epoch 32  consumed = 0.03125
   dest  4:  from source  0  epoch 33  consumed = 0.078125
   dest  4:  from source  0  epoch 36  consumed = 0.015625
   dest  4:  from source  0  epoch 38  consumed = 0.161353
   dest  4:  from source  0  epoch 39  consumed = 0.040541
   dest  4:  from source  1  epoch 0  consumed = 0.015625
   dest  4:  from source  1  epoch 1  consumed = 0.046875
   dest  4:  from source  1  epoch 2  consumed = 0.109375
   dest  4:  from source  1  epoch 3  consumed = 0.03125
   dest  4:  from source  1  epoch 5  consumed = 0.15625
   dest  4:  from source  1  epoch 7  consumed = 0.03125
   dest  4:  from source  1  epoch 8  consumed = 0.0625
   dest  4:  from source  1  epoch 9  consumed = 0.031197
   dest  4:  from source  1  epoch 10  consumed = 0.078125
   dest  4:  from source  1  epoch 12  consumed = 0.015625
   dest  4:  from source  1  epoch 14  consumed = 0.015625
   dest  4:  from source  1  epoch 15  consumed = 0.0625
   dest  4:  from source  1  epoch 16  consumed = 0.0625
   dest  4:  from source  1  epoch 17  consumed = 0.078125
   dest  4:  from source  1  epoch 18  consumed = 0.046875
   dest  4:  from source  1  epoch 19  consumed = 0.03125
   dest  4:  from source  1  epoch 21  consumed = 0.09375
   dest  4:  from source  1  epoch 22  consumed = 0.1875
   dest  4:  from source  1  epoch 23  consumed = 0.061269
   dest  4:  from source  1  epoch 24  consumed = 0.09375
   dest  4:  from source  1  epoch 25  consumed = 0.11058
   dest  4:  from source  1  epoch 28  consumed = 0.09375
   dest  4:  from source  1  epoch 29  consumed = 0.046875
   dest  4:  from source  1  epoch 30  consumed = 0.09375
   dest  4:  from source  1  epoch 31  consumed = 0.09375
   dest  4:  from source  1  epoch 32  consumed = 0.046875
   dest  4:  from source  1  epoch 34  consumed = 0.015704
   dest  4:  from source  1  epoch 35  consumed = 0.03125
   dest  4:  from source  1  epoch 36  consumed = 0.09375
   dest  4:  from source  1  epoch 37  consumed = 0.046875
   dest  4:  from source  1  epoch 39  consumed = 0.015625
   dest  4:  from source  2  epoch 0  consumed = 0.0625
   dest  4:  from source  2  epoch 1  consumed = 0.09375
   dest  4:  from source  2  epoch 2  consumed = 0.046875
   dest  4:  from source  2  epoch 3  consumed = 0.078125
   dest  4:  from source  2  epoch 5  consumed = 0.09375
   dest  4:  from source  2  epoch 6  consumed = 0.015625
   dest  4:  from source  2  epoch 7  consumed = 0.046875
   dest  4:  from source  2  epoch 8  consumed = 0.015625
   dest  4:  from source  2  epoch 9  consumed = 0.125
   dest  4:  from source  2  epoch 10  consumed = 0.015625
   dest  4:  from source  2  epoch 11  consumed = 0.015625
   dest  4:  from source  2  epoch 12  consumed = 0.0625
   dest  4:  from source  2  epoch 13  consumed = 0.061348
   dest  4:  from source  2  epoch 15  consumed = 0.09375
   dest  4:  from source  2  epoch 16  consumed = 0.046875
   dest  4:  from source  2  epoch 17  consumed = 0.140625
   dest  4:  from source  2  epoch 19  consumed = 0.09375
   dest  4:  from source  2  epoch 21  consumed = 0.109375
   dest  4:  from source  2  epoch 22  consumed = 0.046875
   dest  4:  from source  2  epoch 24  consumed = 0.09375
   dest  4:  from source  2  epoch 25  consumed = 0.03125
   dest  4:  from source  2  epoch 28  consumed = 0.109375
   dest  4:  from source  2  epoch 30  consumed = 0.015625
   dest  4:  from source  2  epoch 31  consumed = 0.09375
   dest  4:  from source  2  epoch 32  consumed = 0.015546
   dest  4:  from source  2  epoch 35  consumed = 0.079356
   dest  4:  from source  2  epoch 36  consumed = 0.0625
   dest  4:  from source  2  epoch 37  consumed = 0.09375
   dest  4:  from source  2  epoch 39  consumed = 0.140625
   dest  4:  from source  3  epoch 0  consumed = 0.0625
   dest  4:  from source  3  epoch 1  consumed = 0.03125
   dest  4:  from source  3  epoch 3  consumed = 0.046875
   dest  4:  from source  3  epoch 4  consumed = 0.140625
   dest  4:  from source  3  epoch 6  consumed = 0.078125
   dest  4:  from source  3  epoch 7  consumed = 0.118718
   dest  4:  from source  3  epoch 8  consumed = 0.03125
   dest  4:  from source  3  epoch 9  consumed = 0.062553
   dest  4:  from source  3  epoch 11  consumed = 0.078125
   dest  4:  from source  3  epoch 12  consumed = 0.171875
   dest  4:  from source  3  epoch 13  consumed = 0.032402
   dest  4:  from source  3  epoch 14  consumed = 0.03125
   dest  4:  from source  3  epoch 15  consumed = 0.03125
   dest  4:  from source  3  epoch 18  consumed = 0.015625
   dest  4:  from source  3  epoch 19  consumed = 0.015625
   dest  4:  from source  3  epoch 20  consumed = 0.140625
   dest  4:  from source  3  epoch 21  consumed = 0.046875
   dest  4:  from source  3  epoch 22  consumed = 0.015625
   dest  4:  from source  3  epoch 24  consumed = 0.03125
   dest  4:  from source  3  epoch 25  consumed = 0.09375
   dest  4:  from source  3  epoch 26  consumed = 0.1875
   dest  4:  from source  3  epoch 27  consumed = 0.046875
   dest  4:  from source  3  epoch 29  consumed = 0.078125
   dest  4:  from source  3  epoch 30  consumed = 0.03125
   dest  4:  from source  3  epoch 32  consumed = 0.03125
   dest  4:  from source  3  epoch 33  consumed = 0.140625
   dest  4:  from source  3  epoch 34  consumed = 0.015625
   dest  4:  from source  3  epoch 35  consumed = 0.139368
   dest  4:  from source  3  epoch 38  consumed = 0.03125
   dest  4:  from source  3  epoch 39  consumed = 0.021959
   dest  4:  from source  5  epoch 2  consumed = 0.03125
   dest  4:  from source  5  epoch 7  consumed = 0.053157
   dest  4:  from source  5  epoch 8  consumed = 0.078125
   dest  4:  from source  5  epoch 9  consumed = 0.015625
   dest  4:  from source  5  epoch 10  consumed = 0.03125
   dest  4:  from source  5  epoch 11  consumed = 0.03125
   dest  4:  from source  5  epoch 14  consumed = 0.109375
   dest  4:  from source  5  epoch 16  consumed = 0.046875
   dest  4:  from source  5  epoch 18  consumed = 0.03125
   dest  4:  from source  5  epoch 27  consumed = 0.03125
   dest  4:  from source  5  epoch 28  consumed = 0.015625
   dest  4:  from source  5  epoch 33  consumed = 0.03125
   dest  4:  from source  5  epoch 34  consumed = 0.03125
   dest  4:  from source  5  epoch 36  consumed = 0.046875
   dest  4:  from source  5  epoch 37  consumed = 0.03125
   dest  4:  from source  5  epoch 38  consumed = 0.026147
   dest  4:  from source  5  epoch 39  consumed = 0.03125
   dest  4:  from source  5  epoch 40  consumed = 0.046875
   dest  4:  from source  5  epoch 41  consumed = 0.09375
   dest  4:  from source  5  epoch 42  consumed = 0.078125
   dest  4:  from source  5  epoch 43  consumed = 0.108197
   dest  4:  from source  6  epoch 4  consumed = 0.015625
   dest  4:  from source  6  epoch 8  consumed = 0.03125
   dest  4:  from source  6  epoch 10  consumed = 0.046875
   dest  4:  from source  6  epoch 11  consumed = 0.09375
   dest  4:  from source  6  epoch 14  consumed = 0.078125
   dest  4:  from source  6  epoch 16  consumed = 0.078125
   dest  4:  from source  6  epoch 19  consumed = 0.03125
   dest  4:  from source  6  epoch 23  consumed = 0.015625
   dest  4:  from source  6  epoch 25  consumed = 0.01442
   dest  4:  from source  6  epoch 28  consumed = 0.015625
   dest  4:  from source  6  epoch 31  consumed = 0.046875
   dest  4:  from source  6  epoch 32  consumed = 0.03125
   dest  4:  from source  6  epoch 34  consumed = 0.015625
   dest  4:  from source  6  epoch 35  consumed = 2.6e-05
   dest  4:  from source  6  epoch 36  consumed = 0.03125
   dest  4:  from source  6  epoch 38  consumed = 0.03125
   dest  4:  from source  6  epoch 40  consumed = 0.0625
   dest  4:  from source  6  epoch 41  consumed = 0.125
   dest  4:  from source  6  epoch 42  consumed = 0.125
   dest  4:  from source  6  epoch 43  consumed = 0.110553
   dest  4:  from source  7  epoch 2  consumed = 0.0625
   dest  4:  from source  7  epoch 9  consumed = 0.015625
   dest  4:  from source  7  epoch 13  consumed = 0.109375
   dest  4:  from source  7  epoch 15  consumed = 0.03125
   dest  4:  from source  7  epoch 16  consumed = 0.015625
   dest  4:  from source  7  epoch 20  consumed = 0.0625
   dest  4:  from source  7  epoch 23  consumed = 0.03125
   dest  4:  from source  7  epoch 26  consumed = 0.0625
   dest  4:  from source  7  epoch 28  consumed = 0.015625
   dest  4:  from source  7  epoch 32  consumed = 0.093829
   dest  4:  from source  7  epoch 34  consumed = 0.171796
   dest  4:  from source  7  epoch 37  consumed = 0.078125
   dest  4:  from source  7  epoch 40  consumed = 0.140625
   dest  4:  from source  7  epoch 41  consumed = 0.03125
   dest  4:  from source  7  epoch 42  consumed = 0.046875
   dest  4:  from source  7  epoch 43  consumed = 0.03125
   dest  5:  from source  0  epoch 0  consumed = 0.046875
   dest  5:  from source  0  epoch 2  consumed = 0.109375
   dest  5:  from source  0  epoch 4  consumed = 0.07385
   dest  5:  from source  0  epoch 5  consumed = 0.125
   dest  5:  from source  0  epoch 7  consumed = 0.015625
   dest  5:  from source  0  epoch 8  consumed = 0.09375
   dest  5:  from source  0  epoch 9  consumed = 0.015625
   dest  5:  from source  0  epoch 10  consumed = 0.03125
   dest  5:  from source  0  epoch 11  consumed = 0.046875
   dest  5:  from source  0  epoch 12  consumed = 0.109375
   dest  5:  from source  0  epoch 13  consumed = 0.03125
   dest  5:  from source  0  epoch 14  consumed = 0.03125
   dest  5:  from source  0  epoch 15  consumed = 0.0625
   dest  5:  from source  0  epoch 16  consumed = 0.109375
   dest  5:  from source  0  epoch 17  consumed = 0.09375
   dest  5:  from source  0  epoch 18  consumed = 0.03125
   dest  5:  from source  0  epoch 20  consumed = 0.125
   dest  5:  from source  0  epoch 21  consumed = 0.03125
   dest  5:  from source  0  epoch 22  consumed = 0.046875
   dest  5:  from source  0  epoch 23  consumed = 0.046875
   dest  5:  from source  0  epoch 25  consumed = 0.0625
   dest  5:  from source  0  epoch 26  consumed = 0.015625
   dest  5:  from source  0  epoch 28  consumed = 0.171875
   dest  5:  from source  0  epoch 29  consumed = 0.046875
   dest  5:  from source  0  epoch 30  consumed = 0.015625
   dest  5:  from source  0  epoch 31  consumed = 0.015625
   dest  5:  from source  0  epoch 32  consumed = 0.035525
   dest  5:  from source  0  epoch 33  consumed = 0.03125
   dest  5:  from source  0  epoch 34  consumed = 0.03125
   dest  5:  from source  0  epoch 35  consumed = 0.09375
   dest  5:  from source  0  epoch 36  consumed = 0.03125
   dest  5:  from source  0  epoch 37  consumed = 0.046875
   dest  5:  from source  0  epoch 38  consumed = 0.046875
   dest  5:  from source  0  epoch 39  consumed = 0.078125
   dest  5:  from source  1  epoch 0  consumed = 0.09375
   dest  5:  from source  1  epoch 1  consumed = 0.015625
   dest  5:  from source  1  epoch 2  consumed = 0.046875
   dest  5:  from source  1  epoch 3  consumed = 0.03125
   dest  5:  from source  1  epoch 4  consumed = 0.109375
   dest  5:  from source  1  epoch 5  consumed = 0.03125
   dest  5:  from source  1  epoch 6  consumed = 0.09375
   dest  5:  from source  1  epoch 7  consumed = 0.015625
   dest  5:  from source  1  epoch 8  consumed = 0.03125
   dest  5:  from source  1  epoch 11  consumed = 0.03125
   dest  5:  from source  1  epoch 12  consumed = 0.0625
   dest  5:  from source  1  epoch 14  consumed = 0.015625
   dest  5:  from source  1  epoch 15  consumed = 0.1875
   dest  5:  from source  1  epoch 18  consumed = 0.015625
   dest  5:  from source  1  epoch 19  consumed = 0.09375
   dest  5:  from source  1  epoch 20  consumed = 0.09375
   dest  5:  from source  1  epoch 22  consumed = 0.046875
   dest  5:  from source  1  epoch 23  consumed = 0.079356
   dest  5:  from source  1  epoch 24  consumed = 0.015625
   dest  5:  from source  1  epoch 25  consumed = 0.061295
   dest  5:  from source  1  epoch 26  consumed = 0.125
   dest  5:  from source  1  epoch 27  consumed = 0.171875
   dest  5:  from source  1  epoch 29  consumed = 0.015625
   dest  5:  from source  1  epoch 31  consumed = 0.03125
   dest  5:  from source  1  epoch 32  consumed = 0.092445
   dest  5:  from source  1  epoch 33  consumed = 0.0625
   dest  5:  from source  1  epoch 34  consumed = 0.078125
   dest  5:  from source  1  epoch 36  consumed = 0.078125
   dest  5:  from source  1  epoch 37  consumed = 0.110654
   dest  5:  from source  1  epoch 39  consumed = 0.0625
   dest  5:  from source  2  epoch 1  consumed = 0.171875
   dest  5:  from source  2  epoch 3  consumed = 0.140625
   dest  5:  from source  2  epoch 5  consumed = 0.015625
   dest  5:  from source  2  epoch 6  consumed = 0.11874
   dest  5:  from source  2  epoch 7  consumed = 0.046875
   dest  5:  from source  2  epoch 8  consumed = 0.015625
   dest  5:  from source  2  epoch 9  consumed = 0.0625
   dest  5:  from source  2  epoch 10  consumed = 0.015625
   dest  5:  from source  2  epoch 11  consumed = 0.09375
   dest  5:  from source  2  epoch 12  consumed = 0.046875
   dest  5:  from source  2  epoch 13  consumed = 0.154209
   dest  5:  from source  2  epoch 14  consumed = 0.140625
   dest  5:  from source  2  epoch 17  consumed = 0.015625
   dest  5:  from source  2  epoch 18  consumed = 0.09375
   dest  5:  from source  2  epoch 22  consumed = 0.0625
   dest  5:  from source  2  epoch 23  consumed = 0.092519
   dest  5:  from source  2  epoch 24  consumed = 0.109375
   dest  5:  from source  2  epoch 25  consumed = 0.09375
   dest  5:  from source  2  epoch 26  consumed = 0.09375
   dest  5:  from source  2  epoch 32  consumed = 0.07385
   dest  5:  from source  2  epoch 33  consumed = 0.015625
   dest  5:  from source  2  epoch 34  consumed = 0.0625
   dest  5:  from source  2  epoch 35  consumed = 0.015651
   dest  5:  from source  2  epoch 36  consumed = 0.015625
   dest  5:  from source  2  epoch 37  consumed = 0.045596
   dest  5:  from source  2  epoch 38  consumed = 0.155685
   dest  5:  from source  2  epoch 39  consumed = 0.03125
   dest  5:  from source  3  epoch 0  consumed = 0.109375
   dest  5:  from source  3  epoch 2  consumed = 0.015625
   dest  5:  from source  3  epoch 4  consumed = 0.05115
   dest  5:  from source  3  epoch 5  consumed = 0.078125
   dest  5:  from source  3  epoch 8  consumed = 0.03125
   dest  5:  from source  3  epoch 9  consumed = 0.093697
   dest  5:  from source  3  epoch 10  consumed = 0.109375
   dest  5:  from source  3  epoch 11  consumed = 0.046875
   dest  5:  from source  3  epoch 12  consumed = 0.03125
   dest  5:  from source  3  epoch 13  consumed = 0.03125
   dest  5:  from source  3  epoch 14  consumed = 0.0625
   dest  5:  from source  3  epoch 16  consumed = 0.078125
   dest  5:  from source  3  epoch 17  consumed = 0.125
   dest  5:  from source  3  epoch 18  consumed = 0.015625
   dest  5:  from source  3  epoch 20  consumed = 0.03125
   dest  5:  from source  3  epoch 21  consumed = 0.183304
   dest  5:  from source  3  epoch 24  consumed = 0.046875
   dest  5:  from source  3  epoch 26  consumed = 0.015625
   dest  5:  from source  3  epoch 27  consumed = 0.046875
   dest  5:  from source  3  epoch 28  consumed = 0.078125
   dest  5:  from source  3  epoch 29  consumed = 0.0625
   dest  5:  from source  3  epoch 30  consumed = 0.1875
   dest  5:  from source  3  epoch 31  consumed = 0.125
   dest  5:  from source  3  epoch 32  consumed = 0.046875
   dest  5:  from source  3  epoch 33  consumed = 0.109375
   dest  5:  from source  3  epoch 34  consumed = 0.015625
   dest  5:  from source  3  epoch 35  consumed = 0.062474
   dest  5:  from source  3  epoch 36  consumed = 0.0625
   dest  5:  from source  3  epoch 37  consumed = 0.03125
   dest  5:  from source  3  epoch 38  consumed = 0.015625
   dest  5:  from source  4  epoch 1  consumed = 0.046875
   dest  5:  from source  4  epoch 3  consumed = 0.046875
   dest  5:  from source  4  epoch 6  consumed = 0.03751
   dest  5:  from source  4  epoch 8  consumed = 0.0625
   dest  5:  from source  4  epoch 9  consumed = 0.03125
   dest  5:  from source  4  epoch 10  consumed = 0.05373
   dest  5:  from source  4  epoch 11  consumed = 0.03125
   dest  5:  from source  4  epoch 17  consumed = 0.015625
   dest  5:  from source  4  epoch 19  consumed = 0.109375
   dest  5:  from source  4  epoch 23  consumed = 0.015625
   dest  5:  from source  4  epoch 24  consumed = 0.015625
   dest  5:  from source  4  epoch 25  consumed = 0.032455
   dest  5:  from source  4  epoch 29  consumed = 0.03125
   dest  5:  from source  4  epoch 31  consumed = 0.046875
   dest  5:  from source  4  epoch 32  consumed = 0.001305
   dest  5:  from source  4  epoch 33  consumed = 0.03125
   dest  5:  from source  4  epoch 40  consumed = 0.078125
   dest  5:  from source  4  epoch 41  consumed = 0.078125
   dest  5:  from source  4  epoch 42  consumed = 0.09375
   dest  5:  from source  4  epoch 43  consumed = 0.140625
   dest  5:  from source  6  epoch 1  consumed = 0.015625
   dest  5:  from source  6  epoch 2  consumed = 0.03125
   dest  5:  from source  6  epoch 4  consumed = 0.015625
   dest  5:  from source  6  epoch 7  consumed = 0.171875
   dest  5:  from source  6  epoch 9  consumed = 5.3e-05
   dest  5:  from source  6  epoch 13  consumed = 0.033291
   dest  5:  from source  6  epoch 16  consumed = 0.0625
   dest  5:  from source  6  epoch 18  consumed = 0.092913
   dest  5:  from source  6  epoch 23  consumed = 0.015625
   dest  5:  from source  6  epoch 29  consumed = 0.0625
   dest  5:  from source  6  epoch 34  consumed = 0.0625
   dest  5:  from source  6  epoch 35  consumed = 0.076868
   dest  5:  from source  6  epoch 37  consumed = 0.015625
   dest  5:  from source  6  epoch 38  consumed = 0.03125
   dest  5:  from source  6  epoch 39  consumed = 0.078125
   dest  5:  from source  6  epoch 40  consumed = 0.125
   dest  5:  from source  6  epoch 41  consumed = 0.015625
   dest  5:  from source  6  epoch 42  consumed = 0.046875
   dest  5:  from source  6  epoch 43  consumed = 0.046875
   dest  5:  from source  7  epoch 2  consumed = 0.046875
   dest  5:  from source  7  epoch 3  consumed = 0.03125
   dest  5:  from source  7  epoch 8  consumed = 0.015625
   dest  5:  from source  7  epoch 9  consumed = 0.046875
   dest  5:  from source  7  epoch 10  consumed = 0.04002
   dest  5:  from source  7  epoch 18  consumed = 0.000837
   dest  5:  from source  7  epoch 19  consumed = 0.046875
   dest  5:  from source  7  epoch 21  consumed = 0.035446
   dest  5:  from source  7  epoch 22  consumed = 0.09375
   dest  5:  from source  7  epoch 24  consumed = 0.0625
   dest  5:  from source  7  epoch 27  consumed = 0.03125
   dest  5:  from source  7  epoch 29  consumed = 0.03125
   dest  5:  from source  7  epoch 30  consumed = 0.046875
   dest  5:  from source  7  epoch 31  consumed = 0.03125
   dest  5:  from source  7  epoch 35  consumed = 0.001257
   dest  5:  from source  7  epoch 36  consumed = 0.0625
   dest  5:  from source  7  epoch 38  consumed = 0.000565
   dest  5:  from source  7  epoch 40  consumed = 0.046875
   dest  5:  from source  7  epoch 41  consumed = 0.15625
   dest  5:  from source  7  epoch 42  consumed = 0.109375
   dest  5:  from source  7  epoch 43  consumed = 0.0625
   dest  6:  from source  0  epoch 0  consumed = 0.077529
   dest  6:  from source  0  epoch 2  consumed = 0.109375
   dest  6:  from source  0  epoch 4  consumed = 0.05115
   dest  6:  from source  0  epoch 5  consumed = 0.015625
   dest  6:  from source  0  epoch 8  consumed = 0.084967
   dest  6:  from source  0  epoch 10  consumed = 0.061234
   dest  6:  from source  0  epoch 11  consumed = 0.09375
   dest  6:  from source  0  epoch 12  consumed = 0.03125
   dest  6:  from source  0  epoch 13  consumed = 0.03125
   dest  6:  from source  0  epoch 14  consumed = 0.101376
   dest  6:  from source  0  epoch 15  consumed = 0.046875
   dest  6:  from source  0  epoch 16  consumed = 0.125
   dest  6:  from source  0  epoch 17  consumed = 0.15625
   dest  6:  from source  0  epoch 18  consumed = 0.015625
   dest  6:  from source  0  epoch 21  consumed = 0.203125
   dest  6:  from source  0  epoch 22  consumed = 0.015625
   dest  6:  from source  0  epoch 23  consumed = 0.03125
   dest  6:  from source  0  epoch 24  consumed = 0.109375
   dest  6:  from source  0  epoch 25  consumed = 0.03125
   dest  6:  from source  0  epoch 26  consumed = 0.078125
   dest  6:  from source  0  epoch 27  consumed = 0.09375
   dest  6:  from source  0  epoch 28  consumed = 0.0625
   dest  6:  from source  0  epoch 29  consumed = 0.0625
   dest  6:  from source  0  epoch 30  consumed = 0.015625
   dest  6:  from source  0  epoch 31  consumed = 0.109375
   dest  6:  from source  0  epoch 33  consumed = 0.015625
   dest  6:  from source  0  epoch 34  consumed = 0.046875
   dest  6:  from source  0  epoch 35  consumed = 0.029993
   dest  6:  from source  0  epoch 36  consumed = 0.015625
   dest  6:  from source  0  epoch 38  consumed = 0.03125
   dest  6:  from source  0  epoch 39  consumed = 0.046875
   dest  6:  from source  1  epoch 1  consumed = 0.140625
   dest  6:  from source  1  epoch 3  consumed = 0.140625
   dest  6:  from source  1  epoch 6  consumed = 0.03125
   dest  6:  from source  1  epoch 7  consumed = 0.140625
   dest  6:  from source  1  epoch 8  consumed = 0.008783
   dest  6:  from source  1  epoch 9  consumed = 0.078125
   dest  6:  from source  1  epoch 11  consumed = 0.109375
   dest  6:  from source  1  epoch 12  consumed = 0.014788
   dest  6:  from source  1  epoch 13  consumed = 0.107334
   dest  6:  from source  1  epoch 14  consumed = 0.09375
   dest  6:  from source  1  epoch 17  consumed = 0.015625
   dest  6:  from source  1  epoch 18  consumed = 0.046875
   dest  6:  from source  1  epoch 19  consumed = 0.03125
   dest  6:  from source  1  epoch 21  consumed = 0.046875
   dest  6:  from source  1  epoch 22  consumed = 0.078125
   dest  6:  from source  1  epoch 24  consumed = 0.09375
   dest  6:  from source  1  epoch 25  consumed = 0.09375
   dest  6:  from source  1  epoch 27  consumed = 0.03125
   dest  6:  from source  1  epoch 28  consumed = 0.010999
   dest  6:  from source  1  epoch 30  consumed = 0.015625
   dest  6:  from source  1  epoch 32  consumed = 0.140625
   dest  6:  from source  1  epoch 33  consumed = 0.0625
   dest  6:  from source  1  epoch 34  consumed = 0.125
   dest  6:  from source  1  epoch 36  consumed = 0.03125
   dest  6:  from source  1  epoch 37  consumed = 0.139346
   dest  6:  from source  1  epoch 38  consumed = 0.15625
   dest  6:  from source  1  epoch 39  consumed = 0.015625
   dest  6:  from source  2  epoch 0  consumed = 0.125
   dest  6:  from source  2  epoch 4  consumed = 0.15625
   dest  6:  from source  2  epoch 5  consumed = 0.078125
   dest  6:  from source  2  epoch 6  consumed = 0.078125
   dest  6:  from source  2  epoch 8  consumed = 0.046875
   dest  6:  from source  2  epoch 11  consumed = 0.015625
   dest  6:  from source  2  epoch 12  consumed = 0.046875
   dest  6:  from source  2  epoch 13  consumed = 0.046875
   dest  6:  from source  2  epoch 14  consumed = 0.046875
   dest  6:  from source  2  epoch 15  consumed = 0.171875
   dest  6:  from source  2  epoch 18  consumed = 0.0625
   dest  6:  from source  2  epoch 19  consumed = 0.085817
   dest  6:  from source  2  epoch 20  consumed = 0.0625
   dest  6:  from source  2  epoch 22  consumed = 0.03125
   dest  6:  from source  2  epoch 23  consumed = 0.09375
   dest  6:  from source  2  epoch 25  consumed = 0.09375
   dest  6:  from source  2  epoch 26  consumed = 0.057476
   dest  6:  from source  2  epoch 27  consumed = 0.125
   dest  6:  from source  2  epoch 28  consumed = 0.015625
   dest  6:  from source  2  epoch 29  consumed = 0.03125
   dest  6:  from source  2  epoch 30  consumed = 0.028556
   dest  6:  from source  2  epoch 31  consumed = 0.0625
   dest  6:  from source  2  epoch 32  consumed = 0.046875
   dest  6:  from source  2  epoch 33  consumed = 0.09375
   dest  6:  from source  2  epoch 34  consumed = 0.078125
   dest  6:  from source  2  epoch 35  consumed = 0.015651
   dest  6:  from source  2  epoch 36  consumed = 0.078125
   dest  6:  from source  2  epoch 37  consumed = 0.0625
   dest  6:  from source  2  epoch 39  consumed = 0.0625
   dest  6:  from source  3  epoch 0  consumed = 0.047471
   dest  6:  from source  3  epoch 2  consumed = 0.09375
   dest  6:  from source  3  epoch 3  consumed = 0.03125
   dest  6:  from source  3  epoch 4  consumed = 0.0426
   dest  6:  from source  3  epoch 5  consumed = 0.109375
   dest  6:  from source  3  epoch 6  consumed = 0.109375
   dest  6:  from source  3  epoch 7  consumed = 0.015625
   dest  6:  from source  3  epoch 8  consumed = 0.078125
   dest  6:  from source  3  epoch 9  consumed = 0.09375
   dest  6:  from source  3  epoch 10  consumed = 0.125
   dest  6:  from source  3  epoch 11  consumed = 0.03125
   dest  6:  from source  3  epoch 12  consumed = 0.03125
   dest  6:  from source  3  epoch 13  consumed = 0.046875
   dest  6:  from source  3  epoch 15  consumed = 0.03125
   dest  6:  from source  3  epoch 16  consumed = 0.0625
   dest  6:  from source  3  epoch 17  consumed = 0.078125
   dest  6:  from source  3  epoch 18  consumed = 0.03125
   dest  6:  from source  3  epoch 20  consumed = 0.09375
   dest  6:  from source  3  epoch 23  consumed = 0.03125
   dest  6:  from source  3  epoch 24  consumed = 0.03125
   dest  6:  from source  3  epoch 25  consumed = 0.03125
   dest  6:  from source  3  epoch 26  consumed = 0.078125
   dest  6:  from source  3  epoch 28  consumed = 0.160876
   dest  6:  from source  3  epoch 29  consumed = 0.015625
   dest  6:  from source  3  epoch 30  consumed = 0.096444
   dest  6:  from source  3  epoch 32  consumed = 0.041286
   dest  6:  from source  3  epoch 33  consumed = 0.061913
   dest  6:  from source  3  epoch 35  consumed = 0.063757
   dest  6:  from source  3  epoch 36  consumed = 0.0625
   dest  6:  from source  3  epoch 37  consumed = 0.016904
   dest  6:  from source  3  epoch 38  consumed = 0.0625
   dest  6:  from source  3  epoch 39  consumed = 0.09375
   dest  6:  from source  4  epoch 1  consumed = 0.03125
   dest  6:  from source  4  epoch 3  consumed = 0.03125
   dest  6:  from source  4  epoch 5  consumed = 0.046875
   dest  6:  from source  4  epoch 6  consumed = 0.03125
   dest  6:  from source  4  epoch 7  consumed = 0.015625
   dest  6:  from source  4  epoch 9  consumed = 0.0625
   dest  6:  from source  4  epoch 10  consumed = 0.056911
   dest  6:  from source  4  epoch 12  consumed = 0.03125
   dest  6:  from source  4  epoch 13  consumed = 0.015625
   dest  6:  from source  4  epoch 18  consumed = 0.015625
   dest  6:  from source  4  epoch 19  consumed = 0.0625
   dest  6:  from source  4  epoch 22  consumed = 0.09375
   dest  6:  from source  4  epoch 24  consumed = 0.015625
   dest  6:  from source  4  epoch 29  consumed = 0.03125
   dest  6:  from source  4  epoch 30  consumed = 0.03125
   dest  6:  from source  4  epoch 32  consumed = 0.021214
   dest  6:  from source  4  epoch 36  consumed = 0.0625
   dest  6:  from source  4  epoch 37  consumed = 0.03125
   dest  6:  from source  4  epoch 39  consumed = 0.03125
   dest  6:  from source  4  epoch 40  consumed = 0.09375
   dest  6:  from source  4  epoch 41  consumed = 0.109375
   dest  6:  from source  4  epoch 42  consumed = 0.03125
   dest  6:  from source  4  epoch 43  consumed = 0.046875
   dest  6:  from source  5  epoch 2  consumed = 0.046875
   dest  6:  from source  5  epoch 7  consumed = 0.046875
   dest  6:  from source  5  epoch 13  consumed = 0.002041
   dest  6:  from source  5  epoch 14  consumed = 0.007999
   dest  6:  from source  5  epoch 16  consumed = 0.0625
   dest  6:  from source  5  epoch 18  consumed = 0.078125
   dest  6:  from source  5  epoch 20  consumed = 0.09375
   dest  6:  from source  5  epoch 23  consumed = 0.09375
   dest  6:  from source  5  epoch 26  consumed = 0.005024
   dest  6:  from source  5  epoch 29  consumed = 0.0625
   dest  6:  from source  5  epoch 33  consumed = 0.016212
   dest  6:  from source  5  epoch 35  consumed = 0.140599
   dest  6:  from source  5  epoch 40  consumed = 0.09375
   dest  6:  from source  5  epoch 41  consumed = 0.078125
   dest  6:  from source  5  epoch 42  consumed = 0.125
   dest  6:  from source  5  epoch 43  consumed = 0.046875
   dest  6:  from source  7  epoch 1  consumed = 0.078125
   dest  6:  from source  7  epoch 3  consumed = 0.046875
   dest  6:  from source  7  epoch 7  consumed = 0.03125
   dest  6:  from source  7  epoch 8  consumed = 0.03125
   dest  6:  from source  7  epoch 9  consumed = 0.015625
   dest  6:  from source  7  epoch 10  consumed = 0.006855
   dest  6:  from source  7  epoch 12  consumed = 0.094587
   dest  6:  from source  7  epoch 19  consumed = 0.070433
   dest  6:  from source  7  epoch 22  consumed = 0.03125
   dest  6:  from source  7  epoch 26  consumed = 0.03125
   dest  6:  from source  7  epoch 29  consumed = 0.046875
   dest  6:  from source  7  epoch 30  consumed = 0.0625
   dest  6:  from source  7  epoch 31  consumed = 0.078125
   dest  6:  from source  7  epoch 40  consumed = 0.0625
   dest  6:  from source  7  epoch 41  consumed = 0.0625
   dest  6:  from source  7  epoch 42  consumed = 0.09375
   dest  6:  from source  7  epoch 43  consumed = 0.15625
   dest  7:  from source  0  epoch 0  consumed = 0.0625
   dest  7:  from source  0  epoch 1  consumed = 0.078125
   dest  7:  from source  0  epoch 3  consumed = 0.125
   dest  7:  from source  0  epoch 4  consumed = 0.109375
   dest  7:  from source  0  epoch 6  consumed = 0.09375
   dest  7:  from source  0  epoch 7  consumed = 0.03125
   dest  7:  from source  0  epoch 8  consumed = 0.015625
   dest  7:  from source  0  epoch 9  consumed = 0.03125
   dest  7:  from source  0  epoch 10  consumed = 0.025661
   dest  7:  from source  0  epoch 11  consumed = 0.078125
   dest  7:  from source  0  epoch 12  consumed = 0.09375
   dest  7:  from source  0  epoch 13  consumed = 0.0625
   dest  7:  from source  0  epoch 14  consumed = 0.023624
   dest  7:  from source  0  epoch 15  consumed = 0.140625
   dest  7:  from source  0  epoch 18  consumed = 0.046875
   dest  7:  from source  0  epoch 20  consumed = 0.125
   dest  7:  from source  0  epoch 21  consumed = 0.03125
   dest  7:  from source  0  epoch 23  consumed = 0.061269
   dest  7:  from source  0  epoch 24  consumed = 0.03125
   dest  7:  from source  0  epoch 25  consumed = 0.03125
   dest  7:  from source  0  epoch 26  consumed = 0.186322
   dest  7:  from source  0  epoch 27  consumed = 0.03125
   dest  7:  from source  0  epoch 28  consumed = 0.046875
   dest  7:  from source  0  epoch 29  consumed = 0.03125
   dest  7:  from source  0  epoch 30  consumed = 0.078125
   dest  7:  from source  0  epoch 31  consumed = 0.03125
   dest  7:  from source  0  epoch 33  consumed = 0.125
   dest  7:  from source  0  epoch 35  consumed = 0.109375
   dest  7:  from source  0  epoch 38  consumed = 0.03125
   dest  7:  from source  0  epoch 39  consumed = 0.03125
   dest  7:  from source  1  epoch 0  consumed = 0.09375
   dest  7:  from source  1  epoch 1  consumed = 0.078125
   dest  7:  from source  1  epoch 2  consumed = 0.078125
   dest  7:  from source  1  epoch 3  consumed = 0.03125
   dest  7:  from source  1  epoch 5  consumed = 0.140625
   dest  7:  from source  1  epoch 7  consumed = 0.09375
   dest  7:  from source  1  epoch 8  consumed = 0.046875
   dest  7:  from source  1  epoch 9  consumed = 0.125
   dest  7:  from source  1  epoch 10  consumed = 0.083714
   dest  7:  from source  1  epoch 12  consumed = 0.046875
   dest  7:  from source  1  epoch 15  consumed = 0.046875
   dest  7:  from source  1  epoch 16  consumed = 0.109375
   dest  7:  from source  1  epoch 17  consumed = 0.09375
   dest  7:  from source  1  epoch 19  consumed = 0.048027
   dest  7:  from source  1  epoch 21  consumed = 0.09375
   dest  7:  from source  1  epoch 22  consumed = 0.087009
   dest  7:  from source  1  epoch 24  consumed = 0.09375
   dest  7:  from source  1  epoch 25  consumed = 0.125
   dest  7:  from source  1  epoch 28  consumed = 0.078125
   dest  7:  from source  1  epoch 29  consumed = 0.046875
   dest  7:  from source  1  epoch 30  consumed = 0.03125
   dest  7:  from source  1  epoch 31  consumed = 0.0625
   dest  7:  from source  1  epoch 32  consumed = 0.03125
   dest  7:  from source  1  epoch 35  consumed = 0.046875
   dest  7:  from source  1  epoch 36  consumed = 0.09375
   dest  7:  from source  1  epoch 37  consumed = 0.046875
   dest  7:  from source  1  epoch 39  consumed = 0.046875
   dest  7:  from source  2  epoch 2  consumed = 0.109375
   dest  7:  from source  2  epoch 3  consumed = 0.046875
   dest  7:  from source  2  epoch 4  consumed = 0.015625
   dest  7:  from source  2  epoch 5  consumed = 0.109375
   dest  7:  from source  2  epoch 6  consumed = 0.03125
   dest  7:  from source  2  epoch 7  consumed = 0.109375
   dest  7:  from source  2  epoch 8  consumed = 0.078125
   dest  7:  from source  2  epoch 9  consumed = 0.0625
   dest  7:  from source  2  epoch 10  consumed = 0.078125
   dest  7:  from source  2  epoch 11  consumed = 0.015625
   dest  7:  from source  2  epoch 12  consumed = 0.046875
   dest  7:  from source  2  epoch 13  consumed = 0.001152
   dest  7:  from source  2  epoch 14  consumed = 0.03125
   dest  7:  from source  2  epoch 16  consumed = 0.078125
   dest  7:  from source  2  epoch 17  consumed = 0.15625
   dest  7:  from source  2  epoch 19  consumed = 0.092598
   dest  7:  from source  2  epoch 21  consumed = 0.09375
   dest  7:  from source  2  epoch 22  consumed = 0.09375
   dest  7:  from source  2  epoch 24  consumed = 0.0625
   dest  7:  from source  2  epoch 25  consumed = 0.09375
   dest  7:  from source  2  epoch 28  consumed = 0.09375
   dest  7:  from source  2  epoch 29  consumed = 0.078125
   dest  7:  from source  2  epoch 30  consumed = 0.046875
   dest  7:  from source  2  epoch 31  consumed = 0.0625
   dest  7:  from source  2  epoch 32  consumed = 0.09375
   dest  7:  from source  2  epoch 36  consumed = 0.09375
   dest  7:  from source  2  epoch 38  consumed = 0.03125
   dest  7:  from source  2  epoch 39  consumed = 0.09375
   dest  7:  from source  3  epoch 0  consumed = 0.09375
   dest  7:  from source  3  epoch 1  consumed = 0.09375
   dest  7:  from source  3  epoch 2  consumed = 0.015625
   dest  7:  from source  3  epoch 3  consumed = 0.03125
   dest  7:  from source  3  epoch 4  consumed = 0.046875
   dest  7:  from source  3  epoch 6  consumed = 0.125
   dest  7:  from source  3  epoch 8  consumed = 0.015625
   dest  7:  from source  3  epoch 9  consumed = 0.03125
   dest  7:  from source  3  epoch 10  consumed = 0.03125
   dest  7:  from source  3  epoch 12  consumed = 0.046875
   dest  7:  from source  3  epoch 13  consumed = 0.139473
   dest  7:  from source  3  epoch 14  consumed = 0.03125
   dest  7:  from source  3  epoch 15  consumed = 0.015625
   dest  7:  from source  3  epoch 18  consumed = 0.15625
   dest  7:  from source  3  epoch 19  consumed = 0.046875
   dest  7:  from source  3  epoch 20  consumed = 0.078125
   dest  7:  from source  3  epoch 21  consumed = 0.03125
   dest  7:  from source  3  epoch 23  consumed = 0.141856
   dest  7:  from source  3  epoch 24  consumed = 0.046875
   dest  7:  from source  3  epoch 26  consumed = 0.015546
   dest  7:  from source  3  epoch 27  consumed = 0.203125
   dest  7:  from source  3  epoch 29  consumed = 0.09375
   dest  7:  from source  3  epoch 30  consumed = 0.0625
   dest  7:  from source  3  epoch 32  consumed = 0.03125
   dest  7:  from source  3  epoch 33  consumed = 0.078125
   dest  7:  from source  3  epoch 35  consumed = 0.0625
   dest  7:  from source  3  epoch 37  consumed = 0.03125
   dest  7:  from source  3  epoch 38  consumed = 0.15625
   dest  7:  from source  3  epoch 39  consumed = 0.046875
   dest  7:  from source  4  epoch 2  consumed = 0.046875
   dest  7:  from source  4  epoch 3  consumed = 0.015625
   dest  7:  from source  4  epoch 4  consumed = 0.03125
   dest  7:  from source  4  epoch 7  consumed = 0.015625
   dest  7:  from source  4  epoch 8  consumed = 0.03125
   dest  7:  from source  4  epoch 13  consumed = 0.046875
   dest  7:  from source  4  epoch 14  consumed = 0.015625
   dest  7:  from source  4  epoch 18  consumed = 0.046875
   dest  7:  from source  4  epoch 20  consumed = 0.015625
   dest  7:  from source  4  epoch 23  consumed = 0.015625
   dest  7:  from source  4  epoch 24  consumed = 0.015625
   dest  7:  from source  4  epoch 26  consumed = 0.015704
   dest  7:  from source  4  epoch 27  consumed = 0.015625
   dest  7:  from source  4  epoch 31  consumed = 0.015625
   dest  7:  from source  4  epoch 32  consumed = 0.046875
   dest  7:  from source  4  epoch 34  consumed = 0.109296
   dest  7:  from source  4  epoch 35  consumed = 0.03125
   dest  7:  from source  4  epoch 37  consumed = 0.109375
   dest  7:  from source  4  epoch 38  consumed = 0.03125
   dest  7:  from source  4  epoch 40  consumed = 0.078125
   dest  7:  from source  4  epoch 41  consumed = 0.0625
   dest  7:  from source  4  epoch 42  consumed = 0.125
   dest  7:  from source  4  epoch 43  consumed = 0.0625
   dest  7:  from source  5  epoch 8  consumed = 0.03125
   dest  7:  from source  5  epoch 10  consumed = 0.03125
   dest  7:  from source  5  epoch 11  consumed = 0.125
   dest  7:  from source  5  epoch 12  consumed = 0.015625
   dest  7:  from source  5  epoch 14  consumed = 0.070126
   dest  7:  from source  5  epoch 16  consumed = 0.0625
   dest  7:  from source  5  epoch 19  consumed = 0.03125
   dest  7:  from source  5  epoch 20  consumed = 0.03125
   dest  7:  from source  5  epoch 22  consumed = 0.037991
   dest  7:  from source  5  epoch 23  consumed = 0.03125
   dest  7:  from source  5  epoch 28  consumed = 0.03125
   dest  7:  from source  5  epoch 31  consumed = 0.015625
   dest  7:  from source  5  epoch 34  consumed = 0.093829
   dest  7:  from source  5  epoch 36  consumed = 0.03125
   dest  7:  from source  5  epoch 37  consumed = 0.03125
   dest  7:  from source  5  epoch 40  consumed = 0.109375
   dest  7:  from source  5  epoch 41  consumed = 0.078125
   dest  7:  from source  5  epoch 42  consumed = 0.046875
   dest  7:  from source  5  epoch 43  consumed = 0.094928
   dest  7:  from source  6  epoch 4  consumed = 0.046875
   dest  7:  from source  6  epoch 8  consumed = 0.03125
   dest  7:  from source  6  epoch 11  consumed = 0.03125
   dest  7:  from source  6  epoch 14  consumed = 0.078125
   dest  7:  from source  6  epoch 15  consumed = 0.046875
   dest  7:  from source  6  epoch 19  consumed = 0.03125
   dest  7:  from source  6  epoch 22  consumed = 0.03125
   dest  7:  from source  6  epoch 26  consumed = 0.032428
   dest  7:  from source  6  epoch 30  consumed = 0.03125
   dest  7:  from source  6  epoch 31  consumed = 0.0625
   dest  7:  from source  6  epoch 32  consumed = 0.046875
   dest  7:  from source  6  epoch 33  consumed = 0.046875
   dest  7:  from source  6  epoch 34  consumed = 0.046875
   dest  7:  from source  6  epoch 36  consumed = 0.03125
   dest  7:  from source  6  epoch 37  consumed = 0.03125
   dest  7:  from source  6  epoch 39  consumed = 0.03125
   dest  7:  from source  6  epoch 40  consumed = 0.0625
   dest  7:  from source  6  epoch 41  consumed = 0.109375
   dest  7:  from source  6  epoch 42  consumed = 0.078125
   dest  7:  from source  6  epoch 43  consumed = 0.092572
==============================================================================

Schedule written to Schedules/dual_plane_scattered_alltoall_coarse.json
