Processing ./.
  Installing build dependencies: started
  Installing build dependencies: finished with status 'done'
  Getting requirements to build wheel: started
  Getting requirements to build wheel: finished with status 'done'
  Preparing metadata (pyproject.toml): started
  Preparing metadata (pyproject.toml): finished with status 'done'
Requirement already satisfied: dataclasses in /data/commit/graphit/wangyj05/miniconda3/envs/teccl/lib/python3.14t/site-packages (from teccl==1.0.0) (0.6)
Requirement already satisfied: argcomplete in /data/commit/graphit/wangyj05/miniconda3/envs/teccl/lib/python3.14t/site-packages (from teccl==1.0.0) (3.6.3)
Requirement already satisfied: gurobipy in /data/commit/graphit/wangyj05/miniconda3/envs/teccl/lib/python3.14t/site-packages (from teccl==1.0.0) (13.0.2)
Requirement already satisfied: numpy in /data/commit/graphit/wangyj05/miniconda3/envs/teccl/lib/python3.14t/site-packages (from teccl==1.0.0) (2.4.6)
Requirement already satisfied: seaborn in /data/commit/graphit/wangyj05/miniconda3/envs/teccl/lib/python3.14t/site-packages (from teccl==1.0.0) (0.13.2)
Requirement already satisfied: pandas>=1.2 in /data/commit/graphit/wangyj05/miniconda3/envs/teccl/lib/python3.14t/site-packages (from seaborn->teccl==1.0.0) (3.0.3)
Requirement already satisfied: matplotlib!=3.6.1,>=3.4 in /data/commit/graphit/wangyj05/miniconda3/envs/teccl/lib/python3.14t/site-packages (from seaborn->teccl==1.0.0) (3.11.0)
Requirement already satisfied: contourpy>=1.0.1 in /data/commit/graphit/wangyj05/miniconda3/envs/teccl/lib/python3.14t/site-packages (from matplotlib!=3.6.1,>=3.4->seaborn->teccl==1.0.0) (1.3.3)
Requirement already satisfied: cycler>=0.10 in /data/commit/graphit/wangyj05/miniconda3/envs/teccl/lib/python3.14t/site-packages (from matplotlib!=3.6.1,>=3.4->seaborn->teccl==1.0.0) (0.12.1)
Requirement already satisfied: fonttools>=4.22.0 in /data/commit/graphit/wangyj05/miniconda3/envs/teccl/lib/python3.14t/site-packages (from matplotlib!=3.6.1,>=3.4->seaborn->teccl==1.0.0) (4.63.0)
Requirement already satisfied: kiwisolver>=1.3.1 in /data/commit/graphit/wangyj05/miniconda3/envs/teccl/lib/python3.14t/site-packages (from matplotlib!=3.6.1,>=3.4->seaborn->teccl==1.0.0) (1.5.0)
Requirement already satisfied: packaging>=20.0 in /data/commit/graphit/wangyj05/miniconda3/envs/teccl/lib/python3.14t/site-packages (from matplotlib!=3.6.1,>=3.4->seaborn->teccl==1.0.0) (26.2)
Requirement already satisfied: pillow>=9 in /data/commit/graphit/wangyj05/miniconda3/envs/teccl/lib/python3.14t/site-packages (from matplotlib!=3.6.1,>=3.4->seaborn->teccl==1.0.0) (12.2.0)
Requirement already satisfied: pyparsing>=3 in /data/commit/graphit/wangyj05/miniconda3/envs/teccl/lib/python3.14t/site-packages (from matplotlib!=3.6.1,>=3.4->seaborn->teccl==1.0.0) (3.3.2)
Requirement already satisfied: python-dateutil>=2.7 in /data/commit/graphit/wangyj05/miniconda3/envs/teccl/lib/python3.14t/site-packages (from matplotlib!=3.6.1,>=3.4->seaborn->teccl==1.0.0) (2.9.0.post0)
Requirement already satisfied: six>=1.5 in /data/commit/graphit/wangyj05/miniconda3/envs/teccl/lib/python3.14t/site-packages (from python-dateutil>=2.7->matplotlib!=3.6.1,>=3.4->seaborn->teccl==1.0.0) (1.17.0)
Building wheels for collected packages: teccl
  Building wheel for teccl (pyproject.toml): started
  Building wheel for teccl (pyproject.toml): finished with status 'done'
  Created wheel for teccl: filename=teccl-1.0.0-py3-none-any.whl size=206612 sha256=4465fa13b1970f84b31cf63516bbd6337a1f3e0ffd2b3aa148828675564015d3
  Stored in directory: /tmp/home/wangyj05/.cache/pip/wheels/2d/31/f1/88ef48e0a336b237a128de3fcf8e52662d1ed0bfbd5a678f6e
Successfully built teccl
Installing collected packages: teccl
  Attempting uninstall: teccl
    Found existing installation: teccl 1.0.0
    Uninstalling teccl-1.0.0:
      Successfully uninstalled teccl-1.0.0
Successfully installed teccl-1.0.0
Set parameter WLSAccessID
Set parameter WLSSecret
Set parameter LicenseID to value 2766017
Academic license 2766017 - for non-commercial use only - registered to wa___@mit.edu
Set parameter LogFile to value "Logs/ALLGATHER_LP_TwoPodRail_22-nodes_1-chunks_80-epochs_22.000384999999998-epoch_duration_ObjectiveType.TOTAL_DEMAND.log"
Set parameter LogToConsole to value 0
Set parameter LogFile to value "Logs/ALLGATHER_LP_TwoPodRail_22-nodes_1-chunks_138-epochs_0.04-epoch_duration_ObjectiveType.TOTAL_DEMAND.log"
Set parameter LogToConsole to value 0

==============================================================================
RAW LP FLOW VARS  f_s_i_j_k = flow[source s][link i->j][epoch k]
(continuous volume, summed over all of source s's chunks; not yet per-chunk)
==============================================================================

-- source 0 --
   epoch 0:   0(gpu) ->  1(gpu)   volume = 13.0
   epoch 0:   0(gpu) -> 16(SW)   volume = 2.0
   epoch 0:  16(SW) ->  2(gpu)   volume = 0.416667
   epoch 0:  16(SW) ->  4(gpu)   volume = 0.416667
   epoch 0:  16(SW) ->  6(gpu)   volume = 0.416667
   epoch 0:  16(SW) -> 20(SW)   volume = 0.5
   epoch 0:  16(SW) -> 21(SW)   volume = 0.25
   epoch 0:  18(SW) ->  8(gpu)   volume = 0.09375
   epoch 0:  18(SW) -> 10(gpu)   volume = 0.09375
   epoch 0:  18(SW) -> 12(gpu)   volume = 0.09375
   epoch 0:  18(SW) -> 14(gpu)   volume = 0.09375
   epoch 0:  19(SW) ->  9(gpu)   volume = 0.09375
   epoch 0:  19(SW) -> 11(gpu)   volume = 0.09375
   epoch 0:  19(SW) -> 13(gpu)   volume = 0.09375
   epoch 0:  19(SW) -> 15(gpu)   volume = 0.09375
   epoch 0:  20(SW) -> 18(SW)   volume = 0.25
   epoch 0:  20(SW) -> 19(SW)   volume = 0.25
   epoch 0:  21(SW) -> 18(SW)   volume = 0.125
   epoch 0:  21(SW) -> 19(SW)   volume = 0.125
   epoch 1:   1(gpu) ->  0(gpu)   volume = 1.25
   epoch 1:   1(gpu) -> 17(SW)   volume = 2.0
   epoch 1:   2(gpu) ->  3(gpu)   volume = 0.416667
   epoch 1:   4(gpu) ->  5(gpu)   volume = 0.416667
   epoch 1:   6(gpu) ->  7(gpu)   volume = 0.416667
   epoch 1:  17(SW) ->  3(gpu)   volume = 0.416667
   epoch 1:  17(SW) ->  5(gpu)   volume = 0.416667
   epoch 1:  17(SW) ->  7(gpu)   volume = 0.416667
   epoch 1:  17(SW) -> 20(SW)   volume = 0.5
   epoch 1:  17(SW) -> 21(SW)   volume = 0.25
   epoch 1:  18(SW) ->  8(gpu)   volume = 0.09375
   epoch 1:  18(SW) -> 10(gpu)   volume = 0.09375
   epoch 1:  18(SW) -> 12(gpu)   volume = 0.09375
   epoch 1:  18(SW) -> 14(gpu)   volume = 0.09375
   epoch 1:  19(SW) ->  9(gpu)   volume = 0.09375
   epoch 1:  19(SW) -> 11(gpu)   volume = 0.09375
   epoch 1:  19(SW) -> 13(gpu)   volume = 0.09375
   epoch 1:  19(SW) -> 15(gpu)   volume = 0.09375
   epoch 1:  20(SW) -> 18(SW)   volume = 0.25
   epoch 1:  20(SW) -> 19(SW)   volume = 0.25
   epoch 1:  21(SW) -> 18(SW)   volume = 0.125
   epoch 1:  21(SW) -> 19(SW)   volume = 0.125
   epoch 2:   1(gpu) -> 17(SW)   volume = 2.0
   epoch 2:  17(SW) ->  3(gpu)   volume = 0.416667
   epoch 2:  17(SW) ->  5(gpu)   volume = 0.416667
   epoch 2:  17(SW) ->  7(gpu)   volume = 0.416667
   epoch 2:  17(SW) -> 20(SW)   volume = 0.5
   epoch 2:  17(SW) -> 21(SW)   volume = 0.25
   epoch 2:  18(SW) ->  8(gpu)   volume = 0.09375
   epoch 2:  18(SW) -> 10(gpu)   volume = 0.09375
   epoch 2:  18(SW) -> 12(gpu)   volume = 0.09375
   epoch 2:  18(SW) -> 14(gpu)   volume = 0.09375
   epoch 2:  19(SW) ->  9(gpu)   volume = 0.09375
   epoch 2:  19(SW) -> 11(gpu)   volume = 0.09375
   epoch 2:  19(SW) -> 13(gpu)   volume = 0.09375
   epoch 2:  19(SW) -> 15(gpu)   volume = 0.09375
   epoch 2:  20(SW) -> 18(SW)   volume = 0.25
   epoch 2:  20(SW) -> 19(SW)   volume = 0.25
   epoch 2:  21(SW) -> 18(SW)   volume = 0.125
   epoch 2:  21(SW) -> 19(SW)   volume = 0.125
   epoch 3:   0(gpu) -> 16(SW)   volume = 1.25
   epoch 3:   1(gpu) ->  0(gpu)   volume = 1.25
   epoch 3:   1(gpu) -> 17(SW)   volume = 0.5
   epoch 3:  16(SW) ->  2(gpu)   volume = 0.333333
   epoch 3:  16(SW) ->  4(gpu)   volume = 0.333333
   epoch 3:  16(SW) ->  6(gpu)   volume = 0.333333
   epoch 3:  16(SW) -> 21(SW)   volume = 0.25
   epoch 3:  17(SW) -> 20(SW)   volume = 0.5
   epoch 3:  18(SW) ->  8(gpu)   volume = 0.09375
   epoch 3:  18(SW) -> 10(gpu)   volume = 0.09375
   epoch 3:  18(SW) -> 12(gpu)   volume = 0.09375
   epoch 3:  18(SW) -> 14(gpu)   volume = 0.09375
   epoch 3:  19(SW) ->  9(gpu)   volume = 0.09375
   epoch 3:  19(SW) -> 11(gpu)   volume = 0.09375
   epoch 3:  19(SW) -> 13(gpu)   volume = 0.09375
   epoch 3:  19(SW) -> 15(gpu)   volume = 0.09375
   epoch 3:  20(SW) -> 18(SW)   volume = 0.25
   epoch 3:  20(SW) -> 19(SW)   volume = 0.25
   epoch 3:  21(SW) -> 18(SW)   volume = 0.125
   epoch 3:  21(SW) -> 19(SW)   volume = 0.125
   epoch 4:   0(gpu) -> 16(SW)   volume = 1.25
   epoch 4:   1(gpu) ->  0(gpu)   volume = 5.25
   epoch 4:   1(gpu) -> 17(SW)   volume = 0.75
   epoch 4:  16(SW) ->  2(gpu)   volume = 0.416667
   epoch 4:  16(SW) ->  4(gpu)   volume = 0.416667
   epoch 4:  16(SW) ->  6(gpu)   volume = 0.416667
   epoch 4:  17(SW) -> 20(SW)   volume = 0.5
   epoch 4:  17(SW) -> 21(SW)   volume = 0.25
   epoch 4:  18(SW) ->  8(gpu)   volume = 0.09375
   epoch 4:  18(SW) -> 10(gpu)   volume = 0.09375
   epoch 4:  18(SW) -> 12(gpu)   volume = 0.09375
   epoch 4:  18(SW) -> 14(gpu)   volume = 0.09375
   epoch 4:  19(SW) ->  9(gpu)   volume = 0.09375
   epoch 4:  19(SW) -> 11(gpu)   volume = 0.09375
   epoch 4:  19(SW) -> 13(gpu)   volume = 0.09375
   epoch 4:  19(SW) -> 15(gpu)   volume = 0.09375
   epoch 4:  20(SW) -> 18(SW)   volume = 0.25
   epoch 4:  20(SW) -> 19(SW)   volume = 0.25
   epoch 4:  21(SW) -> 18(SW)   volume = 0.125
   epoch 4:  21(SW) -> 19(SW)   volume = 0.125
   epoch 5:   0(gpu) ->  1(gpu)   volume = 3.0
   epoch 5:   0(gpu) -> 16(SW)   volume = 0.75
   epoch 5:   3(gpu) ->  2(gpu)   volume = 0.25
   epoch 5:   5(gpu) ->  4(gpu)   volume = 0.25
   epoch 5:   7(gpu) ->  6(gpu)   volume = 0.25
   epoch 5:  16(SW) -> 20(SW)   volume = 0.5
   epoch 5:  16(SW) -> 21(SW)   volume = 0.25
   epoch 5:  18(SW) ->  8(gpu)   volume = 0.09375
   epoch 5:  18(SW) -> 10(gpu)   volume = 0.09375
   epoch 5:  18(SW) -> 12(gpu)   volume = 0.09375
   epoch 5:  18(SW) -> 14(gpu)   volume = 0.09375
   epoch 5:  19(SW) ->  9(gpu)   volume = 0.09375
   epoch 5:  19(SW) -> 11(gpu)   volume = 0.09375
   epoch 5:  19(SW) -> 13(gpu)   volume = 0.09375
   epoch 5:  19(SW) -> 15(gpu)   volume = 0.09375
   epoch 5:  20(SW) -> 18(SW)   volume = 0.25
   epoch 5:  20(SW) -> 19(SW)   volume = 0.25
   epoch 5:  21(SW) -> 18(SW)   volume = 0.125
   epoch 5:  21(SW) -> 19(SW)   volume = 0.125
   epoch 6:   0(gpu) -> 16(SW)   volume = 0.5
   epoch 6:  16(SW) -> 20(SW)   volume = 0.25
   epoch 6:  16(SW) -> 21(SW)   volume = 0.25
   epoch 6:  18(SW) ->  8(gpu)   volume = 0.0625
   epoch 6:  18(SW) -> 10(gpu)   volume = 0.0625
   epoch 6:  18(SW) -> 12(gpu)   volume = 0.0625
   epoch 6:  18(SW) -> 14(gpu)   volume = 0.0625
   epoch 6:  19(SW) ->  9(gpu)   volume = 0.0625
   epoch 6:  19(SW) -> 11(gpu)   volume = 0.0625
   epoch 6:  19(SW) -> 13(gpu)   volume = 0.0625
   epoch 6:  19(SW) -> 15(gpu)   volume = 0.0625
   epoch 6:  20(SW) -> 18(SW)   volume = 0.125
   epoch 6:  20(SW) -> 19(SW)   volume = 0.125
   epoch 6:  21(SW) -> 18(SW)   volume = 0.125
   epoch 6:  21(SW) -> 19(SW)   volume = 0.125
   epoch 7:   0(gpu) -> 16(SW)   volume = 0.5
   epoch 7:   1(gpu) -> 17(SW)   volume = 0.25
   epoch 7:  16(SW) -> 20(SW)   volume = 0.5
   epoch 7:  17(SW) -> 21(SW)   volume = 0.25
   epoch 7:  18(SW) ->  8(gpu)   volume = 0.09375
   epoch 7:  18(SW) -> 10(gpu)   volume = 0.09375
   epoch 7:  18(SW) -> 12(gpu)   volume = 0.09375
   epoch 7:  18(SW) -> 14(gpu)   volume = 0.09375
   epoch 7:  19(SW) ->  9(gpu)   volume = 0.09375
   epoch 7:  19(SW) -> 11(gpu)   volume = 0.09375
   epoch 7:  19(SW) -> 13(gpu)   volume = 0.09375
   epoch 7:  19(SW) -> 15(gpu)   volume = 0.09375
   epoch 7:  20(SW) -> 18(SW)   volume = 0.25
   epoch 7:  20(SW) -> 19(SW)   volume = 0.25
   epoch 7:  21(SW) -> 18(SW)   volume = 0.125
   epoch 7:  21(SW) -> 19(SW)   volume = 0.125
   epoch 8:   0(gpu) -> 16(SW)   volume = 0.5
   epoch 8:   1(gpu) -> 17(SW)   volume = 0.25
   epoch 8:   8(gpu) -> 18(SW)   volume = 0.15625
   epoch 8:   9(gpu) -> 19(SW)   volume = 0.15625
   epoch 8:  10(gpu) -> 18(SW)   volume = 0.15625
   epoch 8:  11(gpu) -> 19(SW)   volume = 0.15625
   epoch 8:  12(gpu) -> 18(SW)   volume = 0.15625
   epoch 8:  13(gpu) -> 19(SW)   volume = 0.15625
   epoch 8:  14(gpu) -> 18(SW)   volume = 0.15625
   epoch 8:  15(gpu) -> 19(SW)   volume = 0.15625
   epoch 8:  16(SW) -> 20(SW)   volume = 0.5
   epoch 8:  17(SW) -> 21(SW)   volume = 0.25
   epoch 8:  18(SW) ->  8(gpu)   volume = 0.25
   epoch 8:  18(SW) -> 10(gpu)   volume = 0.25
   epoch 8:  18(SW) -> 12(gpu)   volume = 0.25
   epoch 8:  18(SW) -> 14(gpu)   volume = 0.25
   epoch 8:  19(SW) ->  9(gpu)   volume = 0.25
   epoch 8:  19(SW) -> 11(gpu)   volume = 0.25
   epoch 8:  19(SW) -> 13(gpu)   volume = 0.25
   epoch 8:  19(SW) -> 15(gpu)   volume = 0.25
   epoch 8:  20(SW) -> 18(SW)   volume = 0.25
   epoch 8:  20(SW) -> 19(SW)   volume = 0.25
   epoch 8:  21(SW) -> 18(SW)   volume = 0.125
   epoch 8:  21(SW) -> 19(SW)   volume = 0.125
   epoch 9:   1(gpu) ->  0(gpu)   volume = 0.75
   epoch 9:   1(gpu) -> 17(SW)   volume = 0.75
   epoch 9:   8(gpu) -> 18(SW)   volume = 0.15625
   epoch 9:   9(gpu) -> 19(SW)   volume = 0.15625
   epoch 9:  10(gpu) -> 18(SW)   volume = 0.15625
   epoch 9:  11(gpu) -> 19(SW)   volume = 0.15625
   epoch 9:  12(gpu) -> 18(SW)   volume = 0.15625
   epoch 9:  13(gpu) -> 19(SW)   volume = 0.15625
   epoch 9:  14(gpu) -> 18(SW)   volume = 0.15625
   epoch 9:  15(gpu) -> 19(SW)   volume = 0.15625
   epoch 9:  17(SW) -> 20(SW)   volume = 0.5
   epoch 9:  17(SW) -> 21(SW)   volume = 0.25
   epoch 9:  18(SW) ->  8(gpu)   volume = 0.25
   epoch 9:  18(SW) -> 10(gpu)   volume = 0.25
   epoch 9:  18(SW) -> 12(gpu)   volume = 0.25
   epoch 9:  18(SW) -> 14(gpu)   volume = 0.25
   epoch 9:  19(SW) ->  9(gpu)   volume = 0.25
   epoch 9:  19(SW) -> 11(gpu)   volume = 0.25
   epoch 9:  19(SW) -> 13(gpu)   volume = 0.25
   epoch 9:  19(SW) -> 15(gpu)   volume = 0.25
   epoch 9:  20(SW) -> 18(SW)   volume = 0.25
   epoch 9:  20(SW) -> 19(SW)   volume = 0.25
   epoch 9:  21(SW) -> 18(SW)   volume = 0.125
   epoch 9:  21(SW) -> 19(SW)   volume = 0.125
   epoch 10:   0(gpu) -> 16(SW)   volume = 0.75
   epoch 10:   8(gpu) -> 18(SW)   volume = 0.15625
   epoch 10:   9(gpu) -> 19(SW)   volume = 0.15625
   epoch 10:  10(gpu) -> 18(SW)   volume = 0.15625
   epoch 10:  11(gpu) -> 19(SW)   volume = 0.15625
   epoch 10:  12(gpu) -> 18(SW)   volume = 0.15625
   epoch 10:  13(gpu) -> 19(SW)   volume = 0.15625
   epoch 10:  14(gpu) -> 18(SW)   volume = 0.15625
   epoch 10:  15(gpu) -> 19(SW)   volume = 0.15625
   epoch 10:  16(SW) -> 20(SW)   volume = 0.5
   epoch 10:  16(SW) -> 21(SW)   volume = 0.25
   epoch 10:  18(SW) ->  8(gpu)   volume = 0.25
   epoch 10:  18(SW) -> 10(gpu)   volume = 0.25
   epoch 10:  18(SW) -> 12(gpu)   volume = 0.25
   epoch 10:  18(SW) -> 14(gpu)   volume = 0.25
   epoch 10:  19(SW) ->  9(gpu)   volume = 0.25
   epoch 10:  19(SW) -> 11(gpu)   volume = 0.25
   epoch 10:  19(SW) -> 13(gpu)   volume = 0.25
   epoch 10:  19(SW) -> 15(gpu)   volume = 0.25
   epoch 10:  20(SW) -> 18(SW)   volume = 0.25
   epoch 10:  20(SW) -> 19(SW)   volume = 0.25
   epoch 10:  21(SW) -> 18(SW)   volume = 0.125
   epoch 10:  21(SW) -> 19(SW)   volume = 0.125
   epoch 11:  16(SW) -> 20(SW)   volume = 0.25
   epoch 11:  18(SW) -> 21(SW)   volume = 0.125
   epoch 11:  19(SW) -> 21(SW)   volume = 0.125
   epoch 11:  20(SW) -> 18(SW)   volume = 0.125
   epoch 11:  20(SW) -> 19(SW)   volume = 0.125
   epoch 11:  21(SW) -> 16(SW)   volume = 0.25

-- source 1 --
   epoch 0:   1(gpu) ->  0(gpu)   volume = 13.0
   epoch 0:   1(gpu) -> 17(SW)   volume = 2.0
   epoch 0:  17(SW) ->  3(gpu)   volume = 0.416667
   epoch 0:  17(SW) ->  5(gpu)   volume = 0.416667
   epoch 0:  17(SW) ->  7(gpu)   volume = 0.416667
   epoch 0:  17(SW) -> 20(SW)   volume = 0.5
   epoch 0:  17(SW) -> 21(SW)   volume = 0.25
   epoch 0:  18(SW) ->  8(gpu)   volume = 0.09375
   epoch 0:  18(SW) -> 10(gpu)   volume = 0.09375
   epoch 0:  18(SW) -> 12(gpu)   volume = 0.09375
   epoch 0:  18(SW) -> 14(gpu)   volume = 0.09375
   epoch 0:  19(SW) ->  9(gpu)   volume = 0.09375
   epoch 0:  19(SW) -> 11(gpu)   volume = 0.09375
   epoch 0:  19(SW) -> 13(gpu)   volume = 0.09375
   epoch 0:  19(SW) -> 15(gpu)   volume = 0.09375
   epoch 0:  20(SW) -> 18(SW)   volume = 0.25
   epoch 0:  20(SW) -> 19(SW)   volume = 0.25
   epoch 0:  21(SW) -> 18(SW)   volume = 0.125
   epoch 0:  21(SW) -> 19(SW)   volume = 0.125
   epoch 1:   0(gpu) ->  1(gpu)   volume = 1.25
   epoch 1:   0(gpu) -> 16(SW)   volume = 2.0
   epoch 1:   3(gpu) ->  2(gpu)   volume = 0.416667
   epoch 1:   5(gpu) ->  4(gpu)   volume = 0.416667
   epoch 1:   7(gpu) ->  6(gpu)   volume = 0.416667
   epoch 1:  16(SW) ->  2(gpu)   volume = 0.416667
   epoch 1:  16(SW) ->  4(gpu)   volume = 0.416667
   epoch 1:  16(SW) ->  6(gpu)   volume = 0.416667
   epoch 1:  16(SW) -> 20(SW)   volume = 0.5
   epoch 1:  16(SW) -> 21(SW)   volume = 0.25
   epoch 1:  18(SW) ->  8(gpu)   volume = 0.09375
   epoch 1:  18(SW) -> 10(gpu)   volume = 0.09375
   epoch 1:  18(SW) -> 12(gpu)   volume = 0.09375
   epoch 1:  18(SW) -> 14(gpu)   volume = 0.09375
   epoch 1:  19(SW) ->  9(gpu)   volume = 0.09375
   epoch 1:  19(SW) -> 11(gpu)   volume = 0.09375
   epoch 1:  19(SW) -> 13(gpu)   volume = 0.09375
   epoch 1:  19(SW) -> 15(gpu)   volume = 0.09375
   epoch 1:  20(SW) -> 18(SW)   volume = 0.25
   epoch 1:  20(SW) -> 19(SW)   volume = 0.25
   epoch 1:  21(SW) -> 18(SW)   volume = 0.125
   epoch 1:  21(SW) -> 19(SW)   volume = 0.125
   epoch 2:   0(gpu) -> 16(SW)   volume = 2.0
   epoch 2:  16(SW) ->  2(gpu)   volume = 0.416667
   epoch 2:  16(SW) ->  4(gpu)   volume = 0.416667
   epoch 2:  16(SW) ->  6(gpu)   volume = 0.416667
   epoch 2:  16(SW) -> 20(SW)   volume = 0.5
   epoch 2:  16(SW) -> 21(SW)   volume = 0.25
   epoch 2:  18(SW) ->  8(gpu)   volume = 0.09375
   epoch 2:  18(SW) -> 10(gpu)   volume = 0.09375
   epoch 2:  18(SW) -> 12(gpu)   volume = 0.09375
   epoch 2:  18(SW) -> 14(gpu)   volume = 0.09375
   epoch 2:  19(SW) ->  9(gpu)   volume = 0.09375
   epoch 2:  19(SW) -> 11(gpu)   volume = 0.09375
   epoch 2:  19(SW) -> 13(gpu)   volume = 0.09375
   epoch 2:  19(SW) -> 15(gpu)   volume = 0.09375
   epoch 2:  20(SW) -> 18(SW)   volume = 0.25
   epoch 2:  20(SW) -> 19(SW)   volume = 0.25
   epoch 2:  21(SW) -> 18(SW)   volume = 0.125
   epoch 2:  21(SW) -> 19(SW)   volume = 0.125
   epoch 3:   0(gpu) ->  1(gpu)   volume = 1.25
   epoch 3:   0(gpu) -> 16(SW)   volume = 0.5
   epoch 3:   1(gpu) -> 17(SW)   volume = 1.25
   epoch 3:  16(SW) -> 20(SW)   volume = 0.5
   epoch 3:  17(SW) ->  3(gpu)   volume = 0.333333
   epoch 3:  17(SW) ->  5(gpu)   volume = 0.333333
   epoch 3:  17(SW) ->  7(gpu)   volume = 0.333333
   epoch 3:  17(SW) -> 21(SW)   volume = 0.25
   epoch 3:  18(SW) ->  8(gpu)   volume = 0.09375
   epoch 3:  18(SW) -> 10(gpu)   volume = 0.09375
   epoch 3:  18(SW) -> 12(gpu)   volume = 0.09375
   epoch 3:  18(SW) -> 14(gpu)   volume = 0.09375
   epoch 3:  19(SW) ->  9(gpu)   volume = 0.09375
   epoch 3:  19(SW) -> 11(gpu)   volume = 0.09375
   epoch 3:  19(SW) -> 13(gpu)   volume = 0.09375
   epoch 3:  19(SW) -> 15(gpu)   volume = 0.09375
   epoch 3:  20(SW) -> 18(SW)   volume = 0.25
   epoch 3:  20(SW) -> 19(SW)   volume = 0.25
   epoch 3:  21(SW) -> 18(SW)   volume = 0.125
   epoch 3:  21(SW) -> 19(SW)   volume = 0.125
   epoch 4:   0(gpu) ->  1(gpu)   volume = 5.25
   epoch 4:   0(gpu) -> 16(SW)   volume = 0.75
   epoch 4:   1(gpu) -> 17(SW)   volume = 1.25
   epoch 4:  16(SW) -> 20(SW)   volume = 0.5
   epoch 4:  16(SW) -> 21(SW)   volume = 0.25
   epoch 4:  17(SW) ->  3(gpu)   volume = 0.416667
   epoch 4:  17(SW) ->  5(gpu)   volume = 0.416667
   epoch 4:  17(SW) ->  7(gpu)   volume = 0.416667
   epoch 4:  18(SW) ->  8(gpu)   volume = 0.09375
   epoch 4:  18(SW) -> 10(gpu)   volume = 0.09375
   epoch 4:  18(SW) -> 12(gpu)   volume = 0.09375
   epoch 4:  18(SW) -> 14(gpu)   volume = 0.09375
   epoch 4:  19(SW) ->  9(gpu)   volume = 0.09375
   epoch 4:  19(SW) -> 11(gpu)   volume = 0.09375
   epoch 4:  19(SW) -> 13(gpu)   volume = 0.09375
   epoch 4:  19(SW) -> 15(gpu)   volume = 0.09375
   epoch 4:  20(SW) -> 18(SW)   volume = 0.25
   epoch 4:  20(SW) -> 19(SW)   volume = 0.25
   epoch 4:  21(SW) -> 18(SW)   volume = 0.125
   epoch 4:  21(SW) -> 19(SW)   volume = 0.125
   epoch 5:   1(gpu) ->  0(gpu)   volume = 3.0
   epoch 5:   1(gpu) -> 17(SW)   volume = 0.75
   epoch 5:   2(gpu) ->  3(gpu)   volume = 0.25
   epoch 5:   4(gpu) ->  5(gpu)   volume = 0.25
   epoch 5:   6(gpu) ->  7(gpu)   volume = 0.25
   epoch 5:  17(SW) -> 20(SW)   volume = 0.5
   epoch 5:  17(SW) -> 21(SW)   volume = 0.25
   epoch 5:  18(SW) ->  8(gpu)   volume = 0.09375
   epoch 5:  18(SW) -> 10(gpu)   volume = 0.09375
   epoch 5:  18(SW) -> 12(gpu)   volume = 0.09375
   epoch 5:  18(SW) -> 14(gpu)   volume = 0.09375
   epoch 5:  19(SW) ->  9(gpu)   volume = 0.09375
   epoch 5:  19(SW) -> 11(gpu)   volume = 0.09375
   epoch 5:  19(SW) -> 13(gpu)   volume = 0.09375
   epoch 5:  19(SW) -> 15(gpu)   volume = 0.09375
   epoch 5:  20(SW) -> 18(SW)   volume = 0.25
   epoch 5:  20(SW) -> 19(SW)   volume = 0.25
   epoch 5:  21(SW) -> 18(SW)   volume = 0.125
   epoch 5:  21(SW) -> 19(SW)   volume = 0.125
   epoch 6:   1(gpu) -> 17(SW)   volume = 0.5
   epoch 6:  17(SW) -> 20(SW)   volume = 0.25
   epoch 6:  17(SW) -> 21(SW)   volume = 0.25
   epoch 6:  18(SW) ->  8(gpu)   volume = 0.0625
   epoch 6:  18(SW) -> 10(gpu)   volume = 0.0625
   epoch 6:  18(SW) -> 12(gpu)   volume = 0.0625
   epoch 6:  18(SW) -> 14(gpu)   volume = 0.0625
   epoch 6:  19(SW) ->  9(gpu)   volume = 0.0625
   epoch 6:  19(SW) -> 11(gpu)   volume = 0.0625
   epoch 6:  19(SW) -> 13(gpu)   volume = 0.0625
   epoch 6:  19(SW) -> 15(gpu)   volume = 0.0625
   epoch 6:  20(SW) -> 18(SW)   volume = 0.125
   epoch 6:  20(SW) -> 19(SW)   volume = 0.125
   epoch 6:  21(SW) -> 18(SW)   volume = 0.125
   epoch 6:  21(SW) -> 19(SW)   volume = 0.125
   epoch 7:   0(gpu) -> 16(SW)   volume = 0.25
   epoch 7:   1(gpu) -> 17(SW)   volume = 0.5
   epoch 7:  16(SW) -> 21(SW)   volume = 0.25
   epoch 7:  17(SW) -> 20(SW)   volume = 0.5
   epoch 7:  18(SW) ->  8(gpu)   volume = 0.09375
   epoch 7:  18(SW) -> 10(gpu)   volume = 0.09375
   epoch 7:  18(SW) -> 12(gpu)   volume = 0.09375
   epoch 7:  18(SW) -> 14(gpu)   volume = 0.09375
   epoch 7:  19(SW) ->  9(gpu)   volume = 0.09375
   epoch 7:  19(SW) -> 11(gpu)   volume = 0.09375
   epoch 7:  19(SW) -> 13(gpu)   volume = 0.09375
   epoch 7:  19(SW) -> 15(gpu)   volume = 0.09375
   epoch 7:  20(SW) -> 18(SW)   volume = 0.25
   epoch 7:  20(SW) -> 19(SW)   volume = 0.25
   epoch 7:  21(SW) -> 18(SW)   volume = 0.125
   epoch 7:  21(SW) -> 19(SW)   volume = 0.125
   epoch 8:   0(gpu) -> 16(SW)   volume = 0.25
   epoch 8:   1(gpu) -> 17(SW)   volume = 0.5
   epoch 8:   8(gpu) -> 18(SW)   volume = 0.15625
   epoch 8:   9(gpu) -> 19(SW)   volume = 0.15625
   epoch 8:  10(gpu) -> 18(SW)   volume = 0.15625
   epoch 8:  11(gpu) -> 19(SW)   volume = 0.15625
   epoch 8:  12(gpu) -> 18(SW)   volume = 0.15625
   epoch 8:  13(gpu) -> 19(SW)   volume = 0.15625
   epoch 8:  14(gpu) -> 18(SW)   volume = 0.15625
   epoch 8:  15(gpu) -> 19(SW)   volume = 0.15625
   epoch 8:  16(SW) -> 21(SW)   volume = 0.25
   epoch 8:  17(SW) -> 20(SW)   volume = 0.5
   epoch 8:  18(SW) ->  8(gpu)   volume = 0.25
   epoch 8:  18(SW) -> 10(gpu)   volume = 0.25
   epoch 8:  18(SW) -> 12(gpu)   volume = 0.25
   epoch 8:  18(SW) -> 14(gpu)   volume = 0.25
   epoch 8:  19(SW) ->  9(gpu)   volume = 0.25
   epoch 8:  19(SW) -> 11(gpu)   volume = 0.25
   epoch 8:  19(SW) -> 13(gpu)   volume = 0.25
   epoch 8:  19(SW) -> 15(gpu)   volume = 0.25
   epoch 8:  20(SW) -> 18(SW)   volume = 0.25
   epoch 8:  20(SW) -> 19(SW)   volume = 0.25
   epoch 8:  21(SW) -> 18(SW)   volume = 0.125
   epoch 8:  21(SW) -> 19(SW)   volume = 0.125
   epoch 9:   0(gpu) ->  1(gpu)   volume = 0.75
   epoch 9:   0(gpu) -> 16(SW)   volume = 0.75
   epoch 9:   8(gpu) -> 18(SW)   volume = 0.15625
   epoch 9:   9(gpu) -> 19(SW)   volume = 0.15625
   epoch 9:  10(gpu) -> 18(SW)   volume = 0.15625
   epoch 9:  11(gpu) -> 19(SW)   volume = 0.15625
   epoch 9:  12(gpu) -> 18(SW)   volume = 0.15625
   epoch 9:  13(gpu) -> 19(SW)   volume = 0.15625
   epoch 9:  14(gpu) -> 18(SW)   volume = 0.15625
   epoch 9:  15(gpu) -> 19(SW)   volume = 0.15625
   epoch 9:  16(SW) -> 20(SW)   volume = 0.5
   epoch 9:  16(SW) -> 21(SW)   volume = 0.25
   epoch 9:  18(SW) ->  8(gpu)   volume = 0.25
   epoch 9:  18(SW) -> 10(gpu)   volume = 0.25
   epoch 9:  18(SW) -> 12(gpu)   volume = 0.25
   epoch 9:  18(SW) -> 14(gpu)   volume = 0.25
   epoch 9:  19(SW) ->  9(gpu)   volume = 0.25
   epoch 9:  19(SW) -> 11(gpu)   volume = 0.25
   epoch 9:  19(SW) -> 13(gpu)   volume = 0.25
   epoch 9:  19(SW) -> 15(gpu)   volume = 0.25
   epoch 9:  20(SW) -> 18(SW)   volume = 0.25
   epoch 9:  20(SW) -> 19(SW)   volume = 0.25
   epoch 9:  21(SW) -> 18(SW)   volume = 0.125
   epoch 9:  21(SW) -> 19(SW)   volume = 0.125
   epoch 10:   1(gpu) -> 17(SW)   volume = 0.75
   epoch 10:   8(gpu) -> 18(SW)   volume = 0.15625
   epoch 10:   9(gpu) -> 19(SW)   volume = 0.15625
   epoch 10:  10(gpu) -> 18(SW)   volume = 0.15625
   epoch 10:  11(gpu) -> 19(SW)   volume = 0.15625
   epoch 10:  12(gpu) -> 18(SW)   volume = 0.15625
   epoch 10:  13(gpu) -> 19(SW)   volume = 0.15625
   epoch 10:  14(gpu) -> 18(SW)   volume = 0.15625
   epoch 10:  15(gpu) -> 19(SW)   volume = 0.15625
   epoch 10:  17(SW) -> 20(SW)   volume = 0.5
   epoch 10:  17(SW) -> 21(SW)   volume = 0.25
   epoch 10:  18(SW) ->  8(gpu)   volume = 0.25
   epoch 10:  18(SW) -> 10(gpu)   volume = 0.25
   epoch 10:  18(SW) -> 12(gpu)   volume = 0.25
   epoch 10:  18(SW) -> 14(gpu)   volume = 0.25
   epoch 10:  19(SW) ->  9(gpu)   volume = 0.25
   epoch 10:  19(SW) -> 11(gpu)   volume = 0.25
   epoch 10:  19(SW) -> 13(gpu)   volume = 0.25
   epoch 10:  19(SW) -> 15(gpu)   volume = 0.25
   epoch 10:  20(SW) -> 18(SW)   volume = 0.25
   epoch 10:  20(SW) -> 19(SW)   volume = 0.25
   epoch 10:  21(SW) -> 18(SW)   volume = 0.125
   epoch 10:  21(SW) -> 19(SW)   volume = 0.125
   epoch 11:  17(SW) -> 20(SW)   volume = 0.25
   epoch 11:  18(SW) -> 21(SW)   volume = 0.125
   epoch 11:  19(SW) -> 21(SW)   volume = 0.125
   epoch 11:  20(SW) -> 18(SW)   volume = 0.125
   epoch 11:  20(SW) -> 19(SW)   volume = 0.125
   epoch 11:  21(SW) -> 17(SW)   volume = 0.25

-- source 2 --
   epoch 0:   2(gpu) ->  3(gpu)   volume = 13.0
   epoch 0:   2(gpu) -> 16(SW)   volume = 2.0
   epoch 0:  16(SW) ->  0(gpu)   volume = 0.416667
   epoch 0:  16(SW) ->  4(gpu)   volume = 0.416667
   epoch 0:  16(SW) ->  6(gpu)   volume = 0.416667
   epoch 0:  16(SW) -> 20(SW)   volume = 0.5
   epoch 0:  16(SW) -> 21(SW)   volume = 0.25
   epoch 0:  18(SW) ->  8(gpu)   volume = 0.09375
   epoch 0:  18(SW) -> 10(gpu)   volume = 0.09375
   epoch 0:  18(SW) -> 12(gpu)   volume = 0.09375
   epoch 0:  18(SW) -> 14(gpu)   volume = 0.09375
   epoch 0:  19(SW) ->  9(gpu)   volume = 0.09375
   epoch 0:  19(SW) -> 11(gpu)   volume = 0.09375
   epoch 0:  19(SW) -> 13(gpu)   volume = 0.09375
   epoch 0:  19(SW) -> 15(gpu)   volume = 0.09375
   epoch 0:  20(SW) -> 18(SW)   volume = 0.25
   epoch 0:  20(SW) -> 19(SW)   volume = 0.25
   epoch 0:  21(SW) -> 18(SW)   volume = 0.125
   epoch 0:  21(SW) -> 19(SW)   volume = 0.125
   epoch 1:   0(gpu) ->  1(gpu)   volume = 0.416667
   epoch 1:   3(gpu) ->  2(gpu)   volume = 1.25
   epoch 1:   3(gpu) -> 17(SW)   volume = 2.0
   epoch 1:   4(gpu) ->  5(gpu)   volume = 0.416667
   epoch 1:   6(gpu) ->  7(gpu)   volume = 0.416667
   epoch 1:  17(SW) ->  1(gpu)   volume = 0.416667
   epoch 1:  17(SW) ->  5(gpu)   volume = 0.416667
   epoch 1:  17(SW) ->  7(gpu)   volume = 0.416667
   epoch 1:  17(SW) -> 20(SW)   volume = 0.5
   epoch 1:  17(SW) -> 21(SW)   volume = 0.25
   epoch 1:  18(SW) ->  8(gpu)   volume = 0.09375
   epoch 1:  18(SW) -> 10(gpu)   volume = 0.09375
   epoch 1:  18(SW) -> 12(gpu)   volume = 0.09375
   epoch 1:  18(SW) -> 14(gpu)   volume = 0.09375
   epoch 1:  19(SW) ->  9(gpu)   volume = 0.09375
   epoch 1:  19(SW) -> 11(gpu)   volume = 0.09375
   epoch 1:  19(SW) -> 13(gpu)   volume = 0.09375
   epoch 1:  19(SW) -> 15(gpu)   volume = 0.09375
   epoch 1:  20(SW) -> 18(SW)   volume = 0.25
   epoch 1:  20(SW) -> 19(SW)   volume = 0.25
   epoch 1:  21(SW) -> 18(SW)   volume = 0.125
   epoch 1:  21(SW) -> 19(SW)   volume = 0.125
   epoch 2:   3(gpu) -> 17(SW)   volume = 2.0
   epoch 2:  17(SW) ->  1(gpu)   volume = 0.416667
   epoch 2:  17(SW) ->  5(gpu)   volume = 0.416667
   epoch 2:  17(SW) ->  7(gpu)   volume = 0.416667
   epoch 2:  17(SW) -> 20(SW)   volume = 0.5
   epoch 2:  17(SW) -> 21(SW)   volume = 0.25
   epoch 2:  18(SW) ->  8(gpu)   volume = 0.09375
   epoch 2:  18(SW) -> 10(gpu)   volume = 0.09375
   epoch 2:  18(SW) -> 12(gpu)   volume = 0.09375
   epoch 2:  18(SW) -> 14(gpu)   volume = 0.09375
   epoch 2:  19(SW) ->  9(gpu)   volume = 0.09375
   epoch 2:  19(SW) -> 11(gpu)   volume = 0.09375
   epoch 2:  19(SW) -> 13(gpu)   volume = 0.09375
   epoch 2:  19(SW) -> 15(gpu)   volume = 0.09375
   epoch 2:  20(SW) -> 18(SW)   volume = 0.25
   epoch 2:  20(SW) -> 19(SW)   volume = 0.25
   epoch 2:  21(SW) -> 18(SW)   volume = 0.125
   epoch 2:  21(SW) -> 19(SW)   volume = 0.125
   epoch 3:   2(gpu) -> 16(SW)   volume = 1.25
   epoch 3:   3(gpu) ->  2(gpu)   volume = 1.25
   epoch 3:   3(gpu) -> 17(SW)   volume = 0.5
   epoch 3:  16(SW) ->  0(gpu)   volume = 0.333333
   epoch 3:  16(SW) ->  4(gpu)   volume = 0.333333
   epoch 3:  16(SW) ->  6(gpu)   volume = 0.333333
   epoch 3:  16(SW) -> 21(SW)   volume = 0.25
   epoch 3:  17(SW) -> 20(SW)   volume = 0.5
   epoch 3:  18(SW) ->  8(gpu)   volume = 0.09375
   epoch 3:  18(SW) -> 10(gpu)   volume = 0.09375
   epoch 3:  18(SW) -> 12(gpu)   volume = 0.09375
   epoch 3:  18(SW) -> 14(gpu)   volume = 0.09375
   epoch 3:  19(SW) ->  9(gpu)   volume = 0.09375
   epoch 3:  19(SW) -> 11(gpu)   volume = 0.09375
   epoch 3:  19(SW) -> 13(gpu)   volume = 0.09375
   epoch 3:  19(SW) -> 15(gpu)   volume = 0.09375
   epoch 3:  20(SW) -> 18(SW)   volume = 0.25
   epoch 3:  20(SW) -> 19(SW)   volume = 0.25
   epoch 3:  21(SW) -> 18(SW)   volume = 0.125
   epoch 3:  21(SW) -> 19(SW)   volume = 0.125
   epoch 4:   2(gpu) -> 16(SW)   volume = 1.25
   epoch 4:   3(gpu) ->  2(gpu)   volume = 5.25
   epoch 4:   3(gpu) -> 17(SW)   volume = 0.75
   epoch 4:  16(SW) ->  0(gpu)   volume = 0.416667
   epoch 4:  16(SW) ->  4(gpu)   volume = 0.416667
   epoch 4:  16(SW) ->  6(gpu)   volume = 0.416667
   epoch 4:  17(SW) -> 20(SW)   volume = 0.5
   epoch 4:  17(SW) -> 21(SW)   volume = 0.25
   epoch 4:  18(SW) ->  8(gpu)   volume = 0.09375
   epoch 4:  18(SW) -> 10(gpu)   volume = 0.09375
   epoch 4:  18(SW) -> 12(gpu)   volume = 0.09375
   epoch 4:  18(SW) -> 14(gpu)   volume = 0.09375
   epoch 4:  19(SW) ->  9(gpu)   volume = 0.09375
   epoch 4:  19(SW) -> 11(gpu)   volume = 0.09375
   epoch 4:  19(SW) -> 13(gpu)   volume = 0.09375
   epoch 4:  19(SW) -> 15(gpu)   volume = 0.09375
   epoch 4:  20(SW) -> 18(SW)   volume = 0.25
   epoch 4:  20(SW) -> 19(SW)   volume = 0.25
   epoch 4:  21(SW) -> 18(SW)   volume = 0.125
   epoch 4:  21(SW) -> 19(SW)   volume = 0.125
   epoch 5:   1(gpu) ->  0(gpu)   volume = 0.25
   epoch 5:   2(gpu) ->  3(gpu)   volume = 3.0
   epoch 5:   2(gpu) -> 16(SW)   volume = 0.75
   epoch 5:   5(gpu) ->  4(gpu)   volume = 0.25
   epoch 5:   7(gpu) ->  6(gpu)   volume = 0.25
   epoch 5:  16(SW) -> 20(SW)   volume = 0.5
   epoch 5:  16(SW) -> 21(SW)   volume = 0.25
   epoch 5:  18(SW) ->  8(gpu)   volume = 0.09375
   epoch 5:  18(SW) -> 10(gpu)   volume = 0.09375
   epoch 5:  18(SW) -> 12(gpu)   volume = 0.09375
   epoch 5:  18(SW) -> 14(gpu)   volume = 0.09375
   epoch 5:  19(SW) ->  9(gpu)   volume = 0.09375
   epoch 5:  19(SW) -> 11(gpu)   volume = 0.09375
   epoch 5:  19(SW) -> 13(gpu)   volume = 0.09375
   epoch 5:  19(SW) -> 15(gpu)   volume = 0.09375
   epoch 5:  20(SW) -> 18(SW)   volume = 0.25
   epoch 5:  20(SW) -> 19(SW)   volume = 0.25
   epoch 5:  21(SW) -> 18(SW)   volume = 0.125
   epoch 5:  21(SW) -> 19(SW)   volume = 0.125
   epoch 6:   2(gpu) -> 16(SW)   volume = 0.5
   epoch 6:  16(SW) -> 20(SW)   volume = 0.25
   epoch 6:  16(SW) -> 21(SW)   volume = 0.25
   epoch 6:  18(SW) ->  8(gpu)   volume = 0.0625
   epoch 6:  18(SW) -> 10(gpu)   volume = 0.0625
   epoch 6:  18(SW) -> 12(gpu)   volume = 0.0625
   epoch 6:  18(SW) -> 14(gpu)   volume = 0.0625
   epoch 6:  19(SW) ->  9(gpu)   volume = 0.0625
   epoch 6:  19(SW) -> 11(gpu)   volume = 0.0625
   epoch 6:  19(SW) -> 13(gpu)   volume = 0.0625
   epoch 6:  19(SW) -> 15(gpu)   volume = 0.0625
   epoch 6:  20(SW) -> 18(SW)   volume = 0.125
   epoch 6:  20(SW) -> 19(SW)   volume = 0.125
   epoch 6:  21(SW) -> 18(SW)   volume = 0.125
   epoch 6:  21(SW) -> 19(SW)   volume = 0.125
   epoch 7:   2(gpu) -> 16(SW)   volume = 0.5
   epoch 7:   3(gpu) -> 17(SW)   volume = 0.25
   epoch 7:  16(SW) -> 20(SW)   volume = 0.5
   epoch 7:  17(SW) -> 21(SW)   volume = 0.25
   epoch 7:  18(SW) ->  8(gpu)   volume = 0.09375
   epoch 7:  18(SW) -> 10(gpu)   volume = 0.09375
   epoch 7:  18(SW) -> 12(gpu)   volume = 0.09375
   epoch 7:  18(SW) -> 14(gpu)   volume = 0.09375
   epoch 7:  19(SW) ->  9(gpu)   volume = 0.09375
   epoch 7:  19(SW) -> 11(gpu)   volume = 0.09375
   epoch 7:  19(SW) -> 13(gpu)   volume = 0.09375
   epoch 7:  19(SW) -> 15(gpu)   volume = 0.09375
   epoch 7:  20(SW) -> 18(SW)   volume = 0.25
   epoch 7:  20(SW) -> 19(SW)   volume = 0.25
   epoch 7:  21(SW) -> 18(SW)   volume = 0.125
   epoch 7:  21(SW) -> 19(SW)   volume = 0.125
   epoch 8:   2(gpu) -> 16(SW)   volume = 0.5
   epoch 8:   3(gpu) -> 17(SW)   volume = 0.25
   epoch 8:   8(gpu) -> 18(SW)   volume = 0.15625
   epoch 8:   9(gpu) -> 19(SW)   volume = 0.15625
   epoch 8:  10(gpu) -> 18(SW)   volume = 0.15625
   epoch 8:  11(gpu) -> 19(SW)   volume = 0.15625
   epoch 8:  12(gpu) -> 18(SW)   volume = 0.15625
   epoch 8:  13(gpu) -> 19(SW)   volume = 0.15625
   epoch 8:  14(gpu) -> 18(SW)   volume = 0.15625
   epoch 8:  15(gpu) -> 19(SW)   volume = 0.15625
   epoch 8:  16(SW) -> 20(SW)   volume = 0.5
   epoch 8:  17(SW) -> 21(SW)   volume = 0.25
   epoch 8:  18(SW) ->  8(gpu)   volume = 0.25
   epoch 8:  18(SW) -> 10(gpu)   volume = 0.25
   epoch 8:  18(SW) -> 12(gpu)   volume = 0.25
   epoch 8:  18(SW) -> 14(gpu)   volume = 0.25
   epoch 8:  19(SW) ->  9(gpu)   volume = 0.25
   epoch 8:  19(SW) -> 11(gpu)   volume = 0.25
   epoch 8:  19(SW) -> 13(gpu)   volume = 0.25
   epoch 8:  19(SW) -> 15(gpu)   volume = 0.25
   epoch 8:  20(SW) -> 18(SW)   volume = 0.25
   epoch 8:  20(SW) -> 19(SW)   volume = 0.25
   epoch 8:  21(SW) -> 18(SW)   volume = 0.125
   epoch 8:  21(SW) -> 19(SW)   volume = 0.125
   epoch 9:   3(gpu) ->  2(gpu)   volume = 0.75
   epoch 9:   3(gpu) -> 17(SW)   volume = 0.75
   epoch 9:   8(gpu) -> 18(SW)   volume = 0.15625
   epoch 9:   9(gpu) -> 19(SW)   volume = 0.15625
   epoch 9:  10(gpu) -> 18(SW)   volume = 0.15625
   epoch 9:  11(gpu) -> 19(SW)   volume = 0.15625
   epoch 9:  12(gpu) -> 18(SW)   volume = 0.15625
   epoch 9:  13(gpu) -> 19(SW)   volume = 0.15625
   epoch 9:  14(gpu) -> 18(SW)   volume = 0.15625
   epoch 9:  15(gpu) -> 19(SW)   volume = 0.15625
   epoch 9:  17(SW) -> 20(SW)   volume = 0.5
   epoch 9:  17(SW) -> 21(SW)   volume = 0.25
   epoch 9:  18(SW) ->  8(gpu)   volume = 0.25
   epoch 9:  18(SW) -> 10(gpu)   volume = 0.25
   epoch 9:  18(SW) -> 12(gpu)   volume = 0.25
   epoch 9:  18(SW) -> 14(gpu)   volume = 0.25
   epoch 9:  19(SW) ->  9(gpu)   volume = 0.25
   epoch 9:  19(SW) -> 11(gpu)   volume = 0.25
   epoch 9:  19(SW) -> 13(gpu)   volume = 0.25
   epoch 9:  19(SW) -> 15(gpu)   volume = 0.25
   epoch 9:  20(SW) -> 18(SW)   volume = 0.25
   epoch 9:  20(SW) -> 19(SW)   volume = 0.25
   epoch 9:  21(SW) -> 18(SW)   volume = 0.125
   epoch 9:  21(SW) -> 19(SW)   volume = 0.125
   epoch 10:   2(gpu) -> 16(SW)   volume = 0.75
   epoch 10:   8(gpu) -> 18(SW)   volume = 0.15625
   epoch 10:   9(gpu) -> 19(SW)   volume = 0.15625
   epoch 10:  10(gpu) -> 18(SW)   volume = 0.15625
   epoch 10:  11(gpu) -> 19(SW)   volume = 0.15625
   epoch 10:  12(gpu) -> 18(SW)   volume = 0.15625
   epoch 10:  13(gpu) -> 19(SW)   volume = 0.15625
   epoch 10:  14(gpu) -> 18(SW)   volume = 0.15625
   epoch 10:  15(gpu) -> 19(SW)   volume = 0.15625
   epoch 10:  16(SW) -> 20(SW)   volume = 0.5
   epoch 10:  16(SW) -> 21(SW)   volume = 0.25
   epoch 10:  18(SW) ->  8(gpu)   volume = 0.25
   epoch 10:  18(SW) -> 10(gpu)   volume = 0.25
   epoch 10:  18(SW) -> 12(gpu)   volume = 0.25
   epoch 10:  18(SW) -> 14(gpu)   volume = 0.25
   epoch 10:  19(SW) ->  9(gpu)   volume = 0.25
   epoch 10:  19(SW) -> 11(gpu)   volume = 0.25
   epoch 10:  19(SW) -> 13(gpu)   volume = 0.25
   epoch 10:  19(SW) -> 15(gpu)   volume = 0.25
   epoch 10:  20(SW) -> 18(SW)   volume = 0.25
   epoch 10:  20(SW) -> 19(SW)   volume = 0.25
   epoch 10:  21(SW) -> 18(SW)   volume = 0.125
   epoch 10:  21(SW) -> 19(SW)   volume = 0.125
   epoch 11:  16(SW) -> 20(SW)   volume = 0.25
   epoch 11:  18(SW) -> 21(SW)   volume = 0.125
   epoch 11:  19(SW) -> 21(SW)   volume = 0.125
   epoch 11:  20(SW) -> 18(SW)   volume = 0.125
   epoch 11:  20(SW) -> 19(SW)   volume = 0.125
   epoch 11:  21(SW) -> 16(SW)   volume = 0.25

-- source 3 --
   epoch 0:   3(gpu) ->  2(gpu)   volume = 13.0
   epoch 0:   3(gpu) -> 17(SW)   volume = 2.0
   epoch 0:  17(SW) ->  1(gpu)   volume = 0.416667
   epoch 0:  17(SW) ->  5(gpu)   volume = 0.416667
   epoch 0:  17(SW) ->  7(gpu)   volume = 0.416667
   epoch 0:  17(SW) -> 20(SW)   volume = 0.5
   epoch 0:  17(SW) -> 21(SW)   volume = 0.25
   epoch 0:  18(SW) ->  8(gpu)   volume = 0.09375
   epoch 0:  18(SW) -> 10(gpu)   volume = 0.09375
   epoch 0:  18(SW) -> 12(gpu)   volume = 0.09375
   epoch 0:  18(SW) -> 14(gpu)   volume = 0.09375
   epoch 0:  19(SW) ->  9(gpu)   volume = 0.09375
   epoch 0:  19(SW) -> 11(gpu)   volume = 0.09375
   epoch 0:  19(SW) -> 13(gpu)   volume = 0.09375
   epoch 0:  19(SW) -> 15(gpu)   volume = 0.09375
   epoch 0:  20(SW) -> 18(SW)   volume = 0.25
   epoch 0:  20(SW) -> 19(SW)   volume = 0.25
   epoch 0:  21(SW) -> 18(SW)   volume = 0.125
   epoch 0:  21(SW) -> 19(SW)   volume = 0.125
   epoch 1:   1(gpu) ->  0(gpu)   volume = 0.416667
   epoch 1:   2(gpu) ->  3(gpu)   volume = 1.25
   epoch 1:   2(gpu) -> 16(SW)   volume = 2.0
   epoch 1:   5(gpu) ->  4(gpu)   volume = 0.416667
   epoch 1:   7(gpu) ->  6(gpu)   volume = 0.416667
   epoch 1:  16(SW) ->  0(gpu)   volume = 0.416667
   epoch 1:  16(SW) ->  4(gpu)   volume = 0.416667
   epoch 1:  16(SW) ->  6(gpu)   volume = 0.416667
   epoch 1:  16(SW) -> 20(SW)   volume = 0.5
   epoch 1:  16(SW) -> 21(SW)   volume = 0.25
   epoch 1:  18(SW) ->  8(gpu)   volume = 0.09375
   epoch 1:  18(SW) -> 10(gpu)   volume = 0.09375
   epoch 1:  18(SW) -> 12(gpu)   volume = 0.09375
   epoch 1:  18(SW) -> 14(gpu)   volume = 0.09375
   epoch 1:  19(SW) ->  9(gpu)   volume = 0.09375
   epoch 1:  19(SW) -> 11(gpu)   volume = 0.09375
   epoch 1:  19(SW) -> 13(gpu)   volume = 0.09375
   epoch 1:  19(SW) -> 15(gpu)   volume = 0.09375
   epoch 1:  20(SW) -> 18(SW)   volume = 0.25
   epoch 1:  20(SW) -> 19(SW)   volume = 0.25
   epoch 1:  21(SW) -> 18(SW)   volume = 0.125
   epoch 1:  21(SW) -> 19(SW)   volume = 0.125
   epoch 2:   2(gpu) -> 16(SW)   volume = 2.0
   epoch 2:  16(SW) ->  0(gpu)   volume = 0.416667
   epoch 2:  16(SW) ->  4(gpu)   volume = 0.416667
   epoch 2:  16(SW) ->  6(gpu)   volume = 0.416667
   epoch 2:  16(SW) -> 20(SW)   volume = 0.5
   epoch 2:  16(SW) -> 21(SW)   volume = 0.25
   epoch 2:  18(SW) ->  8(gpu)   volume = 0.09375
   epoch 2:  18(SW) -> 10(gpu)   volume = 0.09375
   epoch 2:  18(SW) -> 12(gpu)   volume = 0.09375
   epoch 2:  18(SW) -> 14(gpu)   volume = 0.09375
   epoch 2:  19(SW) ->  9(gpu)   volume = 0.09375
   epoch 2:  19(SW) -> 11(gpu)   volume = 0.09375
   epoch 2:  19(SW) -> 13(gpu)   volume = 0.09375
   epoch 2:  19(SW) -> 15(gpu)   volume = 0.09375
   epoch 2:  20(SW) -> 18(SW)   volume = 0.25
   epoch 2:  20(SW) -> 19(SW)   volume = 0.25
   epoch 2:  21(SW) -> 18(SW)   volume = 0.125
   epoch 2:  21(SW) -> 19(SW)   volume = 0.125
   epoch 3:   2(gpu) ->  3(gpu)   volume = 1.25
   epoch 3:   2(gpu) -> 16(SW)   volume = 0.5
   epoch 3:   3(gpu) -> 17(SW)   volume = 1.25
   epoch 3:  16(SW) -> 20(SW)   volume = 0.5
   epoch 3:  17(SW) ->  1(gpu)   volume = 0.333333
   epoch 3:  17(SW) ->  5(gpu)   volume = 0.333333
   epoch 3:  17(SW) ->  7(gpu)   volume = 0.333333
   epoch 3:  17(SW) -> 21(SW)   volume = 0.25
   epoch 3:  18(SW) ->  8(gpu)   volume = 0.09375
   epoch 3:  18(SW) -> 10(gpu)   volume = 0.09375
   epoch 3:  18(SW) -> 12(gpu)   volume = 0.09375
   epoch 3:  18(SW) -> 14(gpu)   volume = 0.09375
   epoch 3:  19(SW) ->  9(gpu)   volume = 0.09375
   epoch 3:  19(SW) -> 11(gpu)   volume = 0.09375
   epoch 3:  19(SW) -> 13(gpu)   volume = 0.09375
   epoch 3:  19(SW) -> 15(gpu)   volume = 0.09375
   epoch 3:  20(SW) -> 18(SW)   volume = 0.25
   epoch 3:  20(SW) -> 19(SW)   volume = 0.25
   epoch 3:  21(SW) -> 18(SW)   volume = 0.125
   epoch 3:  21(SW) -> 19(SW)   volume = 0.125
   epoch 4:   2(gpu) ->  3(gpu)   volume = 5.25
   epoch 4:   2(gpu) -> 16(SW)   volume = 0.75
   epoch 4:   3(gpu) -> 17(SW)   volume = 1.25
   epoch 4:  16(SW) -> 20(SW)   volume = 0.5
   epoch 4:  16(SW) -> 21(SW)   volume = 0.25
   epoch 4:  17(SW) ->  1(gpu)   volume = 0.416667
   epoch 4:  17(SW) ->  5(gpu)   volume = 0.416667
   epoch 4:  17(SW) ->  7(gpu)   volume = 0.416667
   epoch 4:  18(SW) ->  8(gpu)   volume = 0.09375
   epoch 4:  18(SW) -> 10(gpu)   volume = 0.09375
   epoch 4:  18(SW) -> 12(gpu)   volume = 0.09375
   epoch 4:  18(SW) -> 14(gpu)   volume = 0.09375
   epoch 4:  19(SW) ->  9(gpu)   volume = 0.09375
   epoch 4:  19(SW) -> 11(gpu)   volume = 0.09375
   epoch 4:  19(SW) -> 13(gpu)   volume = 0.09375
   epoch 4:  19(SW) -> 15(gpu)   volume = 0.09375
   epoch 4:  20(SW) -> 18(SW)   volume = 0.25
   epoch 4:  20(SW) -> 19(SW)   volume = 0.25
   epoch 4:  21(SW) -> 18(SW)   volume = 0.125
   epoch 4:  21(SW) -> 19(SW)   volume = 0.125
   epoch 5:   0(gpu) ->  1(gpu)   volume = 0.25
   epoch 5:   3(gpu) ->  2(gpu)   volume = 3.0
   epoch 5:   3(gpu) -> 17(SW)   volume = 0.75
   epoch 5:   4(gpu) ->  5(gpu)   volume = 0.25
   epoch 5:   6(gpu) ->  7(gpu)   volume = 0.25
   epoch 5:  17(SW) -> 20(SW)   volume = 0.5
   epoch 5:  17(SW) -> 21(SW)   volume = 0.25
   epoch 5:  18(SW) ->  8(gpu)   volume = 0.09375
   epoch 5:  18(SW) -> 10(gpu)   volume = 0.09375
   epoch 5:  18(SW) -> 12(gpu)   volume = 0.09375
   epoch 5:  18(SW) -> 14(gpu)   volume = 0.09375
   epoch 5:  19(SW) ->  9(gpu)   volume = 0.09375
   epoch 5:  19(SW) -> 11(gpu)   volume = 0.09375
   epoch 5:  19(SW) -> 13(gpu)   volume = 0.09375
   epoch 5:  19(SW) -> 15(gpu)   volume = 0.09375
   epoch 5:  20(SW) -> 18(SW)   volume = 0.25
   epoch 5:  20(SW) -> 19(SW)   volume = 0.25
   epoch 5:  21(SW) -> 18(SW)   volume = 0.125
   epoch 5:  21(SW) -> 19(SW)   volume = 0.125
   epoch 6:   3(gpu) -> 17(SW)   volume = 0.5
   epoch 6:  17(SW) -> 20(SW)   volume = 0.25
   epoch 6:  17(SW) -> 21(SW)   volume = 0.25
   epoch 6:  18(SW) ->  8(gpu)   volume = 0.0625
   epoch 6:  18(SW) -> 10(gpu)   volume = 0.0625
   epoch 6:  18(SW) -> 12(gpu)   volume = 0.0625
   epoch 6:  18(SW) -> 14(gpu)   volume = 0.0625
   epoch 6:  19(SW) ->  9(gpu)   volume = 0.0625
   epoch 6:  19(SW) -> 11(gpu)   volume = 0.0625
   epoch 6:  19(SW) -> 13(gpu)   volume = 0.0625
   epoch 6:  19(SW) -> 15(gpu)   volume = 0.0625
   epoch 6:  20(SW) -> 18(SW)   volume = 0.125
   epoch 6:  20(SW) -> 19(SW)   volume = 0.125
   epoch 6:  21(SW) -> 18(SW)   volume = 0.125
   epoch 6:  21(SW) -> 19(SW)   volume = 0.125
   epoch 7:   2(gpu) -> 16(SW)   volume = 0.25
   epoch 7:   3(gpu) -> 17(SW)   volume = 0.5
   epoch 7:  16(SW) -> 21(SW)   volume = 0.25
   epoch 7:  17(SW) -> 20(SW)   volume = 0.5
   epoch 7:  18(SW) ->  8(gpu)   volume = 0.09375
   epoch 7:  18(SW) -> 10(gpu)   volume = 0.09375
   epoch 7:  18(SW) -> 12(gpu)   volume = 0.09375
   epoch 7:  18(SW) -> 14(gpu)   volume = 0.09375
   epoch 7:  19(SW) ->  9(gpu)   volume = 0.09375
   epoch 7:  19(SW) -> 11(gpu)   volume = 0.09375
   epoch 7:  19(SW) -> 13(gpu)   volume = 0.09375
   epoch 7:  19(SW) -> 15(gpu)   volume = 0.09375
   epoch 7:  20(SW) -> 18(SW)   volume = 0.25
   epoch 7:  20(SW) -> 19(SW)   volume = 0.25
   epoch 7:  21(SW) -> 18(SW)   volume = 0.125
   epoch 7:  21(SW) -> 19(SW)   volume = 0.125
   epoch 8:   2(gpu) -> 16(SW)   volume = 0.25
   epoch 8:   3(gpu) -> 17(SW)   volume = 0.5
   epoch 8:   8(gpu) -> 18(SW)   volume = 0.15625
   epoch 8:   9(gpu) -> 19(SW)   volume = 0.15625
   epoch 8:  10(gpu) -> 18(SW)   volume = 0.15625
   epoch 8:  11(gpu) -> 19(SW)   volume = 0.15625
   epoch 8:  12(gpu) -> 18(SW)   volume = 0.15625
   epoch 8:  13(gpu) -> 19(SW)   volume = 0.15625
   epoch 8:  14(gpu) -> 18(SW)   volume = 0.15625
   epoch 8:  15(gpu) -> 19(SW)   volume = 0.15625
   epoch 8:  16(SW) -> 21(SW)   volume = 0.25
   epoch 8:  17(SW) -> 20(SW)   volume = 0.5
   epoch 8:  18(SW) ->  8(gpu)   volume = 0.25
   epoch 8:  18(SW) -> 10(gpu)   volume = 0.25
   epoch 8:  18(SW) -> 12(gpu)   volume = 0.25
   epoch 8:  18(SW) -> 14(gpu)   volume = 0.25
   epoch 8:  19(SW) ->  9(gpu)   volume = 0.25
   epoch 8:  19(SW) -> 11(gpu)   volume = 0.25
   epoch 8:  19(SW) -> 13(gpu)   volume = 0.25
   epoch 8:  19(SW) -> 15(gpu)   volume = 0.25
   epoch 8:  20(SW) -> 18(SW)   volume = 0.25
   epoch 8:  20(SW) -> 19(SW)   volume = 0.25
   epoch 8:  21(SW) -> 18(SW)   volume = 0.125
   epoch 8:  21(SW) -> 19(SW)   volume = 0.125
   epoch 9:   2(gpu) ->  3(gpu)   volume = 0.75
   epoch 9:   2(gpu) -> 16(SW)   volume = 0.75
   epoch 9:   8(gpu) -> 18(SW)   volume = 0.15625
   epoch 9:   9(gpu) -> 19(SW)   volume = 0.15625
   epoch 9:  10(gpu) -> 18(SW)   volume = 0.15625
   epoch 9:  11(gpu) -> 19(SW)   volume = 0.15625
   epoch 9:  12(gpu) -> 18(SW)   volume = 0.15625
   epoch 9:  13(gpu) -> 19(SW)   volume = 0.15625
   epoch 9:  14(gpu) -> 18(SW)   volume = 0.15625
   epoch 9:  15(gpu) -> 19(SW)   volume = 0.15625
   epoch 9:  16(SW) -> 20(SW)   volume = 0.5
   epoch 9:  16(SW) -> 21(SW)   volume = 0.25
   epoch 9:  18(SW) ->  8(gpu)   volume = 0.25
   epoch 9:  18(SW) -> 10(gpu)   volume = 0.25
   epoch 9:  18(SW) -> 12(gpu)   volume = 0.25
   epoch 9:  18(SW) -> 14(gpu)   volume = 0.25
   epoch 9:  19(SW) ->  9(gpu)   volume = 0.25
   epoch 9:  19(SW) -> 11(gpu)   volume = 0.25
   epoch 9:  19(SW) -> 13(gpu)   volume = 0.25
   epoch 9:  19(SW) -> 15(gpu)   volume = 0.25
   epoch 9:  20(SW) -> 18(SW)   volume = 0.25
   epoch 9:  20(SW) -> 19(SW)   volume = 0.25
   epoch 9:  21(SW) -> 18(SW)   volume = 0.125
   epoch 9:  21(SW) -> 19(SW)   volume = 0.125
   epoch 10:   3(gpu) -> 17(SW)   volume = 0.75
   epoch 10:   8(gpu) -> 18(SW)   volume = 0.15625
   epoch 10:   9(gpu) -> 19(SW)   volume = 0.15625
   epoch 10:  10(gpu) -> 18(SW)   volume = 0.15625
   epoch 10:  11(gpu) -> 19(SW)   volume = 0.15625
   epoch 10:  12(gpu) -> 18(SW)   volume = 0.15625
   epoch 10:  13(gpu) -> 19(SW)   volume = 0.15625
   epoch 10:  14(gpu) -> 18(SW)   volume = 0.15625
   epoch 10:  15(gpu) -> 19(SW)   volume = 0.15625
   epoch 10:  17(SW) -> 20(SW)   volume = 0.5
   epoch 10:  17(SW) -> 21(SW)   volume = 0.25
   epoch 10:  18(SW) ->  8(gpu)   volume = 0.25
   epoch 10:  18(SW) -> 10(gpu)   volume = 0.25
   epoch 10:  18(SW) -> 12(gpu)   volume = 0.25
   epoch 10:  18(SW) -> 14(gpu)   volume = 0.25
   epoch 10:  19(SW) ->  9(gpu)   volume = 0.25
   epoch 10:  19(SW) -> 11(gpu)   volume = 0.25
   epoch 10:  19(SW) -> 13(gpu)   volume = 0.25
   epoch 10:  19(SW) -> 15(gpu)   volume = 0.25
   epoch 10:  20(SW) -> 18(SW)   volume = 0.25
   epoch 10:  20(SW) -> 19(SW)   volume = 0.25
   epoch 10:  21(SW) -> 18(SW)   volume = 0.125
   epoch 10:  21(SW) -> 19(SW)   volume = 0.125
   epoch 11:  17(SW) -> 20(SW)   volume = 0.25
   epoch 11:  18(SW) -> 21(SW)   volume = 0.125
   epoch 11:  19(SW) -> 21(SW)   volume = 0.125
   epoch 11:  20(SW) -> 18(SW)   volume = 0.125
   epoch 11:  20(SW) -> 19(SW)   volume = 0.125
   epoch 11:  21(SW) -> 17(SW)   volume = 0.25

-- source 4 --
   epoch 0:   4(gpu) ->  5(gpu)   volume = 13.0
   epoch 0:   4(gpu) -> 16(SW)   volume = 2.0
   epoch 0:  16(SW) ->  0(gpu)   volume = 0.416667
   epoch 0:  16(SW) ->  2(gpu)   volume = 0.416667
   epoch 0:  16(SW) ->  6(gpu)   volume = 0.416667
   epoch 0:  16(SW) -> 20(SW)   volume = 0.5
   epoch 0:  16(SW) -> 21(SW)   volume = 0.25
   epoch 0:  18(SW) ->  8(gpu)   volume = 0.09375
   epoch 0:  18(SW) -> 10(gpu)   volume = 0.09375
   epoch 0:  18(SW) -> 12(gpu)   volume = 0.09375
   epoch 0:  18(SW) -> 14(gpu)   volume = 0.09375
   epoch 0:  19(SW) ->  9(gpu)   volume = 0.09375
   epoch 0:  19(SW) -> 11(gpu)   volume = 0.09375
   epoch 0:  19(SW) -> 13(gpu)   volume = 0.09375
   epoch 0:  19(SW) -> 15(gpu)   volume = 0.09375
   epoch 0:  20(SW) -> 18(SW)   volume = 0.25
   epoch 0:  20(SW) -> 19(SW)   volume = 0.25
   epoch 0:  21(SW) -> 18(SW)   volume = 0.125
   epoch 0:  21(SW) -> 19(SW)   volume = 0.125
   epoch 1:   0(gpu) ->  1(gpu)   volume = 0.416667
   epoch 1:   2(gpu) ->  3(gpu)   volume = 0.416667
   epoch 1:   5(gpu) ->  4(gpu)   volume = 1.25
   epoch 1:   5(gpu) -> 17(SW)   volume = 2.0
   epoch 1:   6(gpu) ->  7(gpu)   volume = 0.416667
   epoch 1:  17(SW) ->  1(gpu)   volume = 0.416667
   epoch 1:  17(SW) ->  3(gpu)   volume = 0.416667
   epoch 1:  17(SW) ->  7(gpu)   volume = 0.416667
   epoch 1:  17(SW) -> 20(SW)   volume = 0.5
   epoch 1:  17(SW) -> 21(SW)   volume = 0.25
   epoch 1:  18(SW) ->  8(gpu)   volume = 0.09375
   epoch 1:  18(SW) -> 10(gpu)   volume = 0.09375
   epoch 1:  18(SW) -> 12(gpu)   volume = 0.09375
   epoch 1:  18(SW) -> 14(gpu)   volume = 0.09375
   epoch 1:  19(SW) ->  9(gpu)   volume = 0.09375
   epoch 1:  19(SW) -> 11(gpu)   volume = 0.09375
   epoch 1:  19(SW) -> 13(gpu)   volume = 0.09375
   epoch 1:  19(SW) -> 15(gpu)   volume = 0.09375
   epoch 1:  20(SW) -> 18(SW)   volume = 0.25
   epoch 1:  20(SW) -> 19(SW)   volume = 0.25
   epoch 1:  21(SW) -> 18(SW)   volume = 0.125
   epoch 1:  21(SW) -> 19(SW)   volume = 0.125
   epoch 2:   5(gpu) -> 17(SW)   volume = 2.0
   epoch 2:  17(SW) ->  1(gpu)   volume = 0.416667
   epoch 2:  17(SW) ->  3(gpu)   volume = 0.416667
   epoch 2:  17(SW) ->  7(gpu)   volume = 0.416667
   epoch 2:  17(SW) -> 20(SW)   volume = 0.5
   epoch 2:  17(SW) -> 21(SW)   volume = 0.25
   epoch 2:  18(SW) ->  8(gpu)   volume = 0.09375
   epoch 2:  18(SW) -> 10(gpu)   volume = 0.09375
   epoch 2:  18(SW) -> 12(gpu)   volume = 0.09375
   epoch 2:  18(SW) -> 14(gpu)   volume = 0.09375
   epoch 2:  19(SW) ->  9(gpu)   volume = 0.09375
   epoch 2:  19(SW) -> 11(gpu)   volume = 0.09375
   epoch 2:  19(SW) -> 13(gpu)   volume = 0.09375
   epoch 2:  19(SW) -> 15(gpu)   volume = 0.09375
   epoch 2:  20(SW) -> 18(SW)   volume = 0.25
   epoch 2:  20(SW) -> 19(SW)   volume = 0.25
   epoch 2:  21(SW) -> 18(SW)   volume = 0.125
   epoch 2:  21(SW) -> 19(SW)   volume = 0.125
   epoch 3:   4(gpu) -> 16(SW)   volume = 1.25
   epoch 3:   5(gpu) ->  4(gpu)   volume = 1.25
   epoch 3:   5(gpu) -> 17(SW)   volume = 0.5
   epoch 3:  16(SW) ->  0(gpu)   volume = 0.333333
   epoch 3:  16(SW) ->  2(gpu)   volume = 0.333333
   epoch 3:  16(SW) ->  6(gpu)   volume = 0.333333
   epoch 3:  16(SW) -> 21(SW)   volume = 0.25
   epoch 3:  17(SW) -> 20(SW)   volume = 0.5
   epoch 3:  18(SW) ->  8(gpu)   volume = 0.09375
   epoch 3:  18(SW) -> 10(gpu)   volume = 0.09375
   epoch 3:  18(SW) -> 12(gpu)   volume = 0.09375
   epoch 3:  18(SW) -> 14(gpu)   volume = 0.09375
   epoch 3:  19(SW) ->  9(gpu)   volume = 0.09375
   epoch 3:  19(SW) -> 11(gpu)   volume = 0.09375
   epoch 3:  19(SW) -> 13(gpu)   volume = 0.09375
   epoch 3:  19(SW) -> 15(gpu)   volume = 0.09375
   epoch 3:  20(SW) -> 18(SW)   volume = 0.25
   epoch 3:  20(SW) -> 19(SW)   volume = 0.25
   epoch 3:  21(SW) -> 18(SW)   volume = 0.125
   epoch 3:  21(SW) -> 19(SW)   volume = 0.125
   epoch 4:   4(gpu) -> 16(SW)   volume = 1.25
   epoch 4:   5(gpu) ->  4(gpu)   volume = 5.25
   epoch 4:   5(gpu) -> 17(SW)   volume = 0.75
   epoch 4:  16(SW) ->  0(gpu)   volume = 0.416667
   epoch 4:  16(SW) ->  2(gpu)   volume = 0.416667
   epoch 4:  16(SW) ->  6(gpu)   volume = 0.416667
   epoch 4:  17(SW) -> 20(SW)   volume = 0.5
   epoch 4:  17(SW) -> 21(SW)   volume = 0.25
   epoch 4:  18(SW) ->  8(gpu)   volume = 0.09375
   epoch 4:  18(SW) -> 10(gpu)   volume = 0.09375
   epoch 4:  18(SW) -> 12(gpu)   volume = 0.09375
   epoch 4:  18(SW) -> 14(gpu)   volume = 0.09375
   epoch 4:  19(SW) ->  9(gpu)   volume = 0.09375
   epoch 4:  19(SW) -> 11(gpu)   volume = 0.09375
   epoch 4:  19(SW) -> 13(gpu)   volume = 0.09375
   epoch 4:  19(SW) -> 15(gpu)   volume = 0.09375
   epoch 4:  20(SW) -> 18(SW)   volume = 0.25
   epoch 4:  20(SW) -> 19(SW)   volume = 0.25
   epoch 4:  21(SW) -> 18(SW)   volume = 0.125
   epoch 4:  21(SW) -> 19(SW)   volume = 0.125
   epoch 5:   1(gpu) ->  0(gpu)   volume = 0.25
   epoch 5:   3(gpu) ->  2(gpu)   volume = 0.25
   epoch 5:   4(gpu) ->  5(gpu)   volume = 3.0
   epoch 5:   4(gpu) -> 16(SW)   volume = 0.75
   epoch 5:   7(gpu) ->  6(gpu)   volume = 0.25
   epoch 5:  16(SW) -> 20(SW)   volume = 0.5
   epoch 5:  16(SW) -> 21(SW)   volume = 0.25
   epoch 5:  18(SW) ->  8(gpu)   volume = 0.09375
   epoch 5:  18(SW) -> 10(gpu)   volume = 0.09375
   epoch 5:  18(SW) -> 12(gpu)   volume = 0.09375
   epoch 5:  18(SW) -> 14(gpu)   volume = 0.09375
   epoch 5:  19(SW) ->  9(gpu)   volume = 0.09375
   epoch 5:  19(SW) -> 11(gpu)   volume = 0.09375
   epoch 5:  19(SW) -> 13(gpu)   volume = 0.09375
   epoch 5:  19(SW) -> 15(gpu)   volume = 0.09375
   epoch 5:  20(SW) -> 18(SW)   volume = 0.25
   epoch 5:  20(SW) -> 19(SW)   volume = 0.25
   epoch 5:  21(SW) -> 18(SW)   volume = 0.125
   epoch 5:  21(SW) -> 19(SW)   volume = 0.125
   epoch 6:   4(gpu) -> 16(SW)   volume = 0.5
   epoch 6:  16(SW) -> 20(SW)   volume = 0.25
   epoch 6:  16(SW) -> 21(SW)   volume = 0.25
   epoch 6:  18(SW) ->  8(gpu)   volume = 0.0625
   epoch 6:  18(SW) -> 10(gpu)   volume = 0.0625
   epoch 6:  18(SW) -> 12(gpu)   volume = 0.0625
   epoch 6:  18(SW) -> 14(gpu)   volume = 0.0625
   epoch 6:  19(SW) ->  9(gpu)   volume = 0.0625
   epoch 6:  19(SW) -> 11(gpu)   volume = 0.0625
   epoch 6:  19(SW) -> 13(gpu)   volume = 0.0625
   epoch 6:  19(SW) -> 15(gpu)   volume = 0.0625
   epoch 6:  20(SW) -> 18(SW)   volume = 0.125
   epoch 6:  20(SW) -> 19(SW)   volume = 0.125
   epoch 6:  21(SW) -> 18(SW)   volume = 0.125
   epoch 6:  21(SW) -> 19(SW)   volume = 0.125
   epoch 7:   4(gpu) -> 16(SW)   volume = 0.5
   epoch 7:   5(gpu) -> 17(SW)   volume = 0.25
   epoch 7:  16(SW) -> 20(SW)   volume = 0.5
   epoch 7:  17(SW) -> 21(SW)   volume = 0.25
   epoch 7:  18(SW) ->  8(gpu)   volume = 0.09375
   epoch 7:  18(SW) -> 10(gpu)   volume = 0.09375
   epoch 7:  18(SW) -> 12(gpu)   volume = 0.09375
   epoch 7:  18(SW) -> 14(gpu)   volume = 0.09375
   epoch 7:  19(SW) ->  9(gpu)   volume = 0.09375
   epoch 7:  19(SW) -> 11(gpu)   volume = 0.09375
   epoch 7:  19(SW) -> 13(gpu)   volume = 0.09375
   epoch 7:  19(SW) -> 15(gpu)   volume = 0.09375
   epoch 7:  20(SW) -> 18(SW)   volume = 0.25
   epoch 7:  20(SW) -> 19(SW)   volume = 0.25
   epoch 7:  21(SW) -> 18(SW)   volume = 0.125
   epoch 7:  21(SW) -> 19(SW)   volume = 0.125
   epoch 8:   4(gpu) -> 16(SW)   volume = 0.5
   epoch 8:   5(gpu) -> 17(SW)   volume = 0.25
   epoch 8:   8(gpu) -> 18(SW)   volume = 0.15625
   epoch 8:   9(gpu) -> 19(SW)   volume = 0.15625
   epoch 8:  10(gpu) -> 18(SW)   volume = 0.15625
   epoch 8:  11(gpu) -> 19(SW)   volume = 0.15625
   epoch 8:  12(gpu) -> 18(SW)   volume = 0.15625
   epoch 8:  13(gpu) -> 19(SW)   volume = 0.15625
   epoch 8:  14(gpu) -> 18(SW)   volume = 0.15625
   epoch 8:  15(gpu) -> 19(SW)   volume = 0.15625
   epoch 8:  16(SW) -> 20(SW)   volume = 0.5
   epoch 8:  17(SW) -> 21(SW)   volume = 0.25
   epoch 8:  18(SW) ->  8(gpu)   volume = 0.25
   epoch 8:  18(SW) -> 10(gpu)   volume = 0.25
   epoch 8:  18(SW) -> 12(gpu)   volume = 0.25
   epoch 8:  18(SW) -> 14(gpu)   volume = 0.25
   epoch 8:  19(SW) ->  9(gpu)   volume = 0.25
   epoch 8:  19(SW) -> 11(gpu)   volume = 0.25
   epoch 8:  19(SW) -> 13(gpu)   volume = 0.25
   epoch 8:  19(SW) -> 15(gpu)   volume = 0.25
   epoch 8:  20(SW) -> 18(SW)   volume = 0.25
   epoch 8:  20(SW) -> 19(SW)   volume = 0.25
   epoch 8:  21(SW) -> 18(SW)   volume = 0.125
   epoch 8:  21(SW) -> 19(SW)   volume = 0.125
   epoch 9:   5(gpu) ->  4(gpu)   volume = 0.75
   epoch 9:   5(gpu) -> 17(SW)   volume = 0.75
   epoch 9:   8(gpu) -> 18(SW)   volume = 0.15625
   epoch 9:   9(gpu) -> 19(SW)   volume = 0.15625
   epoch 9:  10(gpu) -> 18(SW)   volume = 0.15625
   epoch 9:  11(gpu) -> 19(SW)   volume = 0.15625
   epoch 9:  12(gpu) -> 18(SW)   volume = 0.15625
   epoch 9:  13(gpu) -> 19(SW)   volume = 0.15625
   epoch 9:  14(gpu) -> 18(SW)   volume = 0.15625
   epoch 9:  15(gpu) -> 19(SW)   volume = 0.15625
   epoch 9:  17(SW) -> 20(SW)   volume = 0.5
   epoch 9:  17(SW) -> 21(SW)   volume = 0.25
   epoch 9:  18(SW) ->  8(gpu)   volume = 0.25
   epoch 9:  18(SW) -> 10(gpu)   volume = 0.25
   epoch 9:  18(SW) -> 12(gpu)   volume = 0.25
   epoch 9:  18(SW) -> 14(gpu)   volume = 0.25
   epoch 9:  19(SW) ->  9(gpu)   volume = 0.25
   epoch 9:  19(SW) -> 11(gpu)   volume = 0.25
   epoch 9:  19(SW) -> 13(gpu)   volume = 0.25
   epoch 9:  19(SW) -> 15(gpu)   volume = 0.25
   epoch 9:  20(SW) -> 18(SW)   volume = 0.25
   epoch 9:  20(SW) -> 19(SW)   volume = 0.25
   epoch 9:  21(SW) -> 18(SW)   volume = 0.125
   epoch 9:  21(SW) -> 19(SW)   volume = 0.125
   epoch 10:   4(gpu) -> 16(SW)   volume = 0.75
   epoch 10:   8(gpu) -> 18(SW)   volume = 0.15625
   epoch 10:   9(gpu) -> 19(SW)   volume = 0.15625
   epoch 10:  10(gpu) -> 18(SW)   volume = 0.15625
   epoch 10:  11(gpu) -> 19(SW)   volume = 0.15625
   epoch 10:  12(gpu) -> 18(SW)   volume = 0.15625
   epoch 10:  13(gpu) -> 19(SW)   volume = 0.15625
   epoch 10:  14(gpu) -> 18(SW)   volume = 0.15625
   epoch 10:  15(gpu) -> 19(SW)   volume = 0.15625
   epoch 10:  16(SW) -> 20(SW)   volume = 0.5
   epoch 10:  16(SW) -> 21(SW)   volume = 0.25
   epoch 10:  18(SW) ->  8(gpu)   volume = 0.25
   epoch 10:  18(SW) -> 10(gpu)   volume = 0.25
   epoch 10:  18(SW) -> 12(gpu)   volume = 0.25
   epoch 10:  18(SW) -> 14(gpu)   volume = 0.25
   epoch 10:  19(SW) ->  9(gpu)   volume = 0.25
   epoch 10:  19(SW) -> 11(gpu)   volume = 0.25
   epoch 10:  19(SW) -> 13(gpu)   volume = 0.25
   epoch 10:  19(SW) -> 15(gpu)   volume = 0.25
   epoch 10:  20(SW) -> 18(SW)   volume = 0.25
   epoch 10:  20(SW) -> 19(SW)   volume = 0.25
   epoch 10:  21(SW) -> 18(SW)   volume = 0.125
   epoch 10:  21(SW) -> 19(SW)   volume = 0.125
   epoch 11:  16(SW) -> 20(SW)   volume = 0.25
   epoch 11:  18(SW) -> 21(SW)   volume = 0.125
   epoch 11:  19(SW) -> 21(SW)   volume = 0.125
   epoch 11:  20(SW) -> 18(SW)   volume = 0.125
   epoch 11:  20(SW) -> 19(SW)   volume = 0.125
   epoch 11:  21(SW) -> 16(SW)   volume = 0.25

-- source 5 --
   epoch 0:   5(gpu) ->  4(gpu)   volume = 13.0
   epoch 0:   5(gpu) -> 17(SW)   volume = 2.0
   epoch 0:  17(SW) ->  1(gpu)   volume = 0.416667
   epoch 0:  17(SW) ->  3(gpu)   volume = 0.416667
   epoch 0:  17(SW) ->  7(gpu)   volume = 0.416667
   epoch 0:  17(SW) -> 20(SW)   volume = 0.5
   epoch 0:  17(SW) -> 21(SW)   volume = 0.25
   epoch 0:  18(SW) ->  8(gpu)   volume = 0.09375
   epoch 0:  18(SW) -> 10(gpu)   volume = 0.09375
   epoch 0:  18(SW) -> 12(gpu)   volume = 0.09375
   epoch 0:  18(SW) -> 14(gpu)   volume = 0.09375
   epoch 0:  19(SW) ->  9(gpu)   volume = 0.09375
   epoch 0:  19(SW) -> 11(gpu)   volume = 0.09375
   epoch 0:  19(SW) -> 13(gpu)   volume = 0.09375
   epoch 0:  19(SW) -> 15(gpu)   volume = 0.09375
   epoch 0:  20(SW) -> 18(SW)   volume = 0.25
   epoch 0:  20(SW) -> 19(SW)   volume = 0.25
   epoch 0:  21(SW) -> 18(SW)   volume = 0.125
   epoch 0:  21(SW) -> 19(SW)   volume = 0.125
   epoch 1:   1(gpu) ->  0(gpu)   volume = 0.416667
   epoch 1:   3(gpu) ->  2(gpu)   volume = 0.416667
   epoch 1:   4(gpu) ->  5(gpu)   volume = 1.25
   epoch 1:   4(gpu) -> 16(SW)   volume = 2.0
   epoch 1:   7(gpu) ->  6(gpu)   volume = 0.416667
   epoch 1:  16(SW) ->  0(gpu)   volume = 0.416667
   epoch 1:  16(SW) ->  2(gpu)   volume = 0.416667
   epoch 1:  16(SW) ->  6(gpu)   volume = 0.416667
   epoch 1:  16(SW) -> 20(SW)   volume = 0.5
   epoch 1:  16(SW) -> 21(SW)   volume = 0.25
   epoch 1:  18(SW) ->  8(gpu)   volume = 0.09375
   epoch 1:  18(SW) -> 10(gpu)   volume = 0.09375
   epoch 1:  18(SW) -> 12(gpu)   volume = 0.09375
   epoch 1:  18(SW) -> 14(gpu)   volume = 0.09375
   epoch 1:  19(SW) ->  9(gpu)   volume = 0.09375
   epoch 1:  19(SW) -> 11(gpu)   volume = 0.09375
   epoch 1:  19(SW) -> 13(gpu)   volume = 0.09375
   epoch 1:  19(SW) -> 15(gpu)   volume = 0.09375
   epoch 1:  20(SW) -> 18(SW)   volume = 0.25
   epoch 1:  20(SW) -> 19(SW)   volume = 0.25
   epoch 1:  21(SW) -> 18(SW)   volume = 0.125
   epoch 1:  21(SW) -> 19(SW)   volume = 0.125
   epoch 2:   4(gpu) -> 16(SW)   volume = 2.0
   epoch 2:  16(SW) ->  0(gpu)   volume = 0.416667
   epoch 2:  16(SW) ->  2(gpu)   volume = 0.416667
   epoch 2:  16(SW) ->  6(gpu)   volume = 0.416667
   epoch 2:  16(SW) -> 20(SW)   volume = 0.5
   epoch 2:  16(SW) -> 21(SW)   volume = 0.25
   epoch 2:  18(SW) ->  8(gpu)   volume = 0.09375
   epoch 2:  18(SW) -> 10(gpu)   volume = 0.09375
   epoch 2:  18(SW) -> 12(gpu)   volume = 0.09375
   epoch 2:  18(SW) -> 14(gpu)   volume = 0.09375
   epoch 2:  19(SW) ->  9(gpu)   volume = 0.09375
   epoch 2:  19(SW) -> 11(gpu)   volume = 0.09375
   epoch 2:  19(SW) -> 13(gpu)   volume = 0.09375
   epoch 2:  19(SW) -> 15(gpu)   volume = 0.09375
   epoch 2:  20(SW) -> 18(SW)   volume = 0.25
   epoch 2:  20(SW) -> 19(SW)   volume = 0.25
   epoch 2:  21(SW) -> 18(SW)   volume = 0.125
   epoch 2:  21(SW) -> 19(SW)   volume = 0.125
   epoch 3:   4(gpu) ->  5(gpu)   volume = 1.25
   epoch 3:   4(gpu) -> 16(SW)   volume = 0.5
   epoch 3:   5(gpu) -> 17(SW)   volume = 1.25
   epoch 3:  16(SW) -> 20(SW)   volume = 0.5
   epoch 3:  17(SW) ->  1(gpu)   volume = 0.333333
   epoch 3:  17(SW) ->  3(gpu)   volume = 0.333333
   epoch 3:  17(SW) ->  7(gpu)   volume = 0.333333
   epoch 3:  17(SW) -> 21(SW)   volume = 0.25
   epoch 3:  18(SW) ->  8(gpu)   volume = 0.09375
   epoch 3:  18(SW) -> 10(gpu)   volume = 0.09375
   epoch 3:  18(SW) -> 12(gpu)   volume = 0.09375
   epoch 3:  18(SW) -> 14(gpu)   volume = 0.09375
   epoch 3:  19(SW) ->  9(gpu)   volume = 0.09375
   epoch 3:  19(SW) -> 11(gpu)   volume = 0.09375
   epoch 3:  19(SW) -> 13(gpu)   volume = 0.09375
   epoch 3:  19(SW) -> 15(gpu)   volume = 0.09375
   epoch 3:  20(SW) -> 18(SW)   volume = 0.25
   epoch 3:  20(SW) -> 19(SW)   volume = 0.25
   epoch 3:  21(SW) -> 18(SW)   volume = 0.125
   epoch 3:  21(SW) -> 19(SW)   volume = 0.125
   epoch 4:   4(gpu) ->  5(gpu)   volume = 5.25
   epoch 4:   4(gpu) -> 16(SW)   volume = 0.75
   epoch 4:   5(gpu) -> 17(SW)   volume = 1.25
   epoch 4:  16(SW) -> 20(SW)   volume = 0.5
   epoch 4:  16(SW) -> 21(SW)   volume = 0.25
   epoch 4:  17(SW) ->  1(gpu)   volume = 0.416667
   epoch 4:  17(SW) ->  3(gpu)   volume = 0.416667
   epoch 4:  17(SW) ->  7(gpu)   volume = 0.416667
   epoch 4:  18(SW) ->  8(gpu)   volume = 0.09375
   epoch 4:  18(SW) -> 10(gpu)   volume = 0.09375
   epoch 4:  18(SW) -> 12(gpu)   volume = 0.09375
   epoch 4:  18(SW) -> 14(gpu)   volume = 0.09375
   epoch 4:  19(SW) ->  9(gpu)   volume = 0.09375
   epoch 4:  19(SW) -> 11(gpu)   volume = 0.09375
   epoch 4:  19(SW) -> 13(gpu)   volume = 0.09375
   epoch 4:  19(SW) -> 15(gpu)   volume = 0.09375
   epoch 4:  20(SW) -> 18(SW)   volume = 0.25
   epoch 4:  20(SW) -> 19(SW)   volume = 0.25
   epoch 4:  21(SW) -> 18(SW)   volume = 0.125
   epoch 4:  21(SW) -> 19(SW)   volume = 0.125
   epoch 5:   0(gpu) ->  1(gpu)   volume = 0.25
   epoch 5:   2(gpu) ->  3(gpu)   volume = 0.25
   epoch 5:   5(gpu) ->  4(gpu)   volume = 3.0
   epoch 5:   5(gpu) -> 17(SW)   volume = 0.75
   epoch 5:   6(gpu) ->  7(gpu)   volume = 0.25
   epoch 5:  17(SW) -> 20(SW)   volume = 0.5
   epoch 5:  17(SW) -> 21(SW)   volume = 0.25
   epoch 5:  18(SW) ->  8(gpu)   volume = 0.09375
   epoch 5:  18(SW) -> 10(gpu)   volume = 0.09375
   epoch 5:  18(SW) -> 12(gpu)   volume = 0.09375
   epoch 5:  18(SW) -> 14(gpu)   volume = 0.09375
   epoch 5:  19(SW) ->  9(gpu)   volume = 0.09375
   epoch 5:  19(SW) -> 11(gpu)   volume = 0.09375
   epoch 5:  19(SW) -> 13(gpu)   volume = 0.09375
   epoch 5:  19(SW) -> 15(gpu)   volume = 0.09375
   epoch 5:  20(SW) -> 18(SW)   volume = 0.25
   epoch 5:  20(SW) -> 19(SW)   volume = 0.25
   epoch 5:  21(SW) -> 18(SW)   volume = 0.125
   epoch 5:  21(SW) -> 19(SW)   volume = 0.125
   epoch 6:   5(gpu) -> 17(SW)   volume = 0.5
   epoch 6:  17(SW) -> 20(SW)   volume = 0.25
   epoch 6:  17(SW) -> 21(SW)   volume = 0.25
   epoch 6:  18(SW) ->  8(gpu)   volume = 0.0625
   epoch 6:  18(SW) -> 10(gpu)   volume = 0.0625
   epoch 6:  18(SW) -> 12(gpu)   volume = 0.0625
   epoch 6:  18(SW) -> 14(gpu)   volume = 0.0625
   epoch 6:  19(SW) ->  9(gpu)   volume = 0.0625
   epoch 6:  19(SW) -> 11(gpu)   volume = 0.0625
   epoch 6:  19(SW) -> 13(gpu)   volume = 0.0625
   epoch 6:  19(SW) -> 15(gpu)   volume = 0.0625
   epoch 6:  20(SW) -> 18(SW)   volume = 0.125
   epoch 6:  20(SW) -> 19(SW)   volume = 0.125
   epoch 6:  21(SW) -> 18(SW)   volume = 0.125
   epoch 6:  21(SW) -> 19(SW)   volume = 0.125
   epoch 7:   4(gpu) -> 16(SW)   volume = 0.25
   epoch 7:   5(gpu) -> 17(SW)   volume = 0.5
   epoch 7:  16(SW) -> 21(SW)   volume = 0.25
   epoch 7:  17(SW) -> 20(SW)   volume = 0.5
   epoch 7:  18(SW) ->  8(gpu)   volume = 0.09375
   epoch 7:  18(SW) -> 10(gpu)   volume = 0.09375
   epoch 7:  18(SW) -> 12(gpu)   volume = 0.09375
   epoch 7:  18(SW) -> 14(gpu)   volume = 0.09375
   epoch 7:  19(SW) ->  9(gpu)   volume = 0.09375
   epoch 7:  19(SW) -> 11(gpu)   volume = 0.09375
   epoch 7:  19(SW) -> 13(gpu)   volume = 0.09375
   epoch 7:  19(SW) -> 15(gpu)   volume = 0.09375
   epoch 7:  20(SW) -> 18(SW)   volume = 0.25
   epoch 7:  20(SW) -> 19(SW)   volume = 0.25
   epoch 7:  21(SW) -> 18(SW)   volume = 0.125
   epoch 7:  21(SW) -> 19(SW)   volume = 0.125
   epoch 8:   4(gpu) -> 16(SW)   volume = 0.25
   epoch 8:   5(gpu) -> 17(SW)   volume = 0.5
   epoch 8:   8(gpu) -> 18(SW)   volume = 0.15625
   epoch 8:   9(gpu) -> 19(SW)   volume = 0.15625
   epoch 8:  10(gpu) -> 18(SW)   volume = 0.15625
   epoch 8:  11(gpu) -> 19(SW)   volume = 0.15625
   epoch 8:  12(gpu) -> 18(SW)   volume = 0.15625
   epoch 8:  13(gpu) -> 19(SW)   volume = 0.15625
   epoch 8:  14(gpu) -> 18(SW)   volume = 0.15625
   epoch 8:  15(gpu) -> 19(SW)   volume = 0.15625
   epoch 8:  16(SW) -> 21(SW)   volume = 0.25
   epoch 8:  17(SW) -> 20(SW)   volume = 0.5
   epoch 8:  18(SW) ->  8(gpu)   volume = 0.25
   epoch 8:  18(SW) -> 10(gpu)   volume = 0.25
   epoch 8:  18(SW) -> 12(gpu)   volume = 0.25
   epoch 8:  18(SW) -> 14(gpu)   volume = 0.25
   epoch 8:  19(SW) ->  9(gpu)   volume = 0.25
   epoch 8:  19(SW) -> 11(gpu)   volume = 0.25
   epoch 8:  19(SW) -> 13(gpu)   volume = 0.25
   epoch 8:  19(SW) -> 15(gpu)   volume = 0.25
   epoch 8:  20(SW) -> 18(SW)   volume = 0.25
   epoch 8:  20(SW) -> 19(SW)   volume = 0.25
   epoch 8:  21(SW) -> 18(SW)   volume = 0.125
   epoch 8:  21(SW) -> 19(SW)   volume = 0.125
   epoch 9:   4(gpu) ->  5(gpu)   volume = 0.75
   epoch 9:   4(gpu) -> 16(SW)   volume = 0.75
   epoch 9:   8(gpu) -> 18(SW)   volume = 0.15625
   epoch 9:   9(gpu) -> 19(SW)   volume = 0.15625
   epoch 9:  10(gpu) -> 18(SW)   volume = 0.15625
   epoch 9:  11(gpu) -> 19(SW)   volume = 0.15625
   epoch 9:  12(gpu) -> 18(SW)   volume = 0.15625
   epoch 9:  13(gpu) -> 19(SW)   volume = 0.15625
   epoch 9:  14(gpu) -> 18(SW)   volume = 0.15625
   epoch 9:  15(gpu) -> 19(SW)   volume = 0.15625
   epoch 9:  16(SW) -> 20(SW)   volume = 0.5
   epoch 9:  16(SW) -> 21(SW)   volume = 0.25
   epoch 9:  18(SW) ->  8(gpu)   volume = 0.25
   epoch 9:  18(SW) -> 10(gpu)   volume = 0.25
   epoch 9:  18(SW) -> 12(gpu)   volume = 0.25
   epoch 9:  18(SW) -> 14(gpu)   volume = 0.25
   epoch 9:  19(SW) ->  9(gpu)   volume = 0.25
   epoch 9:  19(SW) -> 11(gpu)   volume = 0.25
   epoch 9:  19(SW) -> 13(gpu)   volume = 0.25
   epoch 9:  19(SW) -> 15(gpu)   volume = 0.25
   epoch 9:  20(SW) -> 18(SW)   volume = 0.25
   epoch 9:  20(SW) -> 19(SW)   volume = 0.25
   epoch 9:  21(SW) -> 18(SW)   volume = 0.125
   epoch 9:  21(SW) -> 19(SW)   volume = 0.125
   epoch 10:   5(gpu) -> 17(SW)   volume = 0.75
   epoch 10:   8(gpu) -> 18(SW)   volume = 0.15625
   epoch 10:   9(gpu) -> 19(SW)   volume = 0.15625
   epoch 10:  10(gpu) -> 18(SW)   volume = 0.15625
   epoch 10:  11(gpu) -> 19(SW)   volume = 0.15625
   epoch 10:  12(gpu) -> 18(SW)   volume = 0.15625
   epoch 10:  13(gpu) -> 19(SW)   volume = 0.15625
   epoch 10:  14(gpu) -> 18(SW)   volume = 0.15625
   epoch 10:  15(gpu) -> 19(SW)   volume = 0.15625
   epoch 10:  17(SW) -> 20(SW)   volume = 0.5
   epoch 10:  17(SW) -> 21(SW)   volume = 0.25
   epoch 10:  18(SW) ->  8(gpu)   volume = 0.25
   epoch 10:  18(SW) -> 10(gpu)   volume = 0.25
   epoch 10:  18(SW) -> 12(gpu)   volume = 0.25
   epoch 10:  18(SW) -> 14(gpu)   volume = 0.25
   epoch 10:  19(SW) ->  9(gpu)   volume = 0.25
   epoch 10:  19(SW) -> 11(gpu)   volume = 0.25
   epoch 10:  19(SW) -> 13(gpu)   volume = 0.25
   epoch 10:  19(SW) -> 15(gpu)   volume = 0.25
   epoch 10:  20(SW) -> 18(SW)   volume = 0.25
   epoch 10:  20(SW) -> 19(SW)   volume = 0.25
   epoch 10:  21(SW) -> 18(SW)   volume = 0.125
   epoch 10:  21(SW) -> 19(SW)   volume = 0.125
   epoch 11:  17(SW) -> 20(SW)   volume = 0.25
   epoch 11:  18(SW) -> 21(SW)   volume = 0.125
   epoch 11:  19(SW) -> 21(SW)   volume = 0.125
   epoch 11:  20(SW) -> 18(SW)   volume = 0.125
   epoch 11:  20(SW) -> 19(SW)   volume = 0.125
   epoch 11:  21(SW) -> 17(SW)   volume = 0.25

-- source 6 --
   epoch 0:   6(gpu) ->  7(gpu)   volume = 13.0
   epoch 0:   6(gpu) -> 16(SW)   volume = 2.0
   epoch 0:  16(SW) ->  0(gpu)   volume = 0.416667
   epoch 0:  16(SW) ->  2(gpu)   volume = 0.416667
   epoch 0:  16(SW) ->  4(gpu)   volume = 0.416667
   epoch 0:  16(SW) -> 20(SW)   volume = 0.5
   epoch 0:  16(SW) -> 21(SW)   volume = 0.25
   epoch 0:  18(SW) ->  8(gpu)   volume = 0.09375
   epoch 0:  18(SW) -> 10(gpu)   volume = 0.09375
   epoch 0:  18(SW) -> 12(gpu)   volume = 0.09375
   epoch 0:  18(SW) -> 14(gpu)   volume = 0.09375
   epoch 0:  19(SW) ->  9(gpu)   volume = 0.09375
   epoch 0:  19(SW) -> 11(gpu)   volume = 0.09375
   epoch 0:  19(SW) -> 13(gpu)   volume = 0.09375
   epoch 0:  19(SW) -> 15(gpu)   volume = 0.09375
   epoch 0:  20(SW) -> 18(SW)   volume = 0.25
   epoch 0:  20(SW) -> 19(SW)   volume = 0.25
   epoch 0:  21(SW) -> 18(SW)   volume = 0.125
   epoch 0:  21(SW) -> 19(SW)   volume = 0.125
   epoch 1:   0(gpu) ->  1(gpu)   volume = 0.416667
   epoch 1:   2(gpu) ->  3(gpu)   volume = 0.416667
   epoch 1:   4(gpu) ->  5(gpu)   volume = 0.416667
   epoch 1:   7(gpu) ->  6(gpu)   volume = 1.25
   epoch 1:   7(gpu) -> 17(SW)   volume = 2.0
   epoch 1:  17(SW) ->  1(gpu)   volume = 0.416667
   epoch 1:  17(SW) ->  3(gpu)   volume = 0.416667
   epoch 1:  17(SW) ->  5(gpu)   volume = 0.416667
   epoch 1:  17(SW) -> 20(SW)   volume = 0.5
   epoch 1:  17(SW) -> 21(SW)   volume = 0.25
   epoch 1:  18(SW) ->  8(gpu)   volume = 0.09375
   epoch 1:  18(SW) -> 10(gpu)   volume = 0.09375
   epoch 1:  18(SW) -> 12(gpu)   volume = 0.09375
   epoch 1:  18(SW) -> 14(gpu)   volume = 0.09375
   epoch 1:  19(SW) ->  9(gpu)   volume = 0.09375
   epoch 1:  19(SW) -> 11(gpu)   volume = 0.09375
   epoch 1:  19(SW) -> 13(gpu)   volume = 0.09375
   epoch 1:  19(SW) -> 15(gpu)   volume = 0.09375
   epoch 1:  20(SW) -> 18(SW)   volume = 0.25
   epoch 1:  20(SW) -> 19(SW)   volume = 0.25
   epoch 1:  21(SW) -> 18(SW)   volume = 0.125
   epoch 1:  21(SW) -> 19(SW)   volume = 0.125
   epoch 2:   7(gpu) -> 17(SW)   volume = 2.0
   epoch 2:  17(SW) ->  1(gpu)   volume = 0.416667
   epoch 2:  17(SW) ->  3(gpu)   volume = 0.416667
   epoch 2:  17(SW) ->  5(gpu)   volume = 0.416667
   epoch 2:  17(SW) -> 20(SW)   volume = 0.5
   epoch 2:  17(SW) -> 21(SW)   volume = 0.25
   epoch 2:  18(SW) ->  8(gpu)   volume = 0.09375
   epoch 2:  18(SW) -> 10(gpu)   volume = 0.09375
   epoch 2:  18(SW) -> 12(gpu)   volume = 0.09375
   epoch 2:  18(SW) -> 14(gpu)   volume = 0.09375
   epoch 2:  19(SW) ->  9(gpu)   volume = 0.09375
   epoch 2:  19(SW) -> 11(gpu)   volume = 0.09375
   epoch 2:  19(SW) -> 13(gpu)   volume = 0.09375
   epoch 2:  19(SW) -> 15(gpu)   volume = 0.09375
   epoch 2:  20(SW) -> 18(SW)   volume = 0.25
   epoch 2:  20(SW) -> 19(SW)   volume = 0.25
   epoch 2:  21(SW) -> 18(SW)   volume = 0.125
   epoch 2:  21(SW) -> 19(SW)   volume = 0.125
   epoch 3:   6(gpu) -> 16(SW)   volume = 1.25
   epoch 3:   7(gpu) ->  6(gpu)   volume = 1.25
   epoch 3:   7(gpu) -> 17(SW)   volume = 0.5
   epoch 3:  16(SW) ->  0(gpu)   volume = 0.333333
   epoch 3:  16(SW) ->  2(gpu)   volume = 0.333333
   epoch 3:  16(SW) ->  4(gpu)   volume = 0.333333
   epoch 3:  16(SW) -> 21(SW)   volume = 0.25
   epoch 3:  17(SW) -> 20(SW)   volume = 0.5
   epoch 3:  18(SW) ->  8(gpu)   volume = 0.09375
   epoch 3:  18(SW) -> 10(gpu)   volume = 0.09375
   epoch 3:  18(SW) -> 12(gpu)   volume = 0.09375
   epoch 3:  18(SW) -> 14(gpu)   volume = 0.09375
   epoch 3:  19(SW) ->  9(gpu)   volume = 0.09375
   epoch 3:  19(SW) -> 11(gpu)   volume = 0.09375
   epoch 3:  19(SW) -> 13(gpu)   volume = 0.09375
   epoch 3:  19(SW) -> 15(gpu)   volume = 0.09375
   epoch 3:  20(SW) -> 18(SW)   volume = 0.25
   epoch 3:  20(SW) -> 19(SW)   volume = 0.25
   epoch 3:  21(SW) -> 18(SW)   volume = 0.125
   epoch 3:  21(SW) -> 19(SW)   volume = 0.125
   epoch 4:   6(gpu) -> 16(SW)   volume = 1.25
   epoch 4:   7(gpu) ->  6(gpu)   volume = 5.25
   epoch 4:   7(gpu) -> 17(SW)   volume = 0.75
   epoch 4:  16(SW) ->  0(gpu)   volume = 0.416667
   epoch 4:  16(SW) ->  2(gpu)   volume = 0.416667
   epoch 4:  16(SW) ->  4(gpu)   volume = 0.416667
   epoch 4:  17(SW) -> 20(SW)   volume = 0.5
   epoch 4:  17(SW) -> 21(SW)   volume = 0.25
   epoch 4:  18(SW) ->  8(gpu)   volume = 0.09375
   epoch 4:  18(SW) -> 10(gpu)   volume = 0.09375
   epoch 4:  18(SW) -> 12(gpu)   volume = 0.09375
   epoch 4:  18(SW) -> 14(gpu)   volume = 0.09375
   epoch 4:  19(SW) ->  9(gpu)   volume = 0.09375
   epoch 4:  19(SW) -> 11(gpu)   volume = 0.09375
   epoch 4:  19(SW) -> 13(gpu)   volume = 0.09375
   epoch 4:  19(SW) -> 15(gpu)   volume = 0.09375
   epoch 4:  20(SW) -> 18(SW)   volume = 0.25
   epoch 4:  20(SW) -> 19(SW)   volume = 0.25
   epoch 4:  21(SW) -> 18(SW)   volume = 0.125
   epoch 4:  21(SW) -> 19(SW)   volume = 0.125
   epoch 5:   1(gpu) ->  0(gpu)   volume = 0.25
   epoch 5:   3(gpu) ->  2(gpu)   volume = 0.25
   epoch 5:   5(gpu) ->  4(gpu)   volume = 0.25
   epoch 5:   6(gpu) ->  7(gpu)   volume = 3.0
   epoch 5:   6(gpu) -> 16(SW)   volume = 0.75
   epoch 5:  16(SW) -> 20(SW)   volume = 0.5
   epoch 5:  16(SW) -> 21(SW)   volume = 0.25
   epoch 5:  18(SW) ->  8(gpu)   volume = 0.09375
   epoch 5:  18(SW) -> 10(gpu)   volume = 0.09375
   epoch 5:  18(SW) -> 12(gpu)   volume = 0.09375
   epoch 5:  18(SW) -> 14(gpu)   volume = 0.09375
   epoch 5:  19(SW) ->  9(gpu)   volume = 0.09375
   epoch 5:  19(SW) -> 11(gpu)   volume = 0.09375
   epoch 5:  19(SW) -> 13(gpu)   volume = 0.09375
   epoch 5:  19(SW) -> 15(gpu)   volume = 0.09375
   epoch 5:  20(SW) -> 18(SW)   volume = 0.25
   epoch 5:  20(SW) -> 19(SW)   volume = 0.25
   epoch 5:  21(SW) -> 18(SW)   volume = 0.125
   epoch 5:  21(SW) -> 19(SW)   volume = 0.125
   epoch 6:   6(gpu) -> 16(SW)   volume = 0.5
   epoch 6:  16(SW) -> 20(SW)   volume = 0.25
   epoch 6:  16(SW) -> 21(SW)   volume = 0.25
   epoch 6:  18(SW) ->  8(gpu)   volume = 0.0625
   epoch 6:  18(SW) -> 10(gpu)   volume = 0.0625
   epoch 6:  18(SW) -> 12(gpu)   volume = 0.0625
   epoch 6:  18(SW) -> 14(gpu)   volume = 0.0625
   epoch 6:  19(SW) ->  9(gpu)   volume = 0.0625
   epoch 6:  19(SW) -> 11(gpu)   volume = 0.0625
   epoch 6:  19(SW) -> 13(gpu)   volume = 0.0625
   epoch 6:  19(SW) -> 15(gpu)   volume = 0.0625
   epoch 6:  20(SW) -> 18(SW)   volume = 0.125
   epoch 6:  20(SW) -> 19(SW)   volume = 0.125
   epoch 6:  21(SW) -> 18(SW)   volume = 0.125
   epoch 6:  21(SW) -> 19(SW)   volume = 0.125
   epoch 7:   6(gpu) -> 16(SW)   volume = 0.5
   epoch 7:   7(gpu) -> 17(SW)   volume = 0.25
   epoch 7:  16(SW) -> 20(SW)   volume = 0.5
   epoch 7:  17(SW) -> 21(SW)   volume = 0.25
   epoch 7:  18(SW) ->  8(gpu)   volume = 0.09375
   epoch 7:  18(SW) -> 10(gpu)   volume = 0.09375
   epoch 7:  18(SW) -> 12(gpu)   volume = 0.09375
   epoch 7:  18(SW) -> 14(gpu)   volume = 0.09375
   epoch 7:  19(SW) ->  9(gpu)   volume = 0.09375
   epoch 7:  19(SW) -> 11(gpu)   volume = 0.09375
   epoch 7:  19(SW) -> 13(gpu)   volume = 0.09375
   epoch 7:  19(SW) -> 15(gpu)   volume = 0.09375
   epoch 7:  20(SW) -> 18(SW)   volume = 0.25
   epoch 7:  20(SW) -> 19(SW)   volume = 0.25
   epoch 7:  21(SW) -> 18(SW)   volume = 0.125
   epoch 7:  21(SW) -> 19(SW)   volume = 0.125
   epoch 8:   6(gpu) -> 16(SW)   volume = 0.5
   epoch 8:   7(gpu) -> 17(SW)   volume = 0.25
   epoch 8:   8(gpu) -> 18(SW)   volume = 0.15625
   epoch 8:   9(gpu) -> 19(SW)   volume = 0.15625
   epoch 8:  10(gpu) -> 18(SW)   volume = 0.15625
   epoch 8:  11(gpu) -> 19(SW)   volume = 0.15625
   epoch 8:  12(gpu) -> 18(SW)   volume = 0.15625
   epoch 8:  13(gpu) -> 19(SW)   volume = 0.15625
   epoch 8:  14(gpu) -> 18(SW)   volume = 0.15625
   epoch 8:  15(gpu) -> 19(SW)   volume = 0.15625
   epoch 8:  16(SW) -> 20(SW)   volume = 0.5
   epoch 8:  17(SW) -> 21(SW)   volume = 0.25
   epoch 8:  18(SW) ->  8(gpu)   volume = 0.25
   epoch 8:  18(SW) -> 10(gpu)   volume = 0.25
   epoch 8:  18(SW) -> 12(gpu)   volume = 0.25
   epoch 8:  18(SW) -> 14(gpu)   volume = 0.25
   epoch 8:  19(SW) ->  9(gpu)   volume = 0.25
   epoch 8:  19(SW) -> 11(gpu)   volume = 0.25
   epoch 8:  19(SW) -> 13(gpu)   volume = 0.25
   epoch 8:  19(SW) -> 15(gpu)   volume = 0.25
   epoch 8:  20(SW) -> 18(SW)   volume = 0.25
   epoch 8:  20(SW) -> 19(SW)   volume = 0.25
   epoch 8:  21(SW) -> 18(SW)   volume = 0.125
   epoch 8:  21(SW) -> 19(SW)   volume = 0.125
   epoch 9:   7(gpu) ->  6(gpu)   volume = 0.75
   epoch 9:   7(gpu) -> 17(SW)   volume = 0.75
   epoch 9:   8(gpu) -> 18(SW)   volume = 0.15625
   epoch 9:   9(gpu) -> 19(SW)   volume = 0.15625
   epoch 9:  10(gpu) -> 18(SW)   volume = 0.15625
   epoch 9:  11(gpu) -> 19(SW)   volume = 0.15625
   epoch 9:  12(gpu) -> 18(SW)   volume = 0.15625
   epoch 9:  13(gpu) -> 19(SW)   volume = 0.15625
   epoch 9:  14(gpu) -> 18(SW)   volume = 0.15625
   epoch 9:  15(gpu) -> 19(SW)   volume = 0.15625
   epoch 9:  17(SW) -> 20(SW)   volume = 0.5
   epoch 9:  17(SW) -> 21(SW)   volume = 0.25
   epoch 9:  18(SW) ->  8(gpu)   volume = 0.25
   epoch 9:  18(SW) -> 10(gpu)   volume = 0.25
   epoch 9:  18(SW) -> 12(gpu)   volume = 0.25
   epoch 9:  18(SW) -> 14(gpu)   volume = 0.25
   epoch 9:  19(SW) ->  9(gpu)   volume = 0.25
   epoch 9:  19(SW) -> 11(gpu)   volume = 0.25
   epoch 9:  19(SW) -> 13(gpu)   volume = 0.25
   epoch 9:  19(SW) -> 15(gpu)   volume = 0.25
   epoch 9:  20(SW) -> 18(SW)   volume = 0.25
   epoch 9:  20(SW) -> 19(SW)   volume = 0.25
   epoch 9:  21(SW) -> 18(SW)   volume = 0.125
   epoch 9:  21(SW) -> 19(SW)   volume = 0.125
   epoch 10:   6(gpu) -> 16(SW)   volume = 0.75
   epoch 10:   8(gpu) -> 18(SW)   volume = 0.15625
   epoch 10:   9(gpu) -> 19(SW)   volume = 0.15625
   epoch 10:  10(gpu) -> 18(SW)   volume = 0.15625
   epoch 10:  11(gpu) -> 19(SW)   volume = 0.15625
   epoch 10:  12(gpu) -> 18(SW)   volume = 0.15625
   epoch 10:  13(gpu) -> 19(SW)   volume = 0.15625
   epoch 10:  14(gpu) -> 18(SW)   volume = 0.15625
   epoch 10:  15(gpu) -> 19(SW)   volume = 0.15625
   epoch 10:  16(SW) -> 20(SW)   volume = 0.5
   epoch 10:  16(SW) -> 21(SW)   volume = 0.25
   epoch 10:  18(SW) ->  8(gpu)   volume = 0.25
   epoch 10:  18(SW) -> 10(gpu)   volume = 0.25
   epoch 10:  18(SW) -> 12(gpu)   volume = 0.25
   epoch 10:  18(SW) -> 14(gpu)   volume = 0.25
   epoch 10:  19(SW) ->  9(gpu)   volume = 0.25
   epoch 10:  19(SW) -> 11(gpu)   volume = 0.25
   epoch 10:  19(SW) -> 13(gpu)   volume = 0.25
   epoch 10:  19(SW) -> 15(gpu)   volume = 0.25
   epoch 10:  20(SW) -> 18(SW)   volume = 0.25
   epoch 10:  20(SW) -> 19(SW)   volume = 0.25
   epoch 10:  21(SW) -> 18(SW)   volume = 0.125
   epoch 10:  21(SW) -> 19(SW)   volume = 0.125
   epoch 11:  16(SW) -> 20(SW)   volume = 0.25
   epoch 11:  18(SW) -> 21(SW)   volume = 0.125
   epoch 11:  19(SW) -> 21(SW)   volume = 0.125
   epoch 11:  20(SW) -> 18(SW)   volume = 0.125
   epoch 11:  20(SW) -> 19(SW)   volume = 0.125
   epoch 11:  21(SW) -> 16(SW)   volume = 0.25

-- source 7 --
   epoch 0:   7(gpu) ->  6(gpu)   volume = 13.0
   epoch 0:   7(gpu) -> 17(SW)   volume = 2.0
   epoch 0:  17(SW) ->  1(gpu)   volume = 0.416667
   epoch 0:  17(SW) ->  3(gpu)   volume = 0.416667
   epoch 0:  17(SW) ->  5(gpu)   volume = 0.416667
   epoch 0:  17(SW) -> 20(SW)   volume = 0.5
   epoch 0:  17(SW) -> 21(SW)   volume = 0.25
   epoch 0:  18(SW) ->  8(gpu)   volume = 0.09375
   epoch 0:  18(SW) -> 10(gpu)   volume = 0.09375
   epoch 0:  18(SW) -> 12(gpu)   volume = 0.09375
   epoch 0:  18(SW) -> 14(gpu)   volume = 0.09375
   epoch 0:  19(SW) ->  9(gpu)   volume = 0.09375
   epoch 0:  19(SW) -> 11(gpu)   volume = 0.09375
   epoch 0:  19(SW) -> 13(gpu)   volume = 0.09375
   epoch 0:  19(SW) -> 15(gpu)   volume = 0.09375
   epoch 0:  20(SW) -> 18(SW)   volume = 0.25
   epoch 0:  20(SW) -> 19(SW)   volume = 0.25
   epoch 0:  21(SW) -> 18(SW)   volume = 0.125
   epoch 0:  21(SW) -> 19(SW)   volume = 0.125
   epoch 1:   1(gpu) ->  0(gpu)   volume = 0.416667
   epoch 1:   3(gpu) ->  2(gpu)   volume = 0.416667
   epoch 1:   5(gpu) ->  4(gpu)   volume = 0.416667
   epoch 1:   6(gpu) ->  7(gpu)   volume = 1.25
   epoch 1:   6(gpu) -> 16(SW)   volume = 2.0
   epoch 1:  16(SW) ->  0(gpu)   volume = 0.416667
   epoch 1:  16(SW) ->  2(gpu)   volume = 0.416667
   epoch 1:  16(SW) ->  4(gpu)   volume = 0.416667
   epoch 1:  16(SW) -> 20(SW)   volume = 0.5
   epoch 1:  16(SW) -> 21(SW)   volume = 0.25
   epoch 1:  18(SW) ->  8(gpu)   volume = 0.09375
   epoch 1:  18(SW) -> 10(gpu)   volume = 0.09375
   epoch 1:  18(SW) -> 12(gpu)   volume = 0.09375
   epoch 1:  18(SW) -> 14(gpu)   volume = 0.09375
   epoch 1:  19(SW) ->  9(gpu)   volume = 0.09375
   epoch 1:  19(SW) -> 11(gpu)   volume = 0.09375
   epoch 1:  19(SW) -> 13(gpu)   volume = 0.09375
   epoch 1:  19(SW) -> 15(gpu)   volume = 0.09375
   epoch 1:  20(SW) -> 18(SW)   volume = 0.25
   epoch 1:  20(SW) -> 19(SW)   volume = 0.25
   epoch 1:  21(SW) -> 18(SW)   volume = 0.125
   epoch 1:  21(SW) -> 19(SW)   volume = 0.125
   epoch 2:   6(gpu) -> 16(SW)   volume = 2.0
   epoch 2:  16(SW) ->  0(gpu)   volume = 0.416667
   epoch 2:  16(SW) ->  2(gpu)   volume = 0.416667
   epoch 2:  16(SW) ->  4(gpu)   volume = 0.416667
   epoch 2:  16(SW) -> 20(SW)   volume = 0.5
   epoch 2:  16(SW) -> 21(SW)   volume = 0.25
   epoch 2:  18(SW) ->  8(gpu)   volume = 0.09375
   epoch 2:  18(SW) -> 10(gpu)   volume = 0.09375
   epoch 2:  18(SW) -> 12(gpu)   volume = 0.09375
   epoch 2:  18(SW) -> 14(gpu)   volume = 0.09375
   epoch 2:  19(SW) ->  9(gpu)   volume = 0.09375
   epoch 2:  19(SW) -> 11(gpu)   volume = 0.09375
   epoch 2:  19(SW) -> 13(gpu)   volume = 0.09375
   epoch 2:  19(SW) -> 15(gpu)   volume = 0.09375
   epoch 2:  20(SW) -> 18(SW)   volume = 0.25
   epoch 2:  20(SW) -> 19(SW)   volume = 0.25
   epoch 2:  21(SW) -> 18(SW)   volume = 0.125
   epoch 2:  21(SW) -> 19(SW)   volume = 0.125
   epoch 3:   6(gpu) ->  7(gpu)   volume = 1.25
   epoch 3:   6(gpu) -> 16(SW)   volume = 0.5
   epoch 3:   7(gpu) -> 17(SW)   volume = 1.25
   epoch 3:  16(SW) -> 20(SW)   volume = 0.5
   epoch 3:  17(SW) ->  1(gpu)   volume = 0.333333
   epoch 3:  17(SW) ->  3(gpu)   volume = 0.333333
   epoch 3:  17(SW) ->  5(gpu)   volume = 0.333333
   epoch 3:  17(SW) -> 21(SW)   volume = 0.25
   epoch 3:  18(SW) ->  8(gpu)   volume = 0.09375
   epoch 3:  18(SW) -> 10(gpu)   volume = 0.09375
   epoch 3:  18(SW) -> 12(gpu)   volume = 0.09375
   epoch 3:  18(SW) -> 14(gpu)   volume = 0.09375
   epoch 3:  19(SW) ->  9(gpu)   volume = 0.09375
   epoch 3:  19(SW) -> 11(gpu)   volume = 0.09375
   epoch 3:  19(SW) -> 13(gpu)   volume = 0.09375
   epoch 3:  19(SW) -> 15(gpu)   volume = 0.09375
   epoch 3:  20(SW) -> 18(SW)   volume = 0.25
   epoch 3:  20(SW) -> 19(SW)   volume = 0.25
   epoch 3:  21(SW) -> 18(SW)   volume = 0.125
   epoch 3:  21(SW) -> 19(SW)   volume = 0.125
   epoch 4:   6(gpu) ->  7(gpu)   volume = 5.25
   epoch 4:   6(gpu) -> 16(SW)   volume = 0.75
   epoch 4:   7(gpu) -> 17(SW)   volume = 1.25
   epoch 4:  16(SW) -> 20(SW)   volume = 0.5
   epoch 4:  16(SW) -> 21(SW)   volume = 0.25
   epoch 4:  17(SW) ->  1(gpu)   volume = 0.416667
   epoch 4:  17(SW) ->  3(gpu)   volume = 0.416667
   epoch 4:  17(SW) ->  5(gpu)   volume = 0.416667
   epoch 4:  18(SW) ->  8(gpu)   volume = 0.09375
   epoch 4:  18(SW) -> 10(gpu)   volume = 0.09375
   epoch 4:  18(SW) -> 12(gpu)   volume = 0.09375
   epoch 4:  18(SW) -> 14(gpu)   volume = 0.09375
   epoch 4:  19(SW) ->  9(gpu)   volume = 0.09375
   epoch 4:  19(SW) -> 11(gpu)   volume = 0.09375
   epoch 4:  19(SW) -> 13(gpu)   volume = 0.09375
   epoch 4:  19(SW) -> 15(gpu)   volume = 0.09375
   epoch 4:  20(SW) -> 18(SW)   volume = 0.25
   epoch 4:  20(SW) -> 19(SW)   volume = 0.25
   epoch 4:  21(SW) -> 18(SW)   volume = 0.125
   epoch 4:  21(SW) -> 19(SW)   volume = 0.125
   epoch 5:   0(gpu) ->  1(gpu)   volume = 0.25
   epoch 5:   2(gpu) ->  3(gpu)   volume = 0.25
   epoch 5:   4(gpu) ->  5(gpu)   volume = 0.25
   epoch 5:   7(gpu) ->  6(gpu)   volume = 3.0
   epoch 5:   7(gpu) -> 17(SW)   volume = 0.75
   epoch 5:  17(SW) -> 20(SW)   volume = 0.5
   epoch 5:  17(SW) -> 21(SW)   volume = 0.25
   epoch 5:  18(SW) ->  8(gpu)   volume = 0.09375
   epoch 5:  18(SW) -> 10(gpu)   volume = 0.09375
   epoch 5:  18(SW) -> 12(gpu)   volume = 0.09375
   epoch 5:  18(SW) -> 14(gpu)   volume = 0.09375
   epoch 5:  19(SW) ->  9(gpu)   volume = 0.09375
   epoch 5:  19(SW) -> 11(gpu)   volume = 0.09375
   epoch 5:  19(SW) -> 13(gpu)   volume = 0.09375
   epoch 5:  19(SW) -> 15(gpu)   volume = 0.09375
   epoch 5:  20(SW) -> 18(SW)   volume = 0.25
   epoch 5:  20(SW) -> 19(SW)   volume = 0.25
   epoch 5:  21(SW) -> 18(SW)   volume = 0.125
   epoch 5:  21(SW) -> 19(SW)   volume = 0.125
   epoch 6:   7(gpu) -> 17(SW)   volume = 0.5
   epoch 6:  17(SW) -> 20(SW)   volume = 0.25
   epoch 6:  17(SW) -> 21(SW)   volume = 0.25
   epoch 6:  18(SW) ->  8(gpu)   volume = 0.0625
   epoch 6:  18(SW) -> 10(gpu)   volume = 0.0625
   epoch 6:  18(SW) -> 12(gpu)   volume = 0.0625
   epoch 6:  18(SW) -> 14(gpu)   volume = 0.0625
   epoch 6:  19(SW) ->  9(gpu)   volume = 0.0625
   epoch 6:  19(SW) -> 11(gpu)   volume = 0.0625
   epoch 6:  19(SW) -> 13(gpu)   volume = 0.0625
   epoch 6:  19(SW) -> 15(gpu)   volume = 0.0625
   epoch 6:  20(SW) -> 18(SW)   volume = 0.125
   epoch 6:  20(SW) -> 19(SW)   volume = 0.125
   epoch 6:  21(SW) -> 18(SW)   volume = 0.125
   epoch 6:  21(SW) -> 19(SW)   volume = 0.125
   epoch 7:   6(gpu) -> 16(SW)   volume = 0.25
   epoch 7:   7(gpu) -> 17(SW)   volume = 0.5
   epoch 7:  16(SW) -> 21(SW)   volume = 0.25
   epoch 7:  17(SW) -> 20(SW)   volume = 0.5
   epoch 7:  18(SW) ->  8(gpu)   volume = 0.09375
   epoch 7:  18(SW) -> 10(gpu)   volume = 0.09375
   epoch 7:  18(SW) -> 12(gpu)   volume = 0.09375
   epoch 7:  18(SW) -> 14(gpu)   volume = 0.09375
   epoch 7:  19(SW) ->  9(gpu)   volume = 0.09375
   epoch 7:  19(SW) -> 11(gpu)   volume = 0.09375
   epoch 7:  19(SW) -> 13(gpu)   volume = 0.09375
   epoch 7:  19(SW) -> 15(gpu)   volume = 0.09375
   epoch 7:  20(SW) -> 18(SW)   volume = 0.25
   epoch 7:  20(SW) -> 19(SW)   volume = 0.25
   epoch 7:  21(SW) -> 18(SW)   volume = 0.125
   epoch 7:  21(SW) -> 19(SW)   volume = 0.125
   epoch 8:   6(gpu) -> 16(SW)   volume = 0.25
   epoch 8:   7(gpu) -> 17(SW)   volume = 0.5
   epoch 8:   8(gpu) -> 18(SW)   volume = 0.15625
   epoch 8:   9(gpu) -> 19(SW)   volume = 0.15625
   epoch 8:  10(gpu) -> 18(SW)   volume = 0.15625
   epoch 8:  11(gpu) -> 19(SW)   volume = 0.15625
   epoch 8:  12(gpu) -> 18(SW)   volume = 0.15625
   epoch 8:  13(gpu) -> 19(SW)   volume = 0.15625
   epoch 8:  14(gpu) -> 18(SW)   volume = 0.15625
   epoch 8:  15(gpu) -> 19(SW)   volume = 0.15625
   epoch 8:  16(SW) -> 21(SW)   volume = 0.25
   epoch 8:  17(SW) -> 20(SW)   volume = 0.5
   epoch 8:  18(SW) ->  8(gpu)   volume = 0.25
   epoch 8:  18(SW) -> 10(gpu)   volume = 0.25
   epoch 8:  18(SW) -> 12(gpu)   volume = 0.25
   epoch 8:  18(SW) -> 14(gpu)   volume = 0.25
   epoch 8:  19(SW) ->  9(gpu)   volume = 0.25
   epoch 8:  19(SW) -> 11(gpu)   volume = 0.25
   epoch 8:  19(SW) -> 13(gpu)   volume = 0.25
   epoch 8:  19(SW) -> 15(gpu)   volume = 0.25
   epoch 8:  20(SW) -> 18(SW)   volume = 0.25
   epoch 8:  20(SW) -> 19(SW)   volume = 0.25
   epoch 8:  21(SW) -> 18(SW)   volume = 0.125
   epoch 8:  21(SW) -> 19(SW)   volume = 0.125
   epoch 9:   6(gpu) ->  7(gpu)   volume = 0.75
   epoch 9:   6(gpu) -> 16(SW)   volume = 0.75
   epoch 9:   8(gpu) -> 18(SW)   volume = 0.15625
   epoch 9:   9(gpu) -> 19(SW)   volume = 0.15625
   epoch 9:  10(gpu) -> 18(SW)   volume = 0.15625
   epoch 9:  11(gpu) -> 19(SW)   volume = 0.15625
   epoch 9:  12(gpu) -> 18(SW)   volume = 0.15625
   epoch 9:  13(gpu) -> 19(SW)   volume = 0.15625
   epoch 9:  14(gpu) -> 18(SW)   volume = 0.15625
   epoch 9:  15(gpu) -> 19(SW)   volume = 0.15625
   epoch 9:  16(SW) -> 20(SW)   volume = 0.5
   epoch 9:  16(SW) -> 21(SW)   volume = 0.25
   epoch 9:  18(SW) ->  8(gpu)   volume = 0.25
   epoch 9:  18(SW) -> 10(gpu)   volume = 0.25
   epoch 9:  18(SW) -> 12(gpu)   volume = 0.25
   epoch 9:  18(SW) -> 14(gpu)   volume = 0.25
   epoch 9:  19(SW) ->  9(gpu)   volume = 0.25
   epoch 9:  19(SW) -> 11(gpu)   volume = 0.25
   epoch 9:  19(SW) -> 13(gpu)   volume = 0.25
   epoch 9:  19(SW) -> 15(gpu)   volume = 0.25
   epoch 9:  20(SW) -> 18(SW)   volume = 0.25
   epoch 9:  20(SW) -> 19(SW)   volume = 0.25
   epoch 9:  21(SW) -> 18(SW)   volume = 0.125
   epoch 9:  21(SW) -> 19(SW)   volume = 0.125
   epoch 10:   7(gpu) -> 17(SW)   volume = 0.75
   epoch 10:   8(gpu) -> 18(SW)   volume = 0.15625
   epoch 10:   9(gpu) -> 19(SW)   volume = 0.15625
   epoch 10:  10(gpu) -> 18(SW)   volume = 0.15625
   epoch 10:  11(gpu) -> 19(SW)   volume = 0.15625
   epoch 10:  12(gpu) -> 18(SW)   volume = 0.15625
   epoch 10:  13(gpu) -> 19(SW)   volume = 0.15625
   epoch 10:  14(gpu) -> 18(SW)   volume = 0.15625
   epoch 10:  15(gpu) -> 19(SW)   volume = 0.15625
   epoch 10:  17(SW) -> 20(SW)   volume = 0.5
   epoch 10:  17(SW) -> 21(SW)   volume = 0.25
   epoch 10:  18(SW) ->  8(gpu)   volume = 0.25
   epoch 10:  18(SW) -> 10(gpu)   volume = 0.25
   epoch 10:  18(SW) -> 12(gpu)   volume = 0.25
   epoch 10:  18(SW) -> 14(gpu)   volume = 0.25
   epoch 10:  19(SW) ->  9(gpu)   volume = 0.25
   epoch 10:  19(SW) -> 11(gpu)   volume = 0.25
   epoch 10:  19(SW) -> 13(gpu)   volume = 0.25
   epoch 10:  19(SW) -> 15(gpu)   volume = 0.25
   epoch 10:  20(SW) -> 18(SW)   volume = 0.25
   epoch 10:  20(SW) -> 19(SW)   volume = 0.25
   epoch 10:  21(SW) -> 18(SW)   volume = 0.125
   epoch 10:  21(SW) -> 19(SW)   volume = 0.125
   epoch 11:  17(SW) -> 20(SW)   volume = 0.25
   epoch 11:  18(SW) -> 21(SW)   volume = 0.125
   epoch 11:  19(SW) -> 21(SW)   volume = 0.125
   epoch 11:  20(SW) -> 18(SW)   volume = 0.125
   epoch 11:  20(SW) -> 19(SW)   volume = 0.125
   epoch 11:  21(SW) -> 17(SW)   volume = 0.25

-- source 8 --
   epoch 0:   8(gpu) ->  9(gpu)   volume = 13.0
   epoch 0:   8(gpu) -> 18(SW)   volume = 2.0
   epoch 0:  16(SW) ->  0(gpu)   volume = 0.09375
   epoch 0:  16(SW) ->  2(gpu)   volume = 0.09375
   epoch 0:  16(SW) ->  4(gpu)   volume = 0.09375
   epoch 0:  16(SW) ->  6(gpu)   volume = 0.09375
   epoch 0:  17(SW) ->  1(gpu)   volume = 0.09375
   epoch 0:  17(SW) ->  3(gpu)   volume = 0.09375
   epoch 0:  17(SW) ->  5(gpu)   volume = 0.09375
   epoch 0:  17(SW) ->  7(gpu)   volume = 0.09375
   epoch 0:  18(SW) -> 10(gpu)   volume = 0.416667
   epoch 0:  18(SW) -> 12(gpu)   volume = 0.416667
   epoch 0:  18(SW) -> 14(gpu)   volume = 0.416667
   epoch 0:  18(SW) -> 20(SW)   volume = 0.5
   epoch 0:  18(SW) -> 21(SW)   volume = 0.25
   epoch 0:  20(SW) -> 16(SW)   volume = 0.25
   epoch 0:  20(SW) -> 17(SW)   volume = 0.25
   epoch 0:  21(SW) -> 16(SW)   volume = 0.125
   epoch 0:  21(SW) -> 17(SW)   volume = 0.125
   epoch 1:   9(gpu) ->  8(gpu)   volume = 1.25
   epoch 1:   9(gpu) -> 19(SW)   volume = 2.0
   epoch 1:  10(gpu) -> 11(gpu)   volume = 0.416667
   epoch 1:  12(gpu) -> 13(gpu)   volume = 0.416667
   epoch 1:  14(gpu) -> 15(gpu)   volume = 0.416667
   epoch 1:  16(SW) ->  0(gpu)   volume = 0.09375
   epoch 1:  16(SW) ->  2(gpu)   volume = 0.09375
   epoch 1:  16(SW) ->  4(gpu)   volume = 0.09375
   epoch 1:  16(SW) ->  6(gpu)   volume = 0.09375
   epoch 1:  17(SW) ->  1(gpu)   volume = 0.09375
   epoch 1:  17(SW) ->  3(gpu)   volume = 0.09375
   epoch 1:  17(SW) ->  5(gpu)   volume = 0.09375
   epoch 1:  17(SW) ->  7(gpu)   volume = 0.09375
   epoch 1:  19(SW) -> 11(gpu)   volume = 0.416667
   epoch 1:  19(SW) -> 13(gpu)   volume = 0.416667
   epoch 1:  19(SW) -> 15(gpu)   volume = 0.416667
   epoch 1:  19(SW) -> 20(SW)   volume = 0.5
   epoch 1:  19(SW) -> 21(SW)   volume = 0.25
   epoch 1:  20(SW) -> 16(SW)   volume = 0.25
   epoch 1:  20(SW) -> 17(SW)   volume = 0.25
   epoch 1:  21(SW) -> 16(SW)   volume = 0.125
   epoch 1:  21(SW) -> 17(SW)   volume = 0.125
   epoch 2:   9(gpu) -> 19(SW)   volume = 2.0
   epoch 2:  16(SW) ->  0(gpu)   volume = 0.09375
   epoch 2:  16(SW) ->  2(gpu)   volume = 0.09375
   epoch 2:  16(SW) ->  4(gpu)   volume = 0.09375
   epoch 2:  16(SW) ->  6(gpu)   volume = 0.09375
   epoch 2:  17(SW) ->  1(gpu)   volume = 0.09375
   epoch 2:  17(SW) ->  3(gpu)   volume = 0.09375
   epoch 2:  17(SW) ->  5(gpu)   volume = 0.09375
   epoch 2:  17(SW) ->  7(gpu)   volume = 0.09375
   epoch 2:  19(SW) -> 11(gpu)   volume = 0.416667
   epoch 2:  19(SW) -> 13(gpu)   volume = 0.416667
   epoch 2:  19(SW) -> 15(gpu)   volume = 0.416667
   epoch 2:  19(SW) -> 20(SW)   volume = 0.5
   epoch 2:  19(SW) -> 21(SW)   volume = 0.25
   epoch 2:  20(SW) -> 16(SW)   volume = 0.25
   epoch 2:  20(SW) -> 17(SW)   volume = 0.25
   epoch 2:  21(SW) -> 16(SW)   volume = 0.125
   epoch 2:  21(SW) -> 17(SW)   volume = 0.125
   epoch 3:   8(gpu) -> 18(SW)   volume = 1.25
   epoch 3:   9(gpu) ->  8(gpu)   volume = 1.25
   epoch 3:   9(gpu) -> 19(SW)   volume = 0.5
   epoch 3:  16(SW) ->  0(gpu)   volume = 0.09375
   epoch 3:  16(SW) ->  2(gpu)   volume = 0.09375
   epoch 3:  16(SW) ->  4(gpu)   volume = 0.09375
   epoch 3:  16(SW) ->  6(gpu)   volume = 0.09375
   epoch 3:  17(SW) ->  1(gpu)   volume = 0.09375
   epoch 3:  17(SW) ->  3(gpu)   volume = 0.09375
   epoch 3:  17(SW) ->  5(gpu)   volume = 0.09375
   epoch 3:  17(SW) ->  7(gpu)   volume = 0.09375
   epoch 3:  18(SW) -> 10(gpu)   volume = 0.333333
   epoch 3:  18(SW) -> 12(gpu)   volume = 0.333333
   epoch 3:  18(SW) -> 14(gpu)   volume = 0.333333
   epoch 3:  18(SW) -> 21(SW)   volume = 0.25
   epoch 3:  19(SW) -> 20(SW)   volume = 0.5
   epoch 3:  20(SW) -> 16(SW)   volume = 0.25
   epoch 3:  20(SW) -> 17(SW)   volume = 0.25
   epoch 3:  21(SW) -> 16(SW)   volume = 0.125
   epoch 3:  21(SW) -> 17(SW)   volume = 0.125
   epoch 4:   8(gpu) -> 18(SW)   volume = 1.25
   epoch 4:   9(gpu) ->  8(gpu)   volume = 5.25
   epoch 4:   9(gpu) -> 19(SW)   volume = 0.75
   epoch 4:  16(SW) ->  0(gpu)   volume = 0.09375
   epoch 4:  16(SW) ->  2(gpu)   volume = 0.09375
   epoch 4:  16(SW) ->  4(gpu)   volume = 0.09375
   epoch 4:  16(SW) ->  6(gpu)   volume = 0.09375
   epoch 4:  17(SW) ->  1(gpu)   volume = 0.09375
   epoch 4:  17(SW) ->  3(gpu)   volume = 0.09375
   epoch 4:  17(SW) ->  5(gpu)   volume = 0.09375
   epoch 4:  17(SW) ->  7(gpu)   volume = 0.09375
   epoch 4:  18(SW) -> 10(gpu)   volume = 0.416667
   epoch 4:  18(SW) -> 12(gpu)   volume = 0.416667
   epoch 4:  18(SW) -> 14(gpu)   volume = 0.416667
   epoch 4:  19(SW) -> 20(SW)   volume = 0.5
   epoch 4:  19(SW) -> 21(SW)   volume = 0.25
   epoch 4:  20(SW) -> 16(SW)   volume = 0.25
   epoch 4:  20(SW) -> 17(SW)   volume = 0.25
   epoch 4:  21(SW) -> 16(SW)   volume = 0.125
   epoch 4:  21(SW) -> 17(SW)   volume = 0.125
   epoch 5:   8(gpu) ->  9(gpu)   volume = 3.0
   epoch 5:   8(gpu) -> 18(SW)   volume = 0.75
   epoch 5:  11(gpu) -> 10(gpu)   volume = 0.25
   epoch 5:  13(gpu) -> 12(gpu)   volume = 0.25
   epoch 5:  15(gpu) -> 14(gpu)   volume = 0.25
   epoch 5:  16(SW) ->  0(gpu)   volume = 0.09375
   epoch 5:  16(SW) ->  2(gpu)   volume = 0.09375
   epoch 5:  16(SW) ->  4(gpu)   volume = 0.09375
   epoch 5:  16(SW) ->  6(gpu)   volume = 0.09375
   epoch 5:  17(SW) ->  1(gpu)   volume = 0.09375
   epoch 5:  17(SW) ->  3(gpu)   volume = 0.09375
   epoch 5:  17(SW) ->  5(gpu)   volume = 0.09375
   epoch 5:  17(SW) ->  7(gpu)   volume = 0.09375
   epoch 5:  18(SW) -> 20(SW)   volume = 0.5
   epoch 5:  18(SW) -> 21(SW)   volume = 0.25
   epoch 5:  20(SW) -> 16(SW)   volume = 0.25
   epoch 5:  20(SW) -> 17(SW)   volume = 0.25
   epoch 5:  21(SW) -> 16(SW)   volume = 0.125
   epoch 5:  21(SW) -> 17(SW)   volume = 0.125
   epoch 6:   8(gpu) -> 18(SW)   volume = 0.5
   epoch 6:  16(SW) ->  0(gpu)   volume = 0.0625
   epoch 6:  16(SW) ->  2(gpu)   volume = 0.0625
   epoch 6:  16(SW) ->  4(gpu)   volume = 0.0625
   epoch 6:  16(SW) ->  6(gpu)   volume = 0.0625
   epoch 6:  17(SW) ->  1(gpu)   volume = 0.0625
   epoch 6:  17(SW) ->  3(gpu)   volume = 0.0625
   epoch 6:  17(SW) ->  5(gpu)   volume = 0.0625
   epoch 6:  17(SW) ->  7(gpu)   volume = 0.0625
   epoch 6:  18(SW) -> 20(SW)   volume = 0.25
   epoch 6:  18(SW) -> 21(SW)   volume = 0.25
   epoch 6:  20(SW) -> 16(SW)   volume = 0.125
   epoch 6:  20(SW) -> 17(SW)   volume = 0.125
   epoch 6:  21(SW) -> 16(SW)   volume = 0.125
   epoch 6:  21(SW) -> 17(SW)   volume = 0.125
   epoch 7:   8(gpu) -> 18(SW)   volume = 0.5
   epoch 7:   9(gpu) -> 19(SW)   volume = 0.25
   epoch 7:  16(SW) ->  0(gpu)   volume = 0.09375
   epoch 7:  16(SW) ->  2(gpu)   volume = 0.09375
   epoch 7:  16(SW) ->  4(gpu)   volume = 0.09375
   epoch 7:  16(SW) ->  6(gpu)   volume = 0.09375
   epoch 7:  17(SW) ->  1(gpu)   volume = 0.09375
   epoch 7:  17(SW) ->  3(gpu)   volume = 0.09375
   epoch 7:  17(SW) ->  5(gpu)   volume = 0.09375
   epoch 7:  17(SW) ->  7(gpu)   volume = 0.09375
   epoch 7:  18(SW) -> 20(SW)   volume = 0.5
   epoch 7:  19(SW) -> 21(SW)   volume = 0.25
   epoch 7:  20(SW) -> 16(SW)   volume = 0.25
   epoch 7:  20(SW) -> 17(SW)   volume = 0.25
   epoch 7:  21(SW) -> 16(SW)   volume = 0.125
   epoch 7:  21(SW) -> 17(SW)   volume = 0.125
   epoch 8:   0(gpu) -> 16(SW)   volume = 0.15625
   epoch 8:   1(gpu) -> 17(SW)   volume = 0.15625
   epoch 8:   2(gpu) -> 16(SW)   volume = 0.15625
   epoch 8:   3(gpu) -> 17(SW)   volume = 0.15625
   epoch 8:   4(gpu) -> 16(SW)   volume = 0.15625
   epoch 8:   5(gpu) -> 17(SW)   volume = 0.15625
   epoch 8:   6(gpu) -> 16(SW)   volume = 0.15625
   epoch 8:   7(gpu) -> 17(SW)   volume = 0.15625
   epoch 8:   8(gpu) -> 18(SW)   volume = 0.5
   epoch 8:   9(gpu) -> 19(SW)   volume = 0.25
   epoch 8:  16(SW) ->  0(gpu)   volume = 0.25
   epoch 8:  16(SW) ->  2(gpu)   volume = 0.25
   epoch 8:  16(SW) ->  4(gpu)   volume = 0.25
   epoch 8:  16(SW) ->  6(gpu)   volume = 0.25
   epoch 8:  17(SW) ->  1(gpu)   volume = 0.25
   epoch 8:  17(SW) ->  3(gpu)   volume = 0.25
   epoch 8:  17(SW) ->  5(gpu)   volume = 0.25
   epoch 8:  17(SW) ->  7(gpu)   volume = 0.25
   epoch 8:  18(SW) -> 20(SW)   volume = 0.5
   epoch 8:  19(SW) -> 21(SW)   volume = 0.25
   epoch 8:  20(SW) -> 16(SW)   volume = 0.25
   epoch 8:  20(SW) -> 17(SW)   volume = 0.25
   epoch 8:  21(SW) -> 16(SW)   volume = 0.125
   epoch 8:  21(SW) -> 17(SW)   volume = 0.125
   epoch 9:   0(gpu) -> 16(SW)   volume = 0.15625
   epoch 9:   1(gpu) -> 17(SW)   volume = 0.15625
   epoch 9:   2(gpu) -> 16(SW)   volume = 0.15625
   epoch 9:   3(gpu) -> 17(SW)   volume = 0.15625
   epoch 9:   4(gpu) -> 16(SW)   volume = 0.15625
   epoch 9:   5(gpu) -> 17(SW)   volume = 0.15625
   epoch 9:   6(gpu) -> 16(SW)   volume = 0.15625
   epoch 9:   7(gpu) -> 17(SW)   volume = 0.15625
   epoch 9:   9(gpu) ->  8(gpu)   volume = 0.75
   epoch 9:   9(gpu) -> 19(SW)   volume = 0.75
   epoch 9:  16(SW) ->  0(gpu)   volume = 0.25
   epoch 9:  16(SW) ->  2(gpu)   volume = 0.25
   epoch 9:  16(SW) ->  4(gpu)   volume = 0.25
   epoch 9:  16(SW) ->  6(gpu)   volume = 0.25
   epoch 9:  17(SW) ->  1(gpu)   volume = 0.25
   epoch 9:  17(SW) ->  3(gpu)   volume = 0.25
   epoch 9:  17(SW) ->  5(gpu)   volume = 0.25
   epoch 9:  17(SW) ->  7(gpu)   volume = 0.25
   epoch 9:  19(SW) -> 20(SW)   volume = 0.5
   epoch 9:  19(SW) -> 21(SW)   volume = 0.25
   epoch 9:  20(SW) -> 16(SW)   volume = 0.25
   epoch 9:  20(SW) -> 17(SW)   volume = 0.25
   epoch 9:  21(SW) -> 16(SW)   volume = 0.125
   epoch 9:  21(SW) -> 17(SW)   volume = 0.125
   epoch 10:   0(gpu) -> 16(SW)   volume = 0.15625
   epoch 10:   1(gpu) -> 17(SW)   volume = 0.15625
   epoch 10:   2(gpu) -> 16(SW)   volume = 0.15625
   epoch 10:   3(gpu) -> 17(SW)   volume = 0.15625
   epoch 10:   4(gpu) -> 16(SW)   volume = 0.15625
   epoch 10:   5(gpu) -> 17(SW)   volume = 0.15625
   epoch 10:   6(gpu) -> 16(SW)   volume = 0.15625
   epoch 10:   7(gpu) -> 17(SW)   volume = 0.15625
   epoch 10:   8(gpu) -> 18(SW)   volume = 0.75
   epoch 10:  16(SW) ->  0(gpu)   volume = 0.25
   epoch 10:  16(SW) ->  2(gpu)   volume = 0.25
   epoch 10:  16(SW) ->  4(gpu)   volume = 0.25
   epoch 10:  16(SW) ->  6(gpu)   volume = 0.25
   epoch 10:  17(SW) ->  1(gpu)   volume = 0.25
   epoch 10:  17(SW) ->  3(gpu)   volume = 0.25
   epoch 10:  17(SW) ->  5(gpu)   volume = 0.25
   epoch 10:  17(SW) ->  7(gpu)   volume = 0.25
   epoch 10:  18(SW) -> 20(SW)   volume = 0.5
   epoch 10:  18(SW) -> 21(SW)   volume = 0.25
   epoch 10:  20(SW) -> 16(SW)   volume = 0.25
   epoch 10:  20(SW) -> 17(SW)   volume = 0.25
   epoch 10:  21(SW) -> 16(SW)   volume = 0.125
   epoch 10:  21(SW) -> 17(SW)   volume = 0.125
   epoch 11:  16(SW) -> 21(SW)   volume = 0.125
   epoch 11:  17(SW) -> 21(SW)   volume = 0.125
   epoch 11:  18(SW) -> 20(SW)   volume = 0.25
   epoch 11:  20(SW) -> 16(SW)   volume = 0.125
   epoch 11:  20(SW) -> 17(SW)   volume = 0.125
   epoch 11:  21(SW) -> 18(SW)   volume = 0.25

-- source 9 --
   epoch 0:   9(gpu) ->  8(gpu)   volume = 13.0
   epoch 0:   9(gpu) -> 19(SW)   volume = 2.0
   epoch 0:  16(SW) ->  0(gpu)   volume = 0.09375
   epoch 0:  16(SW) ->  2(gpu)   volume = 0.09375
   epoch 0:  16(SW) ->  4(gpu)   volume = 0.09375
   epoch 0:  16(SW) ->  6(gpu)   volume = 0.09375
   epoch 0:  17(SW) ->  1(gpu)   volume = 0.09375
   epoch 0:  17(SW) ->  3(gpu)   volume = 0.09375
   epoch 0:  17(SW) ->  5(gpu)   volume = 0.09375
   epoch 0:  17(SW) ->  7(gpu)   volume = 0.09375
   epoch 0:  19(SW) -> 11(gpu)   volume = 0.416667
   epoch 0:  19(SW) -> 13(gpu)   volume = 0.416667
   epoch 0:  19(SW) -> 15(gpu)   volume = 0.416667
   epoch 0:  19(SW) -> 20(SW)   volume = 0.5
   epoch 0:  19(SW) -> 21(SW)   volume = 0.25
   epoch 0:  20(SW) -> 16(SW)   volume = 0.25
   epoch 0:  20(SW) -> 17(SW)   volume = 0.25
   epoch 0:  21(SW) -> 16(SW)   volume = 0.125
   epoch 0:  21(SW) -> 17(SW)   volume = 0.125
   epoch 1:   8(gpu) ->  9(gpu)   volume = 1.25
   epoch 1:   8(gpu) -> 18(SW)   volume = 2.0
   epoch 1:  11(gpu) -> 10(gpu)   volume = 0.416667
   epoch 1:  13(gpu) -> 12(gpu)   volume = 0.416667
   epoch 1:  15(gpu) -> 14(gpu)   volume = 0.416667
   epoch 1:  16(SW) ->  0(gpu)   volume = 0.09375
   epoch 1:  16(SW) ->  2(gpu)   volume = 0.09375
   epoch 1:  16(SW) ->  4(gpu)   volume = 0.09375
   epoch 1:  16(SW) ->  6(gpu)   volume = 0.09375
   epoch 1:  17(SW) ->  1(gpu)   volume = 0.09375
   epoch 1:  17(SW) ->  3(gpu)   volume = 0.09375
   epoch 1:  17(SW) ->  5(gpu)   volume = 0.09375
   epoch 1:  17(SW) ->  7(gpu)   volume = 0.09375
   epoch 1:  18(SW) -> 10(gpu)   volume = 0.416667
   epoch 1:  18(SW) -> 12(gpu)   volume = 0.416667
   epoch 1:  18(SW) -> 14(gpu)   volume = 0.416667
   epoch 1:  18(SW) -> 20(SW)   volume = 0.5
   epoch 1:  18(SW) -> 21(SW)   volume = 0.25
   epoch 1:  20(SW) -> 16(SW)   volume = 0.25
   epoch 1:  20(SW) -> 17(SW)   volume = 0.25
   epoch 1:  21(SW) -> 16(SW)   volume = 0.125
   epoch 1:  21(SW) -> 17(SW)   volume = 0.125
   epoch 2:   8(gpu) -> 18(SW)   volume = 2.0
   epoch 2:  16(SW) ->  0(gpu)   volume = 0.09375
   epoch 2:  16(SW) ->  2(gpu)   volume = 0.09375
   epoch 2:  16(SW) ->  4(gpu)   volume = 0.09375
   epoch 2:  16(SW) ->  6(gpu)   volume = 0.09375
   epoch 2:  17(SW) ->  1(gpu)   volume = 0.09375
   epoch 2:  17(SW) ->  3(gpu)   volume = 0.09375
   epoch 2:  17(SW) ->  5(gpu)   volume = 0.09375
   epoch 2:  17(SW) ->  7(gpu)   volume = 0.09375
   epoch 2:  18(SW) -> 10(gpu)   volume = 0.416667
   epoch 2:  18(SW) -> 12(gpu)   volume = 0.416667
   epoch 2:  18(SW) -> 14(gpu)   volume = 0.416667
   epoch 2:  18(SW) -> 20(SW)   volume = 0.5
   epoch 2:  18(SW) -> 21(SW)   volume = 0.25
   epoch 2:  20(SW) -> 16(SW)   volume = 0.25
   epoch 2:  20(SW) -> 17(SW)   volume = 0.25
   epoch 2:  21(SW) -> 16(SW)   volume = 0.125
   epoch 2:  21(SW) -> 17(SW)   volume = 0.125
   epoch 3:   8(gpu) ->  9(gpu)   volume = 1.25
   epoch 3:   8(gpu) -> 18(SW)   volume = 0.5
   epoch 3:   9(gpu) -> 19(SW)   volume = 1.25
   epoch 3:  16(SW) ->  0(gpu)   volume = 0.09375
   epoch 3:  16(SW) ->  2(gpu)   volume = 0.09375
   epoch 3:  16(SW) ->  4(gpu)   volume = 0.09375
   epoch 3:  16(SW) ->  6(gpu)   volume = 0.09375
   epoch 3:  17(SW) ->  1(gpu)   volume = 0.09375
   epoch 3:  17(SW) ->  3(gpu)   volume = 0.09375
   epoch 3:  17(SW) ->  5(gpu)   volume = 0.09375
   epoch 3:  17(SW) ->  7(gpu)   volume = 0.09375
   epoch 3:  18(SW) -> 20(SW)   volume = 0.5
   epoch 3:  19(SW) -> 11(gpu)   volume = 0.333333
   epoch 3:  19(SW) -> 13(gpu)   volume = 0.333333
   epoch 3:  19(SW) -> 15(gpu)   volume = 0.333333
   epoch 3:  19(SW) -> 21(SW)   volume = 0.25
   epoch 3:  20(SW) -> 16(SW)   volume = 0.25
   epoch 3:  20(SW) -> 17(SW)   volume = 0.25
   epoch 3:  21(SW) -> 16(SW)   volume = 0.125
   epoch 3:  21(SW) -> 17(SW)   volume = 0.125
   epoch 4:   8(gpu) ->  9(gpu)   volume = 5.25
   epoch 4:   8(gpu) -> 18(SW)   volume = 0.75
   epoch 4:   9(gpu) -> 19(SW)   volume = 1.25
   epoch 4:  16(SW) ->  0(gpu)   volume = 0.09375
   epoch 4:  16(SW) ->  2(gpu)   volume = 0.09375
   epoch 4:  16(SW) ->  4(gpu)   volume = 0.09375
   epoch 4:  16(SW) ->  6(gpu)   volume = 0.09375
   epoch 4:  17(SW) ->  1(gpu)   volume = 0.09375
   epoch 4:  17(SW) ->  3(gpu)   volume = 0.09375
   epoch 4:  17(SW) ->  5(gpu)   volume = 0.09375
   epoch 4:  17(SW) ->  7(gpu)   volume = 0.09375
   epoch 4:  18(SW) -> 20(SW)   volume = 0.5
   epoch 4:  18(SW) -> 21(SW)   volume = 0.25
   epoch 4:  19(SW) -> 11(gpu)   volume = 0.416667
   epoch 4:  19(SW) -> 13(gpu)   volume = 0.416667
   epoch 4:  19(SW) -> 15(gpu)   volume = 0.416667
   epoch 4:  20(SW) -> 16(SW)   volume = 0.25
   epoch 4:  20(SW) -> 17(SW)   volume = 0.25
   epoch 4:  21(SW) -> 16(SW)   volume = 0.125
   epoch 4:  21(SW) -> 17(SW)   volume = 0.125
   epoch 5:   9(gpu) ->  8(gpu)   volume = 3.0
   epoch 5:   9(gpu) -> 19(SW)   volume = 0.75
   epoch 5:  10(gpu) -> 11(gpu)   volume = 0.25
   epoch 5:  12(gpu) -> 13(gpu)   volume = 0.25
   epoch 5:  14(gpu) -> 15(gpu)   volume = 0.25
   epoch 5:  16(SW) ->  0(gpu)   volume = 0.09375
   epoch 5:  16(SW) ->  2(gpu)   volume = 0.09375
   epoch 5:  16(SW) ->  4(gpu)   volume = 0.09375
   epoch 5:  16(SW) ->  6(gpu)   volume = 0.09375
   epoch 5:  17(SW) ->  1(gpu)   volume = 0.09375
   epoch 5:  17(SW) ->  3(gpu)   volume = 0.09375
   epoch 5:  17(SW) ->  5(gpu)   volume = 0.09375
   epoch 5:  17(SW) ->  7(gpu)   volume = 0.09375
   epoch 5:  19(SW) -> 20(SW)   volume = 0.5
   epoch 5:  19(SW) -> 21(SW)   volume = 0.25
   epoch 5:  20(SW) -> 16(SW)   volume = 0.25
   epoch 5:  20(SW) -> 17(SW)   volume = 0.25
   epoch 5:  21(SW) -> 16(SW)   volume = 0.125
   epoch 5:  21(SW) -> 17(SW)   volume = 0.125
   epoch 6:   9(gpu) -> 19(SW)   volume = 0.5
   epoch 6:  16(SW) ->  0(gpu)   volume = 0.0625
   epoch 6:  16(SW) ->  2(gpu)   volume = 0.0625
   epoch 6:  16(SW) ->  4(gpu)   volume = 0.0625
   epoch 6:  16(SW) ->  6(gpu)   volume = 0.0625
   epoch 6:  17(SW) ->  1(gpu)   volume = 0.0625
   epoch 6:  17(SW) ->  3(gpu)   volume = 0.0625
   epoch 6:  17(SW) ->  5(gpu)   volume = 0.0625
   epoch 6:  17(SW) ->  7(gpu)   volume = 0.0625
   epoch 6:  19(SW) -> 20(SW)   volume = 0.25
   epoch 6:  19(SW) -> 21(SW)   volume = 0.25
   epoch 6:  20(SW) -> 16(SW)   volume = 0.125
   epoch 6:  20(SW) -> 17(SW)   volume = 0.125
   epoch 6:  21(SW) -> 16(SW)   volume = 0.125
   epoch 6:  21(SW) -> 17(SW)   volume = 0.125
   epoch 7:   8(gpu) -> 18(SW)   volume = 0.25
   epoch 7:   9(gpu) -> 19(SW)   volume = 0.5
   epoch 7:  16(SW) ->  0(gpu)   volume = 0.09375
   epoch 7:  16(SW) ->  2(gpu)   volume = 0.09375
   epoch 7:  16(SW) ->  4(gpu)   volume = 0.09375
   epoch 7:  16(SW) ->  6(gpu)   volume = 0.09375
   epoch 7:  17(SW) ->  1(gpu)   volume = 0.09375
   epoch 7:  17(SW) ->  3(gpu)   volume = 0.09375
   epoch 7:  17(SW) ->  5(gpu)   volume = 0.09375
   epoch 7:  17(SW) ->  7(gpu)   volume = 0.09375
   epoch 7:  18(SW) -> 21(SW)   volume = 0.25
   epoch 7:  19(SW) -> 20(SW)   volume = 0.5
   epoch 7:  20(SW) -> 16(SW)   volume = 0.25
   epoch 7:  20(SW) -> 17(SW)   volume = 0.25
   epoch 7:  21(SW) -> 16(SW)   volume = 0.125
   epoch 7:  21(SW) -> 17(SW)   volume = 0.125
   epoch 8:   0(gpu) -> 16(SW)   volume = 0.15625
   epoch 8:   1(gpu) -> 17(SW)   volume = 0.15625
   epoch 8:   2(gpu) -> 16(SW)   volume = 0.15625
   epoch 8:   3(gpu) -> 17(SW)   volume = 0.15625
   epoch 8:   4(gpu) -> 16(SW)   volume = 0.15625
   epoch 8:   5(gpu) -> 17(SW)   volume = 0.15625
   epoch 8:   6(gpu) -> 16(SW)   volume = 0.15625
   epoch 8:   7(gpu) -> 17(SW)   volume = 0.15625
   epoch 8:   8(gpu) -> 18(SW)   volume = 0.25
   epoch 8:   9(gpu) -> 19(SW)   volume = 0.5
   epoch 8:  16(SW) ->  0(gpu)   volume = 0.25
   epoch 8:  16(SW) ->  2(gpu)   volume = 0.25
   epoch 8:  16(SW) ->  4(gpu)   volume = 0.25
   epoch 8:  16(SW) ->  6(gpu)   volume = 0.25
   epoch 8:  17(SW) ->  1(gpu)   volume = 0.25
   epoch 8:  17(SW) ->  3(gpu)   volume = 0.25
   epoch 8:  17(SW) ->  5(gpu)   volume = 0.25
   epoch 8:  17(SW) ->  7(gpu)   volume = 0.25
   epoch 8:  18(SW) -> 21(SW)   volume = 0.25
   epoch 8:  19(SW) -> 20(SW)   volume = 0.5
   epoch 8:  20(SW) -> 16(SW)   volume = 0.25
   epoch 8:  20(SW) -> 17(SW)   volume = 0.25
   epoch 8:  21(SW) -> 16(SW)   volume = 0.125
   epoch 8:  21(SW) -> 17(SW)   volume = 0.125
   epoch 9:   0(gpu) -> 16(SW)   volume = 0.15625
   epoch 9:   1(gpu) -> 17(SW)   volume = 0.15625
   epoch 9:   2(gpu) -> 16(SW)   volume = 0.15625
   epoch 9:   3(gpu) -> 17(SW)   volume = 0.15625
   epoch 9:   4(gpu) -> 16(SW)   volume = 0.15625
   epoch 9:   5(gpu) -> 17(SW)   volume = 0.15625
   epoch 9:   6(gpu) -> 16(SW)   volume = 0.15625
   epoch 9:   7(gpu) -> 17(SW)   volume = 0.15625
   epoch 9:   8(gpu) ->  9(gpu)   volume = 0.75
   epoch 9:   8(gpu) -> 18(SW)   volume = 0.75
   epoch 9:  16(SW) ->  0(gpu)   volume = 0.25
   epoch 9:  16(SW) ->  2(gpu)   volume = 0.25
   epoch 9:  16(SW) ->  4(gpu)   volume = 0.25
   epoch 9:  16(SW) ->  6(gpu)   volume = 0.25
   epoch 9:  17(SW) ->  1(gpu)   volume = 0.25
   epoch 9:  17(SW) ->  3(gpu)   volume = 0.25
   epoch 9:  17(SW) ->  5(gpu)   volume = 0.25
   epoch 9:  17(SW) ->  7(gpu)   volume = 0.25
   epoch 9:  18(SW) -> 20(SW)   volume = 0.5
   epoch 9:  18(SW) -> 21(SW)   volume = 0.25
   epoch 9:  20(SW) -> 16(SW)   volume = 0.25
   epoch 9:  20(SW) -> 17(SW)   volume = 0.25
   epoch 9:  21(SW) -> 16(SW)   volume = 0.125
   epoch 9:  21(SW) -> 17(SW)   volume = 0.125
   epoch 10:   0(gpu) -> 16(SW)   volume = 0.15625
   epoch 10:   1(gpu) -> 17(SW)   volume = 0.15625
   epoch 10:   2(gpu) -> 16(SW)   volume = 0.15625
   epoch 10:   3(gpu) -> 17(SW)   volume = 0.15625
   epoch 10:   4(gpu) -> 16(SW)   volume = 0.15625
   epoch 10:   5(gpu) -> 17(SW)   volume = 0.15625
   epoch 10:   6(gpu) -> 16(SW)   volume = 0.15625
   epoch 10:   7(gpu) -> 17(SW)   volume = 0.15625
   epoch 10:   9(gpu) -> 19(SW)   volume = 0.75
   epoch 10:  16(SW) ->  0(gpu)   volume = 0.25
   epoch 10:  16(SW) ->  2(gpu)   volume = 0.25
   epoch 10:  16(SW) ->  4(gpu)   volume = 0.25
   epoch 10:  16(SW) ->  6(gpu)   volume = 0.25
   epoch 10:  17(SW) ->  1(gpu)   volume = 0.25
   epoch 10:  17(SW) ->  3(gpu)   volume = 0.25
   epoch 10:  17(SW) ->  5(gpu)   volume = 0.25
   epoch 10:  17(SW) ->  7(gpu)   volume = 0.25
   epoch 10:  19(SW) -> 20(SW)   volume = 0.5
   epoch 10:  19(SW) -> 21(SW)   volume = 0.25
   epoch 10:  20(SW) -> 16(SW)   volume = 0.25
   epoch 10:  20(SW) -> 17(SW)   volume = 0.25
   epoch 10:  21(SW) -> 16(SW)   volume = 0.125
   epoch 10:  21(SW) -> 17(SW)   volume = 0.125
   epoch 11:  16(SW) -> 21(SW)   volume = 0.125
   epoch 11:  17(SW) -> 21(SW)   volume = 0.125
   epoch 11:  19(SW) -> 20(SW)   volume = 0.25
   epoch 11:  20(SW) -> 16(SW)   volume = 0.125
   epoch 11:  20(SW) -> 17(SW)   volume = 0.125
   epoch 11:  21(SW) -> 19(SW)   volume = 0.25

-- source 10 --
   epoch 0:  10(gpu) -> 11(gpu)   volume = 13.0
   epoch 0:  10(gpu) -> 18(SW)   volume = 2.0
   epoch 0:  16(SW) ->  0(gpu)   volume = 0.09375
   epoch 0:  16(SW) ->  2(gpu)   volume = 0.09375
   epoch 0:  16(SW) ->  4(gpu)   volume = 0.09375
   epoch 0:  16(SW) ->  6(gpu)   volume = 0.09375
   epoch 0:  17(SW) ->  1(gpu)   volume = 0.09375
   epoch 0:  17(SW) ->  3(gpu)   volume = 0.09375
   epoch 0:  17(SW) ->  5(gpu)   volume = 0.09375
   epoch 0:  17(SW) ->  7(gpu)   volume = 0.09375
   epoch 0:  18(SW) ->  8(gpu)   volume = 0.416667
   epoch 0:  18(SW) -> 12(gpu)   volume = 0.416667
   epoch 0:  18(SW) -> 14(gpu)   volume = 0.416667
   epoch 0:  18(SW) -> 20(SW)   volume = 0.5
   epoch 0:  18(SW) -> 21(SW)   volume = 0.25
   epoch 0:  20(SW) -> 16(SW)   volume = 0.25
   epoch 0:  20(SW) -> 17(SW)   volume = 0.25
   epoch 0:  21(SW) -> 16(SW)   volume = 0.125
   epoch 0:  21(SW) -> 17(SW)   volume = 0.125
   epoch 1:   8(gpu) ->  9(gpu)   volume = 0.416667
   epoch 1:  11(gpu) -> 10(gpu)   volume = 1.25
   epoch 1:  11(gpu) -> 19(SW)   volume = 2.0
   epoch 1:  12(gpu) -> 13(gpu)   volume = 0.416667
   epoch 1:  14(gpu) -> 15(gpu)   volume = 0.416667
   epoch 1:  16(SW) ->  0(gpu)   volume = 0.09375
   epoch 1:  16(SW) ->  2(gpu)   volume = 0.09375
   epoch 1:  16(SW) ->  4(gpu)   volume = 0.09375
   epoch 1:  16(SW) ->  6(gpu)   volume = 0.09375
   epoch 1:  17(SW) ->  1(gpu)   volume = 0.09375
   epoch 1:  17(SW) ->  3(gpu)   volume = 0.09375
   epoch 1:  17(SW) ->  5(gpu)   volume = 0.09375
   epoch 1:  17(SW) ->  7(gpu)   volume = 0.09375
   epoch 1:  19(SW) ->  9(gpu)   volume = 0.416667
   epoch 1:  19(SW) -> 13(gpu)   volume = 0.416667
   epoch 1:  19(SW) -> 15(gpu)   volume = 0.416667
   epoch 1:  19(SW) -> 20(SW)   volume = 0.5
   epoch 1:  19(SW) -> 21(SW)   volume = 0.25
   epoch 1:  20(SW) -> 16(SW)   volume = 0.25
   epoch 1:  20(SW) -> 17(SW)   volume = 0.25
   epoch 1:  21(SW) -> 16(SW)   volume = 0.125
   epoch 1:  21(SW) -> 17(SW)   volume = 0.125
   epoch 2:  11(gpu) -> 19(SW)   volume = 2.0
   epoch 2:  16(SW) ->  0(gpu)   volume = 0.09375
   epoch 2:  16(SW) ->  2(gpu)   volume = 0.09375
   epoch 2:  16(SW) ->  4(gpu)   volume = 0.09375
   epoch 2:  16(SW) ->  6(gpu)   volume = 0.09375
   epoch 2:  17(SW) ->  1(gpu)   volume = 0.09375
   epoch 2:  17(SW) ->  3(gpu)   volume = 0.09375
   epoch 2:  17(SW) ->  5(gpu)   volume = 0.09375
   epoch 2:  17(SW) ->  7(gpu)   volume = 0.09375
   epoch 2:  19(SW) ->  9(gpu)   volume = 0.416667
   epoch 2:  19(SW) -> 13(gpu)   volume = 0.416667
   epoch 2:  19(SW) -> 15(gpu)   volume = 0.416667
   epoch 2:  19(SW) -> 20(SW)   volume = 0.5
   epoch 2:  19(SW) -> 21(SW)   volume = 0.25
   epoch 2:  20(SW) -> 16(SW)   volume = 0.25
   epoch 2:  20(SW) -> 17(SW)   volume = 0.25
   epoch 2:  21(SW) -> 16(SW)   volume = 0.125
   epoch 2:  21(SW) -> 17(SW)   volume = 0.125
   epoch 3:  10(gpu) -> 18(SW)   volume = 1.25
   epoch 3:  11(gpu) -> 10(gpu)   volume = 1.25
   epoch 3:  11(gpu) -> 19(SW)   volume = 0.5
   epoch 3:  16(SW) ->  0(gpu)   volume = 0.09375
   epoch 3:  16(SW) ->  2(gpu)   volume = 0.09375
   epoch 3:  16(SW) ->  4(gpu)   volume = 0.09375
   epoch 3:  16(SW) ->  6(gpu)   volume = 0.09375
   epoch 3:  17(SW) ->  1(gpu)   volume = 0.09375
   epoch 3:  17(SW) ->  3(gpu)   volume = 0.09375
   epoch 3:  17(SW) ->  5(gpu)   volume = 0.09375
   epoch 3:  17(SW) ->  7(gpu)   volume = 0.09375
   epoch 3:  18(SW) ->  8(gpu)   volume = 0.333333
   epoch 3:  18(SW) -> 12(gpu)   volume = 0.333333
   epoch 3:  18(SW) -> 14(gpu)   volume = 0.333333
   epoch 3:  18(SW) -> 21(SW)   volume = 0.25
   epoch 3:  19(SW) -> 20(SW)   volume = 0.5
   epoch 3:  20(SW) -> 16(SW)   volume = 0.25
   epoch 3:  20(SW) -> 17(SW)   volume = 0.25
   epoch 3:  21(SW) -> 16(SW)   volume = 0.125
   epoch 3:  21(SW) -> 17(SW)   volume = 0.125
   epoch 4:  10(gpu) -> 18(SW)   volume = 1.25
   epoch 4:  11(gpu) -> 10(gpu)   volume = 5.25
   epoch 4:  11(gpu) -> 19(SW)   volume = 0.75
   epoch 4:  16(SW) ->  0(gpu)   volume = 0.09375
   epoch 4:  16(SW) ->  2(gpu)   volume = 0.09375
   epoch 4:  16(SW) ->  4(gpu)   volume = 0.09375
   epoch 4:  16(SW) ->  6(gpu)   volume = 0.09375
   epoch 4:  17(SW) ->  1(gpu)   volume = 0.09375
   epoch 4:  17(SW) ->  3(gpu)   volume = 0.09375
   epoch 4:  17(SW) ->  5(gpu)   volume = 0.09375
   epoch 4:  17(SW) ->  7(gpu)   volume = 0.09375
   epoch 4:  18(SW) ->  8(gpu)   volume = 0.416667
   epoch 4:  18(SW) -> 12(gpu)   volume = 0.416667
   epoch 4:  18(SW) -> 14(gpu)   volume = 0.416667
   epoch 4:  19(SW) -> 20(SW)   volume = 0.5
   epoch 4:  19(SW) -> 21(SW)   volume = 0.25
   epoch 4:  20(SW) -> 16(SW)   volume = 0.25
   epoch 4:  20(SW) -> 17(SW)   volume = 0.25
   epoch 4:  21(SW) -> 16(SW)   volume = 0.125
   epoch 4:  21(SW) -> 17(SW)   volume = 0.125
   epoch 5:   9(gpu) ->  8(gpu)   volume = 0.25
   epoch 5:  10(gpu) -> 11(gpu)   volume = 3.0
   epoch 5:  10(gpu) -> 18(SW)   volume = 0.75
   epoch 5:  13(gpu) -> 12(gpu)   volume = 0.25
   epoch 5:  15(gpu) -> 14(gpu)   volume = 0.25
   epoch 5:  16(SW) ->  0(gpu)   volume = 0.09375
   epoch 5:  16(SW) ->  2(gpu)   volume = 0.09375
   epoch 5:  16(SW) ->  4(gpu)   volume = 0.09375
   epoch 5:  16(SW) ->  6(gpu)   volume = 0.09375
   epoch 5:  17(SW) ->  1(gpu)   volume = 0.09375
   epoch 5:  17(SW) ->  3(gpu)   volume = 0.09375
   epoch 5:  17(SW) ->  5(gpu)   volume = 0.09375
   epoch 5:  17(SW) ->  7(gpu)   volume = 0.09375
   epoch 5:  18(SW) -> 20(SW)   volume = 0.5
   epoch 5:  18(SW) -> 21(SW)   volume = 0.25
   epoch 5:  20(SW) -> 16(SW)   volume = 0.25
   epoch 5:  20(SW) -> 17(SW)   volume = 0.25
   epoch 5:  21(SW) -> 16(SW)   volume = 0.125
   epoch 5:  21(SW) -> 17(SW)   volume = 0.125
   epoch 6:  10(gpu) -> 18(SW)   volume = 0.5
   epoch 6:  16(SW) ->  0(gpu)   volume = 0.0625
   epoch 6:  16(SW) ->  2(gpu)   volume = 0.0625
   epoch 6:  16(SW) ->  4(gpu)   volume = 0.0625
   epoch 6:  16(SW) ->  6(gpu)   volume = 0.0625
   epoch 6:  17(SW) ->  1(gpu)   volume = 0.0625
   epoch 6:  17(SW) ->  3(gpu)   volume = 0.0625
   epoch 6:  17(SW) ->  5(gpu)   volume = 0.0625
   epoch 6:  17(SW) ->  7(gpu)   volume = 0.0625
   epoch 6:  18(SW) -> 20(SW)   volume = 0.25
   epoch 6:  18(SW) -> 21(SW)   volume = 0.25
   epoch 6:  20(SW) -> 16(SW)   volume = 0.125
   epoch 6:  20(SW) -> 17(SW)   volume = 0.125
   epoch 6:  21(SW) -> 16(SW)   volume = 0.125
   epoch 6:  21(SW) -> 17(SW)   volume = 0.125
   epoch 7:  10(gpu) -> 18(SW)   volume = 0.5
   epoch 7:  11(gpu) -> 19(SW)   volume = 0.25
   epoch 7:  16(SW) ->  0(gpu)   volume = 0.09375
   epoch 7:  16(SW) ->  2(gpu)   volume = 0.09375
   epoch 7:  16(SW) ->  4(gpu)   volume = 0.09375
   epoch 7:  16(SW) ->  6(gpu)   volume = 0.09375
   epoch 7:  17(SW) ->  1(gpu)   volume = 0.09375
   epoch 7:  17(SW) ->  3(gpu)   volume = 0.09375
   epoch 7:  17(SW) ->  5(gpu)   volume = 0.09375
   epoch 7:  17(SW) ->  7(gpu)   volume = 0.09375
   epoch 7:  18(SW) -> 20(SW)   volume = 0.5
   epoch 7:  19(SW) -> 21(SW)   volume = 0.25
   epoch 7:  20(SW) -> 16(SW)   volume = 0.25
   epoch 7:  20(SW) -> 17(SW)   volume = 0.25
   epoch 7:  21(SW) -> 16(SW)   volume = 0.125
   epoch 7:  21(SW) -> 17(SW)   volume = 0.125
   epoch 8:   0(gpu) -> 16(SW)   volume = 0.15625
   epoch 8:   1(gpu) -> 17(SW)   volume = 0.15625
   epoch 8:   2(gpu) -> 16(SW)   volume = 0.15625
   epoch 8:   3(gpu) -> 17(SW)   volume = 0.15625
   epoch 8:   4(gpu) -> 16(SW)   volume = 0.15625
   epoch 8:   5(gpu) -> 17(SW)   volume = 0.15625
   epoch 8:   6(gpu) -> 16(SW)   volume = 0.15625
   epoch 8:   7(gpu) -> 17(SW)   volume = 0.15625
   epoch 8:  10(gpu) -> 18(SW)   volume = 0.5
   epoch 8:  11(gpu) -> 19(SW)   volume = 0.25
   epoch 8:  16(SW) ->  0(gpu)   volume = 0.25
   epoch 8:  16(SW) ->  2(gpu)   volume = 0.25
   epoch 8:  16(SW) ->  4(gpu)   volume = 0.25
   epoch 8:  16(SW) ->  6(gpu)   volume = 0.25
   epoch 8:  17(SW) ->  1(gpu)   volume = 0.25
   epoch 8:  17(SW) ->  3(gpu)   volume = 0.25
   epoch 8:  17(SW) ->  5(gpu)   volume = 0.25
   epoch 8:  17(SW) ->  7(gpu)   volume = 0.25
   epoch 8:  18(SW) -> 20(SW)   volume = 0.5
   epoch 8:  19(SW) -> 21(SW)   volume = 0.25
   epoch 8:  20(SW) -> 16(SW)   volume = 0.25
   epoch 8:  20(SW) -> 17(SW)   volume = 0.25
   epoch 8:  21(SW) -> 16(SW)   volume = 0.125
   epoch 8:  21(SW) -> 17(SW)   volume = 0.125
   epoch 9:   0(gpu) -> 16(SW)   volume = 0.15625
   epoch 9:   1(gpu) -> 17(SW)   volume = 0.15625
   epoch 9:   2(gpu) -> 16(SW)   volume = 0.15625
   epoch 9:   3(gpu) -> 17(SW)   volume = 0.15625
   epoch 9:   4(gpu) -> 16(SW)   volume = 0.15625
   epoch 9:   5(gpu) -> 17(SW)   volume = 0.15625
   epoch 9:   6(gpu) -> 16(SW)   volume = 0.15625
   epoch 9:   7(gpu) -> 17(SW)   volume = 0.15625
   epoch 9:  11(gpu) -> 10(gpu)   volume = 0.75
   epoch 9:  11(gpu) -> 19(SW)   volume = 0.75
   epoch 9:  16(SW) ->  0(gpu)   volume = 0.25
   epoch 9:  16(SW) ->  2(gpu)   volume = 0.25
   epoch 9:  16(SW) ->  4(gpu)   volume = 0.25
   epoch 9:  16(SW) ->  6(gpu)   volume = 0.25
   epoch 9:  17(SW) ->  1(gpu)   volume = 0.25
   epoch 9:  17(SW) ->  3(gpu)   volume = 0.25
   epoch 9:  17(SW) ->  5(gpu)   volume = 0.25
   epoch 9:  17(SW) ->  7(gpu)   volume = 0.25
   epoch 9:  19(SW) -> 20(SW)   volume = 0.5
   epoch 9:  19(SW) -> 21(SW)   volume = 0.25
   epoch 9:  20(SW) -> 16(SW)   volume = 0.25
   epoch 9:  20(SW) -> 17(SW)   volume = 0.25
   epoch 9:  21(SW) -> 16(SW)   volume = 0.125
   epoch 9:  21(SW) -> 17(SW)   volume = 0.125
   epoch 10:   0(gpu) -> 16(SW)   volume = 0.15625
   epoch 10:   1(gpu) -> 17(SW)   volume = 0.15625
   epoch 10:   2(gpu) -> 16(SW)   volume = 0.15625
   epoch 10:   3(gpu) -> 17(SW)   volume = 0.15625
   epoch 10:   4(gpu) -> 16(SW)   volume = 0.15625
   epoch 10:   5(gpu) -> 17(SW)   volume = 0.15625
   epoch 10:   6(gpu) -> 16(SW)   volume = 0.15625
   epoch 10:   7(gpu) -> 17(SW)   volume = 0.15625
   epoch 10:  10(gpu) -> 18(SW)   volume = 0.75
   epoch 10:  16(SW) ->  0(gpu)   volume = 0.25
   epoch 10:  16(SW) ->  2(gpu)   volume = 0.25
   epoch 10:  16(SW) ->  4(gpu)   volume = 0.25
   epoch 10:  16(SW) ->  6(gpu)   volume = 0.25
   epoch 10:  17(SW) ->  1(gpu)   volume = 0.25
   epoch 10:  17(SW) ->  3(gpu)   volume = 0.25
   epoch 10:  17(SW) ->  5(gpu)   volume = 0.25
   epoch 10:  17(SW) ->  7(gpu)   volume = 0.25
   epoch 10:  18(SW) -> 20(SW)   volume = 0.5
   epoch 10:  18(SW) -> 21(SW)   volume = 0.25
   epoch 10:  20(SW) -> 16(SW)   volume = 0.25
   epoch 10:  20(SW) -> 17(SW)   volume = 0.25
   epoch 10:  21(SW) -> 16(SW)   volume = 0.125
   epoch 10:  21(SW) -> 17(SW)   volume = 0.125
   epoch 11:  16(SW) -> 21(SW)   volume = 0.125
   epoch 11:  17(SW) -> 21(SW)   volume = 0.125
   epoch 11:  18(SW) -> 20(SW)   volume = 0.25
   epoch 11:  20(SW) -> 16(SW)   volume = 0.125
   epoch 11:  20(SW) -> 17(SW)   volume = 0.125
   epoch 11:  21(SW) -> 18(SW)   volume = 0.25

-- source 11 --
   epoch 0:  11(gpu) -> 10(gpu)   volume = 13.0
   epoch 0:  11(gpu) -> 19(SW)   volume = 2.0
   epoch 0:  16(SW) ->  0(gpu)   volume = 0.09375
   epoch 0:  16(SW) ->  2(gpu)   volume = 0.09375
   epoch 0:  16(SW) ->  4(gpu)   volume = 0.09375
   epoch 0:  16(SW) ->  6(gpu)   volume = 0.09375
   epoch 0:  17(SW) ->  1(gpu)   volume = 0.09375
   epoch 0:  17(SW) ->  3(gpu)   volume = 0.09375
   epoch 0:  17(SW) ->  5(gpu)   volume = 0.09375
   epoch 0:  17(SW) ->  7(gpu)   volume = 0.09375
   epoch 0:  19(SW) ->  9(gpu)   volume = 0.416667
   epoch 0:  19(SW) -> 13(gpu)   volume = 0.416667
   epoch 0:  19(SW) -> 15(gpu)   volume = 0.416667
   epoch 0:  19(SW) -> 20(SW)   volume = 0.5
   epoch 0:  19(SW) -> 21(SW)   volume = 0.25
   epoch 0:  20(SW) -> 16(SW)   volume = 0.25
   epoch 0:  20(SW) -> 17(SW)   volume = 0.25
   epoch 0:  21(SW) -> 16(SW)   volume = 0.125
   epoch 0:  21(SW) -> 17(SW)   volume = 0.125
   epoch 1:   9(gpu) ->  8(gpu)   volume = 0.416667
   epoch 1:  10(gpu) -> 11(gpu)   volume = 1.25
   epoch 1:  10(gpu) -> 18(SW)   volume = 2.0
   epoch 1:  13(gpu) -> 12(gpu)   volume = 0.416667
   epoch 1:  15(gpu) -> 14(gpu)   volume = 0.416667
   epoch 1:  16(SW) ->  0(gpu)   volume = 0.09375
   epoch 1:  16(SW) ->  2(gpu)   volume = 0.09375
   epoch 1:  16(SW) ->  4(gpu)   volume = 0.09375
   epoch 1:  16(SW) ->  6(gpu)   volume = 0.09375
   epoch 1:  17(SW) ->  1(gpu)   volume = 0.09375
   epoch 1:  17(SW) ->  3(gpu)   volume = 0.09375
   epoch 1:  17(SW) ->  5(gpu)   volume = 0.09375
   epoch 1:  17(SW) ->  7(gpu)   volume = 0.09375
   epoch 1:  18(SW) ->  8(gpu)   volume = 0.416667
   epoch 1:  18(SW) -> 12(gpu)   volume = 0.416667
   epoch 1:  18(SW) -> 14(gpu)   volume = 0.416667
   epoch 1:  18(SW) -> 20(SW)   volume = 0.5
   epoch 1:  18(SW) -> 21(SW)   volume = 0.25
   epoch 1:  20(SW) -> 16(SW)   volume = 0.25
   epoch 1:  20(SW) -> 17(SW)   volume = 0.25
   epoch 1:  21(SW) -> 16(SW)   volume = 0.125
   epoch 1:  21(SW) -> 17(SW)   volume = 0.125
   epoch 2:  10(gpu) -> 18(SW)   volume = 2.0
   epoch 2:  16(SW) ->  0(gpu)   volume = 0.09375
   epoch 2:  16(SW) ->  2(gpu)   volume = 0.09375
   epoch 2:  16(SW) ->  4(gpu)   volume = 0.09375
   epoch 2:  16(SW) ->  6(gpu)   volume = 0.09375
   epoch 2:  17(SW) ->  1(gpu)   volume = 0.09375
   epoch 2:  17(SW) ->  3(gpu)   volume = 0.09375
   epoch 2:  17(SW) ->  5(gpu)   volume = 0.09375
   epoch 2:  17(SW) ->  7(gpu)   volume = 0.09375
   epoch 2:  18(SW) ->  8(gpu)   volume = 0.416667
   epoch 2:  18(SW) -> 12(gpu)   volume = 0.416667
   epoch 2:  18(SW) -> 14(gpu)   volume = 0.416667
   epoch 2:  18(SW) -> 20(SW)   volume = 0.5
   epoch 2:  18(SW) -> 21(SW)   volume = 0.25
   epoch 2:  20(SW) -> 16(SW)   volume = 0.25
   epoch 2:  20(SW) -> 17(SW)   volume = 0.25
   epoch 2:  21(SW) -> 16(SW)   volume = 0.125
   epoch 2:  21(SW) -> 17(SW)   volume = 0.125
   epoch 3:  10(gpu) -> 11(gpu)   volume = 1.25
   epoch 3:  10(gpu) -> 18(SW)   volume = 0.5
   epoch 3:  11(gpu) -> 19(SW)   volume = 1.25
   epoch 3:  16(SW) ->  0(gpu)   volume = 0.09375
   epoch 3:  16(SW) ->  2(gpu)   volume = 0.09375
   epoch 3:  16(SW) ->  4(gpu)   volume = 0.09375
   epoch 3:  16(SW) ->  6(gpu)   volume = 0.09375
   epoch 3:  17(SW) ->  1(gpu)   volume = 0.09375
   epoch 3:  17(SW) ->  3(gpu)   volume = 0.09375
   epoch 3:  17(SW) ->  5(gpu)   volume = 0.09375
   epoch 3:  17(SW) ->  7(gpu)   volume = 0.09375
   epoch 3:  18(SW) -> 20(SW)   volume = 0.5
   epoch 3:  19(SW) ->  9(gpu)   volume = 0.333333
   epoch 3:  19(SW) -> 13(gpu)   volume = 0.333333
   epoch 3:  19(SW) -> 15(gpu)   volume = 0.333333
   epoch 3:  19(SW) -> 21(SW)   volume = 0.25
   epoch 3:  20(SW) -> 16(SW)   volume = 0.25
   epoch 3:  20(SW) -> 17(SW)   volume = 0.25
   epoch 3:  21(SW) -> 16(SW)   volume = 0.125
   epoch 3:  21(SW) -> 17(SW)   volume = 0.125
   epoch 4:  10(gpu) -> 11(gpu)   volume = 5.25
   epoch 4:  10(gpu) -> 18(SW)   volume = 0.75
   epoch 4:  11(gpu) -> 19(SW)   volume = 1.25
   epoch 4:  16(SW) ->  0(gpu)   volume = 0.09375
   epoch 4:  16(SW) ->  2(gpu)   volume = 0.09375
   epoch 4:  16(SW) ->  4(gpu)   volume = 0.09375
   epoch 4:  16(SW) ->  6(gpu)   volume = 0.09375
   epoch 4:  17(SW) ->  1(gpu)   volume = 0.09375
   epoch 4:  17(SW) ->  3(gpu)   volume = 0.09375
   epoch 4:  17(SW) ->  5(gpu)   volume = 0.09375
   epoch 4:  17(SW) ->  7(gpu)   volume = 0.09375
   epoch 4:  18(SW) -> 20(SW)   volume = 0.5
   epoch 4:  18(SW) -> 21(SW)   volume = 0.25
   epoch 4:  19(SW) ->  9(gpu)   volume = 0.416667
   epoch 4:  19(SW) -> 13(gpu)   volume = 0.416667
   epoch 4:  19(SW) -> 15(gpu)   volume = 0.416667
   epoch 4:  20(SW) -> 16(SW)   volume = 0.25
   epoch 4:  20(SW) -> 17(SW)   volume = 0.25
   epoch 4:  21(SW) -> 16(SW)   volume = 0.125
   epoch 4:  21(SW) -> 17(SW)   volume = 0.125
   epoch 5:   8(gpu) ->  9(gpu)   volume = 0.25
   epoch 5:  11(gpu) -> 10(gpu)   volume = 3.0
   epoch 5:  11(gpu) -> 19(SW)   volume = 0.75
   epoch 5:  12(gpu) -> 13(gpu)   volume = 0.25
   epoch 5:  14(gpu) -> 15(gpu)   volume = 0.25
   epoch 5:  16(SW) ->  0(gpu)   volume = 0.09375
   epoch 5:  16(SW) ->  2(gpu)   volume = 0.09375
   epoch 5:  16(SW) ->  4(gpu)   volume = 0.09375
   epoch 5:  16(SW) ->  6(gpu)   volume = 0.09375
   epoch 5:  17(SW) ->  1(gpu)   volume = 0.09375
   epoch 5:  17(SW) ->  3(gpu)   volume = 0.09375
   epoch 5:  17(SW) ->  5(gpu)   volume = 0.09375
   epoch 5:  17(SW) ->  7(gpu)   volume = 0.09375
   epoch 5:  19(SW) -> 20(SW)   volume = 0.5
   epoch 5:  19(SW) -> 21(SW)   volume = 0.25
   epoch 5:  20(SW) -> 16(SW)   volume = 0.25
   epoch 5:  20(SW) -> 17(SW)   volume = 0.25
   epoch 5:  21(SW) -> 16(SW)   volume = 0.125
   epoch 5:  21(SW) -> 17(SW)   volume = 0.125
   epoch 6:  11(gpu) -> 19(SW)   volume = 0.5
   epoch 6:  16(SW) ->  0(gpu)   volume = 0.0625
   epoch 6:  16(SW) ->  2(gpu)   volume = 0.0625
   epoch 6:  16(SW) ->  4(gpu)   volume = 0.0625
   epoch 6:  16(SW) ->  6(gpu)   volume = 0.0625
   epoch 6:  17(SW) ->  1(gpu)   volume = 0.0625
   epoch 6:  17(SW) ->  3(gpu)   volume = 0.0625
   epoch 6:  17(SW) ->  5(gpu)   volume = 0.0625
   epoch 6:  17(SW) ->  7(gpu)   volume = 0.0625
   epoch 6:  19(SW) -> 20(SW)   volume = 0.25
   epoch 6:  19(SW) -> 21(SW)   volume = 0.25
   epoch 6:  20(SW) -> 16(SW)   volume = 0.125
   epoch 6:  20(SW) -> 17(SW)   volume = 0.125
   epoch 6:  21(SW) -> 16(SW)   volume = 0.125
   epoch 6:  21(SW) -> 17(SW)   volume = 0.125
   epoch 7:  10(gpu) -> 18(SW)   volume = 0.25
   epoch 7:  11(gpu) -> 19(SW)   volume = 0.5
   epoch 7:  16(SW) ->  0(gpu)   volume = 0.09375
   epoch 7:  16(SW) ->  2(gpu)   volume = 0.09375
   epoch 7:  16(SW) ->  4(gpu)   volume = 0.09375
   epoch 7:  16(SW) ->  6(gpu)   volume = 0.09375
   epoch 7:  17(SW) ->  1(gpu)   volume = 0.09375
   epoch 7:  17(SW) ->  3(gpu)   volume = 0.09375
   epoch 7:  17(SW) ->  5(gpu)   volume = 0.09375
   epoch 7:  17(SW) ->  7(gpu)   volume = 0.09375
   epoch 7:  18(SW) -> 21(SW)   volume = 0.25
   epoch 7:  19(SW) -> 20(SW)   volume = 0.5
   epoch 7:  20(SW) -> 16(SW)   volume = 0.25
   epoch 7:  20(SW) -> 17(SW)   volume = 0.25
   epoch 7:  21(SW) -> 16(SW)   volume = 0.125
   epoch 7:  21(SW) -> 17(SW)   volume = 0.125
   epoch 8:   0(gpu) -> 16(SW)   volume = 0.15625
   epoch 8:   1(gpu) -> 17(SW)   volume = 0.15625
   epoch 8:   2(gpu) -> 16(SW)   volume = 0.15625
   epoch 8:   3(gpu) -> 17(SW)   volume = 0.15625
   epoch 8:   4(gpu) -> 16(SW)   volume = 0.15625
   epoch 8:   5(gpu) -> 17(SW)   volume = 0.15625
   epoch 8:   6(gpu) -> 16(SW)   volume = 0.15625
   epoch 8:   7(gpu) -> 17(SW)   volume = 0.15625
   epoch 8:  10(gpu) -> 18(SW)   volume = 0.25
   epoch 8:  11(gpu) -> 19(SW)   volume = 0.5
   epoch 8:  16(SW) ->  0(gpu)   volume = 0.25
   epoch 8:  16(SW) ->  2(gpu)   volume = 0.25
   epoch 8:  16(SW) ->  4(gpu)   volume = 0.25
   epoch 8:  16(SW) ->  6(gpu)   volume = 0.25
   epoch 8:  17(SW) ->  1(gpu)   volume = 0.25
   epoch 8:  17(SW) ->  3(gpu)   volume = 0.25
   epoch 8:  17(SW) ->  5(gpu)   volume = 0.25
   epoch 8:  17(SW) ->  7(gpu)   volume = 0.25
   epoch 8:  18(SW) -> 21(SW)   volume = 0.25
   epoch 8:  19(SW) -> 20(SW)   volume = 0.5
   epoch 8:  20(SW) -> 16(SW)   volume = 0.25
   epoch 8:  20(SW) -> 17(SW)   volume = 0.25
   epoch 8:  21(SW) -> 16(SW)   volume = 0.125
   epoch 8:  21(SW) -> 17(SW)   volume = 0.125
   epoch 9:   0(gpu) -> 16(SW)   volume = 0.15625
   epoch 9:   1(gpu) -> 17(SW)   volume = 0.15625
   epoch 9:   2(gpu) -> 16(SW)   volume = 0.15625
   epoch 9:   3(gpu) -> 17(SW)   volume = 0.15625
   epoch 9:   4(gpu) -> 16(SW)   volume = 0.15625
   epoch 9:   5(gpu) -> 17(SW)   volume = 0.15625
   epoch 9:   6(gpu) -> 16(SW)   volume = 0.15625
   epoch 9:   7(gpu) -> 17(SW)   volume = 0.15625
   epoch 9:  10(gpu) -> 11(gpu)   volume = 0.75
   epoch 9:  10(gpu) -> 18(SW)   volume = 0.75
   epoch 9:  16(SW) ->  0(gpu)   volume = 0.25
   epoch 9:  16(SW) ->  2(gpu)   volume = 0.25
   epoch 9:  16(SW) ->  4(gpu)   volume = 0.25
   epoch 9:  16(SW) ->  6(gpu)   volume = 0.25
   epoch 9:  17(SW) ->  1(gpu)   volume = 0.25
   epoch 9:  17(SW) ->  3(gpu)   volume = 0.25
   epoch 9:  17(SW) ->  5(gpu)   volume = 0.25
   epoch 9:  17(SW) ->  7(gpu)   volume = 0.25
   epoch 9:  18(SW) -> 20(SW)   volume = 0.5
   epoch 9:  18(SW) -> 21(SW)   volume = 0.25
   epoch 9:  20(SW) -> 16(SW)   volume = 0.25
   epoch 9:  20(SW) -> 17(SW)   volume = 0.25
   epoch 9:  21(SW) -> 16(SW)   volume = 0.125
   epoch 9:  21(SW) -> 17(SW)   volume = 0.125
   epoch 10:   0(gpu) -> 16(SW)   volume = 0.15625
   epoch 10:   1(gpu) -> 17(SW)   volume = 0.15625
   epoch 10:   2(gpu) -> 16(SW)   volume = 0.15625
   epoch 10:   3(gpu) -> 17(SW)   volume = 0.15625
   epoch 10:   4(gpu) -> 16(SW)   volume = 0.15625
   epoch 10:   5(gpu) -> 17(SW)   volume = 0.15625
   epoch 10:   6(gpu) -> 16(SW)   volume = 0.15625
   epoch 10:   7(gpu) -> 17(SW)   volume = 0.15625
   epoch 10:  11(gpu) -> 19(SW)   volume = 0.75
   epoch 10:  16(SW) ->  0(gpu)   volume = 0.25
   epoch 10:  16(SW) ->  2(gpu)   volume = 0.25
   epoch 10:  16(SW) ->  4(gpu)   volume = 0.25
   epoch 10:  16(SW) ->  6(gpu)   volume = 0.25
   epoch 10:  17(SW) ->  1(gpu)   volume = 0.25
   epoch 10:  17(SW) ->  3(gpu)   volume = 0.25
   epoch 10:  17(SW) ->  5(gpu)   volume = 0.25
   epoch 10:  17(SW) ->  7(gpu)   volume = 0.25
   epoch 10:  19(SW) -> 20(SW)   volume = 0.5
   epoch 10:  19(SW) -> 21(SW)   volume = 0.25
   epoch 10:  20(SW) -> 16(SW)   volume = 0.25
   epoch 10:  20(SW) -> 17(SW)   volume = 0.25
   epoch 10:  21(SW) -> 16(SW)   volume = 0.125
   epoch 10:  21(SW) -> 17(SW)   volume = 0.125
   epoch 11:  16(SW) -> 21(SW)   volume = 0.125
   epoch 11:  17(SW) -> 21(SW)   volume = 0.125
   epoch 11:  19(SW) -> 20(SW)   volume = 0.25
   epoch 11:  20(SW) -> 16(SW)   volume = 0.125
   epoch 11:  20(SW) -> 17(SW)   volume = 0.125
   epoch 11:  21(SW) -> 19(SW)   volume = 0.25

-- source 12 --
   epoch 0:  12(gpu) -> 13(gpu)   volume = 13.0
   epoch 0:  12(gpu) -> 18(SW)   volume = 2.0
   epoch 0:  16(SW) ->  0(gpu)   volume = 0.09375
   epoch 0:  16(SW) ->  2(gpu)   volume = 0.09375
   epoch 0:  16(SW) ->  4(gpu)   volume = 0.09375
   epoch 0:  16(SW) ->  6(gpu)   volume = 0.09375
   epoch 0:  17(SW) ->  1(gpu)   volume = 0.09375
   epoch 0:  17(SW) ->  3(gpu)   volume = 0.09375
   epoch 0:  17(SW) ->  5(gpu)   volume = 0.09375
   epoch 0:  17(SW) ->  7(gpu)   volume = 0.09375
   epoch 0:  18(SW) ->  8(gpu)   volume = 0.416667
   epoch 0:  18(SW) -> 10(gpu)   volume = 0.416667
   epoch 0:  18(SW) -> 14(gpu)   volume = 0.416667
   epoch 0:  18(SW) -> 20(SW)   volume = 0.5
   epoch 0:  18(SW) -> 21(SW)   volume = 0.25
   epoch 0:  20(SW) -> 16(SW)   volume = 0.25
   epoch 0:  20(SW) -> 17(SW)   volume = 0.25
   epoch 0:  21(SW) -> 16(SW)   volume = 0.125
   epoch 0:  21(SW) -> 17(SW)   volume = 0.125
   epoch 1:   8(gpu) ->  9(gpu)   volume = 0.416667
   epoch 1:  10(gpu) -> 11(gpu)   volume = 0.416667
   epoch 1:  13(gpu) -> 12(gpu)   volume = 1.25
   epoch 1:  13(gpu) -> 19(SW)   volume = 2.0
   epoch 1:  14(gpu) -> 15(gpu)   volume = 0.416667
   epoch 1:  16(SW) ->  0(gpu)   volume = 0.09375
   epoch 1:  16(SW) ->  2(gpu)   volume = 0.09375
   epoch 1:  16(SW) ->  4(gpu)   volume = 0.09375
   epoch 1:  16(SW) ->  6(gpu)   volume = 0.09375
   epoch 1:  17(SW) ->  1(gpu)   volume = 0.09375
   epoch 1:  17(SW) ->  3(gpu)   volume = 0.09375
   epoch 1:  17(SW) ->  5(gpu)   volume = 0.09375
   epoch 1:  17(SW) ->  7(gpu)   volume = 0.09375
   epoch 1:  19(SW) ->  9(gpu)   volume = 0.416667
   epoch 1:  19(SW) -> 11(gpu)   volume = 0.416667
   epoch 1:  19(SW) -> 15(gpu)   volume = 0.416667
   epoch 1:  19(SW) -> 20(SW)   volume = 0.5
   epoch 1:  19(SW) -> 21(SW)   volume = 0.25
   epoch 1:  20(SW) -> 16(SW)   volume = 0.25
   epoch 1:  20(SW) -> 17(SW)   volume = 0.25
   epoch 1:  21(SW) -> 16(SW)   volume = 0.125
   epoch 1:  21(SW) -> 17(SW)   volume = 0.125
   epoch 2:  13(gpu) -> 19(SW)   volume = 2.0
   epoch 2:  16(SW) ->  0(gpu)   volume = 0.09375
   epoch 2:  16(SW) ->  2(gpu)   volume = 0.09375
   epoch 2:  16(SW) ->  4(gpu)   volume = 0.09375
   epoch 2:  16(SW) ->  6(gpu)   volume = 0.09375
   epoch 2:  17(SW) ->  1(gpu)   volume = 0.09375
   epoch 2:  17(SW) ->  3(gpu)   volume = 0.09375
   epoch 2:  17(SW) ->  5(gpu)   volume = 0.09375
   epoch 2:  17(SW) ->  7(gpu)   volume = 0.09375
   epoch 2:  19(SW) ->  9(gpu)   volume = 0.416667
   epoch 2:  19(SW) -> 11(gpu)   volume = 0.416667
   epoch 2:  19(SW) -> 15(gpu)   volume = 0.416667
   epoch 2:  19(SW) -> 20(SW)   volume = 0.5
   epoch 2:  19(SW) -> 21(SW)   volume = 0.25
   epoch 2:  20(SW) -> 16(SW)   volume = 0.25
   epoch 2:  20(SW) -> 17(SW)   volume = 0.25
   epoch 2:  21(SW) -> 16(SW)   volume = 0.125
   epoch 2:  21(SW) -> 17(SW)   volume = 0.125
   epoch 3:  12(gpu) -> 18(SW)   volume = 1.25
   epoch 3:  13(gpu) -> 12(gpu)   volume = 1.25
   epoch 3:  13(gpu) -> 19(SW)   volume = 0.5
   epoch 3:  16(SW) ->  0(gpu)   volume = 0.09375
   epoch 3:  16(SW) ->  2(gpu)   volume = 0.09375
   epoch 3:  16(SW) ->  4(gpu)   volume = 0.09375
   epoch 3:  16(SW) ->  6(gpu)   volume = 0.09375
   epoch 3:  17(SW) ->  1(gpu)   volume = 0.09375
   epoch 3:  17(SW) ->  3(gpu)   volume = 0.09375
   epoch 3:  17(SW) ->  5(gpu)   volume = 0.09375
   epoch 3:  17(SW) ->  7(gpu)   volume = 0.09375
   epoch 3:  18(SW) ->  8(gpu)   volume = 0.333333
   epoch 3:  18(SW) -> 10(gpu)   volume = 0.333333
   epoch 3:  18(SW) -> 14(gpu)   volume = 0.333333
   epoch 3:  18(SW) -> 21(SW)   volume = 0.25
   epoch 3:  19(SW) -> 20(SW)   volume = 0.5
   epoch 3:  20(SW) -> 16(SW)   volume = 0.25
   epoch 3:  20(SW) -> 17(SW)   volume = 0.25
   epoch 3:  21(SW) -> 16(SW)   volume = 0.125
   epoch 3:  21(SW) -> 17(SW)   volume = 0.125
   epoch 4:  12(gpu) -> 18(SW)   volume = 1.25
   epoch 4:  13(gpu) -> 12(gpu)   volume = 5.25
   epoch 4:  13(gpu) -> 19(SW)   volume = 0.75
   epoch 4:  16(SW) ->  0(gpu)   volume = 0.09375
   epoch 4:  16(SW) ->  2(gpu)   volume = 0.09375
   epoch 4:  16(SW) ->  4(gpu)   volume = 0.09375
   epoch 4:  16(SW) ->  6(gpu)   volume = 0.09375
   epoch 4:  17(SW) ->  1(gpu)   volume = 0.09375
   epoch 4:  17(SW) ->  3(gpu)   volume = 0.09375
   epoch 4:  17(SW) ->  5(gpu)   volume = 0.09375
   epoch 4:  17(SW) ->  7(gpu)   volume = 0.09375
   epoch 4:  18(SW) ->  8(gpu)   volume = 0.416667
   epoch 4:  18(SW) -> 10(gpu)   volume = 0.416667
   epoch 4:  18(SW) -> 14(gpu)   volume = 0.416667
   epoch 4:  19(SW) -> 20(SW)   volume = 0.5
   epoch 4:  19(SW) -> 21(SW)   volume = 0.25
   epoch 4:  20(SW) -> 16(SW)   volume = 0.25
   epoch 4:  20(SW) -> 17(SW)   volume = 0.25
   epoch 4:  21(SW) -> 16(SW)   volume = 0.125
   epoch 4:  21(SW) -> 17(SW)   volume = 0.125
   epoch 5:   9(gpu) ->  8(gpu)   volume = 0.25
   epoch 5:  11(gpu) -> 10(gpu)   volume = 0.25
   epoch 5:  12(gpu) -> 13(gpu)   volume = 3.0
   epoch 5:  12(gpu) -> 18(SW)   volume = 0.75
   epoch 5:  15(gpu) -> 14(gpu)   volume = 0.25
   epoch 5:  16(SW) ->  0(gpu)   volume = 0.09375
   epoch 5:  16(SW) ->  2(gpu)   volume = 0.09375
   epoch 5:  16(SW) ->  4(gpu)   volume = 0.09375
   epoch 5:  16(SW) ->  6(gpu)   volume = 0.09375
   epoch 5:  17(SW) ->  1(gpu)   volume = 0.09375
   epoch 5:  17(SW) ->  3(gpu)   volume = 0.09375
   epoch 5:  17(SW) ->  5(gpu)   volume = 0.09375
   epoch 5:  17(SW) ->  7(gpu)   volume = 0.09375
   epoch 5:  18(SW) -> 20(SW)   volume = 0.5
   epoch 5:  18(SW) -> 21(SW)   volume = 0.25
   epoch 5:  20(SW) -> 16(SW)   volume = 0.25
   epoch 5:  20(SW) -> 17(SW)   volume = 0.25
   epoch 5:  21(SW) -> 16(SW)   volume = 0.125
   epoch 5:  21(SW) -> 17(SW)   volume = 0.125
   epoch 6:  12(gpu) -> 18(SW)   volume = 0.5
   epoch 6:  16(SW) ->  0(gpu)   volume = 0.0625
   epoch 6:  16(SW) ->  2(gpu)   volume = 0.0625
   epoch 6:  16(SW) ->  4(gpu)   volume = 0.0625
   epoch 6:  16(SW) ->  6(gpu)   volume = 0.0625
   epoch 6:  17(SW) ->  1(gpu)   volume = 0.0625
   epoch 6:  17(SW) ->  3(gpu)   volume = 0.0625
   epoch 6:  17(SW) ->  5(gpu)   volume = 0.0625
   epoch 6:  17(SW) ->  7(gpu)   volume = 0.0625
   epoch 6:  18(SW) -> 20(SW)   volume = 0.25
   epoch 6:  18(SW) -> 21(SW)   volume = 0.25
   epoch 6:  20(SW) -> 16(SW)   volume = 0.125
   epoch 6:  20(SW) -> 17(SW)   volume = 0.125
   epoch 6:  21(SW) -> 16(SW)   volume = 0.125
   epoch 6:  21(SW) -> 17(SW)   volume = 0.125
   epoch 7:  12(gpu) -> 18(SW)   volume = 0.5
   epoch 7:  13(gpu) -> 19(SW)   volume = 0.25
   epoch 7:  16(SW) ->  0(gpu)   volume = 0.09375
   epoch 7:  16(SW) ->  2(gpu)   volume = 0.09375
   epoch 7:  16(SW) ->  4(gpu)   volume = 0.09375
   epoch 7:  16(SW) ->  6(gpu)   volume = 0.09375
   epoch 7:  17(SW) ->  1(gpu)   volume = 0.09375
   epoch 7:  17(SW) ->  3(gpu)   volume = 0.09375
   epoch 7:  17(SW) ->  5(gpu)   volume = 0.09375
   epoch 7:  17(SW) ->  7(gpu)   volume = 0.09375
   epoch 7:  18(SW) -> 20(SW)   volume = 0.5
   epoch 7:  19(SW) -> 21(SW)   volume = 0.25
   epoch 7:  20(SW) -> 16(SW)   volume = 0.25
   epoch 7:  20(SW) -> 17(SW)   volume = 0.25
   epoch 7:  21(SW) -> 16(SW)   volume = 0.125
   epoch 7:  21(SW) -> 17(SW)   volume = 0.125
   epoch 8:   0(gpu) -> 16(SW)   volume = 0.15625
   epoch 8:   1(gpu) -> 17(SW)   volume = 0.15625
   epoch 8:   2(gpu) -> 16(SW)   volume = 0.15625
   epoch 8:   3(gpu) -> 17(SW)   volume = 0.15625
   epoch 8:   4(gpu) -> 16(SW)   volume = 0.15625
   epoch 8:   5(gpu) -> 17(SW)   volume = 0.15625
   epoch 8:   6(gpu) -> 16(SW)   volume = 0.15625
   epoch 8:   7(gpu) -> 17(SW)   volume = 0.15625
   epoch 8:  12(gpu) -> 18(SW)   volume = 0.5
   epoch 8:  13(gpu) -> 19(SW)   volume = 0.25
   epoch 8:  16(SW) ->  0(gpu)   volume = 0.25
   epoch 8:  16(SW) ->  2(gpu)   volume = 0.25
   epoch 8:  16(SW) ->  4(gpu)   volume = 0.25
   epoch 8:  16(SW) ->  6(gpu)   volume = 0.25
   epoch 8:  17(SW) ->  1(gpu)   volume = 0.25
   epoch 8:  17(SW) ->  3(gpu)   volume = 0.25
   epoch 8:  17(SW) ->  5(gpu)   volume = 0.25
   epoch 8:  17(SW) ->  7(gpu)   volume = 0.25
   epoch 8:  18(SW) -> 20(SW)   volume = 0.5
   epoch 8:  19(SW) -> 21(SW)   volume = 0.25
   epoch 8:  20(SW) -> 16(SW)   volume = 0.25
   epoch 8:  20(SW) -> 17(SW)   volume = 0.25
   epoch 8:  21(SW) -> 16(SW)   volume = 0.125
   epoch 8:  21(SW) -> 17(SW)   volume = 0.125
   epoch 9:   0(gpu) -> 16(SW)   volume = 0.15625
   epoch 9:   1(gpu) -> 17(SW)   volume = 0.15625
   epoch 9:   2(gpu) -> 16(SW)   volume = 0.15625
   epoch 9:   3(gpu) -> 17(SW)   volume = 0.15625
   epoch 9:   4(gpu) -> 16(SW)   volume = 0.15625
   epoch 9:   5(gpu) -> 17(SW)   volume = 0.15625
   epoch 9:   6(gpu) -> 16(SW)   volume = 0.15625
   epoch 9:   7(gpu) -> 17(SW)   volume = 0.15625
   epoch 9:  13(gpu) -> 12(gpu)   volume = 0.75
   epoch 9:  13(gpu) -> 19(SW)   volume = 0.75
   epoch 9:  16(SW) ->  0(gpu)   volume = 0.25
   epoch 9:  16(SW) ->  2(gpu)   volume = 0.25
   epoch 9:  16(SW) ->  4(gpu)   volume = 0.25
   epoch 9:  16(SW) ->  6(gpu)   volume = 0.25
   epoch 9:  17(SW) ->  1(gpu)   volume = 0.25
   epoch 9:  17(SW) ->  3(gpu)   volume = 0.25
   epoch 9:  17(SW) ->  5(gpu)   volume = 0.25
   epoch 9:  17(SW) ->  7(gpu)   volume = 0.25
   epoch 9:  19(SW) -> 20(SW)   volume = 0.5
   epoch 9:  19(SW) -> 21(SW)   volume = 0.25
   epoch 9:  20(SW) -> 16(SW)   volume = 0.25
   epoch 9:  20(SW) -> 17(SW)   volume = 0.25
   epoch 9:  21(SW) -> 16(SW)   volume = 0.125
   epoch 9:  21(SW) -> 17(SW)   volume = 0.125
   epoch 10:   0(gpu) -> 16(SW)   volume = 0.15625
   epoch 10:   1(gpu) -> 17(SW)   volume = 0.15625
   epoch 10:   2(gpu) -> 16(SW)   volume = 0.15625
   epoch 10:   3(gpu) -> 17(SW)   volume = 0.15625
   epoch 10:   4(gpu) -> 16(SW)   volume = 0.15625
   epoch 10:   5(gpu) -> 17(SW)   volume = 0.15625
   epoch 10:   6(gpu) -> 16(SW)   volume = 0.15625
   epoch 10:   7(gpu) -> 17(SW)   volume = 0.15625
   epoch 10:  12(gpu) -> 18(SW)   volume = 0.75
   epoch 10:  16(SW) ->  0(gpu)   volume = 0.25
   epoch 10:  16(SW) ->  2(gpu)   volume = 0.25
   epoch 10:  16(SW) ->  4(gpu)   volume = 0.25
   epoch 10:  16(SW) ->  6(gpu)   volume = 0.25
   epoch 10:  17(SW) ->  1(gpu)   volume = 0.25
   epoch 10:  17(SW) ->  3(gpu)   volume = 0.25
   epoch 10:  17(SW) ->  5(gpu)   volume = 0.25
   epoch 10:  17(SW) ->  7(gpu)   volume = 0.25
   epoch 10:  18(SW) -> 20(SW)   volume = 0.5
   epoch 10:  18(SW) -> 21(SW)   volume = 0.25
   epoch 10:  20(SW) -> 16(SW)   volume = 0.25
   epoch 10:  20(SW) -> 17(SW)   volume = 0.25
   epoch 10:  21(SW) -> 16(SW)   volume = 0.125
   epoch 10:  21(SW) -> 17(SW)   volume = 0.125
   epoch 11:  16(SW) -> 21(SW)   volume = 0.125
   epoch 11:  17(SW) -> 21(SW)   volume = 0.125
   epoch 11:  18(SW) -> 20(SW)   volume = 0.25
   epoch 11:  20(SW) -> 16(SW)   volume = 0.125
   epoch 11:  20(SW) -> 17(SW)   volume = 0.125
   epoch 11:  21(SW) -> 18(SW)   volume = 0.25

-- source 13 --
   epoch 0:  13(gpu) -> 12(gpu)   volume = 13.0
   epoch 0:  13(gpu) -> 19(SW)   volume = 2.0
   epoch 0:  16(SW) ->  0(gpu)   volume = 0.09375
   epoch 0:  16(SW) ->  2(gpu)   volume = 0.09375
   epoch 0:  16(SW) ->  4(gpu)   volume = 0.09375
   epoch 0:  16(SW) ->  6(gpu)   volume = 0.09375
   epoch 0:  17(SW) ->  1(gpu)   volume = 0.09375
   epoch 0:  17(SW) ->  3(gpu)   volume = 0.09375
   epoch 0:  17(SW) ->  5(gpu)   volume = 0.09375
   epoch 0:  17(SW) ->  7(gpu)   volume = 0.09375
   epoch 0:  19(SW) ->  9(gpu)   volume = 0.416667
   epoch 0:  19(SW) -> 11(gpu)   volume = 0.416667
   epoch 0:  19(SW) -> 15(gpu)   volume = 0.416667
   epoch 0:  19(SW) -> 20(SW)   volume = 0.5
   epoch 0:  19(SW) -> 21(SW)   volume = 0.25
   epoch 0:  20(SW) -> 16(SW)   volume = 0.25
   epoch 0:  20(SW) -> 17(SW)   volume = 0.25
   epoch 0:  21(SW) -> 16(SW)   volume = 0.125
   epoch 0:  21(SW) -> 17(SW)   volume = 0.125
   epoch 1:   9(gpu) ->  8(gpu)   volume = 0.416667
   epoch 1:  11(gpu) -> 10(gpu)   volume = 0.416667
   epoch 1:  12(gpu) -> 13(gpu)   volume = 1.25
   epoch 1:  12(gpu) -> 18(SW)   volume = 2.0
   epoch 1:  15(gpu) -> 14(gpu)   volume = 0.416667
   epoch 1:  16(SW) ->  0(gpu)   volume = 0.09375
   epoch 1:  16(SW) ->  2(gpu)   volume = 0.09375
   epoch 1:  16(SW) ->  4(gpu)   volume = 0.09375
   epoch 1:  16(SW) ->  6(gpu)   volume = 0.09375
   epoch 1:  17(SW) ->  1(gpu)   volume = 0.09375
   epoch 1:  17(SW) ->  3(gpu)   volume = 0.09375
   epoch 1:  17(SW) ->  5(gpu)   volume = 0.09375
   epoch 1:  17(SW) ->  7(gpu)   volume = 0.09375
   epoch 1:  18(SW) ->  8(gpu)   volume = 0.416667
   epoch 1:  18(SW) -> 10(gpu)   volume = 0.416667
   epoch 1:  18(SW) -> 14(gpu)   volume = 0.416667
   epoch 1:  18(SW) -> 20(SW)   volume = 0.5
   epoch 1:  18(SW) -> 21(SW)   volume = 0.25
   epoch 1:  20(SW) -> 16(SW)   volume = 0.25
   epoch 1:  20(SW) -> 17(SW)   volume = 0.25
   epoch 1:  21(SW) -> 16(SW)   volume = 0.125
   epoch 1:  21(SW) -> 17(SW)   volume = 0.125
   epoch 2:  12(gpu) -> 18(SW)   volume = 2.0
   epoch 2:  16(SW) ->  0(gpu)   volume = 0.09375
   epoch 2:  16(SW) ->  2(gpu)   volume = 0.09375
   epoch 2:  16(SW) ->  4(gpu)   volume = 0.09375
   epoch 2:  16(SW) ->  6(gpu)   volume = 0.09375
   epoch 2:  17(SW) ->  1(gpu)   volume = 0.09375
   epoch 2:  17(SW) ->  3(gpu)   volume = 0.09375
   epoch 2:  17(SW) ->  5(gpu)   volume = 0.09375
   epoch 2:  17(SW) ->  7(gpu)   volume = 0.09375
   epoch 2:  18(SW) ->  8(gpu)   volume = 0.416667
   epoch 2:  18(SW) -> 10(gpu)   volume = 0.416667
   epoch 2:  18(SW) -> 14(gpu)   volume = 0.416667
   epoch 2:  18(SW) -> 20(SW)   volume = 0.5
   epoch 2:  18(SW) -> 21(SW)   volume = 0.25
   epoch 2:  20(SW) -> 16(SW)   volume = 0.25
   epoch 2:  20(SW) -> 17(SW)   volume = 0.25
   epoch 2:  21(SW) -> 16(SW)   volume = 0.125
   epoch 2:  21(SW) -> 17(SW)   volume = 0.125
   epoch 3:  12(gpu) -> 13(gpu)   volume = 1.25
   epoch 3:  12(gpu) -> 18(SW)   volume = 0.5
   epoch 3:  13(gpu) -> 19(SW)   volume = 1.25
   epoch 3:  16(SW) ->  0(gpu)   volume = 0.09375
   epoch 3:  16(SW) ->  2(gpu)   volume = 0.09375
   epoch 3:  16(SW) ->  4(gpu)   volume = 0.09375
   epoch 3:  16(SW) ->  6(gpu)   volume = 0.09375
   epoch 3:  17(SW) ->  1(gpu)   volume = 0.09375
   epoch 3:  17(SW) ->  3(gpu)   volume = 0.09375
   epoch 3:  17(SW) ->  5(gpu)   volume = 0.09375
   epoch 3:  17(SW) ->  7(gpu)   volume = 0.09375
   epoch 3:  18(SW) -> 20(SW)   volume = 0.5
   epoch 3:  19(SW) ->  9(gpu)   volume = 0.333333
   epoch 3:  19(SW) -> 11(gpu)   volume = 0.333333
   epoch 3:  19(SW) -> 15(gpu)   volume = 0.333333
   epoch 3:  19(SW) -> 21(SW)   volume = 0.25
   epoch 3:  20(SW) -> 16(SW)   volume = 0.25
   epoch 3:  20(SW) -> 17(SW)   volume = 0.25
   epoch 3:  21(SW) -> 16(SW)   volume = 0.125
   epoch 3:  21(SW) -> 17(SW)   volume = 0.125
   epoch 4:  12(gpu) -> 13(gpu)   volume = 5.25
   epoch 4:  12(gpu) -> 18(SW)   volume = 0.75
   epoch 4:  13(gpu) -> 19(SW)   volume = 1.25
   epoch 4:  16(SW) ->  0(gpu)   volume = 0.09375
   epoch 4:  16(SW) ->  2(gpu)   volume = 0.09375
   epoch 4:  16(SW) ->  4(gpu)   volume = 0.09375
   epoch 4:  16(SW) ->  6(gpu)   volume = 0.09375
   epoch 4:  17(SW) ->  1(gpu)   volume = 0.09375
   epoch 4:  17(SW) ->  3(gpu)   volume = 0.09375
   epoch 4:  17(SW) ->  5(gpu)   volume = 0.09375
   epoch 4:  17(SW) ->  7(gpu)   volume = 0.09375
   epoch 4:  18(SW) -> 20(SW)   volume = 0.5
   epoch 4:  18(SW) -> 21(SW)   volume = 0.25
   epoch 4:  19(SW) ->  9(gpu)   volume = 0.416667
   epoch 4:  19(SW) -> 11(gpu)   volume = 0.416667
   epoch 4:  19(SW) -> 15(gpu)   volume = 0.416667
   epoch 4:  20(SW) -> 16(SW)   volume = 0.25
   epoch 4:  20(SW) -> 17(SW)   volume = 0.25
   epoch 4:  21(SW) -> 16(SW)   volume = 0.125
   epoch 4:  21(SW) -> 17(SW)   volume = 0.125
   epoch 5:   8(gpu) ->  9(gpu)   volume = 0.25
   epoch 5:  10(gpu) -> 11(gpu)   volume = 0.25
   epoch 5:  13(gpu) -> 12(gpu)   volume = 3.0
   epoch 5:  13(gpu) -> 19(SW)   volume = 0.75
   epoch 5:  14(gpu) -> 15(gpu)   volume = 0.25
   epoch 5:  16(SW) ->  0(gpu)   volume = 0.09375
   epoch 5:  16(SW) ->  2(gpu)   volume = 0.09375
   epoch 5:  16(SW) ->  4(gpu)   volume = 0.09375
   epoch 5:  16(SW) ->  6(gpu)   volume = 0.09375
   epoch 5:  17(SW) ->  1(gpu)   volume = 0.09375
   epoch 5:  17(SW) ->  3(gpu)   volume = 0.09375
   epoch 5:  17(SW) ->  5(gpu)   volume = 0.09375
   epoch 5:  17(SW) ->  7(gpu)   volume = 0.09375
   epoch 5:  19(SW) -> 20(SW)   volume = 0.5
   epoch 5:  19(SW) -> 21(SW)   volume = 0.25
   epoch 5:  20(SW) -> 16(SW)   volume = 0.25
   epoch 5:  20(SW) -> 17(SW)   volume = 0.25
   epoch 5:  21(SW) -> 16(SW)   volume = 0.125
   epoch 5:  21(SW) -> 17(SW)   volume = 0.125
   epoch 6:  13(gpu) -> 19(SW)   volume = 0.5
   epoch 6:  16(SW) ->  0(gpu)   volume = 0.0625
   epoch 6:  16(SW) ->  2(gpu)   volume = 0.0625
   epoch 6:  16(SW) ->  4(gpu)   volume = 0.0625
   epoch 6:  16(SW) ->  6(gpu)   volume = 0.0625
   epoch 6:  17(SW) ->  1(gpu)   volume = 0.0625
   epoch 6:  17(SW) ->  3(gpu)   volume = 0.0625
   epoch 6:  17(SW) ->  5(gpu)   volume = 0.0625
   epoch 6:  17(SW) ->  7(gpu)   volume = 0.0625
   epoch 6:  19(SW) -> 20(SW)   volume = 0.25
   epoch 6:  19(SW) -> 21(SW)   volume = 0.25
   epoch 6:  20(SW) -> 16(SW)   volume = 0.125
   epoch 6:  20(SW) -> 17(SW)   volume = 0.125
   epoch 6:  21(SW) -> 16(SW)   volume = 0.125
   epoch 6:  21(SW) -> 17(SW)   volume = 0.125
   epoch 7:  12(gpu) -> 18(SW)   volume = 0.25
   epoch 7:  13(gpu) -> 19(SW)   volume = 0.5
   epoch 7:  16(SW) ->  0(gpu)   volume = 0.09375
   epoch 7:  16(SW) ->  2(gpu)   volume = 0.09375
   epoch 7:  16(SW) ->  4(gpu)   volume = 0.09375
   epoch 7:  16(SW) ->  6(gpu)   volume = 0.09375
   epoch 7:  17(SW) ->  1(gpu)   volume = 0.09375
   epoch 7:  17(SW) ->  3(gpu)   volume = 0.09375
   epoch 7:  17(SW) ->  5(gpu)   volume = 0.09375
   epoch 7:  17(SW) ->  7(gpu)   volume = 0.09375
   epoch 7:  18(SW) -> 21(SW)   volume = 0.25
   epoch 7:  19(SW) -> 20(SW)   volume = 0.5
   epoch 7:  20(SW) -> 16(SW)   volume = 0.25
   epoch 7:  20(SW) -> 17(SW)   volume = 0.25
   epoch 7:  21(SW) -> 16(SW)   volume = 0.125
   epoch 7:  21(SW) -> 17(SW)   volume = 0.125
   epoch 8:   0(gpu) -> 16(SW)   volume = 0.15625
   epoch 8:   1(gpu) -> 17(SW)   volume = 0.15625
   epoch 8:   2(gpu) -> 16(SW)   volume = 0.15625
   epoch 8:   3(gpu) -> 17(SW)   volume = 0.15625
   epoch 8:   4(gpu) -> 16(SW)   volume = 0.15625
   epoch 8:   5(gpu) -> 17(SW)   volume = 0.15625
   epoch 8:   6(gpu) -> 16(SW)   volume = 0.15625
   epoch 8:   7(gpu) -> 17(SW)   volume = 0.15625
   epoch 8:  12(gpu) -> 18(SW)   volume = 0.25
   epoch 8:  13(gpu) -> 19(SW)   volume = 0.5
   epoch 8:  16(SW) ->  0(gpu)   volume = 0.25
   epoch 8:  16(SW) ->  2(gpu)   volume = 0.25
   epoch 8:  16(SW) ->  4(gpu)   volume = 0.25
   epoch 8:  16(SW) ->  6(gpu)   volume = 0.25
   epoch 8:  17(SW) ->  1(gpu)   volume = 0.25
   epoch 8:  17(SW) ->  3(gpu)   volume = 0.25
   epoch 8:  17(SW) ->  5(gpu)   volume = 0.25
   epoch 8:  17(SW) ->  7(gpu)   volume = 0.25
   epoch 8:  18(SW) -> 21(SW)   volume = 0.25
   epoch 8:  19(SW) -> 20(SW)   volume = 0.5
   epoch 8:  20(SW) -> 16(SW)   volume = 0.25
   epoch 8:  20(SW) -> 17(SW)   volume = 0.25
   epoch 8:  21(SW) -> 16(SW)   volume = 0.125
   epoch 8:  21(SW) -> 17(SW)   volume = 0.125
   epoch 9:   0(gpu) -> 16(SW)   volume = 0.15625
   epoch 9:   1(gpu) -> 17(SW)   volume = 0.15625
   epoch 9:   2(gpu) -> 16(SW)   volume = 0.15625
   epoch 9:   3(gpu) -> 17(SW)   volume = 0.15625
   epoch 9:   4(gpu) -> 16(SW)   volume = 0.15625
   epoch 9:   5(gpu) -> 17(SW)   volume = 0.15625
   epoch 9:   6(gpu) -> 16(SW)   volume = 0.15625
   epoch 9:   7(gpu) -> 17(SW)   volume = 0.15625
   epoch 9:  12(gpu) -> 13(gpu)   volume = 0.75
   epoch 9:  12(gpu) -> 18(SW)   volume = 0.75
   epoch 9:  16(SW) ->  0(gpu)   volume = 0.25
   epoch 9:  16(SW) ->  2(gpu)   volume = 0.25
   epoch 9:  16(SW) ->  4(gpu)   volume = 0.25
   epoch 9:  16(SW) ->  6(gpu)   volume = 0.25
   epoch 9:  17(SW) ->  1(gpu)   volume = 0.25
   epoch 9:  17(SW) ->  3(gpu)   volume = 0.25
   epoch 9:  17(SW) ->  5(gpu)   volume = 0.25
   epoch 9:  17(SW) ->  7(gpu)   volume = 0.25
   epoch 9:  18(SW) -> 20(SW)   volume = 0.5
   epoch 9:  18(SW) -> 21(SW)   volume = 0.25
   epoch 9:  20(SW) -> 16(SW)   volume = 0.25
   epoch 9:  20(SW) -> 17(SW)   volume = 0.25
   epoch 9:  21(SW) -> 16(SW)   volume = 0.125
   epoch 9:  21(SW) -> 17(SW)   volume = 0.125
   epoch 10:   0(gpu) -> 16(SW)   volume = 0.15625
   epoch 10:   1(gpu) -> 17(SW)   volume = 0.15625
   epoch 10:   2(gpu) -> 16(SW)   volume = 0.15625
   epoch 10:   3(gpu) -> 17(SW)   volume = 0.15625
   epoch 10:   4(gpu) -> 16(SW)   volume = 0.15625
   epoch 10:   5(gpu) -> 17(SW)   volume = 0.15625
   epoch 10:   6(gpu) -> 16(SW)   volume = 0.15625
   epoch 10:   7(gpu) -> 17(SW)   volume = 0.15625
   epoch 10:  13(gpu) -> 19(SW)   volume = 0.75
   epoch 10:  16(SW) ->  0(gpu)   volume = 0.25
   epoch 10:  16(SW) ->  2(gpu)   volume = 0.25
   epoch 10:  16(SW) ->  4(gpu)   volume = 0.25
   epoch 10:  16(SW) ->  6(gpu)   volume = 0.25
   epoch 10:  17(SW) ->  1(gpu)   volume = 0.25
   epoch 10:  17(SW) ->  3(gpu)   volume = 0.25
   epoch 10:  17(SW) ->  5(gpu)   volume = 0.25
   epoch 10:  17(SW) ->  7(gpu)   volume = 0.25
   epoch 10:  19(SW) -> 20(SW)   volume = 0.5
   epoch 10:  19(SW) -> 21(SW)   volume = 0.25
   epoch 10:  20(SW) -> 16(SW)   volume = 0.25
   epoch 10:  20(SW) -> 17(SW)   volume = 0.25
   epoch 10:  21(SW) -> 16(SW)   volume = 0.125
   epoch 10:  21(SW) -> 17(SW)   volume = 0.125
   epoch 11:  16(SW) -> 21(SW)   volume = 0.125
   epoch 11:  17(SW) -> 21(SW)   volume = 0.125
   epoch 11:  19(SW) -> 20(SW)   volume = 0.25
   epoch 11:  20(SW) -> 16(SW)   volume = 0.125
   epoch 11:  20(SW) -> 17(SW)   volume = 0.125
   epoch 11:  21(SW) -> 19(SW)   volume = 0.25

-- source 14 --
   epoch 0:  14(gpu) -> 15(gpu)   volume = 13.0
   epoch 0:  14(gpu) -> 18(SW)   volume = 2.0
   epoch 0:  16(SW) ->  0(gpu)   volume = 0.09375
   epoch 0:  16(SW) ->  2(gpu)   volume = 0.09375
   epoch 0:  16(SW) ->  4(gpu)   volume = 0.09375
   epoch 0:  16(SW) ->  6(gpu)   volume = 0.09375
   epoch 0:  17(SW) ->  1(gpu)   volume = 0.09375
   epoch 0:  17(SW) ->  3(gpu)   volume = 0.09375
   epoch 0:  17(SW) ->  5(gpu)   volume = 0.09375
   epoch 0:  17(SW) ->  7(gpu)   volume = 0.09375
   epoch 0:  18(SW) ->  8(gpu)   volume = 0.416667
   epoch 0:  18(SW) -> 10(gpu)   volume = 0.416667
   epoch 0:  18(SW) -> 12(gpu)   volume = 0.416667
   epoch 0:  18(SW) -> 20(SW)   volume = 0.5
   epoch 0:  18(SW) -> 21(SW)   volume = 0.25
   epoch 0:  20(SW) -> 16(SW)   volume = 0.25
   epoch 0:  20(SW) -> 17(SW)   volume = 0.25
   epoch 0:  21(SW) -> 16(SW)   volume = 0.125
   epoch 0:  21(SW) -> 17(SW)   volume = 0.125
   epoch 1:   8(gpu) ->  9(gpu)   volume = 0.416667
   epoch 1:  10(gpu) -> 11(gpu)   volume = 0.416667
   epoch 1:  12(gpu) -> 13(gpu)   volume = 0.416667
   epoch 1:  15(gpu) -> 14(gpu)   volume = 1.25
   epoch 1:  15(gpu) -> 19(SW)   volume = 2.0
   epoch 1:  16(SW) ->  0(gpu)   volume = 0.09375
   epoch 1:  16(SW) ->  2(gpu)   volume = 0.09375
   epoch 1:  16(SW) ->  4(gpu)   volume = 0.09375
   epoch 1:  16(SW) ->  6(gpu)   volume = 0.09375
   epoch 1:  17(SW) ->  1(gpu)   volume = 0.09375
   epoch 1:  17(SW) ->  3(gpu)   volume = 0.09375
   epoch 1:  17(SW) ->  5(gpu)   volume = 0.09375
   epoch 1:  17(SW) ->  7(gpu)   volume = 0.09375
   epoch 1:  19(SW) ->  9(gpu)   volume = 0.416667
   epoch 1:  19(SW) -> 11(gpu)   volume = 0.416667
   epoch 1:  19(SW) -> 13(gpu)   volume = 0.416667
   epoch 1:  19(SW) -> 20(SW)   volume = 0.5
   epoch 1:  19(SW) -> 21(SW)   volume = 0.25
   epoch 1:  20(SW) -> 16(SW)   volume = 0.25
   epoch 1:  20(SW) -> 17(SW)   volume = 0.25
   epoch 1:  21(SW) -> 16(SW)   volume = 0.125
   epoch 1:  21(SW) -> 17(SW)   volume = 0.125
   epoch 2:  15(gpu) -> 19(SW)   volume = 2.0
   epoch 2:  16(SW) ->  0(gpu)   volume = 0.09375
   epoch 2:  16(SW) ->  2(gpu)   volume = 0.09375
   epoch 2:  16(SW) ->  4(gpu)   volume = 0.09375
   epoch 2:  16(SW) ->  6(gpu)   volume = 0.09375
   epoch 2:  17(SW) ->  1(gpu)   volume = 0.09375
   epoch 2:  17(SW) ->  3(gpu)   volume = 0.09375
   epoch 2:  17(SW) ->  5(gpu)   volume = 0.09375
   epoch 2:  17(SW) ->  7(gpu)   volume = 0.09375
   epoch 2:  19(SW) ->  9(gpu)   volume = 0.416667
   epoch 2:  19(SW) -> 11(gpu)   volume = 0.416667
   epoch 2:  19(SW) -> 13(gpu)   volume = 0.416667
   epoch 2:  19(SW) -> 20(SW)   volume = 0.5
   epoch 2:  19(SW) -> 21(SW)   volume = 0.25
   epoch 2:  20(SW) -> 16(SW)   volume = 0.25
   epoch 2:  20(SW) -> 17(SW)   volume = 0.25
   epoch 2:  21(SW) -> 16(SW)   volume = 0.125
   epoch 2:  21(SW) -> 17(SW)   volume = 0.125
   epoch 3:  14(gpu) -> 18(SW)   volume = 1.25
   epoch 3:  15(gpu) -> 14(gpu)   volume = 1.25
   epoch 3:  15(gpu) -> 19(SW)   volume = 0.5
   epoch 3:  16(SW) ->  0(gpu)   volume = 0.09375
   epoch 3:  16(SW) ->  2(gpu)   volume = 0.09375
   epoch 3:  16(SW) ->  4(gpu)   volume = 0.09375
   epoch 3:  16(SW) ->  6(gpu)   volume = 0.09375
   epoch 3:  17(SW) ->  1(gpu)   volume = 0.09375
   epoch 3:  17(SW) ->  3(gpu)   volume = 0.09375
   epoch 3:  17(SW) ->  5(gpu)   volume = 0.09375
   epoch 3:  17(SW) ->  7(gpu)   volume = 0.09375
   epoch 3:  18(SW) ->  8(gpu)   volume = 0.333333
   epoch 3:  18(SW) -> 10(gpu)   volume = 0.333333
   epoch 3:  18(SW) -> 12(gpu)   volume = 0.333333
   epoch 3:  18(SW) -> 21(SW)   volume = 0.25
   epoch 3:  19(SW) -> 20(SW)   volume = 0.5
   epoch 3:  20(SW) -> 16(SW)   volume = 0.25
   epoch 3:  20(SW) -> 17(SW)   volume = 0.25
   epoch 3:  21(SW) -> 16(SW)   volume = 0.125
   epoch 3:  21(SW) -> 17(SW)   volume = 0.125
   epoch 4:  14(gpu) -> 18(SW)   volume = 1.25
   epoch 4:  15(gpu) -> 14(gpu)   volume = 5.25
   epoch 4:  15(gpu) -> 19(SW)   volume = 0.75
   epoch 4:  16(SW) ->  0(gpu)   volume = 0.09375
   epoch 4:  16(SW) ->  2(gpu)   volume = 0.09375
   epoch 4:  16(SW) ->  4(gpu)   volume = 0.09375
   epoch 4:  16(SW) ->  6(gpu)   volume = 0.09375
   epoch 4:  17(SW) ->  1(gpu)   volume = 0.09375
   epoch 4:  17(SW) ->  3(gpu)   volume = 0.09375
   epoch 4:  17(SW) ->  5(gpu)   volume = 0.09375
   epoch 4:  17(SW) ->  7(gpu)   volume = 0.09375
   epoch 4:  18(SW) ->  8(gpu)   volume = 0.416667
   epoch 4:  18(SW) -> 10(gpu)   volume = 0.416667
   epoch 4:  18(SW) -> 12(gpu)   volume = 0.416667
   epoch 4:  19(SW) -> 20(SW)   volume = 0.5
   epoch 4:  19(SW) -> 21(SW)   volume = 0.25
   epoch 4:  20(SW) -> 16(SW)   volume = 0.25
   epoch 4:  20(SW) -> 17(SW)   volume = 0.25
   epoch 4:  21(SW) -> 16(SW)   volume = 0.125
   epoch 4:  21(SW) -> 17(SW)   volume = 0.125
   epoch 5:   9(gpu) ->  8(gpu)   volume = 0.25
   epoch 5:  11(gpu) -> 10(gpu)   volume = 0.25
   epoch 5:  13(gpu) -> 12(gpu)   volume = 0.25
   epoch 5:  14(gpu) -> 15(gpu)   volume = 3.0
   epoch 5:  14(gpu) -> 18(SW)   volume = 0.75
   epoch 5:  16(SW) ->  0(gpu)   volume = 0.09375
   epoch 5:  16(SW) ->  2(gpu)   volume = 0.09375
   epoch 5:  16(SW) ->  4(gpu)   volume = 0.09375
   epoch 5:  16(SW) ->  6(gpu)   volume = 0.09375
   epoch 5:  17(SW) ->  1(gpu)   volume = 0.09375
   epoch 5:  17(SW) ->  3(gpu)   volume = 0.09375
   epoch 5:  17(SW) ->  5(gpu)   volume = 0.09375
   epoch 5:  17(SW) ->  7(gpu)   volume = 0.09375
   epoch 5:  18(SW) -> 20(SW)   volume = 0.5
   epoch 5:  18(SW) -> 21(SW)   volume = 0.25
   epoch 5:  20(SW) -> 16(SW)   volume = 0.25
   epoch 5:  20(SW) -> 17(SW)   volume = 0.25
   epoch 5:  21(SW) -> 16(SW)   volume = 0.125
   epoch 5:  21(SW) -> 17(SW)   volume = 0.125
   epoch 6:  14(gpu) -> 18(SW)   volume = 0.5
   epoch 6:  16(SW) ->  0(gpu)   volume = 0.0625
   epoch 6:  16(SW) ->  2(gpu)   volume = 0.0625
   epoch 6:  16(SW) ->  4(gpu)   volume = 0.0625
   epoch 6:  16(SW) ->  6(gpu)   volume = 0.0625
   epoch 6:  17(SW) ->  1(gpu)   volume = 0.0625
   epoch 6:  17(SW) ->  3(gpu)   volume = 0.0625
   epoch 6:  17(SW) ->  5(gpu)   volume = 0.0625
   epoch 6:  17(SW) ->  7(gpu)   volume = 0.0625
   epoch 6:  18(SW) -> 20(SW)   volume = 0.25
   epoch 6:  18(SW) -> 21(SW)   volume = 0.25
   epoch 6:  20(SW) -> 16(SW)   volume = 0.125
   epoch 6:  20(SW) -> 17(SW)   volume = 0.125
   epoch 6:  21(SW) -> 16(SW)   volume = 0.125
   epoch 6:  21(SW) -> 17(SW)   volume = 0.125
   epoch 7:  14(gpu) -> 18(SW)   volume = 0.5
   epoch 7:  15(gpu) -> 19(SW)   volume = 0.25
   epoch 7:  16(SW) ->  0(gpu)   volume = 0.09375
   epoch 7:  16(SW) ->  2(gpu)   volume = 0.09375
   epoch 7:  16(SW) ->  4(gpu)   volume = 0.09375
   epoch 7:  16(SW) ->  6(gpu)   volume = 0.09375
   epoch 7:  17(SW) ->  1(gpu)   volume = 0.09375
   epoch 7:  17(SW) ->  3(gpu)   volume = 0.09375
   epoch 7:  17(SW) ->  5(gpu)   volume = 0.09375
   epoch 7:  17(SW) ->  7(gpu)   volume = 0.09375
   epoch 7:  18(SW) -> 20(SW)   volume = 0.5
   epoch 7:  19(SW) -> 21(SW)   volume = 0.25
   epoch 7:  20(SW) -> 16(SW)   volume = 0.25
   epoch 7:  20(SW) -> 17(SW)   volume = 0.25
   epoch 7:  21(SW) -> 16(SW)   volume = 0.125
   epoch 7:  21(SW) -> 17(SW)   volume = 0.125
   epoch 8:   0(gpu) -> 16(SW)   volume = 0.15625
   epoch 8:   1(gpu) -> 17(SW)   volume = 0.15625
   epoch 8:   2(gpu) -> 16(SW)   volume = 0.15625
   epoch 8:   3(gpu) -> 17(SW)   volume = 0.15625
   epoch 8:   4(gpu) -> 16(SW)   volume = 0.15625
   epoch 8:   5(gpu) -> 17(SW)   volume = 0.15625
   epoch 8:   6(gpu) -> 16(SW)   volume = 0.15625
   epoch 8:   7(gpu) -> 17(SW)   volume = 0.15625
   epoch 8:  14(gpu) -> 18(SW)   volume = 0.5
   epoch 8:  15(gpu) -> 19(SW)   volume = 0.25
   epoch 8:  16(SW) ->  0(gpu)   volume = 0.25
   epoch 8:  16(SW) ->  2(gpu)   volume = 0.25
   epoch 8:  16(SW) ->  4(gpu)   volume = 0.25
   epoch 8:  16(SW) ->  6(gpu)   volume = 0.25
   epoch 8:  17(SW) ->  1(gpu)   volume = 0.25
   epoch 8:  17(SW) ->  3(gpu)   volume = 0.25
   epoch 8:  17(SW) ->  5(gpu)   volume = 0.25
   epoch 8:  17(SW) ->  7(gpu)   volume = 0.25
   epoch 8:  18(SW) -> 20(SW)   volume = 0.5
   epoch 8:  19(SW) -> 21(SW)   volume = 0.25
   epoch 8:  20(SW) -> 16(SW)   volume = 0.25
   epoch 8:  20(SW) -> 17(SW)   volume = 0.25
   epoch 8:  21(SW) -> 16(SW)   volume = 0.125
   epoch 8:  21(SW) -> 17(SW)   volume = 0.125
   epoch 9:   0(gpu) -> 16(SW)   volume = 0.15625
   epoch 9:   1(gpu) -> 17(SW)   volume = 0.15625
   epoch 9:   2(gpu) -> 16(SW)   volume = 0.15625
   epoch 9:   3(gpu) -> 17(SW)   volume = 0.15625
   epoch 9:   4(gpu) -> 16(SW)   volume = 0.15625
   epoch 9:   5(gpu) -> 17(SW)   volume = 0.15625
   epoch 9:   6(gpu) -> 16(SW)   volume = 0.15625
   epoch 9:   7(gpu) -> 17(SW)   volume = 0.15625
   epoch 9:  15(gpu) -> 14(gpu)   volume = 0.75
   epoch 9:  15(gpu) -> 19(SW)   volume = 0.75
   epoch 9:  16(SW) ->  0(gpu)   volume = 0.25
   epoch 9:  16(SW) ->  2(gpu)   volume = 0.25
   epoch 9:  16(SW) ->  4(gpu)   volume = 0.25
   epoch 9:  16(SW) ->  6(gpu)   volume = 0.25
   epoch 9:  17(SW) ->  1(gpu)   volume = 0.25
   epoch 9:  17(SW) ->  3(gpu)   volume = 0.25
   epoch 9:  17(SW) ->  5(gpu)   volume = 0.25
   epoch 9:  17(SW) ->  7(gpu)   volume = 0.25
   epoch 9:  19(SW) -> 20(SW)   volume = 0.5
   epoch 9:  19(SW) -> 21(SW)   volume = 0.25
   epoch 9:  20(SW) -> 16(SW)   volume = 0.25
   epoch 9:  20(SW) -> 17(SW)   volume = 0.25
   epoch 9:  21(SW) -> 16(SW)   volume = 0.125
   epoch 9:  21(SW) -> 17(SW)   volume = 0.125
   epoch 10:   0(gpu) -> 16(SW)   volume = 0.15625
   epoch 10:   1(gpu) -> 17(SW)   volume = 0.15625
   epoch 10:   2(gpu) -> 16(SW)   volume = 0.15625
   epoch 10:   3(gpu) -> 17(SW)   volume = 0.15625
   epoch 10:   4(gpu) -> 16(SW)   volume = 0.15625
   epoch 10:   5(gpu) -> 17(SW)   volume = 0.15625
   epoch 10:   6(gpu) -> 16(SW)   volume = 0.15625
   epoch 10:   7(gpu) -> 17(SW)   volume = 0.15625
   epoch 10:  14(gpu) -> 18(SW)   volume = 0.75
   epoch 10:  16(SW) ->  0(gpu)   volume = 0.25
   epoch 10:  16(SW) ->  2(gpu)   volume = 0.25
   epoch 10:  16(SW) ->  4(gpu)   volume = 0.25
   epoch 10:  16(SW) ->  6(gpu)   volume = 0.25
   epoch 10:  17(SW) ->  1(gpu)   volume = 0.25
   epoch 10:  17(SW) ->  3(gpu)   volume = 0.25
   epoch 10:  17(SW) ->  5(gpu)   volume = 0.25
   epoch 10:  17(SW) ->  7(gpu)   volume = 0.25
   epoch 10:  18(SW) -> 20(SW)   volume = 0.5
   epoch 10:  18(SW) -> 21(SW)   volume = 0.25
   epoch 10:  20(SW) -> 16(SW)   volume = 0.25
   epoch 10:  20(SW) -> 17(SW)   volume = 0.25
   epoch 10:  21(SW) -> 16(SW)   volume = 0.125
   epoch 10:  21(SW) -> 17(SW)   volume = 0.125
   epoch 11:  16(SW) -> 21(SW)   volume = 0.125
   epoch 11:  17(SW) -> 21(SW)   volume = 0.125
   epoch 11:  18(SW) -> 20(SW)   volume = 0.25
   epoch 11:  20(SW) -> 16(SW)   volume = 0.125
   epoch 11:  20(SW) -> 17(SW)   volume = 0.125
   epoch 11:  21(SW) -> 18(SW)   volume = 0.25

-- source 15 --
   epoch 0:  15(gpu) -> 14(gpu)   volume = 13.0
   epoch 0:  15(gpu) -> 19(SW)   volume = 2.0
   epoch 0:  16(SW) ->  0(gpu)   volume = 0.09375
   epoch 0:  16(SW) ->  2(gpu)   volume = 0.09375
   epoch 0:  16(SW) ->  4(gpu)   volume = 0.09375
   epoch 0:  16(SW) ->  6(gpu)   volume = 0.09375
   epoch 0:  17(SW) ->  1(gpu)   volume = 0.09375
   epoch 0:  17(SW) ->  3(gpu)   volume = 0.09375
   epoch 0:  17(SW) ->  5(gpu)   volume = 0.09375
   epoch 0:  17(SW) ->  7(gpu)   volume = 0.09375
   epoch 0:  19(SW) ->  9(gpu)   volume = 0.416667
   epoch 0:  19(SW) -> 11(gpu)   volume = 0.416667
   epoch 0:  19(SW) -> 13(gpu)   volume = 0.416667
   epoch 0:  19(SW) -> 20(SW)   volume = 0.5
   epoch 0:  19(SW) -> 21(SW)   volume = 0.25
   epoch 0:  20(SW) -> 16(SW)   volume = 0.25
   epoch 0:  20(SW) -> 17(SW)   volume = 0.25
   epoch 0:  21(SW) -> 16(SW)   volume = 0.125
   epoch 0:  21(SW) -> 17(SW)   volume = 0.125
   epoch 1:   9(gpu) ->  8(gpu)   volume = 0.416667
   epoch 1:  11(gpu) -> 10(gpu)   volume = 0.416667
   epoch 1:  13(gpu) -> 12(gpu)   volume = 0.416667
   epoch 1:  14(gpu) -> 15(gpu)   volume = 1.25
   epoch 1:  14(gpu) -> 18(SW)   volume = 2.0
   epoch 1:  16(SW) ->  0(gpu)   volume = 0.09375
   epoch 1:  16(SW) ->  2(gpu)   volume = 0.09375
   epoch 1:  16(SW) ->  4(gpu)   volume = 0.09375
   epoch 1:  16(SW) ->  6(gpu)   volume = 0.09375
   epoch 1:  17(SW) ->  1(gpu)   volume = 0.09375
   epoch 1:  17(SW) ->  3(gpu)   volume = 0.09375
   epoch 1:  17(SW) ->  5(gpu)   volume = 0.09375
   epoch 1:  17(SW) ->  7(gpu)   volume = 0.09375
   epoch 1:  18(SW) ->  8(gpu)   volume = 0.416667
   epoch 1:  18(SW) -> 10(gpu)   volume = 0.416667
   epoch 1:  18(SW) -> 12(gpu)   volume = 0.416667
   epoch 1:  18(SW) -> 20(SW)   volume = 0.5
   epoch 1:  18(SW) -> 21(SW)   volume = 0.25
   epoch 1:  20(SW) -> 16(SW)   volume = 0.25
   epoch 1:  20(SW) -> 17(SW)   volume = 0.25
   epoch 1:  21(SW) -> 16(SW)   volume = 0.125
   epoch 1:  21(SW) -> 17(SW)   volume = 0.125
   epoch 2:  14(gpu) -> 18(SW)   volume = 2.0
   epoch 2:  16(SW) ->  0(gpu)   volume = 0.09375
   epoch 2:  16(SW) ->  2(gpu)   volume = 0.09375
   epoch 2:  16(SW) ->  4(gpu)   volume = 0.09375
   epoch 2:  16(SW) ->  6(gpu)   volume = 0.09375
   epoch 2:  17(SW) ->  1(gpu)   volume = 0.09375
   epoch 2:  17(SW) ->  3(gpu)   volume = 0.09375
   epoch 2:  17(SW) ->  5(gpu)   volume = 0.09375
   epoch 2:  17(SW) ->  7(gpu)   volume = 0.09375
   epoch 2:  18(SW) ->  8(gpu)   volume = 0.416667
   epoch 2:  18(SW) -> 10(gpu)   volume = 0.416667
   epoch 2:  18(SW) -> 12(gpu)   volume = 0.416667
   epoch 2:  18(SW) -> 20(SW)   volume = 0.5
   epoch 2:  18(SW) -> 21(SW)   volume = 0.25
   epoch 2:  20(SW) -> 16(SW)   volume = 0.25
   epoch 2:  20(SW) -> 17(SW)   volume = 0.25
   epoch 2:  21(SW) -> 16(SW)   volume = 0.125
   epoch 2:  21(SW) -> 17(SW)   volume = 0.125
   epoch 3:  14(gpu) -> 15(gpu)   volume = 1.25
   epoch 3:  14(gpu) -> 18(SW)   volume = 0.5
   epoch 3:  15(gpu) -> 19(SW)   volume = 1.25
   epoch 3:  16(SW) ->  0(gpu)   volume = 0.09375
   epoch 3:  16(SW) ->  2(gpu)   volume = 0.09375
   epoch 3:  16(SW) ->  4(gpu)   volume = 0.09375
   epoch 3:  16(SW) ->  6(gpu)   volume = 0.09375
   epoch 3:  17(SW) ->  1(gpu)   volume = 0.09375
   epoch 3:  17(SW) ->  3(gpu)   volume = 0.09375
   epoch 3:  17(SW) ->  5(gpu)   volume = 0.09375
   epoch 3:  17(SW) ->  7(gpu)   volume = 0.09375
   epoch 3:  18(SW) -> 20(SW)   volume = 0.5
   epoch 3:  19(SW) ->  9(gpu)   volume = 0.333333
   epoch 3:  19(SW) -> 11(gpu)   volume = 0.333333
   epoch 3:  19(SW) -> 13(gpu)   volume = 0.333333
   epoch 3:  19(SW) -> 21(SW)   volume = 0.25
   epoch 3:  20(SW) -> 16(SW)   volume = 0.25
   epoch 3:  20(SW) -> 17(SW)   volume = 0.25
   epoch 3:  21(SW) -> 16(SW)   volume = 0.125
   epoch 3:  21(SW) -> 17(SW)   volume = 0.125
   epoch 4:  14(gpu) -> 15(gpu)   volume = 5.25
   epoch 4:  14(gpu) -> 18(SW)   volume = 0.75
   epoch 4:  15(gpu) -> 19(SW)   volume = 1.25
   epoch 4:  16(SW) ->  0(gpu)   volume = 0.09375
   epoch 4:  16(SW) ->  2(gpu)   volume = 0.09375
   epoch 4:  16(SW) ->  4(gpu)   volume = 0.09375
   epoch 4:  16(SW) ->  6(gpu)   volume = 0.09375
   epoch 4:  17(SW) ->  1(gpu)   volume = 0.09375
   epoch 4:  17(SW) ->  3(gpu)   volume = 0.09375
   epoch 4:  17(SW) ->  5(gpu)   volume = 0.09375
   epoch 4:  17(SW) ->  7(gpu)   volume = 0.09375
   epoch 4:  18(SW) -> 20(SW)   volume = 0.5
   epoch 4:  18(SW) -> 21(SW)   volume = 0.25
   epoch 4:  19(SW) ->  9(gpu)   volume = 0.416667
   epoch 4:  19(SW) -> 11(gpu)   volume = 0.416667
   epoch 4:  19(SW) -> 13(gpu)   volume = 0.416667
   epoch 4:  20(SW) -> 16(SW)   volume = 0.25
   epoch 4:  20(SW) -> 17(SW)   volume = 0.25
   epoch 4:  21(SW) -> 16(SW)   volume = 0.125
   epoch 4:  21(SW) -> 17(SW)   volume = 0.125
   epoch 5:   8(gpu) ->  9(gpu)   volume = 0.25
   epoch 5:  10(gpu) -> 11(gpu)   volume = 0.25
   epoch 5:  12(gpu) -> 13(gpu)   volume = 0.25
   epoch 5:  15(gpu) -> 14(gpu)   volume = 3.0
   epoch 5:  15(gpu) -> 19(SW)   volume = 0.75
   epoch 5:  16(SW) ->  0(gpu)   volume = 0.09375
   epoch 5:  16(SW) ->  2(gpu)   volume = 0.09375
   epoch 5:  16(SW) ->  4(gpu)   volume = 0.09375
   epoch 5:  16(SW) ->  6(gpu)   volume = 0.09375
   epoch 5:  17(SW) ->  1(gpu)   volume = 0.09375
   epoch 5:  17(SW) ->  3(gpu)   volume = 0.09375
   epoch 5:  17(SW) ->  5(gpu)   volume = 0.09375
   epoch 5:  17(SW) ->  7(gpu)   volume = 0.09375
   epoch 5:  19(SW) -> 20(SW)   volume = 0.5
   epoch 5:  19(SW) -> 21(SW)   volume = 0.25
   epoch 5:  20(SW) -> 16(SW)   volume = 0.25
   epoch 5:  20(SW) -> 17(SW)   volume = 0.25
   epoch 5:  21(SW) -> 16(SW)   volume = 0.125
   epoch 5:  21(SW) -> 17(SW)   volume = 0.125
   epoch 6:  15(gpu) -> 19(SW)   volume = 0.5
   epoch 6:  16(SW) ->  0(gpu)   volume = 0.0625
   epoch 6:  16(SW) ->  2(gpu)   volume = 0.0625
   epoch 6:  16(SW) ->  4(gpu)   volume = 0.0625
   epoch 6:  16(SW) ->  6(gpu)   volume = 0.0625
   epoch 6:  17(SW) ->  1(gpu)   volume = 0.0625
   epoch 6:  17(SW) ->  3(gpu)   volume = 0.0625
   epoch 6:  17(SW) ->  5(gpu)   volume = 0.0625
   epoch 6:  17(SW) ->  7(gpu)   volume = 0.0625
   epoch 6:  19(SW) -> 20(SW)   volume = 0.25
   epoch 6:  19(SW) -> 21(SW)   volume = 0.25
   epoch 6:  20(SW) -> 16(SW)   volume = 0.125
   epoch 6:  20(SW) -> 17(SW)   volume = 0.125
   epoch 6:  21(SW) -> 16(SW)   volume = 0.125
   epoch 6:  21(SW) -> 17(SW)   volume = 0.125
   epoch 7:  14(gpu) -> 18(SW)   volume = 0.25
   epoch 7:  15(gpu) -> 19(SW)   volume = 0.5
   epoch 7:  16(SW) ->  0(gpu)   volume = 0.09375
   epoch 7:  16(SW) ->  2(gpu)   volume = 0.09375
   epoch 7:  16(SW) ->  4(gpu)   volume = 0.09375
   epoch 7:  16(SW) ->  6(gpu)   volume = 0.09375
   epoch 7:  17(SW) ->  1(gpu)   volume = 0.09375
   epoch 7:  17(SW) ->  3(gpu)   volume = 0.09375
   epoch 7:  17(SW) ->  5(gpu)   volume = 0.09375
   epoch 7:  17(SW) ->  7(gpu)   volume = 0.09375
   epoch 7:  18(SW) -> 21(SW)   volume = 0.25
   epoch 7:  19(SW) -> 20(SW)   volume = 0.5
   epoch 7:  20(SW) -> 16(SW)   volume = 0.25
   epoch 7:  20(SW) -> 17(SW)   volume = 0.25
   epoch 7:  21(SW) -> 16(SW)   volume = 0.125
   epoch 7:  21(SW) -> 17(SW)   volume = 0.125
   epoch 8:   0(gpu) -> 16(SW)   volume = 0.15625
   epoch 8:   1(gpu) -> 17(SW)   volume = 0.15625
   epoch 8:   2(gpu) -> 16(SW)   volume = 0.15625
   epoch 8:   3(gpu) -> 17(SW)   volume = 0.15625
   epoch 8:   4(gpu) -> 16(SW)   volume = 0.15625
   epoch 8:   5(gpu) -> 17(SW)   volume = 0.15625
   epoch 8:   6(gpu) -> 16(SW)   volume = 0.15625
   epoch 8:   7(gpu) -> 17(SW)   volume = 0.15625
   epoch 8:  14(gpu) -> 18(SW)   volume = 0.25
   epoch 8:  15(gpu) -> 19(SW)   volume = 0.5
   epoch 8:  16(SW) ->  0(gpu)   volume = 0.25
   epoch 8:  16(SW) ->  2(gpu)   volume = 0.25
   epoch 8:  16(SW) ->  4(gpu)   volume = 0.25
   epoch 8:  16(SW) ->  6(gpu)   volume = 0.25
   epoch 8:  17(SW) ->  1(gpu)   volume = 0.25
   epoch 8:  17(SW) ->  3(gpu)   volume = 0.25
   epoch 8:  17(SW) ->  5(gpu)   volume = 0.25
   epoch 8:  17(SW) ->  7(gpu)   volume = 0.25
   epoch 8:  18(SW) -> 21(SW)   volume = 0.25
   epoch 8:  19(SW) -> 20(SW)   volume = 0.5
   epoch 8:  20(SW) -> 16(SW)   volume = 0.25
   epoch 8:  20(SW) -> 17(SW)   volume = 0.25
   epoch 8:  21(SW) -> 16(SW)   volume = 0.125
   epoch 8:  21(SW) -> 17(SW)   volume = 0.125
   epoch 9:   0(gpu) -> 16(SW)   volume = 0.15625
   epoch 9:   1(gpu) -> 17(SW)   volume = 0.15625
   epoch 9:   2(gpu) -> 16(SW)   volume = 0.15625
   epoch 9:   3(gpu) -> 17(SW)   volume = 0.15625
   epoch 9:   4(gpu) -> 16(SW)   volume = 0.15625
   epoch 9:   5(gpu) -> 17(SW)   volume = 0.15625
   epoch 9:   6(gpu) -> 16(SW)   volume = 0.15625
   epoch 9:   7(gpu) -> 17(SW)   volume = 0.15625
   epoch 9:  14(gpu) -> 15(gpu)   volume = 0.75
   epoch 9:  14(gpu) -> 18(SW)   volume = 0.75
   epoch 9:  16(SW) ->  0(gpu)   volume = 0.25
   epoch 9:  16(SW) ->  2(gpu)   volume = 0.25
   epoch 9:  16(SW) ->  4(gpu)   volume = 0.25
   epoch 9:  16(SW) ->  6(gpu)   volume = 0.25
   epoch 9:  17(SW) ->  1(gpu)   volume = 0.25
   epoch 9:  17(SW) ->  3(gpu)   volume = 0.25
   epoch 9:  17(SW) ->  5(gpu)   volume = 0.25
   epoch 9:  17(SW) ->  7(gpu)   volume = 0.25
   epoch 9:  18(SW) -> 20(SW)   volume = 0.5
   epoch 9:  18(SW) -> 21(SW)   volume = 0.25
   epoch 9:  20(SW) -> 16(SW)   volume = 0.25
   epoch 9:  20(SW) -> 17(SW)   volume = 0.25
   epoch 9:  21(SW) -> 16(SW)   volume = 0.125
   epoch 9:  21(SW) -> 17(SW)   volume = 0.125
   epoch 10:   0(gpu) -> 16(SW)   volume = 0.15625
   epoch 10:   1(gpu) -> 17(SW)   volume = 0.15625
   epoch 10:   2(gpu) -> 16(SW)   volume = 0.15625
   epoch 10:   3(gpu) -> 17(SW)   volume = 0.15625
   epoch 10:   4(gpu) -> 16(SW)   volume = 0.15625
   epoch 10:   5(gpu) -> 17(SW)   volume = 0.15625
   epoch 10:   6(gpu) -> 16(SW)   volume = 0.15625
   epoch 10:   7(gpu) -> 17(SW)   volume = 0.15625
   epoch 10:  15(gpu) -> 19(SW)   volume = 0.75
   epoch 10:  16(SW) ->  0(gpu)   volume = 0.25
   epoch 10:  16(SW) ->  2(gpu)   volume = 0.25
   epoch 10:  16(SW) ->  4(gpu)   volume = 0.25
   epoch 10:  16(SW) ->  6(gpu)   volume = 0.25
   epoch 10:  17(SW) ->  1(gpu)   volume = 0.25
   epoch 10:  17(SW) ->  3(gpu)   volume = 0.25
   epoch 10:  17(SW) ->  5(gpu)   volume = 0.25
   epoch 10:  17(SW) ->  7(gpu)   volume = 0.25
   epoch 10:  19(SW) -> 20(SW)   volume = 0.5
   epoch 10:  19(SW) -> 21(SW)   volume = 0.25
   epoch 10:  20(SW) -> 16(SW)   volume = 0.25
   epoch 10:  20(SW) -> 17(SW)   volume = 0.25
   epoch 10:  21(SW) -> 16(SW)   volume = 0.125
   epoch 10:  21(SW) -> 17(SW)   volume = 0.125
   epoch 11:  16(SW) -> 21(SW)   volume = 0.125
   epoch 11:  17(SW) -> 21(SW)   volume = 0.125
   epoch 11:  19(SW) -> 20(SW)   volume = 0.25
   epoch 11:  20(SW) -> 16(SW)   volume = 0.125
   epoch 11:  20(SW) -> 17(SW)   volume = 0.125
   epoch 11:  21(SW) -> 19(SW)   volume = 0.25

------------------------------------------------------------------------------
RAW CONSUMED VARS  T_s_d_k = consumed_at_k[source s][dest d][epoch k]
(volume of source s's demand absorbed AT destination d during epoch k)
------------------------------------------------------------------------------
   dest  0:  from source  1  epoch 10  consumed = 1.0
   dest  0:  from source  2  epoch 7  consumed = 1.0
   dest  0:  from source  3  epoch 7  consumed = 1.0
   dest  0:  from source  4  epoch 7  consumed = 1.0
   dest  0:  from source  5  epoch 7  consumed = 1.0
   dest  0:  from source  6  epoch 7  consumed = 1.0
   dest  0:  from source  7  epoch 7  consumed = 1.0
   dest  0:  from source  8  epoch 10  consumed = 1.0
   dest  0:  from source  9  epoch 10  consumed = 1.0
   dest  0:  from source 10  epoch 10  consumed = 1.0
   dest  0:  from source 11  epoch 10  consumed = 1.0
   dest  0:  from source 12  epoch 10  consumed = 1.0
   dest  0:  from source 13  epoch 10  consumed = 1.0
   dest  0:  from source 14  epoch 10  consumed = 1.0
   dest  0:  from source 15  epoch 10  consumed = 1.0
   dest  1:  from source  0  epoch 10  consumed = 1.0
   dest  1:  from source  2  epoch 7  consumed = 1.0
   dest  1:  from source  3  epoch 7  consumed = 1.0
   dest  1:  from source  4  epoch 7  consumed = 1.0
   dest  1:  from source  5  epoch 7  consumed = 1.0
   dest  1:  from source  6  epoch 7  consumed = 1.0
   dest  1:  from source  7  epoch 7  consumed = 1.0
   dest  1:  from source  8  epoch 10  consumed = 1.0
   dest  1:  from source  9  epoch 10  consumed = 1.0
   dest  1:  from source 10  epoch 10  consumed = 1.0
   dest  1:  from source 11  epoch 10  consumed = 1.0
   dest  1:  from source 12  epoch 10  consumed = 1.0
   dest  1:  from source 13  epoch 10  consumed = 1.0
   dest  1:  from source 14  epoch 10  consumed = 1.0
   dest  1:  from source 15  epoch 10  consumed = 1.0
   dest  2:  from source  0  epoch 7  consumed = 1.0
   dest  2:  from source  1  epoch 7  consumed = 1.0
   dest  2:  from source  3  epoch 10  consumed = 1.0
   dest  2:  from source  4  epoch 7  consumed = 1.0
   dest  2:  from source  5  epoch 7  consumed = 1.0
   dest  2:  from source  6  epoch 7  consumed = 1.0
   dest  2:  from source  7  epoch 7  consumed = 1.0
   dest  2:  from source  8  epoch 10  consumed = 1.0
   dest  2:  from source  9  epoch 10  consumed = 1.0
   dest  2:  from source 10  epoch 10  consumed = 1.0
   dest  2:  from source 11  epoch 10  consumed = 1.0
   dest  2:  from source 12  epoch 10  consumed = 1.0
   dest  2:  from source 13  epoch 10  consumed = 1.0
   dest  2:  from source 14  epoch 10  consumed = 1.0
   dest  2:  from source 15  epoch 10  consumed = 1.0
   dest  3:  from source  0  epoch 7  consumed = 1.0
   dest  3:  from source  1  epoch 7  consumed = 1.0
   dest  3:  from source  2  epoch 10  consumed = 1.0
   dest  3:  from source  4  epoch 7  consumed = 1.0
   dest  3:  from source  5  epoch 7  consumed = 1.0
   dest  3:  from source  6  epoch 7  consumed = 1.0
   dest  3:  from source  7  epoch 7  consumed = 1.0
   dest  3:  from source  8  epoch 10  consumed = 1.0
   dest  3:  from source  9  epoch 10  consumed = 1.0
   dest  3:  from source 10  epoch 10  consumed = 1.0
   dest  3:  from source 11  epoch 10  consumed = 1.0
   dest  3:  from source 12  epoch 10  consumed = 1.0
   dest  3:  from source 13  epoch 10  consumed = 1.0
   dest  3:  from source 14  epoch 10  consumed = 1.0
   dest  3:  from source 15  epoch 10  consumed = 1.0
   dest  4:  from source  0  epoch 7  consumed = 1.0
   dest  4:  from source  1  epoch 7  consumed = 1.0
   dest  4:  from source  2  epoch 7  consumed = 1.0
   dest  4:  from source  3  epoch 7  consumed = 1.0
   dest  4:  from source  5  epoch 10  consumed = 1.0
   dest  4:  from source  6  epoch 7  consumed = 1.0
   dest  4:  from source  7  epoch 7  consumed = 1.0
   dest  4:  from source  8  epoch 10  consumed = 1.0
   dest  4:  from source  9  epoch 10  consumed = 1.0
   dest  4:  from source 10  epoch 10  consumed = 1.0
   dest  4:  from source 11  epoch 10  consumed = 1.0
   dest  4:  from source 12  epoch 10  consumed = 1.0
   dest  4:  from source 13  epoch 10  consumed = 1.0
   dest  4:  from source 14  epoch 10  consumed = 1.0
   dest  4:  from source 15  epoch 10  consumed = 1.0
   dest  5:  from source  0  epoch 7  consumed = 1.0
   dest  5:  from source  1  epoch 7  consumed = 1.0
   dest  5:  from source  2  epoch 7  consumed = 1.0
   dest  5:  from source  3  epoch 7  consumed = 1.0
   dest  5:  from source  4  epoch 10  consumed = 1.0
   dest  5:  from source  6  epoch 7  consumed = 1.0
   dest  5:  from source  7  epoch 7  consumed = 1.0
   dest  5:  from source  8  epoch 10  consumed = 1.0
   dest  5:  from source  9  epoch 10  consumed = 1.0
   dest  5:  from source 10  epoch 10  consumed = 1.0
   dest  5:  from source 11  epoch 10  consumed = 1.0
   dest  5:  from source 12  epoch 10  consumed = 1.0
   dest  5:  from source 13  epoch 10  consumed = 1.0
   dest  5:  from source 14  epoch 10  consumed = 1.0
   dest  5:  from source 15  epoch 10  consumed = 1.0
   dest  6:  from source  0  epoch 7  consumed = 1.0
   dest  6:  from source  1  epoch 7  consumed = 1.0
   dest  6:  from source  2  epoch 7  consumed = 1.0
   dest  6:  from source  3  epoch 7  consumed = 1.0
   dest  6:  from source  4  epoch 7  consumed = 1.0
   dest  6:  from source  5  epoch 7  consumed = 1.0
   dest  6:  from source  7  epoch 10  consumed = 1.0
   dest  6:  from source  8  epoch 10  consumed = 1.0
   dest  6:  from source  9  epoch 10  consumed = 1.0
   dest  6:  from source 10  epoch 10  consumed = 1.0
   dest  6:  from source 11  epoch 10  consumed = 1.0
   dest  6:  from source 12  epoch 10  consumed = 1.0
   dest  6:  from source 13  epoch 10  consumed = 1.0
   dest  6:  from source 14  epoch 10  consumed = 1.0
   dest  6:  from source 15  epoch 10  consumed = 1.0
   dest  7:  from source  0  epoch 7  consumed = 1.0
   dest  7:  from source  1  epoch 7  consumed = 1.0
   dest  7:  from source  2  epoch 7  consumed = 1.0
   dest  7:  from source  3  epoch 7  consumed = 1.0
   dest  7:  from source  4  epoch 7  consumed = 1.0
   dest  7:  from source  5  epoch 7  consumed = 1.0
   dest  7:  from source  6  epoch 10  consumed = 1.0
   dest  7:  from source  8  epoch 10  consumed = 1.0
   dest  7:  from source  9  epoch 10  consumed = 1.0
   dest  7:  from source 10  epoch 10  consumed = 1.0
   dest  7:  from source 11  epoch 10  consumed = 1.0
   dest  7:  from source 12  epoch 10  consumed = 1.0
   dest  7:  from source 13  epoch 10  consumed = 1.0
   dest  7:  from source 14  epoch 10  consumed = 1.0
   dest  7:  from source 15  epoch 10  consumed = 1.0
   dest  8:  from source  0  epoch 10  consumed = 1.0
   dest  8:  from source  1  epoch 10  consumed = 1.0
   dest  8:  from source  2  epoch 10  consumed = 1.0
   dest  8:  from source  3  epoch 10  consumed = 1.0
   dest  8:  from source  4  epoch 10  consumed = 1.0
   dest  8:  from source  5  epoch 10  consumed = 1.0
   dest  8:  from source  6  epoch 10  consumed = 1.0
   dest  8:  from source  7  epoch 10  consumed = 1.0
   dest  8:  from source  9  epoch 10  consumed = 1.0
   dest  8:  from source 10  epoch 7  consumed = 1.0
   dest  8:  from source 11  epoch 7  consumed = 1.0
   dest  8:  from source 12  epoch 7  consumed = 1.0
   dest  8:  from source 13  epoch 7  consumed = 1.0
   dest  8:  from source 14  epoch 7  consumed = 1.0
   dest  8:  from source 15  epoch 7  consumed = 1.0
   dest  9:  from source  0  epoch 10  consumed = 1.0
   dest  9:  from source  1  epoch 10  consumed = 1.0
   dest  9:  from source  2  epoch 10  consumed = 1.0
   dest  9:  from source  3  epoch 10  consumed = 1.0
   dest  9:  from source  4  epoch 10  consumed = 1.0
   dest  9:  from source  5  epoch 10  consumed = 1.0
   dest  9:  from source  6  epoch 10  consumed = 1.0
   dest  9:  from source  7  epoch 10  consumed = 1.0
   dest  9:  from source  8  epoch 10  consumed = 1.0
   dest  9:  from source 10  epoch 7  consumed = 1.0
   dest  9:  from source 11  epoch 7  consumed = 1.0
   dest  9:  from source 12  epoch 7  consumed = 1.0
   dest  9:  from source 13  epoch 7  consumed = 1.0
   dest  9:  from source 14  epoch 7  consumed = 1.0
   dest  9:  from source 15  epoch 7  consumed = 1.0
   dest 10:  from source  0  epoch 10  consumed = 1.0
   dest 10:  from source  1  epoch 10  consumed = 1.0
   dest 10:  from source  2  epoch 10  consumed = 1.0
   dest 10:  from source  3  epoch 10  consumed = 1.0
   dest 10:  from source  4  epoch 10  consumed = 1.0
   dest 10:  from source  5  epoch 10  consumed = 1.0
   dest 10:  from source  6  epoch 10  consumed = 1.0
   dest 10:  from source  7  epoch 10  consumed = 1.0
   dest 10:  from source  8  epoch 7  consumed = 1.0
   dest 10:  from source  9  epoch 7  consumed = 1.0
   dest 10:  from source 11  epoch 10  consumed = 1.0
   dest 10:  from source 12  epoch 7  consumed = 1.0
   dest 10:  from source 13  epoch 7  consumed = 1.0
   dest 10:  from source 14  epoch 7  consumed = 1.0
   dest 10:  from source 15  epoch 7  consumed = 1.0
   dest 11:  from source  0  epoch 10  consumed = 1.0
   dest 11:  from source  1  epoch 10  consumed = 1.0
   dest 11:  from source  2  epoch 10  consumed = 1.0
   dest 11:  from source  3  epoch 10  consumed = 1.0
   dest 11:  from source  4  epoch 10  consumed = 1.0
   dest 11:  from source  5  epoch 10  consumed = 1.0
   dest 11:  from source  6  epoch 10  consumed = 1.0
   dest 11:  from source  7  epoch 10  consumed = 1.0
   dest 11:  from source  8  epoch 7  consumed = 1.0
   dest 11:  from source  9  epoch 7  consumed = 1.0
   dest 11:  from source 10  epoch 10  consumed = 1.0
   dest 11:  from source 12  epoch 7  consumed = 1.0
   dest 11:  from source 13  epoch 7  consumed = 1.0
   dest 11:  from source 14  epoch 7  consumed = 1.0
   dest 11:  from source 15  epoch 7  consumed = 1.0
   dest 12:  from source  0  epoch 10  consumed = 1.0
   dest 12:  from source  1  epoch 10  consumed = 1.0
   dest 12:  from source  2  epoch 10  consumed = 1.0
   dest 12:  from source  3  epoch 10  consumed = 1.0
   dest 12:  from source  4  epoch 10  consumed = 1.0
   dest 12:  from source  5  epoch 10  consumed = 1.0
   dest 12:  from source  6  epoch 10  consumed = 1.0
   dest 12:  from source  7  epoch 10  consumed = 1.0
   dest 12:  from source  8  epoch 7  consumed = 1.0
   dest 12:  from source  9  epoch 7  consumed = 1.0
   dest 12:  from source 10  epoch 7  consumed = 1.0
   dest 12:  from source 11  epoch 7  consumed = 1.0
   dest 12:  from source 13  epoch 10  consumed = 1.0
   dest 12:  from source 14  epoch 7  consumed = 1.0
   dest 12:  from source 15  epoch 7  consumed = 1.0
   dest 13:  from source  0  epoch 10  consumed = 1.0
   dest 13:  from source  1  epoch 10  consumed = 1.0
   dest 13:  from source  2  epoch 10  consumed = 1.0
   dest 13:  from source  3  epoch 10  consumed = 1.0
   dest 13:  from source  4  epoch 10  consumed = 1.0
   dest 13:  from source  5  epoch 10  consumed = 1.0
   dest 13:  from source  6  epoch 10  consumed = 1.0
   dest 13:  from source  7  epoch 10  consumed = 1.0
   dest 13:  from source  8  epoch 7  consumed = 1.0
   dest 13:  from source  9  epoch 7  consumed = 1.0
   dest 13:  from source 10  epoch 7  consumed = 1.0
   dest 13:  from source 11  epoch 7  consumed = 1.0
   dest 13:  from source 12  epoch 10  consumed = 1.0
   dest 13:  from source 14  epoch 7  consumed = 1.0
   dest 13:  from source 15  epoch 7  consumed = 1.0
   dest 14:  from source  0  epoch 10  consumed = 1.0
   dest 14:  from source  1  epoch 10  consumed = 1.0
   dest 14:  from source  2  epoch 10  consumed = 1.0
   dest 14:  from source  3  epoch 10  consumed = 1.0
   dest 14:  from source  4  epoch 10  consumed = 1.0
   dest 14:  from source  5  epoch 10  consumed = 1.0
   dest 14:  from source  6  epoch 10  consumed = 1.0
   dest 14:  from source  7  epoch 10  consumed = 1.0
   dest 14:  from source  8  epoch 7  consumed = 1.0
   dest 14:  from source  9  epoch 7  consumed = 1.0
   dest 14:  from source 10  epoch 7  consumed = 1.0
   dest 14:  from source 11  epoch 7  consumed = 1.0
   dest 14:  from source 12  epoch 7  consumed = 1.0
   dest 14:  from source 13  epoch 7  consumed = 1.0
   dest 14:  from source 15  epoch 10  consumed = 1.0
   dest 15:  from source  0  epoch 10  consumed = 1.0
   dest 15:  from source  1  epoch 10  consumed = 1.0
   dest 15:  from source  2  epoch 10  consumed = 1.0
   dest 15:  from source  3  epoch 10  consumed = 1.0
   dest 15:  from source  4  epoch 10  consumed = 1.0
   dest 15:  from source  5  epoch 10  consumed = 1.0
   dest 15:  from source  6  epoch 10  consumed = 1.0
   dest 15:  from source  7  epoch 10  consumed = 1.0
   dest 15:  from source  8  epoch 7  consumed = 1.0
   dest 15:  from source  9  epoch 7  consumed = 1.0
   dest 15:  from source 10  epoch 7  consumed = 1.0
   dest 15:  from source 11  epoch 7  consumed = 1.0
   dest 15:  from source 12  epoch 7  consumed = 1.0
   dest 15:  from source 13  epoch 7  consumed = 1.0
   dest 15:  from source 14  epoch 10  consumed = 1.0
==============================================================================

source =0, destination=1, consume=1.0
