Processing ./.
  Installing build dependencies: started
  Installing build dependencies: finished with status 'done'
  Getting requirements to build wheel: started
  Getting requirements to build wheel: finished with status 'done'
  Preparing metadata (pyproject.toml): started
  Preparing metadata (pyproject.toml): finished with status 'done'
Requirement already satisfied: dataclasses in /data/commit/graphit/wangyj05/miniconda3/envs/teccl/lib/python3.14t/site-packages (from teccl==1.0.0) (0.6)
Requirement already satisfied: argcomplete in /data/commit/graphit/wangyj05/miniconda3/envs/teccl/lib/python3.14t/site-packages (from teccl==1.0.0) (3.6.3)
Requirement already satisfied: gurobipy in /data/commit/graphit/wangyj05/miniconda3/envs/teccl/lib/python3.14t/site-packages (from teccl==1.0.0) (13.0.2)
Requirement already satisfied: numpy in /data/commit/graphit/wangyj05/miniconda3/envs/teccl/lib/python3.14t/site-packages (from teccl==1.0.0) (2.4.6)
Requirement already satisfied: seaborn in /data/commit/graphit/wangyj05/miniconda3/envs/teccl/lib/python3.14t/site-packages (from teccl==1.0.0) (0.13.2)
Requirement already satisfied: pandas>=1.2 in /data/commit/graphit/wangyj05/miniconda3/envs/teccl/lib/python3.14t/site-packages (from seaborn->teccl==1.0.0) (3.0.3)
Requirement already satisfied: matplotlib!=3.6.1,>=3.4 in /data/commit/graphit/wangyj05/miniconda3/envs/teccl/lib/python3.14t/site-packages (from seaborn->teccl==1.0.0) (3.11.0)
Requirement already satisfied: contourpy>=1.0.1 in /data/commit/graphit/wangyj05/miniconda3/envs/teccl/lib/python3.14t/site-packages (from matplotlib!=3.6.1,>=3.4->seaborn->teccl==1.0.0) (1.3.3)
Requirement already satisfied: cycler>=0.10 in /data/commit/graphit/wangyj05/miniconda3/envs/teccl/lib/python3.14t/site-packages (from matplotlib!=3.6.1,>=3.4->seaborn->teccl==1.0.0) (0.12.1)
Requirement already satisfied: fonttools>=4.22.0 in /data/commit/graphit/wangyj05/miniconda3/envs/teccl/lib/python3.14t/site-packages (from matplotlib!=3.6.1,>=3.4->seaborn->teccl==1.0.0) (4.63.0)
Requirement already satisfied: kiwisolver>=1.3.1 in /data/commit/graphit/wangyj05/miniconda3/envs/teccl/lib/python3.14t/site-packages (from matplotlib!=3.6.1,>=3.4->seaborn->teccl==1.0.0) (1.5.0)
Requirement already satisfied: packaging>=20.0 in /data/commit/graphit/wangyj05/miniconda3/envs/teccl/lib/python3.14t/site-packages (from matplotlib!=3.6.1,>=3.4->seaborn->teccl==1.0.0) (26.2)
Requirement already satisfied: pillow>=9 in /data/commit/graphit/wangyj05/miniconda3/envs/teccl/lib/python3.14t/site-packages (from matplotlib!=3.6.1,>=3.4->seaborn->teccl==1.0.0) (12.2.0)
Requirement already satisfied: pyparsing>=3 in /data/commit/graphit/wangyj05/miniconda3/envs/teccl/lib/python3.14t/site-packages (from matplotlib!=3.6.1,>=3.4->seaborn->teccl==1.0.0) (3.3.2)
Requirement already satisfied: python-dateutil>=2.7 in /data/commit/graphit/wangyj05/miniconda3/envs/teccl/lib/python3.14t/site-packages (from matplotlib!=3.6.1,>=3.4->seaborn->teccl==1.0.0) (2.9.0.post0)
Requirement already satisfied: six>=1.5 in /data/commit/graphit/wangyj05/miniconda3/envs/teccl/lib/python3.14t/site-packages (from python-dateutil>=2.7->matplotlib!=3.6.1,>=3.4->seaborn->teccl==1.0.0) (1.17.0)
Building wheels for collected packages: teccl
  Building wheel for teccl (pyproject.toml): started
  Building wheel for teccl (pyproject.toml): finished with status 'done'
  Created wheel for teccl: filename=teccl-1.0.0-py3-none-any.whl size=73816 sha256=b32dcee85e47cc18b8d2b1caf2b9717d1854dffc6c6c68a38bfea0e1a07414c9
  Stored in directory: /tmp/home/wangyj05/.cache/pip/wheels/2d/31/f1/88ef48e0a336b237a128de3fcf8e52662d1ed0bfbd5a678f6e
Successfully built teccl
Installing collected packages: teccl
  Attempting uninstall: teccl
    Found existing installation: teccl 1.0.0
    Uninstalling teccl-1.0.0:
      Successfully uninstalled teccl-1.0.0
Successfully installed teccl-1.0.0
Set parameter WLSAccessID
Set parameter WLSSecret
Set parameter LicenseID to value 2766017
Academic license 2766017 - for non-commercial use only - registered to wa___@mit.edu
Set parameter LogFile to value "Logs/ALLTOALL_LP_RailOptimizedSpineLeaf_300-nodes_15-chunks_80-epochs_150.00525-epoch_duration_ObjectiveType.TOTAL_DEMAND.log"
Set parameter LogToConsole to value 0
Set parameter LogFile to value "Logs/ALLTOALL_LP_RailOptimizedSpineLeaf_300-nodes_15-chunks_8-epochs_0.02-epoch_duration_ObjectiveType.TOTAL_DEMAND.log"
Set parameter LogToConsole to value 0

==============================================================================
RAW LP FLOW VARS  f_s_i_j_k = flow[source s][link i->j][epoch k]
(continuous volume, summed over all of source s's chunks; not yet per-chunk)
==============================================================================

-- source 0 --
   epoch 0:   0(gpu) -> 256(SW)   volume = 14.0
   epoch 0:  256(SW) ->  1(gpu)   volume = 2.0
   epoch 0:  256(SW) ->  2(gpu)   volume = 2.0
   epoch 0:  256(SW) ->  3(gpu)   volume = 2.0
   epoch 0:  256(SW) ->  4(gpu)   volume = 2.0
   epoch 0:  256(SW) ->  5(gpu)   volume = 2.0
   epoch 0:  256(SW) ->  6(gpu)   volume = 2.0
   epoch 0:  256(SW) ->  7(gpu)   volume = 2.0
   epoch 6:   1(gpu) -> 289(SW)   volume = 1.0
   epoch 6:   2(gpu) -> 290(SW)   volume = 1.0
   epoch 6:   3(gpu) -> 291(SW)   volume = 1.0
   epoch 6:   4(gpu) -> 292(SW)   volume = 1.0
   epoch 6:   5(gpu) -> 293(SW)   volume = 1.0
   epoch 6:   6(gpu) -> 294(SW)   volume = 1.0
   epoch 6:   7(gpu) -> 295(SW)   volume = 1.0
   epoch 6:  289(SW) ->  9(gpu)   volume = 0.142857
   epoch 6:  289(SW) -> 17(gpu)   volume = 0.142857
   epoch 6:  289(SW) -> 25(gpu)   volume = 0.142857
   epoch 6:  289(SW) -> 33(gpu)   volume = 0.142857
   epoch 6:  289(SW) -> 41(gpu)   volume = 0.142857
   epoch 6:  289(SW) -> 49(gpu)   volume = 0.142857
   epoch 6:  289(SW) -> 57(gpu)   volume = 0.142857
   epoch 6:  290(SW) -> 10(gpu)   volume = 0.142857
   epoch 6:  290(SW) -> 18(gpu)   volume = 0.142857
   epoch 6:  290(SW) -> 26(gpu)   volume = 0.142857
   epoch 6:  290(SW) -> 34(gpu)   volume = 0.142857
   epoch 6:  290(SW) -> 42(gpu)   volume = 0.142857
   epoch 6:  290(SW) -> 50(gpu)   volume = 0.142857
   epoch 6:  290(SW) -> 58(gpu)   volume = 0.142857
   epoch 6:  291(SW) -> 11(gpu)   volume = 0.142857
   epoch 6:  291(SW) -> 19(gpu)   volume = 0.142857
   epoch 6:  291(SW) -> 27(gpu)   volume = 0.142857
   epoch 6:  291(SW) -> 35(gpu)   volume = 0.142857
   epoch 6:  291(SW) -> 43(gpu)   volume = 0.142857
   epoch 6:  291(SW) -> 51(gpu)   volume = 0.142857
   epoch 6:  291(SW) -> 59(gpu)   volume = 0.142857
   epoch 6:  292(SW) -> 12(gpu)   volume = 0.142857
   epoch 6:  292(SW) -> 20(gpu)   volume = 0.142857
   epoch 6:  292(SW) -> 28(gpu)   volume = 0.142857
   epoch 6:  292(SW) -> 36(gpu)   volume = 0.142857
   epoch 6:  292(SW) -> 44(gpu)   volume = 0.142857
   epoch 6:  292(SW) -> 52(gpu)   volume = 0.142857
   epoch 6:  292(SW) -> 60(gpu)   volume = 0.142857
   epoch 6:  293(SW) -> 13(gpu)   volume = 0.142857
   epoch 6:  293(SW) -> 21(gpu)   volume = 0.142857
   epoch 6:  293(SW) -> 29(gpu)   volume = 0.142857
   epoch 6:  293(SW) -> 37(gpu)   volume = 0.142857
   epoch 6:  293(SW) -> 45(gpu)   volume = 0.142857
   epoch 6:  293(SW) -> 53(gpu)   volume = 0.142857
   epoch 6:  293(SW) -> 61(gpu)   volume = 0.142857
   epoch 6:  294(SW) -> 14(gpu)   volume = 0.142857
   epoch 6:  294(SW) -> 22(gpu)   volume = 0.142857
   epoch 6:  294(SW) -> 30(gpu)   volume = 0.142857
   epoch 6:  294(SW) -> 38(gpu)   volume = 0.142857
   epoch 6:  294(SW) -> 46(gpu)   volume = 0.142857
   epoch 6:  294(SW) -> 54(gpu)   volume = 0.142857
   epoch 6:  294(SW) -> 62(gpu)   volume = 0.142857
   epoch 6:  295(SW) -> 15(gpu)   volume = 0.142857
   epoch 6:  295(SW) -> 23(gpu)   volume = 0.142857
   epoch 6:  295(SW) -> 31(gpu)   volume = 0.142857
   epoch 6:  295(SW) -> 39(gpu)   volume = 0.142857
   epoch 6:  295(SW) -> 47(gpu)   volume = 0.142857
   epoch 6:  295(SW) -> 55(gpu)   volume = 0.142857
   epoch 6:  295(SW) -> 63(gpu)   volume = 0.142857
   epoch 7:   1(gpu) -> 256(SW)   volume = 1.0
   epoch 7:   2(gpu) -> 256(SW)   volume = 1.0
   epoch 7:   3(gpu) -> 256(SW)   volume = 1.0
   epoch 7:   4(gpu) -> 256(SW)   volume = 1.0
   epoch 7:   5(gpu) -> 256(SW)   volume = 1.0
   epoch 7:   6(gpu) -> 256(SW)   volume = 1.0
   epoch 7:   7(gpu) -> 256(SW)   volume = 1.0
   epoch 7:   9(gpu) -> 257(SW)   volume = 0.142857
   epoch 7:  10(gpu) -> 257(SW)   volume = 0.142857
   epoch 7:  11(gpu) -> 257(SW)   volume = 0.142857
   epoch 7:  12(gpu) -> 257(SW)   volume = 0.142857
   epoch 7:  13(gpu) -> 257(SW)   volume = 0.142857
   epoch 7:  14(gpu) -> 257(SW)   volume = 0.142857
   epoch 7:  15(gpu) -> 257(SW)   volume = 0.142857
   epoch 7:  17(gpu) -> 258(SW)   volume = 0.142857
   epoch 7:  18(gpu) -> 258(SW)   volume = 0.142857
   epoch 7:  19(gpu) -> 258(SW)   volume = 0.142857
   epoch 7:  20(gpu) -> 258(SW)   volume = 0.142857
   epoch 7:  21(gpu) -> 258(SW)   volume = 0.142857
   epoch 7:  22(gpu) -> 258(SW)   volume = 0.142857
   epoch 7:  23(gpu) -> 258(SW)   volume = 0.142857
   epoch 7:  25(gpu) -> 259(SW)   volume = 0.142857
   epoch 7:  26(gpu) -> 259(SW)   volume = 0.142857
   epoch 7:  27(gpu) -> 259(SW)   volume = 0.142857
   epoch 7:  28(gpu) -> 259(SW)   volume = 0.142857
   epoch 7:  29(gpu) -> 259(SW)   volume = 0.142857
   epoch 7:  30(gpu) -> 259(SW)   volume = 0.142857
   epoch 7:  31(gpu) -> 259(SW)   volume = 0.142857
   epoch 7:  33(gpu) -> 260(SW)   volume = 0.142857
   epoch 7:  34(gpu) -> 260(SW)   volume = 0.142857
   epoch 7:  35(gpu) -> 260(SW)   volume = 0.142857
   epoch 7:  36(gpu) -> 260(SW)   volume = 0.142857
   epoch 7:  37(gpu) -> 260(SW)   volume = 0.142857
   epoch 7:  38(gpu) -> 260(SW)   volume = 0.142857
   epoch 7:  39(gpu) -> 260(SW)   volume = 0.142857
   epoch 7:  41(gpu) -> 261(SW)   volume = 0.142857
   epoch 7:  42(gpu) -> 261(SW)   volume = 0.142857
   epoch 7:  43(gpu) -> 261(SW)   volume = 0.142857
   epoch 7:  44(gpu) -> 261(SW)   volume = 0.142857
   epoch 7:  45(gpu) -> 261(SW)   volume = 0.142857
   epoch 7:  46(gpu) -> 261(SW)   volume = 0.142857
   epoch 7:  47(gpu) -> 261(SW)   volume = 0.142857
   epoch 7:  49(gpu) -> 262(SW)   volume = 0.142857
   epoch 7:  50(gpu) -> 262(SW)   volume = 0.142857
   epoch 7:  51(gpu) -> 262(SW)   volume = 0.142857
   epoch 7:  52(gpu) -> 262(SW)   volume = 0.142857
   epoch 7:  53(gpu) -> 262(SW)   volume = 0.142857
   epoch 7:  54(gpu) -> 262(SW)   volume = 0.142857
   epoch 7:  55(gpu) -> 262(SW)   volume = 0.142857
   epoch 7:  57(gpu) -> 263(SW)   volume = 0.142857
   epoch 7:  58(gpu) -> 263(SW)   volume = 0.142857
   epoch 7:  59(gpu) -> 263(SW)   volume = 0.142857
   epoch 7:  60(gpu) -> 263(SW)   volume = 0.142857
   epoch 7:  61(gpu) -> 263(SW)   volume = 0.142857
   epoch 7:  62(gpu) -> 263(SW)   volume = 0.142857
   epoch 7:  63(gpu) -> 263(SW)   volume = 0.142857
   epoch 7:  256(SW) ->  1(gpu)   volume = 1.0
   epoch 7:  256(SW) ->  2(gpu)   volume = 1.0
   epoch 7:  256(SW) ->  3(gpu)   volume = 1.0
   epoch 7:  256(SW) ->  4(gpu)   volume = 1.0
   epoch 7:  256(SW) ->  5(gpu)   volume = 1.0
   epoch 7:  256(SW) ->  6(gpu)   volume = 1.0
   epoch 7:  256(SW) ->  7(gpu)   volume = 1.0
   epoch 7:  257(SW) ->  8(gpu)   volume = 1.0
   epoch 7:  258(SW) -> 16(gpu)   volume = 1.0
   epoch 7:  259(SW) -> 24(gpu)   volume = 1.0
   epoch 7:  260(SW) -> 32(gpu)   volume = 1.0
   epoch 7:  261(SW) -> 40(gpu)   volume = 1.0
   epoch 7:  262(SW) -> 48(gpu)   volume = 1.0
   epoch 7:  263(SW) -> 56(gpu)   volume = 1.0

-- source 1 --
   epoch 0:   1(gpu) -> 256(SW)   volume = 13.0
   epoch 0:   1(gpu) -> 289(SW)   volume = 1.0
   epoch 0:  256(SW) ->  2(gpu)   volume = 2.166667
   epoch 0:  256(SW) ->  3(gpu)   volume = 2.166667
   epoch 0:  256(SW) ->  4(gpu)   volume = 2.166667
   epoch 0:  256(SW) ->  5(gpu)   volume = 2.166667
   epoch 0:  256(SW) ->  6(gpu)   volume = 2.166667
   epoch 0:  256(SW) ->  7(gpu)   volume = 2.166667
   epoch 0:  289(SW) -> 296(SW)   volume = 0.25
   epoch 0:  289(SW) -> 297(SW)   volume = 0.25
   epoch 0:  289(SW) -> 298(SW)   volume = 0.25
   epoch 0:  289(SW) -> 299(SW)   volume = 0.25
   epoch 0:  290(SW) -> 10(gpu)   volume = 0.02381
   epoch 0:  290(SW) -> 18(gpu)   volume = 0.02381
   epoch 0:  290(SW) -> 26(gpu)   volume = 0.02381
   epoch 0:  290(SW) -> 34(gpu)   volume = 0.02381
   epoch 0:  290(SW) -> 42(gpu)   volume = 0.02381
   epoch 0:  290(SW) -> 50(gpu)   volume = 0.02381
   epoch 0:  290(SW) -> 58(gpu)   volume = 0.02381
   epoch 0:  291(SW) -> 11(gpu)   volume = 0.02381
   epoch 0:  291(SW) -> 19(gpu)   volume = 0.02381
   epoch 0:  291(SW) -> 27(gpu)   volume = 0.02381
   epoch 0:  291(SW) -> 35(gpu)   volume = 0.02381
   epoch 0:  291(SW) -> 43(gpu)   volume = 0.02381
   epoch 0:  291(SW) -> 51(gpu)   volume = 0.02381
   epoch 0:  291(SW) -> 59(gpu)   volume = 0.02381
   epoch 0:  292(SW) -> 12(gpu)   volume = 0.02381
   epoch 0:  292(SW) -> 20(gpu)   volume = 0.02381
   epoch 0:  292(SW) -> 28(gpu)   volume = 0.02381
   epoch 0:  292(SW) -> 36(gpu)   volume = 0.02381
   epoch 0:  292(SW) -> 44(gpu)   volume = 0.02381
   epoch 0:  292(SW) -> 52(gpu)   volume = 0.02381
   epoch 0:  292(SW) -> 60(gpu)   volume = 0.02381
   epoch 0:  293(SW) -> 13(gpu)   volume = 0.02381
   epoch 0:  293(SW) -> 21(gpu)   volume = 0.02381
   epoch 0:  293(SW) -> 29(gpu)   volume = 0.02381
   epoch 0:  293(SW) -> 37(gpu)   volume = 0.02381
   epoch 0:  293(SW) -> 45(gpu)   volume = 0.02381
   epoch 0:  293(SW) -> 53(gpu)   volume = 0.02381
   epoch 0:  293(SW) -> 61(gpu)   volume = 0.02381
   epoch 0:  294(SW) -> 14(gpu)   volume = 0.02381
   epoch 0:  294(SW) -> 22(gpu)   volume = 0.02381
   epoch 0:  294(SW) -> 30(gpu)   volume = 0.02381
   epoch 0:  294(SW) -> 38(gpu)   volume = 0.02381
   epoch 0:  294(SW) -> 46(gpu)   volume = 0.02381
   epoch 0:  294(SW) -> 54(gpu)   volume = 0.02381
   epoch 0:  294(SW) -> 62(gpu)   volume = 0.02381
   epoch 0:  295(SW) -> 15(gpu)   volume = 0.02381
   epoch 0:  295(SW) -> 23(gpu)   volume = 0.02381
   epoch 0:  295(SW) -> 31(gpu)   volume = 0.02381
   epoch 0:  295(SW) -> 39(gpu)   volume = 0.02381
   epoch 0:  295(SW) -> 47(gpu)   volume = 0.02381
   epoch 0:  295(SW) -> 55(gpu)   volume = 0.02381
   epoch 0:  295(SW) -> 63(gpu)   volume = 0.02381
   epoch 0:  296(SW) -> 290(SW)   volume = 0.041667
   epoch 0:  296(SW) -> 291(SW)   volume = 0.041667
   epoch 0:  296(SW) -> 292(SW)   volume = 0.041667
   epoch 0:  296(SW) -> 293(SW)   volume = 0.041667
   epoch 0:  296(SW) -> 294(SW)   volume = 0.041667
   epoch 0:  296(SW) -> 295(SW)   volume = 0.041667
   epoch 0:  297(SW) -> 290(SW)   volume = 0.041667
   epoch 0:  297(SW) -> 291(SW)   volume = 0.041667
   epoch 0:  297(SW) -> 292(SW)   volume = 0.041667
   epoch 0:  297(SW) -> 293(SW)   volume = 0.041667
   epoch 0:  297(SW) -> 294(SW)   volume = 0.041667
   epoch 0:  297(SW) -> 295(SW)   volume = 0.041667
   epoch 0:  298(SW) -> 290(SW)   volume = 0.041667
   epoch 0:  298(SW) -> 291(SW)   volume = 0.041667
   epoch 0:  298(SW) -> 292(SW)   volume = 0.041667
   epoch 0:  298(SW) -> 293(SW)   volume = 0.041667
   epoch 0:  298(SW) -> 294(SW)   volume = 0.041667
   epoch 0:  298(SW) -> 295(SW)   volume = 0.041667
   epoch 0:  299(SW) -> 290(SW)   volume = 0.041667
   epoch 0:  299(SW) -> 291(SW)   volume = 0.041667
   epoch 0:  299(SW) -> 292(SW)   volume = 0.041667
   epoch 0:  299(SW) -> 293(SW)   volume = 0.041667
   epoch 0:  299(SW) -> 294(SW)   volume = 0.041667
   epoch 0:  299(SW) -> 295(SW)   volume = 0.041667
   epoch 1:   2(gpu) -> 256(SW)   volume = 0.333333
   epoch 1:   2(gpu) -> 290(SW)   volume = 0.166667
   epoch 1:   3(gpu) -> 256(SW)   volume = 0.333333
   epoch 1:   3(gpu) -> 291(SW)   volume = 0.166667
   epoch 1:   4(gpu) -> 256(SW)   volume = 0.333333
   epoch 1:   4(gpu) -> 292(SW)   volume = 0.166667
   epoch 1:   5(gpu) -> 256(SW)   volume = 0.333333
   epoch 1:   5(gpu) -> 293(SW)   volume = 0.166667
   epoch 1:   6(gpu) -> 256(SW)   volume = 0.333333
   epoch 1:   6(gpu) -> 294(SW)   volume = 0.166667
   epoch 1:   7(gpu) -> 256(SW)   volume = 0.333333
   epoch 1:   7(gpu) -> 295(SW)   volume = 0.166667
   epoch 1:  256(SW) ->  1(gpu)   volume = 2.0
   epoch 1:  290(SW) -> 10(gpu)   volume = 0.02381
   epoch 1:  290(SW) -> 18(gpu)   volume = 0.02381
   epoch 1:  290(SW) -> 26(gpu)   volume = 0.02381
   epoch 1:  290(SW) -> 34(gpu)   volume = 0.02381
   epoch 1:  290(SW) -> 42(gpu)   volume = 0.02381
   epoch 1:  290(SW) -> 50(gpu)   volume = 0.02381
   epoch 1:  290(SW) -> 58(gpu)   volume = 0.02381
   epoch 1:  291(SW) -> 11(gpu)   volume = 0.02381
   epoch 1:  291(SW) -> 19(gpu)   volume = 0.02381
   epoch 1:  291(SW) -> 27(gpu)   volume = 0.02381
   epoch 1:  291(SW) -> 35(gpu)   volume = 0.02381
   epoch 1:  291(SW) -> 43(gpu)   volume = 0.02381
   epoch 1:  291(SW) -> 51(gpu)   volume = 0.02381
   epoch 1:  291(SW) -> 59(gpu)   volume = 0.02381
   epoch 1:  292(SW) -> 12(gpu)   volume = 0.02381
   epoch 1:  292(SW) -> 20(gpu)   volume = 0.02381
   epoch 1:  292(SW) -> 28(gpu)   volume = 0.02381
   epoch 1:  292(SW) -> 36(gpu)   volume = 0.02381
   epoch 1:  292(SW) -> 44(gpu)   volume = 0.02381
   epoch 1:  292(SW) -> 52(gpu)   volume = 0.02381
   epoch 1:  292(SW) -> 60(gpu)   volume = 0.02381
   epoch 1:  293(SW) -> 13(gpu)   volume = 0.02381
   epoch 1:  293(SW) -> 21(gpu)   volume = 0.02381
   epoch 1:  293(SW) -> 29(gpu)   volume = 0.02381
   epoch 1:  293(SW) -> 37(gpu)   volume = 0.02381
   epoch 1:  293(SW) -> 45(gpu)   volume = 0.02381
   epoch 1:  293(SW) -> 53(gpu)   volume = 0.02381
   epoch 1:  293(SW) -> 61(gpu)   volume = 0.02381
   epoch 1:  294(SW) -> 14(gpu)   volume = 0.02381
   epoch 1:  294(SW) -> 22(gpu)   volume = 0.02381
   epoch 1:  294(SW) -> 30(gpu)   volume = 0.02381
   epoch 1:  294(SW) -> 38(gpu)   volume = 0.02381
   epoch 1:  294(SW) -> 46(gpu)   volume = 0.02381
   epoch 1:  294(SW) -> 54(gpu)   volume = 0.02381
   epoch 1:  294(SW) -> 62(gpu)   volume = 0.02381
   epoch 1:  295(SW) -> 15(gpu)   volume = 0.02381
   epoch 1:  295(SW) -> 23(gpu)   volume = 0.02381
   epoch 1:  295(SW) -> 31(gpu)   volume = 0.02381
   epoch 1:  295(SW) -> 39(gpu)   volume = 0.02381
   epoch 1:  295(SW) -> 47(gpu)   volume = 0.02381
   epoch 1:  295(SW) -> 55(gpu)   volume = 0.02381
   epoch 1:  295(SW) -> 63(gpu)   volume = 0.02381
   epoch 2:   1(gpu) -> 289(SW)   volume = 1.0
   epoch 2:  289(SW) -> 296(SW)   volume = 0.25
   epoch 2:  289(SW) -> 297(SW)   volume = 0.25
   epoch 2:  289(SW) -> 298(SW)   volume = 0.25
   epoch 2:  289(SW) -> 299(SW)   volume = 0.25
   epoch 2:  290(SW) -> 10(gpu)   volume = 0.02381
   epoch 2:  290(SW) -> 18(gpu)   volume = 0.02381
   epoch 2:  290(SW) -> 26(gpu)   volume = 0.02381
   epoch 2:  290(SW) -> 34(gpu)   volume = 0.02381
   epoch 2:  290(SW) -> 42(gpu)   volume = 0.02381
   epoch 2:  290(SW) -> 50(gpu)   volume = 0.02381
   epoch 2:  290(SW) -> 58(gpu)   volume = 0.02381
   epoch 2:  291(SW) -> 11(gpu)   volume = 0.02381
   epoch 2:  291(SW) -> 19(gpu)   volume = 0.02381
   epoch 2:  291(SW) -> 27(gpu)   volume = 0.02381
   epoch 2:  291(SW) -> 35(gpu)   volume = 0.02381
   epoch 2:  291(SW) -> 43(gpu)   volume = 0.02381
   epoch 2:  291(SW) -> 51(gpu)   volume = 0.02381
   epoch 2:  291(SW) -> 59(gpu)   volume = 0.02381
   epoch 2:  292(SW) -> 12(gpu)   volume = 0.02381
   epoch 2:  292(SW) -> 20(gpu)   volume = 0.02381
   epoch 2:  292(SW) -> 28(gpu)   volume = 0.02381
   epoch 2:  292(SW) -> 36(gpu)   volume = 0.02381
   epoch 2:  292(SW) -> 44(gpu)   volume = 0.02381
   epoch 2:  292(SW) -> 52(gpu)   volume = 0.02381
   epoch 2:  292(SW) -> 60(gpu)   volume = 0.02381
   epoch 2:  293(SW) -> 13(gpu)   volume = 0.02381
   epoch 2:  293(SW) -> 21(gpu)   volume = 0.02381
   epoch 2:  293(SW) -> 29(gpu)   volume = 0.02381
   epoch 2:  293(SW) -> 37(gpu)   volume = 0.02381
   epoch 2:  293(SW) -> 45(gpu)   volume = 0.02381
   epoch 2:  293(SW) -> 53(gpu)   volume = 0.02381
   epoch 2:  293(SW) -> 61(gpu)   volume = 0.02381
   epoch 2:  294(SW) -> 14(gpu)   volume = 0.02381
   epoch 2:  294(SW) -> 22(gpu)   volume = 0.02381
   epoch 2:  294(SW) -> 30(gpu)   volume = 0.02381
   epoch 2:  294(SW) -> 38(gpu)   volume = 0.02381
   epoch 2:  294(SW) -> 46(gpu)   volume = 0.02381
   epoch 2:  294(SW) -> 54(gpu)   volume = 0.02381
   epoch 2:  294(SW) -> 62(gpu)   volume = 0.02381
   epoch 2:  295(SW) -> 15(gpu)   volume = 0.02381
   epoch 2:  295(SW) -> 23(gpu)   volume = 0.02381
   epoch 2:  295(SW) -> 31(gpu)   volume = 0.02381
   epoch 2:  295(SW) -> 39(gpu)   volume = 0.02381
   epoch 2:  295(SW) -> 47(gpu)   volume = 0.02381
   epoch 2:  295(SW) -> 55(gpu)   volume = 0.02381
   epoch 2:  295(SW) -> 63(gpu)   volume = 0.02381
   epoch 2:  296(SW) -> 290(SW)   volume = 0.041667
   epoch 2:  296(SW) -> 291(SW)   volume = 0.041667
   epoch 2:  296(SW) -> 292(SW)   volume = 0.041667
   epoch 2:  296(SW) -> 293(SW)   volume = 0.041667
   epoch 2:  296(SW) -> 294(SW)   volume = 0.041667
   epoch 2:  296(SW) -> 295(SW)   volume = 0.041667
   epoch 2:  297(SW) -> 290(SW)   volume = 0.041667
   epoch 2:  297(SW) -> 291(SW)   volume = 0.041667
   epoch 2:  297(SW) -> 292(SW)   volume = 0.041667
   epoch 2:  297(SW) -> 293(SW)   volume = 0.041667
   epoch 2:  297(SW) -> 294(SW)   volume = 0.041667
   epoch 2:  297(SW) -> 295(SW)   volume = 0.041667
   epoch 2:  298(SW) -> 290(SW)   volume = 0.041667
   epoch 2:  298(SW) -> 291(SW)   volume = 0.041667
   epoch 2:  298(SW) -> 292(SW)   volume = 0.041667
   epoch 2:  298(SW) -> 293(SW)   volume = 0.041667
   epoch 2:  298(SW) -> 294(SW)   volume = 0.041667
   epoch 2:  298(SW) -> 295(SW)   volume = 0.041667
   epoch 2:  299(SW) -> 290(SW)   volume = 0.041667
   epoch 2:  299(SW) -> 291(SW)   volume = 0.041667
   epoch 2:  299(SW) -> 292(SW)   volume = 0.041667
   epoch 2:  299(SW) -> 293(SW)   volume = 0.041667
   epoch 2:  299(SW) -> 294(SW)   volume = 0.041667
   epoch 2:  299(SW) -> 295(SW)   volume = 0.041667
   epoch 3:   1(gpu) -> 289(SW)   volume = 1.0
   epoch 3:   2(gpu) -> 256(SW)   volume = 0.333333
   epoch 3:   3(gpu) -> 256(SW)   volume = 0.333333
   epoch 3:   4(gpu) -> 256(SW)   volume = 0.333333
   epoch 3:   5(gpu) -> 256(SW)   volume = 0.333333
   epoch 3:   6(gpu) -> 256(SW)   volume = 0.333333
   epoch 3:   7(gpu) -> 256(SW)   volume = 0.333333
   epoch 3:  256(SW) ->  1(gpu)   volume = 2.0
   epoch 3:  289(SW) -> 296(SW)   volume = 0.25
   epoch 3:  289(SW) -> 297(SW)   volume = 0.25
   epoch 3:  289(SW) -> 298(SW)   volume = 0.25
   epoch 3:  289(SW) -> 299(SW)   volume = 0.25
   epoch 3:  290(SW) -> 10(gpu)   volume = 0.02381
   epoch 3:  290(SW) -> 18(gpu)   volume = 0.02381
   epoch 3:  290(SW) -> 26(gpu)   volume = 0.02381
   epoch 3:  290(SW) -> 34(gpu)   volume = 0.02381
   epoch 3:  290(SW) -> 42(gpu)   volume = 0.02381
   epoch 3:  290(SW) -> 50(gpu)   volume = 0.02381
   epoch 3:  290(SW) -> 58(gpu)   volume = 0.02381
   epoch 3:  291(SW) -> 11(gpu)   volume = 0.02381
   epoch 3:  291(SW) -> 19(gpu)   volume = 0.02381
   epoch 3:  291(SW) -> 27(gpu)   volume = 0.02381
   epoch 3:  291(SW) -> 35(gpu)   volume = 0.02381
   epoch 3:  291(SW) -> 43(gpu)   volume = 0.02381
   epoch 3:  291(SW) -> 51(gpu)   volume = 0.02381
   epoch 3:  291(SW) -> 59(gpu)   volume = 0.02381
   epoch 3:  292(SW) -> 12(gpu)   volume = 0.02381
   epoch 3:  292(SW) -> 20(gpu)   volume = 0.02381
   epoch 3:  292(SW) -> 28(gpu)   volume = 0.02381
   epoch 3:  292(SW) -> 36(gpu)   volume = 0.02381
   epoch 3:  292(SW) -> 44(gpu)   volume = 0.02381
   epoch 3:  292(SW) -> 52(gpu)   volume = 0.02381
   epoch 3:  292(SW) -> 60(gpu)   volume = 0.02381
   epoch 3:  293(SW) -> 13(gpu)   volume = 0.02381
   epoch 3:  293(SW) -> 21(gpu)   volume = 0.02381
   epoch 3:  293(SW) -> 29(gpu)   volume = 0.02381
   epoch 3:  293(SW) -> 37(gpu)   volume = 0.02381
   epoch 3:  293(SW) -> 45(gpu)   volume = 0.02381
   epoch 3:  293(SW) -> 53(gpu)   volume = 0.02381
   epoch 3:  293(SW) -> 61(gpu)   volume = 0.02381
   epoch 3:  294(SW) -> 14(gpu)   volume = 0.02381
   epoch 3:  294(SW) -> 22(gpu)   volume = 0.02381
   epoch 3:  294(SW) -> 30(gpu)   volume = 0.02381
   epoch 3:  294(SW) -> 38(gpu)   volume = 0.02381
   epoch 3:  294(SW) -> 46(gpu)   volume = 0.02381
   epoch 3:  294(SW) -> 54(gpu)   volume = 0.02381
   epoch 3:  294(SW) -> 62(gpu)   volume = 0.02381
   epoch 3:  295(SW) -> 15(gpu)   volume = 0.02381
   epoch 3:  295(SW) -> 23(gpu)   volume = 0.02381
   epoch 3:  295(SW) -> 31(gpu)   volume = 0.02381
   epoch 3:  295(SW) -> 39(gpu)   volume = 0.02381
   epoch 3:  295(SW) -> 47(gpu)   volume = 0.02381
   epoch 3:  295(SW) -> 55(gpu)   volume = 0.02381
   epoch 3:  295(SW) -> 63(gpu)   volume = 0.02381
   epoch 3:  296(SW) -> 290(SW)   volume = 0.041667
   epoch 3:  296(SW) -> 291(SW)   volume = 0.041667
   epoch 3:  296(SW) -> 292(SW)   volume = 0.041667
   epoch 3:  296(SW) -> 293(SW)   volume = 0.041667
   epoch 3:  296(SW) -> 294(SW)   volume = 0.041667
   epoch 3:  296(SW) -> 295(SW)   volume = 0.041667
   epoch 3:  297(SW) -> 290(SW)   volume = 0.041667
   epoch 3:  297(SW) -> 291(SW)   volume = 0.041667
   epoch 3:  297(SW) -> 292(SW)   volume = 0.041667
   epoch 3:  297(SW) -> 293(SW)   volume = 0.041667
   epoch 3:  297(SW) -> 294(SW)   volume = 0.041667
   epoch 3:  297(SW) -> 295(SW)   volume = 0.041667
   epoch 3:  298(SW) -> 290(SW)   volume = 0.041667
   epoch 3:  298(SW) -> 291(SW)   volume = 0.041667
   epoch 3:  298(SW) -> 292(SW)   volume = 0.041667
   epoch 3:  298(SW) -> 293(SW)   volume = 0.041667
   epoch 3:  298(SW) -> 294(SW)   volume = 0.041667
   epoch 3:  298(SW) -> 295(SW)   volume = 0.041667
   epoch 3:  299(SW) -> 290(SW)   volume = 0.041667
   epoch 3:  299(SW) -> 291(SW)   volume = 0.041667
   epoch 3:  299(SW) -> 292(SW)   volume = 0.041667
   epoch 3:  299(SW) -> 293(SW)   volume = 0.041667
   epoch 3:  299(SW) -> 294(SW)   volume = 0.041667
   epoch 3:  299(SW) -> 295(SW)   volume = 0.041667
   epoch 4:   1(gpu) -> 289(SW)   volume = 1.0
   epoch 4:  289(SW) -> 296(SW)   volume = 0.25
   epoch 4:  289(SW) -> 297(SW)   volume = 0.25
   epoch 4:  289(SW) -> 298(SW)   volume = 0.25
   epoch 4:  289(SW) -> 299(SW)   volume = 0.25
   epoch 4:  290(SW) -> 10(gpu)   volume = 0.02381
   epoch 4:  290(SW) -> 18(gpu)   volume = 0.02381
   epoch 4:  290(SW) -> 26(gpu)   volume = 0.02381
   epoch 4:  290(SW) -> 34(gpu)   volume = 0.02381
   epoch 4:  290(SW) -> 42(gpu)   volume = 0.02381
   epoch 4:  290(SW) -> 50(gpu)   volume = 0.02381
   epoch 4:  290(SW) -> 58(gpu)   volume = 0.02381
   epoch 4:  291(SW) -> 11(gpu)   volume = 0.02381
   epoch 4:  291(SW) -> 19(gpu)   volume = 0.02381
   epoch 4:  291(SW) -> 27(gpu)   volume = 0.02381
   epoch 4:  291(SW) -> 35(gpu)   volume = 0.02381
   epoch 4:  291(SW) -> 43(gpu)   volume = 0.02381
   epoch 4:  291(SW) -> 51(gpu)   volume = 0.02381
   epoch 4:  291(SW) -> 59(gpu)   volume = 0.02381
   epoch 4:  292(SW) -> 12(gpu)   volume = 0.02381
   epoch 4:  292(SW) -> 20(gpu)   volume = 0.02381
   epoch 4:  292(SW) -> 28(gpu)   volume = 0.02381
   epoch 4:  292(SW) -> 36(gpu)   volume = 0.02381
   epoch 4:  292(SW) -> 44(gpu)   volume = 0.02381
   epoch 4:  292(SW) -> 52(gpu)   volume = 0.02381
   epoch 4:  292(SW) -> 60(gpu)   volume = 0.02381
   epoch 4:  293(SW) -> 13(gpu)   volume = 0.02381
   epoch 4:  293(SW) -> 21(gpu)   volume = 0.02381
   epoch 4:  293(SW) -> 29(gpu)   volume = 0.02381
   epoch 4:  293(SW) -> 37(gpu)   volume = 0.02381
   epoch 4:  293(SW) -> 45(gpu)   volume = 0.02381
   epoch 4:  293(SW) -> 53(gpu)   volume = 0.02381
   epoch 4:  293(SW) -> 61(gpu)   volume = 0.02381
   epoch 4:  294(SW) -> 14(gpu)   volume = 0.02381
   epoch 4:  294(SW) -> 22(gpu)   volume = 0.02381
   epoch 4:  294(SW) -> 30(gpu)   volume = 0.02381
   epoch 4:  294(SW) -> 38(gpu)   volume = 0.02381
   epoch 4:  294(SW) -> 46(gpu)   volume = 0.02381
   epoch 4:  294(SW) -> 54(gpu)   volume = 0.02381
   epoch 4:  294(SW) -> 62(gpu)   volume = 0.02381
   epoch 4:  295(SW) -> 15(gpu)   volume = 0.02381
   epoch 4:  295(SW) -> 23(gpu)   volume = 0.02381
   epoch 4:  295(SW) -> 31(gpu)   volume = 0.02381
   epoch 4:  295(SW) -> 39(gpu)   volume = 0.02381
   epoch 4:  295(SW) -> 47(gpu)   volume = 0.02381
   epoch 4:  295(SW) -> 55(gpu)   volume = 0.02381
   epoch 4:  295(SW) -> 63(gpu)   volume = 0.02381
   epoch 4:  296(SW) -> 290(SW)   volume = 0.041667
   epoch 4:  296(SW) -> 291(SW)   volume = 0.041667
   epoch 4:  296(SW) -> 292(SW)   volume = 0.041667
   epoch 4:  296(SW) -> 293(SW)   volume = 0.041667
   epoch 4:  296(SW) -> 294(SW)   volume = 0.041667
   epoch 4:  296(SW) -> 295(SW)   volume = 0.041667
   epoch 4:  297(SW) -> 290(SW)   volume = 0.041667
   epoch 4:  297(SW) -> 291(SW)   volume = 0.041667
   epoch 4:  297(SW) -> 292(SW)   volume = 0.041667
   epoch 4:  297(SW) -> 293(SW)   volume = 0.041667
   epoch 4:  297(SW) -> 294(SW)   volume = 0.041667
   epoch 4:  297(SW) -> 295(SW)   volume = 0.041667
   epoch 4:  298(SW) -> 290(SW)   volume = 0.041667
   epoch 4:  298(SW) -> 291(SW)   volume = 0.041667
   epoch 4:  298(SW) -> 292(SW)   volume = 0.041667
   epoch 4:  298(SW) -> 293(SW)   volume = 0.041667
   epoch 4:  298(SW) -> 294(SW)   volume = 0.041667
   epoch 4:  298(SW) -> 295(SW)   volume = 0.041667
   epoch 4:  299(SW) -> 290(SW)   volume = 0.041667
   epoch 4:  299(SW) -> 291(SW)   volume = 0.041667
   epoch 4:  299(SW) -> 292(SW)   volume = 0.041667
   epoch 4:  299(SW) -> 293(SW)   volume = 0.041667
   epoch 4:  299(SW) -> 294(SW)   volume = 0.041667
   epoch 4:  299(SW) -> 295(SW)   volume = 0.041667
   epoch 5:   1(gpu) -> 289(SW)   volume = 1.0
   epoch 5:  289(SW) -> 296(SW)   volume = 0.25
   epoch 5:  289(SW) -> 297(SW)   volume = 0.25
   epoch 5:  289(SW) -> 298(SW)   volume = 0.25
   epoch 5:  289(SW) -> 299(SW)   volume = 0.25
   epoch 5:  290(SW) -> 10(gpu)   volume = 0.02381
   epoch 5:  290(SW) -> 18(gpu)   volume = 0.02381
   epoch 5:  290(SW) -> 26(gpu)   volume = 0.02381
   epoch 5:  290(SW) -> 34(gpu)   volume = 0.02381
   epoch 5:  290(SW) -> 42(gpu)   volume = 0.02381
   epoch 5:  290(SW) -> 50(gpu)   volume = 0.02381
   epoch 5:  290(SW) -> 58(gpu)   volume = 0.02381
   epoch 5:  291(SW) -> 11(gpu)   volume = 0.02381
   epoch 5:  291(SW) -> 19(gpu)   volume = 0.02381
   epoch 5:  291(SW) -> 27(gpu)   volume = 0.02381
   epoch 5:  291(SW) -> 35(gpu)   volume = 0.02381
   epoch 5:  291(SW) -> 43(gpu)   volume = 0.02381
   epoch 5:  291(SW) -> 51(gpu)   volume = 0.02381
   epoch 5:  291(SW) -> 59(gpu)   volume = 0.02381
   epoch 5:  292(SW) -> 12(gpu)   volume = 0.02381
   epoch 5:  292(SW) -> 20(gpu)   volume = 0.02381
   epoch 5:  292(SW) -> 28(gpu)   volume = 0.02381
   epoch 5:  292(SW) -> 36(gpu)   volume = 0.02381
   epoch 5:  292(SW) -> 44(gpu)   volume = 0.02381
   epoch 5:  292(SW) -> 52(gpu)   volume = 0.02381
   epoch 5:  292(SW) -> 60(gpu)   volume = 0.02381
   epoch 5:  293(SW) -> 13(gpu)   volume = 0.02381
   epoch 5:  293(SW) -> 21(gpu)   volume = 0.02381
   epoch 5:  293(SW) -> 29(gpu)   volume = 0.02381
   epoch 5:  293(SW) -> 37(gpu)   volume = 0.02381
   epoch 5:  293(SW) -> 45(gpu)   volume = 0.02381
   epoch 5:  293(SW) -> 53(gpu)   volume = 0.02381
   epoch 5:  293(SW) -> 61(gpu)   volume = 0.02381
   epoch 5:  294(SW) -> 14(gpu)   volume = 0.02381
   epoch 5:  294(SW) -> 22(gpu)   volume = 0.02381
   epoch 5:  294(SW) -> 30(gpu)   volume = 0.02381
   epoch 5:  294(SW) -> 38(gpu)   volume = 0.02381
   epoch 5:  294(SW) -> 46(gpu)   volume = 0.02381
   epoch 5:  294(SW) -> 54(gpu)   volume = 0.02381
   epoch 5:  294(SW) -> 62(gpu)   volume = 0.02381
   epoch 5:  295(SW) -> 15(gpu)   volume = 0.02381
   epoch 5:  295(SW) -> 23(gpu)   volume = 0.02381
   epoch 5:  295(SW) -> 31(gpu)   volume = 0.02381
   epoch 5:  295(SW) -> 39(gpu)   volume = 0.02381
   epoch 5:  295(SW) -> 47(gpu)   volume = 0.02381
   epoch 5:  295(SW) -> 55(gpu)   volume = 0.02381
   epoch 5:  295(SW) -> 63(gpu)   volume = 0.02381
   epoch 5:  296(SW) -> 290(SW)   volume = 0.041667
   epoch 5:  296(SW) -> 291(SW)   volume = 0.041667
   epoch 5:  296(SW) -> 292(SW)   volume = 0.041667
   epoch 5:  296(SW) -> 293(SW)   volume = 0.041667
   epoch 5:  296(SW) -> 294(SW)   volume = 0.041667
   epoch 5:  296(SW) -> 295(SW)   volume = 0.041667
   epoch 5:  297(SW) -> 290(SW)   volume = 0.041667
   epoch 5:  297(SW) -> 291(SW)   volume = 0.041667
   epoch 5:  297(SW) -> 292(SW)   volume = 0.041667
   epoch 5:  297(SW) -> 293(SW)   volume = 0.041667
   epoch 5:  297(SW) -> 294(SW)   volume = 0.041667
   epoch 5:  297(SW) -> 295(SW)   volume = 0.041667
   epoch 5:  298(SW) -> 290(SW)   volume = 0.041667
   epoch 5:  298(SW) -> 291(SW)   volume = 0.041667
   epoch 5:  298(SW) -> 292(SW)   volume = 0.041667
   epoch 5:  298(SW) -> 293(SW)   volume = 0.041667
   epoch 5:  298(SW) -> 294(SW)   volume = 0.041667
   epoch 5:  298(SW) -> 295(SW)   volume = 0.041667
   epoch 5:  299(SW) -> 290(SW)   volume = 0.041667
   epoch 5:  299(SW) -> 291(SW)   volume = 0.041667
   epoch 5:  299(SW) -> 292(SW)   volume = 0.041667
   epoch 5:  299(SW) -> 293(SW)   volume = 0.041667
   epoch 5:  299(SW) -> 294(SW)   volume = 0.041667
   epoch 5:  299(SW) -> 295(SW)   volume = 0.041667
   epoch 6:   2(gpu) -> 256(SW)   volume = 0.02381
   epoch 6:   3(gpu) -> 256(SW)   volume = 0.02381
   epoch 6:   4(gpu) -> 256(SW)   volume = 0.02381
   epoch 6:   5(gpu) -> 256(SW)   volume = 0.02381
   epoch 6:   6(gpu) -> 256(SW)   volume = 0.02381
   epoch 6:   7(gpu) -> 256(SW)   volume = 0.02381
   epoch 6:  256(SW) ->  0(gpu)   volume = 0.142857
   epoch 7:   0(gpu) -> 288(SW)   volume = 0.142857
   epoch 7:   2(gpu) -> 256(SW)   volume = 1.166667
   epoch 7:   2(gpu) -> 290(SW)   volume = 0.142857
   epoch 7:   3(gpu) -> 256(SW)   volume = 1.166667
   epoch 7:   3(gpu) -> 291(SW)   volume = 0.142857
   epoch 7:   4(gpu) -> 256(SW)   volume = 1.166667
   epoch 7:   4(gpu) -> 292(SW)   volume = 0.142857
   epoch 7:   5(gpu) -> 256(SW)   volume = 1.166667
   epoch 7:   5(gpu) -> 293(SW)   volume = 0.142857
   epoch 7:   6(gpu) -> 256(SW)   volume = 1.166667
   epoch 7:   6(gpu) -> 294(SW)   volume = 0.142857
   epoch 7:   7(gpu) -> 256(SW)   volume = 1.166667
   epoch 7:   7(gpu) -> 295(SW)   volume = 0.142857
   epoch 7:  10(gpu) -> 257(SW)   volume = 0.142857
   epoch 7:  11(gpu) -> 257(SW)   volume = 0.142857
   epoch 7:  12(gpu) -> 257(SW)   volume = 0.142857
   epoch 7:  13(gpu) -> 257(SW)   volume = 0.142857
   epoch 7:  14(gpu) -> 257(SW)   volume = 0.142857
   epoch 7:  15(gpu) -> 257(SW)   volume = 0.142857
   epoch 7:  18(gpu) -> 258(SW)   volume = 0.142857
   epoch 7:  19(gpu) -> 258(SW)   volume = 0.142857
   epoch 7:  20(gpu) -> 258(SW)   volume = 0.142857
   epoch 7:  21(gpu) -> 258(SW)   volume = 0.142857
   epoch 7:  22(gpu) -> 258(SW)   volume = 0.142857
   epoch 7:  23(gpu) -> 258(SW)   volume = 0.142857
   epoch 7:  26(gpu) -> 259(SW)   volume = 0.142857
   epoch 7:  27(gpu) -> 259(SW)   volume = 0.142857
   epoch 7:  28(gpu) -> 259(SW)   volume = 0.142857
   epoch 7:  29(gpu) -> 259(SW)   volume = 0.142857
   epoch 7:  30(gpu) -> 259(SW)   volume = 0.142857
   epoch 7:  31(gpu) -> 259(SW)   volume = 0.142857
   epoch 7:  34(gpu) -> 260(SW)   volume = 0.142857
   epoch 7:  35(gpu) -> 260(SW)   volume = 0.142857
   epoch 7:  36(gpu) -> 260(SW)   volume = 0.142857
   epoch 7:  37(gpu) -> 260(SW)   volume = 0.142857
   epoch 7:  38(gpu) -> 260(SW)   volume = 0.142857
   epoch 7:  39(gpu) -> 260(SW)   volume = 0.142857
   epoch 7:  42(gpu) -> 261(SW)   volume = 0.142857
   epoch 7:  43(gpu) -> 261(SW)   volume = 0.142857
   epoch 7:  44(gpu) -> 261(SW)   volume = 0.142857
   epoch 7:  45(gpu) -> 261(SW)   volume = 0.142857
   epoch 7:  46(gpu) -> 261(SW)   volume = 0.142857
   epoch 7:  47(gpu) -> 261(SW)   volume = 0.142857
   epoch 7:  50(gpu) -> 262(SW)   volume = 0.142857
   epoch 7:  51(gpu) -> 262(SW)   volume = 0.142857
   epoch 7:  52(gpu) -> 262(SW)   volume = 0.142857
   epoch 7:  53(gpu) -> 262(SW)   volume = 0.142857
   epoch 7:  54(gpu) -> 262(SW)   volume = 0.142857
   epoch 7:  55(gpu) -> 262(SW)   volume = 0.142857
   epoch 7:  58(gpu) -> 263(SW)   volume = 0.142857
   epoch 7:  59(gpu) -> 263(SW)   volume = 0.142857
   epoch 7:  60(gpu) -> 263(SW)   volume = 0.142857
   epoch 7:  61(gpu) -> 263(SW)   volume = 0.142857
   epoch 7:  62(gpu) -> 263(SW)   volume = 0.142857
   epoch 7:  63(gpu) -> 263(SW)   volume = 0.142857
   epoch 7:  256(SW) ->  0(gpu)   volume = 1.0
   epoch 7:  256(SW) ->  2(gpu)   volume = 1.0
   epoch 7:  256(SW) ->  3(gpu)   volume = 1.0
   epoch 7:  256(SW) ->  4(gpu)   volume = 1.0
   epoch 7:  256(SW) ->  5(gpu)   volume = 1.0
   epoch 7:  256(SW) ->  6(gpu)   volume = 1.0
   epoch 7:  256(SW) ->  7(gpu)   volume = 1.0
   epoch 7:  257(SW) ->  8(gpu)   volume = 0.857143
   epoch 7:  258(SW) -> 16(gpu)   volume = 0.857143
   epoch 7:  259(SW) -> 24(gpu)   volume = 0.857143
   epoch 7:  260(SW) -> 32(gpu)   volume = 0.857143
   epoch 7:  261(SW) -> 40(gpu)   volume = 0.857143
   epoch 7:  262(SW) -> 48(gpu)   volume = 0.857143
   epoch 7:  263(SW) -> 56(gpu)   volume = 0.857143
   epoch 7:  288(SW) ->  8(gpu)   volume = 0.142857
   epoch 7:  288(SW) -> 16(gpu)   volume = 0.142857
   epoch 7:  288(SW) -> 24(gpu)   volume = 0.142857
   epoch 7:  288(SW) -> 32(gpu)   volume = 0.142857
   epoch 7:  288(SW) -> 40(gpu)   volume = 0.142857
   epoch 7:  288(SW) -> 48(gpu)   volume = 0.142857
   epoch 7:  288(SW) -> 56(gpu)   volume = 0.142857
   epoch 7:  290(SW) -> 296(SW)   volume = 0.035714
   epoch 7:  290(SW) -> 297(SW)   volume = 0.035714
   epoch 7:  290(SW) -> 298(SW)   volume = 0.035714
   epoch 7:  290(SW) -> 299(SW)   volume = 0.035714
   epoch 7:  291(SW) -> 296(SW)   volume = 0.035714
   epoch 7:  291(SW) -> 297(SW)   volume = 0.035714
   epoch 7:  291(SW) -> 298(SW)   volume = 0.035714
   epoch 7:  291(SW) -> 299(SW)   volume = 0.035714
   epoch 7:  292(SW) -> 296(SW)   volume = 0.035714
   epoch 7:  292(SW) -> 297(SW)   volume = 0.035714
   epoch 7:  292(SW) -> 298(SW)   volume = 0.035714
   epoch 7:  292(SW) -> 299(SW)   volume = 0.035714
   epoch 7:  293(SW) -> 296(SW)   volume = 0.035714
   epoch 7:  293(SW) -> 297(SW)   volume = 0.035714
   epoch 7:  293(SW) -> 298(SW)   volume = 0.035714
   epoch 7:  293(SW) -> 299(SW)   volume = 0.035714
   epoch 7:  294(SW) -> 296(SW)   volume = 0.035714
   epoch 7:  294(SW) -> 297(SW)   volume = 0.035714
   epoch 7:  294(SW) -> 298(SW)   volume = 0.035714
   epoch 7:  294(SW) -> 299(SW)   volume = 0.035714
   epoch 7:  295(SW) -> 296(SW)   volume = 0.035714
   epoch 7:  295(SW) -> 297(SW)   volume = 0.035714
   epoch 7:  295(SW) -> 298(SW)   volume = 0.035714
   epoch 7:  295(SW) -> 299(SW)   volume = 0.035714
   epoch 7:  296(SW) -> 288(SW)   volume = 0.214286
   epoch 7:  297(SW) -> 288(SW)   volume = 0.214286
   epoch 7:  298(SW) -> 288(SW)   volume = 0.214286
   epoch 7:  299(SW) -> 288(SW)   volume = 0.214286

-- source 2 --
   epoch 0:   2(gpu) -> 256(SW)   volume = 13.0
   epoch 0:   2(gpu) -> 290(SW)   volume = 1.0
   epoch 0:  256(SW) ->  1(gpu)   volume = 2.166667
   epoch 0:  256(SW) ->  3(gpu)   volume = 2.166667
   epoch 0:  256(SW) ->  4(gpu)   volume = 2.166667
   epoch 0:  256(SW) ->  5(gpu)   volume = 2.166667
   epoch 0:  256(SW) ->  6(gpu)   volume = 2.166667
   epoch 0:  256(SW) ->  7(gpu)   volume = 2.166667
   epoch 0:  289(SW) ->  9(gpu)   volume = 0.02381
   epoch 0:  289(SW) -> 17(gpu)   volume = 0.02381
   epoch 0:  289(SW) -> 25(gpu)   volume = 0.02381
   epoch 0:  289(SW) -> 33(gpu)   volume = 0.02381
   epoch 0:  289(SW) -> 41(gpu)   volume = 0.02381
   epoch 0:  289(SW) -> 49(gpu)   volume = 0.02381
   epoch 0:  289(SW) -> 57(gpu)   volume = 0.02381
   epoch 0:  290(SW) -> 296(SW)   volume = 0.25
   epoch 0:  290(SW) -> 297(SW)   volume = 0.25
   epoch 0:  290(SW) -> 298(SW)   volume = 0.25
   epoch 0:  290(SW) -> 299(SW)   volume = 0.25
   epoch 0:  291(SW) -> 11(gpu)   volume = 0.02381
   epoch 0:  291(SW) -> 19(gpu)   volume = 0.02381
   epoch 0:  291(SW) -> 27(gpu)   volume = 0.02381
   epoch 0:  291(SW) -> 35(gpu)   volume = 0.02381
   epoch 0:  291(SW) -> 43(gpu)   volume = 0.02381
   epoch 0:  291(SW) -> 51(gpu)   volume = 0.02381
   epoch 0:  291(SW) -> 59(gpu)   volume = 0.02381
   epoch 0:  292(SW) -> 12(gpu)   volume = 0.02381
   epoch 0:  292(SW) -> 20(gpu)   volume = 0.02381
   epoch 0:  292(SW) -> 28(gpu)   volume = 0.02381
   epoch 0:  292(SW) -> 36(gpu)   volume = 0.02381
   epoch 0:  292(SW) -> 44(gpu)   volume = 0.02381
   epoch 0:  292(SW) -> 52(gpu)   volume = 0.02381
   epoch 0:  292(SW) -> 60(gpu)   volume = 0.02381
   epoch 0:  293(SW) -> 13(gpu)   volume = 0.02381
   epoch 0:  293(SW) -> 21(gpu)   volume = 0.02381
   epoch 0:  293(SW) -> 29(gpu)   volume = 0.02381
   epoch 0:  293(SW) -> 37(gpu)   volume = 0.02381
   epoch 0:  293(SW) -> 45(gpu)   volume = 0.02381
   epoch 0:  293(SW) -> 53(gpu)   volume = 0.02381
   epoch 0:  293(SW) -> 61(gpu)   volume = 0.02381
   epoch 0:  294(SW) -> 14(gpu)   volume = 0.02381
   epoch 0:  294(SW) -> 22(gpu)   volume = 0.02381
   epoch 0:  294(SW) -> 30(gpu)   volume = 0.02381
   epoch 0:  294(SW) -> 38(gpu)   volume = 0.02381
   epoch 0:  294(SW) -> 46(gpu)   volume = 0.02381
   epoch 0:  294(SW) -> 54(gpu)   volume = 0.02381
   epoch 0:  294(SW) -> 62(gpu)   volume = 0.02381
   epoch 0:  295(SW) -> 15(gpu)   volume = 0.02381
   epoch 0:  295(SW) -> 23(gpu)   volume = 0.02381
   epoch 0:  295(SW) -> 31(gpu)   volume = 0.02381
   epoch 0:  295(SW) -> 39(gpu)   volume = 0.02381
   epoch 0:  295(SW) -> 47(gpu)   volume = 0.02381
   epoch 0:  295(SW) -> 55(gpu)   volume = 0.02381
   epoch 0:  295(SW) -> 63(gpu)   volume = 0.02381
   epoch 0:  296(SW) -> 289(SW)   volume = 0.041667
   epoch 0:  296(SW) -> 291(SW)   volume = 0.041667
   epoch 0:  296(SW) -> 292(SW)   volume = 0.041667
   epoch 0:  296(SW) -> 293(SW)   volume = 0.041667
   epoch 0:  296(SW) -> 294(SW)   volume = 0.041667
   epoch 0:  296(SW) -> 295(SW)   volume = 0.041667
   epoch 0:  297(SW) -> 289(SW)   volume = 0.041667
   epoch 0:  297(SW) -> 291(SW)   volume = 0.041667
   epoch 0:  297(SW) -> 292(SW)   volume = 0.041667
   epoch 0:  297(SW) -> 293(SW)   volume = 0.041667
   epoch 0:  297(SW) -> 294(SW)   volume = 0.041667
   epoch 0:  297(SW) -> 295(SW)   volume = 0.041667
   epoch 0:  298(SW) -> 289(SW)   volume = 0.041667
   epoch 0:  298(SW) -> 291(SW)   volume = 0.041667
   epoch 0:  298(SW) -> 292(SW)   volume = 0.041667
   epoch 0:  298(SW) -> 293(SW)   volume = 0.041667
   epoch 0:  298(SW) -> 294(SW)   volume = 0.041667
   epoch 0:  298(SW) -> 295(SW)   volume = 0.041667
   epoch 0:  299(SW) -> 289(SW)   volume = 0.041667
   epoch 0:  299(SW) -> 291(SW)   volume = 0.041667
   epoch 0:  299(SW) -> 292(SW)   volume = 0.041667
   epoch 0:  299(SW) -> 293(SW)   volume = 0.041667
   epoch 0:  299(SW) -> 294(SW)   volume = 0.041667
   epoch 0:  299(SW) -> 295(SW)   volume = 0.041667
   epoch 1:   1(gpu) -> 256(SW)   volume = 0.333333
   epoch 1:   1(gpu) -> 289(SW)   volume = 0.166667
   epoch 1:   3(gpu) -> 256(SW)   volume = 0.333333
   epoch 1:   3(gpu) -> 291(SW)   volume = 0.166667
   epoch 1:   4(gpu) -> 256(SW)   volume = 0.333333
   epoch 1:   4(gpu) -> 292(SW)   volume = 0.166667
   epoch 1:   5(gpu) -> 256(SW)   volume = 0.333333
   epoch 1:   5(gpu) -> 293(SW)   volume = 0.166667
   epoch 1:   6(gpu) -> 256(SW)   volume = 0.333333
   epoch 1:   6(gpu) -> 294(SW)   volume = 0.166667
   epoch 1:   7(gpu) -> 256(SW)   volume = 0.333333
   epoch 1:   7(gpu) -> 295(SW)   volume = 0.166667
   epoch 1:  256(SW) ->  2(gpu)   volume = 2.0
   epoch 1:  289(SW) ->  9(gpu)   volume = 0.02381
   epoch 1:  289(SW) -> 17(gpu)   volume = 0.02381
   epoch 1:  289(SW) -> 25(gpu)   volume = 0.02381
   epoch 1:  289(SW) -> 33(gpu)   volume = 0.02381
   epoch 1:  289(SW) -> 41(gpu)   volume = 0.02381
   epoch 1:  289(SW) -> 49(gpu)   volume = 0.02381
   epoch 1:  289(SW) -> 57(gpu)   volume = 0.02381
   epoch 1:  291(SW) -> 11(gpu)   volume = 0.02381
   epoch 1:  291(SW) -> 19(gpu)   volume = 0.02381
   epoch 1:  291(SW) -> 27(gpu)   volume = 0.02381
   epoch 1:  291(SW) -> 35(gpu)   volume = 0.02381
   epoch 1:  291(SW) -> 43(gpu)   volume = 0.02381
   epoch 1:  291(SW) -> 51(gpu)   volume = 0.02381
   epoch 1:  291(SW) -> 59(gpu)   volume = 0.02381
   epoch 1:  292(SW) -> 12(gpu)   volume = 0.02381
   epoch 1:  292(SW) -> 20(gpu)   volume = 0.02381
   epoch 1:  292(SW) -> 28(gpu)   volume = 0.02381
   epoch 1:  292(SW) -> 36(gpu)   volume = 0.02381
   epoch 1:  292(SW) -> 44(gpu)   volume = 0.02381
   epoch 1:  292(SW) -> 52(gpu)   volume = 0.02381
   epoch 1:  292(SW) -> 60(gpu)   volume = 0.02381
   epoch 1:  293(SW) -> 13(gpu)   volume = 0.02381
   epoch 1:  293(SW) -> 21(gpu)   volume = 0.02381
   epoch 1:  293(SW) -> 29(gpu)   volume = 0.02381
   epoch 1:  293(SW) -> 37(gpu)   volume = 0.02381
   epoch 1:  293(SW) -> 45(gpu)   volume = 0.02381
   epoch 1:  293(SW) -> 53(gpu)   volume = 0.02381
   epoch 1:  293(SW) -> 61(gpu)   volume = 0.02381
   epoch 1:  294(SW) -> 14(gpu)   volume = 0.02381
   epoch 1:  294(SW) -> 22(gpu)   volume = 0.02381
   epoch 1:  294(SW) -> 30(gpu)   volume = 0.02381
   epoch 1:  294(SW) -> 38(gpu)   volume = 0.02381
   epoch 1:  294(SW) -> 46(gpu)   volume = 0.02381
   epoch 1:  294(SW) -> 54(gpu)   volume = 0.02381
   epoch 1:  294(SW) -> 62(gpu)   volume = 0.02381
   epoch 1:  295(SW) -> 15(gpu)   volume = 0.02381
   epoch 1:  295(SW) -> 23(gpu)   volume = 0.02381
   epoch 1:  295(SW) -> 31(gpu)   volume = 0.02381
   epoch 1:  295(SW) -> 39(gpu)   volume = 0.02381
   epoch 1:  295(SW) -> 47(gpu)   volume = 0.02381
   epoch 1:  295(SW) -> 55(gpu)   volume = 0.02381
   epoch 1:  295(SW) -> 63(gpu)   volume = 0.02381
   epoch 2:   2(gpu) -> 290(SW)   volume = 1.0
   epoch 2:  289(SW) ->  9(gpu)   volume = 0.02381
   epoch 2:  289(SW) -> 17(gpu)   volume = 0.02381
   epoch 2:  289(SW) -> 25(gpu)   volume = 0.02381
   epoch 2:  289(SW) -> 33(gpu)   volume = 0.02381
   epoch 2:  289(SW) -> 41(gpu)   volume = 0.02381
   epoch 2:  289(SW) -> 49(gpu)   volume = 0.02381
   epoch 2:  289(SW) -> 57(gpu)   volume = 0.02381
   epoch 2:  290(SW) -> 296(SW)   volume = 0.25
   epoch 2:  290(SW) -> 297(SW)   volume = 0.25
   epoch 2:  290(SW) -> 298(SW)   volume = 0.25
   epoch 2:  290(SW) -> 299(SW)   volume = 0.25
   epoch 2:  291(SW) -> 11(gpu)   volume = 0.02381
   epoch 2:  291(SW) -> 19(gpu)   volume = 0.02381
   epoch 2:  291(SW) -> 27(gpu)   volume = 0.02381
   epoch 2:  291(SW) -> 35(gpu)   volume = 0.02381
   epoch 2:  291(SW) -> 43(gpu)   volume = 0.02381
   epoch 2:  291(SW) -> 51(gpu)   volume = 0.02381
   epoch 2:  291(SW) -> 59(gpu)   volume = 0.02381
   epoch 2:  292(SW) -> 12(gpu)   volume = 0.02381
   epoch 2:  292(SW) -> 20(gpu)   volume = 0.02381
   epoch 2:  292(SW) -> 28(gpu)   volume = 0.02381
   epoch 2:  292(SW) -> 36(gpu)   volume = 0.02381
   epoch 2:  292(SW) -> 44(gpu)   volume = 0.02381
   epoch 2:  292(SW) -> 52(gpu)   volume = 0.02381
   epoch 2:  292(SW) -> 60(gpu)   volume = 0.02381
   epoch 2:  293(SW) -> 13(gpu)   volume = 0.02381
   epoch 2:  293(SW) -> 21(gpu)   volume = 0.02381
   epoch 2:  293(SW) -> 29(gpu)   volume = 0.02381
   epoch 2:  293(SW) -> 37(gpu)   volume = 0.02381
   epoch 2:  293(SW) -> 45(gpu)   volume = 0.02381
   epoch 2:  293(SW) -> 53(gpu)   volume = 0.02381
   epoch 2:  293(SW) -> 61(gpu)   volume = 0.02381
   epoch 2:  294(SW) -> 14(gpu)   volume = 0.02381
   epoch 2:  294(SW) -> 22(gpu)   volume = 0.02381
   epoch 2:  294(SW) -> 30(gpu)   volume = 0.02381
   epoch 2:  294(SW) -> 38(gpu)   volume = 0.02381
   epoch 2:  294(SW) -> 46(gpu)   volume = 0.02381
   epoch 2:  294(SW) -> 54(gpu)   volume = 0.02381
   epoch 2:  294(SW) -> 62(gpu)   volume = 0.02381
   epoch 2:  295(SW) -> 15(gpu)   volume = 0.02381
   epoch 2:  295(SW) -> 23(gpu)   volume = 0.02381
   epoch 2:  295(SW) -> 31(gpu)   volume = 0.02381
   epoch 2:  295(SW) -> 39(gpu)   volume = 0.02381
   epoch 2:  295(SW) -> 47(gpu)   volume = 0.02381
   epoch 2:  295(SW) -> 55(gpu)   volume = 0.02381
   epoch 2:  295(SW) -> 63(gpu)   volume = 0.02381
   epoch 2:  296(SW) -> 289(SW)   volume = 0.041667
   epoch 2:  296(SW) -> 291(SW)   volume = 0.041667
   epoch 2:  296(SW) -> 292(SW)   volume = 0.041667
   epoch 2:  296(SW) -> 293(SW)   volume = 0.041667
   epoch 2:  296(SW) -> 294(SW)   volume = 0.041667
   epoch 2:  296(SW) -> 295(SW)   volume = 0.041667
   epoch 2:  297(SW) -> 289(SW)   volume = 0.041667
   epoch 2:  297(SW) -> 291(SW)   volume = 0.041667
   epoch 2:  297(SW) -> 292(SW)   volume = 0.041667
   epoch 2:  297(SW) -> 293(SW)   volume = 0.041667
   epoch 2:  297(SW) -> 294(SW)   volume = 0.041667
   epoch 2:  297(SW) -> 295(SW)   volume = 0.041667
   epoch 2:  298(SW) -> 289(SW)   volume = 0.041667
   epoch 2:  298(SW) -> 291(SW)   volume = 0.041667
   epoch 2:  298(SW) -> 292(SW)   volume = 0.041667
   epoch 2:  298(SW) -> 293(SW)   volume = 0.041667
   epoch 2:  298(SW) -> 294(SW)   volume = 0.041667
   epoch 2:  298(SW) -> 295(SW)   volume = 0.041667
   epoch 2:  299(SW) -> 289(SW)   volume = 0.041667
   epoch 2:  299(SW) -> 291(SW)   volume = 0.041667
   epoch 2:  299(SW) -> 292(SW)   volume = 0.041667
   epoch 2:  299(SW) -> 293(SW)   volume = 0.041667
   epoch 2:  299(SW) -> 294(SW)   volume = 0.041667
   epoch 2:  299(SW) -> 295(SW)   volume = 0.041667
   epoch 3:   1(gpu) -> 256(SW)   volume = 0.333333
   epoch 3:   2(gpu) -> 290(SW)   volume = 1.0
   epoch 3:   3(gpu) -> 256(SW)   volume = 0.333333
   epoch 3:   4(gpu) -> 256(SW)   volume = 0.333333
   epoch 3:   5(gpu) -> 256(SW)   volume = 0.333333
   epoch 3:   6(gpu) -> 256(SW)   volume = 0.333333
   epoch 3:   7(gpu) -> 256(SW)   volume = 0.333333
   epoch 3:  256(SW) ->  2(gpu)   volume = 2.0
   epoch 3:  289(SW) ->  9(gpu)   volume = 0.02381
   epoch 3:  289(SW) -> 17(gpu)   volume = 0.02381
   epoch 3:  289(SW) -> 25(gpu)   volume = 0.02381
   epoch 3:  289(SW) -> 33(gpu)   volume = 0.02381
   epoch 3:  289(SW) -> 41(gpu)   volume = 0.02381
   epoch 3:  289(SW) -> 49(gpu)   volume = 0.02381
   epoch 3:  289(SW) -> 57(gpu)   volume = 0.02381
   epoch 3:  290(SW) -> 296(SW)   volume = 0.25
   epoch 3:  290(SW) -> 297(SW)   volume = 0.25
   epoch 3:  290(SW) -> 298(SW)   volume = 0.25
   epoch 3:  290(SW) -> 299(SW)   volume = 0.25
   epoch 3:  291(SW) -> 11(gpu)   volume = 0.02381
   epoch 3:  291(SW) -> 19(gpu)   volume = 0.02381
   epoch 3:  291(SW) -> 27(gpu)   volume = 0.02381
   epoch 3:  291(SW) -> 35(gpu)   volume = 0.02381
   epoch 3:  291(SW) -> 43(gpu)   volume = 0.02381
   epoch 3:  291(SW) -> 51(gpu)   volume = 0.02381
   epoch 3:  291(SW) -> 59(gpu)   volume = 0.02381
   epoch 3:  292(SW) -> 12(gpu)   volume = 0.02381
   epoch 3:  292(SW) -> 20(gpu)   volume = 0.02381
   epoch 3:  292(SW) -> 28(gpu)   volume = 0.02381
   epoch 3:  292(SW) -> 36(gpu)   volume = 0.02381
   epoch 3:  292(SW) -> 44(gpu)   volume = 0.02381
   epoch 3:  292(SW) -> 52(gpu)   volume = 0.02381
   epoch 3:  292(SW) -> 60(gpu)   volume = 0.02381
   epoch 3:  293(SW) -> 13(gpu)   volume = 0.02381
   epoch 3:  293(SW) -> 21(gpu)   volume = 0.02381
   epoch 3:  293(SW) -> 29(gpu)   volume = 0.02381
   epoch 3:  293(SW) -> 37(gpu)   volume = 0.02381
   epoch 3:  293(SW) -> 45(gpu)   volume = 0.02381
   epoch 3:  293(SW) -> 53(gpu)   volume = 0.02381
   epoch 3:  293(SW) -> 61(gpu)   volume = 0.02381
   epoch 3:  294(SW) -> 14(gpu)   volume = 0.02381
   epoch 3:  294(SW) -> 22(gpu)   volume = 0.02381
   epoch 3:  294(SW) -> 30(gpu)   volume = 0.02381
   epoch 3:  294(SW) -> 38(gpu)   volume = 0.02381
   epoch 3:  294(SW) -> 46(gpu)   volume = 0.02381
   epoch 3:  294(SW) -> 54(gpu)   volume = 0.02381
   epoch 3:  294(SW) -> 62(gpu)   volume = 0.02381
   epoch 3:  295(SW) -> 15(gpu)   volume = 0.02381
   epoch 3:  295(SW) -> 23(gpu)   volume = 0.02381
   epoch 3:  295(SW) -> 31(gpu)   volume = 0.02381
   epoch 3:  295(SW) -> 39(gpu)   volume = 0.02381
   epoch 3:  295(SW) -> 47(gpu)   volume = 0.02381
   epoch 3:  295(SW) -> 55(gpu)   volume = 0.02381
   epoch 3:  295(SW) -> 63(gpu)   volume = 0.02381
   epoch 3:  296(SW) -> 289(SW)   volume = 0.041667
   epoch 3:  296(SW) -> 291(SW)   volume = 0.041667
   epoch 3:  296(SW) -> 292(SW)   volume = 0.041667
   epoch 3:  296(SW) -> 293(SW)   volume = 0.041667
   epoch 3:  296(SW) -> 294(SW)   volume = 0.041667
   epoch 3:  296(SW) -> 295(SW)   volume = 0.041667
   epoch 3:  297(SW) -> 289(SW)   volume = 0.041667
   epoch 3:  297(SW) -> 291(SW)   volume = 0.041667
   epoch 3:  297(SW) -> 292(SW)   volume = 0.041667
   epoch 3:  297(SW) -> 293(SW)   volume = 0.041667
   epoch 3:  297(SW) -> 294(SW)   volume = 0.041667
   epoch 3:  297(SW) -> 295(SW)   volume = 0.041667
   epoch 3:  298(SW) -> 289(SW)   volume = 0.041667
   epoch 3:  298(SW) -> 291(SW)   volume = 0.041667
   epoch 3:  298(SW) -> 292(SW)   volume = 0.041667
   epoch 3:  298(SW) -> 293(SW)   volume = 0.041667
   epoch 3:  298(SW) -> 294(SW)   volume = 0.041667
   epoch 3:  298(SW) -> 295(SW)   volume = 0.041667
   epoch 3:  299(SW) -> 289(SW)   volume = 0.041667
   epoch 3:  299(SW) -> 291(SW)   volume = 0.041667
   epoch 3:  299(SW) -> 292(SW)   volume = 0.041667
   epoch 3:  299(SW) -> 293(SW)   volume = 0.041667
   epoch 3:  299(SW) -> 294(SW)   volume = 0.041667
   epoch 3:  299(SW) -> 295(SW)   volume = 0.041667
   epoch 4:   2(gpu) -> 290(SW)   volume = 1.0
   epoch 4:  289(SW) ->  9(gpu)   volume = 0.02381
   epoch 4:  289(SW) -> 17(gpu)   volume = 0.02381
   epoch 4:  289(SW) -> 25(gpu)   volume = 0.02381
   epoch 4:  289(SW) -> 33(gpu)   volume = 0.02381
   epoch 4:  289(SW) -> 41(gpu)   volume = 0.02381
   epoch 4:  289(SW) -> 49(gpu)   volume = 0.02381
   epoch 4:  289(SW) -> 57(gpu)   volume = 0.02381
   epoch 4:  290(SW) -> 296(SW)   volume = 0.25
   epoch 4:  290(SW) -> 297(SW)   volume = 0.25
   epoch 4:  290(SW) -> 298(SW)   volume = 0.25
   epoch 4:  290(SW) -> 299(SW)   volume = 0.25
   epoch 4:  291(SW) -> 11(gpu)   volume = 0.02381
   epoch 4:  291(SW) -> 19(gpu)   volume = 0.02381
   epoch 4:  291(SW) -> 27(gpu)   volume = 0.02381
   epoch 4:  291(SW) -> 35(gpu)   volume = 0.02381
   epoch 4:  291(SW) -> 43(gpu)   volume = 0.02381
   epoch 4:  291(SW) -> 51(gpu)   volume = 0.02381
   epoch 4:  291(SW) -> 59(gpu)   volume = 0.02381
   epoch 4:  292(SW) -> 12(gpu)   volume = 0.02381
   epoch 4:  292(SW) -> 20(gpu)   volume = 0.02381
   epoch 4:  292(SW) -> 28(gpu)   volume = 0.02381
   epoch 4:  292(SW) -> 36(gpu)   volume = 0.02381
   epoch 4:  292(SW) -> 44(gpu)   volume = 0.02381
   epoch 4:  292(SW) -> 52(gpu)   volume = 0.02381
   epoch 4:  292(SW) -> 60(gpu)   volume = 0.02381
   epoch 4:  293(SW) -> 13(gpu)   volume = 0.02381
   epoch 4:  293(SW) -> 21(gpu)   volume = 0.02381
   epoch 4:  293(SW) -> 29(gpu)   volume = 0.02381
   epoch 4:  293(SW) -> 37(gpu)   volume = 0.02381
   epoch 4:  293(SW) -> 45(gpu)   volume = 0.02381
   epoch 4:  293(SW) -> 53(gpu)   volume = 0.02381
   epoch 4:  293(SW) -> 61(gpu)   volume = 0.02381
   epoch 4:  294(SW) -> 14(gpu)   volume = 0.02381
   epoch 4:  294(SW) -> 22(gpu)   volume = 0.02381
   epoch 4:  294(SW) -> 30(gpu)   volume = 0.02381
   epoch 4:  294(SW) -> 38(gpu)   volume = 0.02381
   epoch 4:  294(SW) -> 46(gpu)   volume = 0.02381
   epoch 4:  294(SW) -> 54(gpu)   volume = 0.02381
   epoch 4:  294(SW) -> 62(gpu)   volume = 0.02381
   epoch 4:  295(SW) -> 15(gpu)   volume = 0.02381
   epoch 4:  295(SW) -> 23(gpu)   volume = 0.02381
   epoch 4:  295(SW) -> 31(gpu)   volume = 0.02381
   epoch 4:  295(SW) -> 39(gpu)   volume = 0.02381
   epoch 4:  295(SW) -> 47(gpu)   volume = 0.02381
   epoch 4:  295(SW) -> 55(gpu)   volume = 0.02381
   epoch 4:  295(SW) -> 63(gpu)   volume = 0.02381
   epoch 4:  296(SW) -> 289(SW)   volume = 0.041667
   epoch 4:  296(SW) -> 291(SW)   volume = 0.041667
   epoch 4:  296(SW) -> 292(SW)   volume = 0.041667
   epoch 4:  296(SW) -> 293(SW)   volume = 0.041667
   epoch 4:  296(SW) -> 294(SW)   volume = 0.041667
   epoch 4:  296(SW) -> 295(SW)   volume = 0.041667
   epoch 4:  297(SW) -> 289(SW)   volume = 0.041667
   epoch 4:  297(SW) -> 291(SW)   volume = 0.041667
   epoch 4:  297(SW) -> 292(SW)   volume = 0.041667
   epoch 4:  297(SW) -> 293(SW)   volume = 0.041667
   epoch 4:  297(SW) -> 294(SW)   volume = 0.041667
   epoch 4:  297(SW) -> 295(SW)   volume = 0.041667
   epoch 4:  298(SW) -> 289(SW)   volume = 0.041667
   epoch 4:  298(SW) -> 291(SW)   volume = 0.041667
   epoch 4:  298(SW) -> 292(SW)   volume = 0.041667
   epoch 4:  298(SW) -> 293(SW)   volume = 0.041667
   epoch 4:  298(SW) -> 294(SW)   volume = 0.041667
   epoch 4:  298(SW) -> 295(SW)   volume = 0.041667
   epoch 4:  299(SW) -> 289(SW)   volume = 0.041667
   epoch 4:  299(SW) -> 291(SW)   volume = 0.041667
   epoch 4:  299(SW) -> 292(SW)   volume = 0.041667
   epoch 4:  299(SW) -> 293(SW)   volume = 0.041667
   epoch 4:  299(SW) -> 294(SW)   volume = 0.041667
   epoch 4:  299(SW) -> 295(SW)   volume = 0.041667
   epoch 5:   2(gpu) -> 290(SW)   volume = 1.0
   epoch 5:  289(SW) ->  9(gpu)   volume = 0.02381
   epoch 5:  289(SW) -> 17(gpu)   volume = 0.02381
   epoch 5:  289(SW) -> 25(gpu)   volume = 0.02381
   epoch 5:  289(SW) -> 33(gpu)   volume = 0.02381
   epoch 5:  289(SW) -> 41(gpu)   volume = 0.02381
   epoch 5:  289(SW) -> 49(gpu)   volume = 0.02381
   epoch 5:  289(SW) -> 57(gpu)   volume = 0.02381
   epoch 5:  290(SW) -> 296(SW)   volume = 0.25
   epoch 5:  290(SW) -> 297(SW)   volume = 0.25
   epoch 5:  290(SW) -> 298(SW)   volume = 0.25
   epoch 5:  290(SW) -> 299(SW)   volume = 0.25
   epoch 5:  291(SW) -> 11(gpu)   volume = 0.02381
   epoch 5:  291(SW) -> 19(gpu)   volume = 0.02381
   epoch 5:  291(SW) -> 27(gpu)   volume = 0.02381
   epoch 5:  291(SW) -> 35(gpu)   volume = 0.02381
   epoch 5:  291(SW) -> 43(gpu)   volume = 0.02381
   epoch 5:  291(SW) -> 51(gpu)   volume = 0.02381
   epoch 5:  291(SW) -> 59(gpu)   volume = 0.02381
   epoch 5:  292(SW) -> 12(gpu)   volume = 0.02381
   epoch 5:  292(SW) -> 20(gpu)   volume = 0.02381
   epoch 5:  292(SW) -> 28(gpu)   volume = 0.02381
   epoch 5:  292(SW) -> 36(gpu)   volume = 0.02381
   epoch 5:  292(SW) -> 44(gpu)   volume = 0.02381
   epoch 5:  292(SW) -> 52(gpu)   volume = 0.02381
   epoch 5:  292(SW) -> 60(gpu)   volume = 0.02381
   epoch 5:  293(SW) -> 13(gpu)   volume = 0.02381
   epoch 5:  293(SW) -> 21(gpu)   volume = 0.02381
   epoch 5:  293(SW) -> 29(gpu)   volume = 0.02381
   epoch 5:  293(SW) -> 37(gpu)   volume = 0.02381
   epoch 5:  293(SW) -> 45(gpu)   volume = 0.02381
   epoch 5:  293(SW) -> 53(gpu)   volume = 0.02381
   epoch 5:  293(SW) -> 61(gpu)   volume = 0.02381
   epoch 5:  294(SW) -> 14(gpu)   volume = 0.02381
   epoch 5:  294(SW) -> 22(gpu)   volume = 0.02381
   epoch 5:  294(SW) -> 30(gpu)   volume = 0.02381
   epoch 5:  294(SW) -> 38(gpu)   volume = 0.02381
   epoch 5:  294(SW) -> 46(gpu)   volume = 0.02381
   epoch 5:  294(SW) -> 54(gpu)   volume = 0.02381
   epoch 5:  294(SW) -> 62(gpu)   volume = 0.02381
   epoch 5:  295(SW) -> 15(gpu)   volume = 0.02381
   epoch 5:  295(SW) -> 23(gpu)   volume = 0.02381
   epoch 5:  295(SW) -> 31(gpu)   volume = 0.02381
   epoch 5:  295(SW) -> 39(gpu)   volume = 0.02381
   epoch 5:  295(SW) -> 47(gpu)   volume = 0.02381
   epoch 5:  295(SW) -> 55(gpu)   volume = 0.02381
   epoch 5:  295(SW) -> 63(gpu)   volume = 0.02381
   epoch 5:  296(SW) -> 289(SW)   volume = 0.041667
   epoch 5:  296(SW) -> 291(SW)   volume = 0.041667
   epoch 5:  296(SW) -> 292(SW)   volume = 0.041667
   epoch 5:  296(SW) -> 293(SW)   volume = 0.041667
   epoch 5:  296(SW) -> 294(SW)   volume = 0.041667
   epoch 5:  296(SW) -> 295(SW)   volume = 0.041667
   epoch 5:  297(SW) -> 289(SW)   volume = 0.041667
   epoch 5:  297(SW) -> 291(SW)   volume = 0.041667
   epoch 5:  297(SW) -> 292(SW)   volume = 0.041667
   epoch 5:  297(SW) -> 293(SW)   volume = 0.041667
   epoch 5:  297(SW) -> 294(SW)   volume = 0.041667
   epoch 5:  297(SW) -> 295(SW)   volume = 0.041667
   epoch 5:  298(SW) -> 289(SW)   volume = 0.041667
   epoch 5:  298(SW) -> 291(SW)   volume = 0.041667
   epoch 5:  298(SW) -> 292(SW)   volume = 0.041667
   epoch 5:  298(SW) -> 293(SW)   volume = 0.041667
   epoch 5:  298(SW) -> 294(SW)   volume = 0.041667
   epoch 5:  298(SW) -> 295(SW)   volume = 0.041667
   epoch 5:  299(SW) -> 289(SW)   volume = 0.041667
   epoch 5:  299(SW) -> 291(SW)   volume = 0.041667
   epoch 5:  299(SW) -> 292(SW)   volume = 0.041667
   epoch 5:  299(SW) -> 293(SW)   volume = 0.041667
   epoch 5:  299(SW) -> 294(SW)   volume = 0.041667
   epoch 5:  299(SW) -> 295(SW)   volume = 0.041667
   epoch 6:   1(gpu) -> 256(SW)   volume = 0.02381
   epoch 6:   3(gpu) -> 256(SW)   volume = 0.02381
   epoch 6:   4(gpu) -> 256(SW)   volume = 0.02381
   epoch 6:   5(gpu) -> 256(SW)   volume = 0.02381
   epoch 6:   6(gpu) -> 256(SW)   volume = 0.02381
   epoch 6:   7(gpu) -> 256(SW)   volume = 0.02381
   epoch 6:  256(SW) ->  0(gpu)   volume = 0.142857
   epoch 7:   0(gpu) -> 288(SW)   volume = 0.142857
   epoch 7:   1(gpu) -> 256(SW)   volume = 1.166667
   epoch 7:   1(gpu) -> 289(SW)   volume = 0.142857
   epoch 7:   3(gpu) -> 256(SW)   volume = 1.166667
   epoch 7:   3(gpu) -> 291(SW)   volume = 0.142857
   epoch 7:   4(gpu) -> 256(SW)   volume = 1.166667
   epoch 7:   4(gpu) -> 292(SW)   volume = 0.142857
   epoch 7:   5(gpu) -> 256(SW)   volume = 1.166667
   epoch 7:   5(gpu) -> 293(SW)   volume = 0.142857
   epoch 7:   6(gpu) -> 256(SW)   volume = 1.166667
   epoch 7:   6(gpu) -> 294(SW)   volume = 0.142857
   epoch 7:   7(gpu) -> 256(SW)   volume = 1.166667
   epoch 7:   7(gpu) -> 295(SW)   volume = 0.142857
   epoch 7:   9(gpu) -> 257(SW)   volume = 0.142857
   epoch 7:  11(gpu) -> 257(SW)   volume = 0.142857
   epoch 7:  12(gpu) -> 257(SW)   volume = 0.142857
   epoch 7:  13(gpu) -> 257(SW)   volume = 0.142857
   epoch 7:  14(gpu) -> 257(SW)   volume = 0.142857
   epoch 7:  15(gpu) -> 257(SW)   volume = 0.142857
   epoch 7:  17(gpu) -> 258(SW)   volume = 0.142857
   epoch 7:  19(gpu) -> 258(SW)   volume = 0.142857
   epoch 7:  20(gpu) -> 258(SW)   volume = 0.142857
   epoch 7:  21(gpu) -> 258(SW)   volume = 0.142857
   epoch 7:  22(gpu) -> 258(SW)   volume = 0.142857
   epoch 7:  23(gpu) -> 258(SW)   volume = 0.142857
   epoch 7:  25(gpu) -> 259(SW)   volume = 0.142857
   epoch 7:  27(gpu) -> 259(SW)   volume = 0.142857
   epoch 7:  28(gpu) -> 259(SW)   volume = 0.142857
   epoch 7:  29(gpu) -> 259(SW)   volume = 0.142857
   epoch 7:  30(gpu) -> 259(SW)   volume = 0.142857
   epoch 7:  31(gpu) -> 259(SW)   volume = 0.142857
   epoch 7:  33(gpu) -> 260(SW)   volume = 0.142857
   epoch 7:  35(gpu) -> 260(SW)   volume = 0.142857
   epoch 7:  36(gpu) -> 260(SW)   volume = 0.142857
   epoch 7:  37(gpu) -> 260(SW)   volume = 0.142857
   epoch 7:  38(gpu) -> 260(SW)   volume = 0.142857
   epoch 7:  39(gpu) -> 260(SW)   volume = 0.142857
   epoch 7:  41(gpu) -> 261(SW)   volume = 0.142857
   epoch 7:  43(gpu) -> 261(SW)   volume = 0.142857
   epoch 7:  44(gpu) -> 261(SW)   volume = 0.142857
   epoch 7:  45(gpu) -> 261(SW)   volume = 0.142857
   epoch 7:  46(gpu) -> 261(SW)   volume = 0.142857
   epoch 7:  47(gpu) -> 261(SW)   volume = 0.142857
   epoch 7:  49(gpu) -> 262(SW)   volume = 0.142857
   epoch 7:  51(gpu) -> 262(SW)   volume = 0.142857
   epoch 7:  52(gpu) -> 262(SW)   volume = 0.142857
   epoch 7:  53(gpu) -> 262(SW)   volume = 0.142857
   epoch 7:  54(gpu) -> 262(SW)   volume = 0.142857
   epoch 7:  55(gpu) -> 262(SW)   volume = 0.142857
   epoch 7:  57(gpu) -> 263(SW)   volume = 0.142857
   epoch 7:  59(gpu) -> 263(SW)   volume = 0.142857
   epoch 7:  60(gpu) -> 263(SW)   volume = 0.142857
   epoch 7:  61(gpu) -> 263(SW)   volume = 0.142857
   epoch 7:  62(gpu) -> 263(SW)   volume = 0.142857
   epoch 7:  63(gpu) -> 263(SW)   volume = 0.142857
   epoch 7:  256(SW) ->  0(gpu)   volume = 1.0
   epoch 7:  256(SW) ->  1(gpu)   volume = 1.0
   epoch 7:  256(SW) ->  3(gpu)   volume = 1.0
   epoch 7:  256(SW) ->  4(gpu)   volume = 1.0
   epoch 7:  256(SW) ->  5(gpu)   volume = 1.0
   epoch 7:  256(SW) ->  6(gpu)   volume = 1.0
   epoch 7:  256(SW) ->  7(gpu)   volume = 1.0
   epoch 7:  257(SW) ->  8(gpu)   volume = 0.857143
   epoch 7:  258(SW) -> 16(gpu)   volume = 0.857143
   epoch 7:  259(SW) -> 24(gpu)   volume = 0.857143
   epoch 7:  260(SW) -> 32(gpu)   volume = 0.857143
   epoch 7:  261(SW) -> 40(gpu)   volume = 0.857143
   epoch 7:  262(SW) -> 48(gpu)   volume = 0.857143
   epoch 7:  263(SW) -> 56(gpu)   volume = 0.857143
   epoch 7:  288(SW) ->  8(gpu)   volume = 0.142857
   epoch 7:  288(SW) -> 16(gpu)   volume = 0.142857
   epoch 7:  288(SW) -> 24(gpu)   volume = 0.142857
   epoch 7:  288(SW) -> 32(gpu)   volume = 0.142857
   epoch 7:  288(SW) -> 40(gpu)   volume = 0.142857
   epoch 7:  288(SW) -> 48(gpu)   volume = 0.142857
   epoch 7:  288(SW) -> 56(gpu)   volume = 0.142857
   epoch 7:  289(SW) -> 296(SW)   volume = 0.035714
   epoch 7:  289(SW) -> 297(SW)   volume = 0.035714
   epoch 7:  289(SW) -> 298(SW)   volume = 0.035714
   epoch 7:  289(SW) -> 299(SW)   volume = 0.035714
   epoch 7:  291(SW) -> 296(SW)   volume = 0.035714
   epoch 7:  291(SW) -> 297(SW)   volume = 0.035714
   epoch 7:  291(SW) -> 298(SW)   volume = 0.035714
   epoch 7:  291(SW) -> 299(SW)   volume = 0.035714
   epoch 7:  292(SW) -> 296(SW)   volume = 0.035714
   epoch 7:  292(SW) -> 297(SW)   volume = 0.035714
   epoch 7:  292(SW) -> 298(SW)   volume = 0.035714
   epoch 7:  292(SW) -> 299(SW)   volume = 0.035714
   epoch 7:  293(SW) -> 296(SW)   volume = 0.035714
   epoch 7:  293(SW) -> 297(SW)   volume = 0.035714
   epoch 7:  293(SW) -> 298(SW)   volume = 0.035714
   epoch 7:  293(SW) -> 299(SW)   volume = 0.035714
   epoch 7:  294(SW) -> 296(SW)   volume = 0.035714
   epoch 7:  294(SW) -> 297(SW)   volume = 0.035714
   epoch 7:  294(SW) -> 298(SW)   volume = 0.035714
   epoch 7:  294(SW) -> 299(SW)   volume = 0.035714
   epoch 7:  295(SW) -> 296(SW)   volume = 0.035714
   epoch 7:  295(SW) -> 297(SW)   volume = 0.035714
   epoch 7:  295(SW) -> 298(SW)   volume = 0.035714
   epoch 7:  295(SW) -> 299(SW)   volume = 0.035714
   epoch 7:  296(SW) -> 288(SW)   volume = 0.214286
   epoch 7:  297(SW) -> 288(SW)   volume = 0.214286
   epoch 7:  298(SW) -> 288(SW)   volume = 0.214286
   epoch 7:  299(SW) -> 288(SW)   volume = 0.214286

-- source 3 --
   epoch 0:   3(gpu) -> 256(SW)   volume = 13.0
   epoch 0:   3(gpu) -> 291(SW)   volume = 1.0
   epoch 0:  256(SW) ->  1(gpu)   volume = 2.166667
   epoch 0:  256(SW) ->  2(gpu)   volume = 2.166667
   epoch 0:  256(SW) ->  4(gpu)   volume = 2.166667
   epoch 0:  256(SW) ->  5(gpu)   volume = 2.166667
   epoch 0:  256(SW) ->  6(gpu)   volume = 2.166667
   epoch 0:  256(SW) ->  7(gpu)   volume = 2.166667
   epoch 0:  289(SW) ->  9(gpu)   volume = 0.02381
   epoch 0:  289(SW) -> 17(gpu)   volume = 0.02381
   epoch 0:  289(SW) -> 25(gpu)   volume = 0.02381
   epoch 0:  289(SW) -> 33(gpu)   volume = 0.02381
   epoch 0:  289(SW) -> 41(gpu)   volume = 0.02381
   epoch 0:  289(SW) -> 49(gpu)   volume = 0.02381
   epoch 0:  289(SW) -> 57(gpu)   volume = 0.02381
   epoch 0:  290(SW) -> 10(gpu)   volume = 0.02381
   epoch 0:  290(SW) -> 18(gpu)   volume = 0.02381
   epoch 0:  290(SW) -> 26(gpu)   volume = 0.02381
   epoch 0:  290(SW) -> 34(gpu)   volume = 0.02381
   epoch 0:  290(SW) -> 42(gpu)   volume = 0.02381
   epoch 0:  290(SW) -> 50(gpu)   volume = 0.02381
   epoch 0:  290(SW) -> 58(gpu)   volume = 0.02381
   epoch 0:  291(SW) -> 296(SW)   volume = 0.25
   epoch 0:  291(SW) -> 297(SW)   volume = 0.25
   epoch 0:  291(SW) -> 298(SW)   volume = 0.25
   epoch 0:  291(SW) -> 299(SW)   volume = 0.25
   epoch 0:  292(SW) -> 12(gpu)   volume = 0.02381
   epoch 0:  292(SW) -> 20(gpu)   volume = 0.02381
   epoch 0:  292(SW) -> 28(gpu)   volume = 0.02381
   epoch 0:  292(SW) -> 36(gpu)   volume = 0.02381
   epoch 0:  292(SW) -> 44(gpu)   volume = 0.02381
   epoch 0:  292(SW) -> 52(gpu)   volume = 0.02381
   epoch 0:  292(SW) -> 60(gpu)   volume = 0.02381
   epoch 0:  293(SW) -> 13(gpu)   volume = 0.02381
   epoch 0:  293(SW) -> 21(gpu)   volume = 0.02381
   epoch 0:  293(SW) -> 29(gpu)   volume = 0.02381
   epoch 0:  293(SW) -> 37(gpu)   volume = 0.02381
   epoch 0:  293(SW) -> 45(gpu)   volume = 0.02381
   epoch 0:  293(SW) -> 53(gpu)   volume = 0.02381
   epoch 0:  293(SW) -> 61(gpu)   volume = 0.02381
   epoch 0:  294(SW) -> 14(gpu)   volume = 0.02381
   epoch 0:  294(SW) -> 22(gpu)   volume = 0.02381
   epoch 0:  294(SW) -> 30(gpu)   volume = 0.02381
   epoch 0:  294(SW) -> 38(gpu)   volume = 0.02381
   epoch 0:  294(SW) -> 46(gpu)   volume = 0.02381
   epoch 0:  294(SW) -> 54(gpu)   volume = 0.02381
   epoch 0:  294(SW) -> 62(gpu)   volume = 0.02381
   epoch 0:  295(SW) -> 15(gpu)   volume = 0.02381
   epoch 0:  295(SW) -> 23(gpu)   volume = 0.02381
   epoch 0:  295(SW) -> 31(gpu)   volume = 0.02381
   epoch 0:  295(SW) -> 39(gpu)   volume = 0.02381
   epoch 0:  295(SW) -> 47(gpu)   volume = 0.02381
   epoch 0:  295(SW) -> 55(gpu)   volume = 0.02381
   epoch 0:  295(SW) -> 63(gpu)   volume = 0.02381
   epoch 0:  296(SW) -> 289(SW)   volume = 0.041667
   epoch 0:  296(SW) -> 290(SW)   volume = 0.041667
   epoch 0:  296(SW) -> 292(SW)   volume = 0.041667
   epoch 0:  296(SW) -> 293(SW)   volume = 0.041667
   epoch 0:  296(SW) -> 294(SW)   volume = 0.041667
   epoch 0:  296(SW) -> 295(SW)   volume = 0.041667
   epoch 0:  297(SW) -> 289(SW)   volume = 0.041667
   epoch 0:  297(SW) -> 290(SW)   volume = 0.041667
   epoch 0:  297(SW) -> 292(SW)   volume = 0.041667
   epoch 0:  297(SW) -> 293(SW)   volume = 0.041667
   epoch 0:  297(SW) -> 294(SW)   volume = 0.041667
   epoch 0:  297(SW) -> 295(SW)   volume = 0.041667
   epoch 0:  298(SW) -> 289(SW)   volume = 0.041667
   epoch 0:  298(SW) -> 290(SW)   volume = 0.041667
   epoch 0:  298(SW) -> 292(SW)   volume = 0.041667
   epoch 0:  298(SW) -> 293(SW)   volume = 0.041667
   epoch 0:  298(SW) -> 294(SW)   volume = 0.041667
   epoch 0:  298(SW) -> 295(SW)   volume = 0.041667
   epoch 0:  299(SW) -> 289(SW)   volume = 0.041667
   epoch 0:  299(SW) -> 290(SW)   volume = 0.041667
   epoch 0:  299(SW) -> 292(SW)   volume = 0.041667
   epoch 0:  299(SW) -> 293(SW)   volume = 0.041667
   epoch 0:  299(SW) -> 294(SW)   volume = 0.041667
   epoch 0:  299(SW) -> 295(SW)   volume = 0.041667
   epoch 1:   1(gpu) -> 256(SW)   volume = 0.333333
   epoch 1:   1(gpu) -> 289(SW)   volume = 0.166667
   epoch 1:   2(gpu) -> 256(SW)   volume = 0.333333
   epoch 1:   2(gpu) -> 290(SW)   volume = 0.166667
   epoch 1:   4(gpu) -> 256(SW)   volume = 0.333333
   epoch 1:   4(gpu) -> 292(SW)   volume = 0.166667
   epoch 1:   5(gpu) -> 256(SW)   volume = 0.333333
   epoch 1:   5(gpu) -> 293(SW)   volume = 0.166667
   epoch 1:   6(gpu) -> 256(SW)   volume = 0.333333
   epoch 1:   6(gpu) -> 294(SW)   volume = 0.166667
   epoch 1:   7(gpu) -> 256(SW)   volume = 0.333333
   epoch 1:   7(gpu) -> 295(SW)   volume = 0.166667
   epoch 1:  256(SW) ->  3(gpu)   volume = 2.0
   epoch 1:  289(SW) ->  9(gpu)   volume = 0.02381
   epoch 1:  289(SW) -> 17(gpu)   volume = 0.02381
   epoch 1:  289(SW) -> 25(gpu)   volume = 0.02381
   epoch 1:  289(SW) -> 33(gpu)   volume = 0.02381
   epoch 1:  289(SW) -> 41(gpu)   volume = 0.02381
   epoch 1:  289(SW) -> 49(gpu)   volume = 0.02381
   epoch 1:  289(SW) -> 57(gpu)   volume = 0.02381
   epoch 1:  290(SW) -> 10(gpu)   volume = 0.02381
   epoch 1:  290(SW) -> 18(gpu)   volume = 0.02381
   epoch 1:  290(SW) -> 26(gpu)   volume = 0.02381
   epoch 1:  290(SW) -> 34(gpu)   volume = 0.02381
   epoch 1:  290(SW) -> 42(gpu)   volume = 0.02381
   epoch 1:  290(SW) -> 50(gpu)   volume = 0.02381
   epoch 1:  290(SW) -> 58(gpu)   volume = 0.02381
   epoch 1:  292(SW) -> 12(gpu)   volume = 0.02381
   epoch 1:  292(SW) -> 20(gpu)   volume = 0.02381
   epoch 1:  292(SW) -> 28(gpu)   volume = 0.02381
   epoch 1:  292(SW) -> 36(gpu)   volume = 0.02381
   epoch 1:  292(SW) -> 44(gpu)   volume = 0.02381
   epoch 1:  292(SW) -> 52(gpu)   volume = 0.02381
   epoch 1:  292(SW) -> 60(gpu)   volume = 0.02381
   epoch 1:  293(SW) -> 13(gpu)   volume = 0.02381
   epoch 1:  293(SW) -> 21(gpu)   volume = 0.02381
   epoch 1:  293(SW) -> 29(gpu)   volume = 0.02381
   epoch 1:  293(SW) -> 37(gpu)   volume = 0.02381
   epoch 1:  293(SW) -> 45(gpu)   volume = 0.02381
   epoch 1:  293(SW) -> 53(gpu)   volume = 0.02381
   epoch 1:  293(SW) -> 61(gpu)   volume = 0.02381
   epoch 1:  294(SW) -> 14(gpu)   volume = 0.02381
   epoch 1:  294(SW) -> 22(gpu)   volume = 0.02381
   epoch 1:  294(SW) -> 30(gpu)   volume = 0.02381
   epoch 1:  294(SW) -> 38(gpu)   volume = 0.02381
   epoch 1:  294(SW) -> 46(gpu)   volume = 0.02381
   epoch 1:  294(SW) -> 54(gpu)   volume = 0.02381
   epoch 1:  294(SW) -> 62(gpu)   volume = 0.02381
   epoch 1:  295(SW) -> 15(gpu)   volume = 0.02381
   epoch 1:  295(SW) -> 23(gpu)   volume = 0.02381
   epoch 1:  295(SW) -> 31(gpu)   volume = 0.02381
   epoch 1:  295(SW) -> 39(gpu)   volume = 0.02381
   epoch 1:  295(SW) -> 47(gpu)   volume = 0.02381
   epoch 1:  295(SW) -> 55(gpu)   volume = 0.02381
   epoch 1:  295(SW) -> 63(gpu)   volume = 0.02381
   epoch 2:   3(gpu) -> 291(SW)   volume = 1.0
   epoch 2:  289(SW) ->  9(gpu)   volume = 0.02381
   epoch 2:  289(SW) -> 17(gpu)   volume = 0.02381
   epoch 2:  289(SW) -> 25(gpu)   volume = 0.02381
   epoch 2:  289(SW) -> 33(gpu)   volume = 0.02381
   epoch 2:  289(SW) -> 41(gpu)   volume = 0.02381
   epoch 2:  289(SW) -> 49(gpu)   volume = 0.02381
   epoch 2:  289(SW) -> 57(gpu)   volume = 0.02381
   epoch 2:  290(SW) -> 10(gpu)   volume = 0.02381
   epoch 2:  290(SW) -> 18(gpu)   volume = 0.02381
   epoch 2:  290(SW) -> 26(gpu)   volume = 0.02381
   epoch 2:  290(SW) -> 34(gpu)   volume = 0.02381
   epoch 2:  290(SW) -> 42(gpu)   volume = 0.02381
   epoch 2:  290(SW) -> 50(gpu)   volume = 0.02381
   epoch 2:  290(SW) -> 58(gpu)   volume = 0.02381
   epoch 2:  291(SW) -> 296(SW)   volume = 0.25
   epoch 2:  291(SW) -> 297(SW)   volume = 0.25
   epoch 2:  291(SW) -> 298(SW)   volume = 0.25
   epoch 2:  291(SW) -> 299(SW)   volume = 0.25
   epoch 2:  292(SW) -> 12(gpu)   volume = 0.02381
   epoch 2:  292(SW) -> 20(gpu)   volume = 0.02381
   epoch 2:  292(SW) -> 28(gpu)   volume = 0.02381
   epoch 2:  292(SW) -> 36(gpu)   volume = 0.02381
   epoch 2:  292(SW) -> 44(gpu)   volume = 0.02381
   epoch 2:  292(SW) -> 52(gpu)   volume = 0.02381
   epoch 2:  292(SW) -> 60(gpu)   volume = 0.02381
   epoch 2:  293(SW) -> 13(gpu)   volume = 0.02381
   epoch 2:  293(SW) -> 21(gpu)   volume = 0.02381
   epoch 2:  293(SW) -> 29(gpu)   volume = 0.02381
   epoch 2:  293(SW) -> 37(gpu)   volume = 0.02381
   epoch 2:  293(SW) -> 45(gpu)   volume = 0.02381
   epoch 2:  293(SW) -> 53(gpu)   volume = 0.02381
   epoch 2:  293(SW) -> 61(gpu)   volume = 0.02381
   epoch 2:  294(SW) -> 14(gpu)   volume = 0.02381
   epoch 2:  294(SW) -> 22(gpu)   volume = 0.02381
   epoch 2:  294(SW) -> 30(gpu)   volume = 0.02381
   epoch 2:  294(SW) -> 38(gpu)   volume = 0.02381
   epoch 2:  294(SW) -> 46(gpu)   volume = 0.02381
   epoch 2:  294(SW) -> 54(gpu)   volume = 0.02381
   epoch 2:  294(SW) -> 62(gpu)   volume = 0.02381
   epoch 2:  295(SW) -> 15(gpu)   volume = 0.02381
   epoch 2:  295(SW) -> 23(gpu)   volume = 0.02381
   epoch 2:  295(SW) -> 31(gpu)   volume = 0.02381
   epoch 2:  295(SW) -> 39(gpu)   volume = 0.02381
   epoch 2:  295(SW) -> 47(gpu)   volume = 0.02381
   epoch 2:  295(SW) -> 55(gpu)   volume = 0.02381
   epoch 2:  295(SW) -> 63(gpu)   volume = 0.02381
   epoch 2:  296(SW) -> 289(SW)   volume = 0.041667
   epoch 2:  296(SW) -> 290(SW)   volume = 0.041667
   epoch 2:  296(SW) -> 292(SW)   volume = 0.041667
   epoch 2:  296(SW) -> 293(SW)   volume = 0.041667
   epoch 2:  296(SW) -> 294(SW)   volume = 0.041667
   epoch 2:  296(SW) -> 295(SW)   volume = 0.041667
   epoch 2:  297(SW) -> 289(SW)   volume = 0.041667
   epoch 2:  297(SW) -> 290(SW)   volume = 0.041667
   epoch 2:  297(SW) -> 292(SW)   volume = 0.041667
   epoch 2:  297(SW) -> 293(SW)   volume = 0.041667
   epoch 2:  297(SW) -> 294(SW)   volume = 0.041667
   epoch 2:  297(SW) -> 295(SW)   volume = 0.041667
   epoch 2:  298(SW) -> 289(SW)   volume = 0.041667
   epoch 2:  298(SW) -> 290(SW)   volume = 0.041667
   epoch 2:  298(SW) -> 292(SW)   volume = 0.041667
   epoch 2:  298(SW) -> 293(SW)   volume = 0.041667
   epoch 2:  298(SW) -> 294(SW)   volume = 0.041667
   epoch 2:  298(SW) -> 295(SW)   volume = 0.041667
   epoch 2:  299(SW) -> 289(SW)   volume = 0.041667
   epoch 2:  299(SW) -> 290(SW)   volume = 0.041667
   epoch 2:  299(SW) -> 292(SW)   volume = 0.041667
   epoch 2:  299(SW) -> 293(SW)   volume = 0.041667
   epoch 2:  299(SW) -> 294(SW)   volume = 0.041667
   epoch 2:  299(SW) -> 295(SW)   volume = 0.041667
   epoch 3:   1(gpu) -> 256(SW)   volume = 0.333333
   epoch 3:   2(gpu) -> 256(SW)   volume = 0.333333
   epoch 3:   3(gpu) -> 291(SW)   volume = 1.0
   epoch 3:   4(gpu) -> 256(SW)   volume = 0.333333
   epoch 3:   5(gpu) -> 256(SW)   volume = 0.333333
   epoch 3:   6(gpu) -> 256(SW)   volume = 0.333333
   epoch 3:   7(gpu) -> 256(SW)   volume = 0.333333
   epoch 3:  256(SW) ->  3(gpu)   volume = 2.0
   epoch 3:  289(SW) ->  9(gpu)   volume = 0.02381
   epoch 3:  289(SW) -> 17(gpu)   volume = 0.02381
   epoch 3:  289(SW) -> 25(gpu)   volume = 0.02381
   epoch 3:  289(SW) -> 33(gpu)   volume = 0.02381
   epoch 3:  289(SW) -> 41(gpu)   volume = 0.02381
   epoch 3:  289(SW) -> 49(gpu)   volume = 0.02381
   epoch 3:  289(SW) -> 57(gpu)   volume = 0.02381
   epoch 3:  290(SW) -> 10(gpu)   volume = 0.02381
   epoch 3:  290(SW) -> 18(gpu)   volume = 0.02381
   epoch 3:  290(SW) -> 26(gpu)   volume = 0.02381
   epoch 3:  290(SW) -> 34(gpu)   volume = 0.02381
   epoch 3:  290(SW) -> 42(gpu)   volume = 0.02381
   epoch 3:  290(SW) -> 50(gpu)   volume = 0.02381
   epoch 3:  290(SW) -> 58(gpu)   volume = 0.02381
   epoch 3:  291(SW) -> 296(SW)   volume = 0.25
   epoch 3:  291(SW) -> 297(SW)   volume = 0.25
   epoch 3:  291(SW) -> 298(SW)   volume = 0.25
   epoch 3:  291(SW) -> 299(SW)   volume = 0.25
   epoch 3:  292(SW) -> 12(gpu)   volume = 0.02381
   epoch 3:  292(SW) -> 20(gpu)   volume = 0.02381
   epoch 3:  292(SW) -> 28(gpu)   volume = 0.02381
   epoch 3:  292(SW) -> 36(gpu)   volume = 0.02381
   epoch 3:  292(SW) -> 44(gpu)   volume = 0.02381
   epoch 3:  292(SW) -> 52(gpu)   volume = 0.02381
   epoch 3:  292(SW) -> 60(gpu)   volume = 0.02381
   epoch 3:  293(SW) -> 13(gpu)   volume = 0.02381
   epoch 3:  293(SW) -> 21(gpu)   volume = 0.02381
   epoch 3:  293(SW) -> 29(gpu)   volume = 0.02381
   epoch 3:  293(SW) -> 37(gpu)   volume = 0.02381
   epoch 3:  293(SW) -> 45(gpu)   volume = 0.02381
   epoch 3:  293(SW) -> 53(gpu)   volume = 0.02381
   epoch 3:  293(SW) -> 61(gpu)   volume = 0.02381
   epoch 3:  294(SW) -> 14(gpu)   volume = 0.02381
   epoch 3:  294(SW) -> 22(gpu)   volume = 0.02381
   epoch 3:  294(SW) -> 30(gpu)   volume = 0.02381
   epoch 3:  294(SW) -> 38(gpu)   volume = 0.02381
   epoch 3:  294(SW) -> 46(gpu)   volume = 0.02381
   epoch 3:  294(SW) -> 54(gpu)   volume = 0.02381
   epoch 3:  294(SW) -> 62(gpu)   volume = 0.02381
   epoch 3:  295(SW) -> 15(gpu)   volume = 0.02381
   epoch 3:  295(SW) -> 23(gpu)   volume = 0.02381
   epoch 3:  295(SW) -> 31(gpu)   volume = 0.02381
   epoch 3:  295(SW) -> 39(gpu)   volume = 0.02381
   epoch 3:  295(SW) -> 47(gpu)   volume = 0.02381
   epoch 3:  295(SW) -> 55(gpu)   volume = 0.02381
   epoch 3:  295(SW) -> 63(gpu)   volume = 0.02381
   epoch 3:  296(SW) -> 289(SW)   volume = 0.041667
   epoch 3:  296(SW) -> 290(SW)   volume = 0.041667
   epoch 3:  296(SW) -> 292(SW)   volume = 0.041667
   epoch 3:  296(SW) -> 293(SW)   volume = 0.041667
   epoch 3:  296(SW) -> 294(SW)   volume = 0.041667
   epoch 3:  296(SW) -> 295(SW)   volume = 0.041667
   epoch 3:  297(SW) -> 289(SW)   volume = 0.041667
   epoch 3:  297(SW) -> 290(SW)   volume = 0.041667
   epoch 3:  297(SW) -> 292(SW)   volume = 0.041667
   epoch 3:  297(SW) -> 293(SW)   volume = 0.041667
   epoch 3:  297(SW) -> 294(SW)   volume = 0.041667
   epoch 3:  297(SW) -> 295(SW)   volume = 0.041667
   epoch 3:  298(SW) -> 289(SW)   volume = 0.041667
   epoch 3:  298(SW) -> 290(SW)   volume = 0.041667
   epoch 3:  298(SW) -> 292(SW)   volume = 0.041667
   epoch 3:  298(SW) -> 293(SW)   volume = 0.041667
   epoch 3:  298(SW) -> 294(SW)   volume = 0.041667
   epoch 3:  298(SW) -> 295(SW)   volume = 0.041667
   epoch 3:  299(SW) -> 289(SW)   volume = 0.041667
   epoch 3:  299(SW) -> 290(SW)   volume = 0.041667
   epoch 3:  299(SW) -> 292(SW)   volume = 0.041667
   epoch 3:  299(SW) -> 293(SW)   volume = 0.041667
   epoch 3:  299(SW) -> 294(SW)   volume = 0.041667
   epoch 3:  299(SW) -> 295(SW)   volume = 0.041667
   epoch 4:   3(gpu) -> 291(SW)   volume = 1.0
   epoch 4:  289(SW) ->  9(gpu)   volume = 0.02381
   epoch 4:  289(SW) -> 17(gpu)   volume = 0.02381
   epoch 4:  289(SW) -> 25(gpu)   volume = 0.02381
   epoch 4:  289(SW) -> 33(gpu)   volume = 0.02381
   epoch 4:  289(SW) -> 41(gpu)   volume = 0.02381
   epoch 4:  289(SW) -> 49(gpu)   volume = 0.02381
   epoch 4:  289(SW) -> 57(gpu)   volume = 0.02381
   epoch 4:  290(SW) -> 10(gpu)   volume = 0.02381
   epoch 4:  290(SW) -> 18(gpu)   volume = 0.02381
   epoch 4:  290(SW) -> 26(gpu)   volume = 0.02381
   epoch 4:  290(SW) -> 34(gpu)   volume = 0.02381
   epoch 4:  290(SW) -> 42(gpu)   volume = 0.02381
   epoch 4:  290(SW) -> 50(gpu)   volume = 0.02381
   epoch 4:  290(SW) -> 58(gpu)   volume = 0.02381
   epoch 4:  291(SW) -> 296(SW)   volume = 0.25
   epoch 4:  291(SW) -> 297(SW)   volume = 0.25
   epoch 4:  291(SW) -> 298(SW)   volume = 0.25
   epoch 4:  291(SW) -> 299(SW)   volume = 0.25
   epoch 4:  292(SW) -> 12(gpu)   volume = 0.02381
   epoch 4:  292(SW) -> 20(gpu)   volume = 0.02381
   epoch 4:  292(SW) -> 28(gpu)   volume = 0.02381
   epoch 4:  292(SW) -> 36(gpu)   volume = 0.02381
   epoch 4:  292(SW) -> 44(gpu)   volume = 0.02381
   epoch 4:  292(SW) -> 52(gpu)   volume = 0.02381
   epoch 4:  292(SW) -> 60(gpu)   volume = 0.02381
   epoch 4:  293(SW) -> 13(gpu)   volume = 0.02381
   epoch 4:  293(SW) -> 21(gpu)   volume = 0.02381
   epoch 4:  293(SW) -> 29(gpu)   volume = 0.02381
   epoch 4:  293(SW) -> 37(gpu)   volume = 0.02381
   epoch 4:  293(SW) -> 45(gpu)   volume = 0.02381
   epoch 4:  293(SW) -> 53(gpu)   volume = 0.02381
   epoch 4:  293(SW) -> 61(gpu)   volume = 0.02381
   epoch 4:  294(SW) -> 14(gpu)   volume = 0.02381
   epoch 4:  294(SW) -> 22(gpu)   volume = 0.02381
   epoch 4:  294(SW) -> 30(gpu)   volume = 0.02381
   epoch 4:  294(SW) -> 38(gpu)   volume = 0.02381
   epoch 4:  294(SW) -> 46(gpu)   volume = 0.02381
   epoch 4:  294(SW) -> 54(gpu)   volume = 0.02381
   epoch 4:  294(SW) -> 62(gpu)   volume = 0.02381
   epoch 4:  295(SW) -> 15(gpu)   volume = 0.02381
   epoch 4:  295(SW) -> 23(gpu)   volume = 0.02381
   epoch 4:  295(SW) -> 31(gpu)   volume = 0.02381
   epoch 4:  295(SW) -> 39(gpu)   volume = 0.02381
   epoch 4:  295(SW) -> 47(gpu)   volume = 0.02381
   epoch 4:  295(SW) -> 55(gpu)   volume = 0.02381
   epoch 4:  295(SW) -> 63(gpu)   volume = 0.02381
   epoch 4:  296(SW) -> 289(SW)   volume = 0.041667
   epoch 4:  296(SW) -> 290(SW)   volume = 0.041667
   epoch 4:  296(SW) -> 292(SW)   volume = 0.041667
   epoch 4:  296(SW) -> 293(SW)   volume = 0.041667
   epoch 4:  296(SW) -> 294(SW)   volume = 0.041667
   epoch 4:  296(SW) -> 295(SW)   volume = 0.041667
   epoch 4:  297(SW) -> 289(SW)   volume = 0.041667
   epoch 4:  297(SW) -> 290(SW)   volume = 0.041667
   epoch 4:  297(SW) -> 292(SW)   volume = 0.041667
   epoch 4:  297(SW) -> 293(SW)   volume = 0.041667
   epoch 4:  297(SW) -> 294(SW)   volume = 0.041667
   epoch 4:  297(SW) -> 295(SW)   volume = 0.041667
   epoch 4:  298(SW) -> 289(SW)   volume = 0.041667
   epoch 4:  298(SW) -> 290(SW)   volume = 0.041667
   epoch 4:  298(SW) -> 292(SW)   volume = 0.041667
   epoch 4:  298(SW) -> 293(SW)   volume = 0.041667
   epoch 4:  298(SW) -> 294(SW)   volume = 0.041667
   epoch 4:  298(SW) -> 295(SW)   volume = 0.041667
   epoch 4:  299(SW) -> 289(SW)   volume = 0.041667
   epoch 4:  299(SW) -> 290(SW)   volume = 0.041667
   epoch 4:  299(SW) -> 292(SW)   volume = 0.041667
   epoch 4:  299(SW) -> 293(SW)   volume = 0.041667
   epoch 4:  299(SW) -> 294(SW)   volume = 0.041667
   epoch 4:  299(SW) -> 295(SW)   volume = 0.041667
   epoch 5:   3(gpu) -> 291(SW)   volume = 1.0
   epoch 5:  289(SW) ->  9(gpu)   volume = 0.02381
   epoch 5:  289(SW) -> 17(gpu)   volume = 0.02381
   epoch 5:  289(SW) -> 25(gpu)   volume = 0.02381
   epoch 5:  289(SW) -> 33(gpu)   volume = 0.02381
   epoch 5:  289(SW) -> 41(gpu)   volume = 0.02381
   epoch 5:  289(SW) -> 49(gpu)   volume = 0.02381
   epoch 5:  289(SW) -> 57(gpu)   volume = 0.02381
   epoch 5:  290(SW) -> 10(gpu)   volume = 0.02381
   epoch 5:  290(SW) -> 18(gpu)   volume = 0.02381
   epoch 5:  290(SW) -> 26(gpu)   volume = 0.02381
   epoch 5:  290(SW) -> 34(gpu)   volume = 0.02381
   epoch 5:  290(SW) -> 42(gpu)   volume = 0.02381
   epoch 5:  290(SW) -> 50(gpu)   volume = 0.02381
   epoch 5:  290(SW) -> 58(gpu)   volume = 0.02381
   epoch 5:  291(SW) -> 296(SW)   volume = 0.25
   epoch 5:  291(SW) -> 297(SW)   volume = 0.25
   epoch 5:  291(SW) -> 298(SW)   volume = 0.25
   epoch 5:  291(SW) -> 299(SW)   volume = 0.25
   epoch 5:  292(SW) -> 12(gpu)   volume = 0.02381
   epoch 5:  292(SW) -> 20(gpu)   volume = 0.02381
   epoch 5:  292(SW) -> 28(gpu)   volume = 0.02381
   epoch 5:  292(SW) -> 36(gpu)   volume = 0.02381
   epoch 5:  292(SW) -> 44(gpu)   volume = 0.02381
   epoch 5:  292(SW) -> 52(gpu)   volume = 0.02381
   epoch 5:  292(SW) -> 60(gpu)   volume = 0.02381
   epoch 5:  293(SW) -> 13(gpu)   volume = 0.02381
   epoch 5:  293(SW) -> 21(gpu)   volume = 0.02381
   epoch 5:  293(SW) -> 29(gpu)   volume = 0.02381
   epoch 5:  293(SW) -> 37(gpu)   volume = 0.02381
   epoch 5:  293(SW) -> 45(gpu)   volume = 0.02381
   epoch 5:  293(SW) -> 53(gpu)   volume = 0.02381
   epoch 5:  293(SW) -> 61(gpu)   volume = 0.02381
   epoch 5:  294(SW) -> 14(gpu)   volume = 0.02381
   epoch 5:  294(SW) -> 22(gpu)   volume = 0.02381
   epoch 5:  294(SW) -> 30(gpu)   volume = 0.02381
   epoch 5:  294(SW) -> 38(gpu)   volume = 0.02381
   epoch 5:  294(SW) -> 46(gpu)   volume = 0.02381
   epoch 5:  294(SW) -> 54(gpu)   volume = 0.02381
   epoch 5:  294(SW) -> 62(gpu)   volume = 0.02381
   epoch 5:  295(SW) -> 15(gpu)   volume = 0.02381
   epoch 5:  295(SW) -> 23(gpu)   volume = 0.02381
   epoch 5:  295(SW) -> 31(gpu)   volume = 0.02381
   epoch 5:  295(SW) -> 39(gpu)   volume = 0.02381
   epoch 5:  295(SW) -> 47(gpu)   volume = 0.02381
   epoch 5:  295(SW) -> 55(gpu)   volume = 0.02381
   epoch 5:  295(SW) -> 63(gpu)   volume = 0.02381
   epoch 5:  296(SW) -> 289(SW)   volume = 0.041667
   epoch 5:  296(SW) -> 290(SW)   volume = 0.041667
   epoch 5:  296(SW) -> 292(SW)   volume = 0.041667
   epoch 5:  296(SW) -> 293(SW)   volume = 0.041667
   epoch 5:  296(SW) -> 294(SW)   volume = 0.041667
   epoch 5:  296(SW) -> 295(SW)   volume = 0.041667
   epoch 5:  297(SW) -> 289(SW)   volume = 0.041667
   epoch 5:  297(SW) -> 290(SW)   volume = 0.041667
   epoch 5:  297(SW) -> 292(SW)   volume = 0.041667
   epoch 5:  297(SW) -> 293(SW)   volume = 0.041667
   epoch 5:  297(SW) -> 294(SW)   volume = 0.041667
   epoch 5:  297(SW) -> 295(SW)   volume = 0.041667
   epoch 5:  298(SW) -> 289(SW)   volume = 0.041667
   epoch 5:  298(SW) -> 290(SW)   volume = 0.041667
   epoch 5:  298(SW) -> 292(SW)   volume = 0.041667
   epoch 5:  298(SW) -> 293(SW)   volume = 0.041667
   epoch 5:  298(SW) -> 294(SW)   volume = 0.041667
   epoch 5:  298(SW) -> 295(SW)   volume = 0.041667
   epoch 5:  299(SW) -> 289(SW)   volume = 0.041667
   epoch 5:  299(SW) -> 290(SW)   volume = 0.041667
   epoch 5:  299(SW) -> 292(SW)   volume = 0.041667
   epoch 5:  299(SW) -> 293(SW)   volume = 0.041667
   epoch 5:  299(SW) -> 294(SW)   volume = 0.041667
   epoch 5:  299(SW) -> 295(SW)   volume = 0.041667
   epoch 6:   1(gpu) -> 256(SW)   volume = 0.02381
   epoch 6:   2(gpu) -> 256(SW)   volume = 0.02381
   epoch 6:   4(gpu) -> 256(SW)   volume = 0.02381
   epoch 6:   5(gpu) -> 256(SW)   volume = 0.02381
   epoch 6:   6(gpu) -> 256(SW)   volume = 0.02381
   epoch 6:   7(gpu) -> 256(SW)   volume = 0.02381
   epoch 6:  256(SW) ->  0(gpu)   volume = 0.142857
   epoch 7:   0(gpu) -> 288(SW)   volume = 0.142857
   epoch 7:   1(gpu) -> 256(SW)   volume = 1.166667
   epoch 7:   1(gpu) -> 289(SW)   volume = 0.142857
   epoch 7:   2(gpu) -> 256(SW)   volume = 1.166667
   epoch 7:   2(gpu) -> 290(SW)   volume = 0.142857
   epoch 7:   4(gpu) -> 256(SW)   volume = 1.166667
   epoch 7:   4(gpu) -> 292(SW)   volume = 0.142857
   epoch 7:   5(gpu) -> 256(SW)   volume = 1.166667
   epoch 7:   5(gpu) -> 293(SW)   volume = 0.142857
   epoch 7:   6(gpu) -> 256(SW)   volume = 1.166667
   epoch 7:   6(gpu) -> 294(SW)   volume = 0.142857
   epoch 7:   7(gpu) -> 256(SW)   volume = 1.166667
   epoch 7:   7(gpu) -> 295(SW)   volume = 0.142857
   epoch 7:   9(gpu) -> 257(SW)   volume = 0.142857
   epoch 7:  10(gpu) -> 257(SW)   volume = 0.142857
   epoch 7:  12(gpu) -> 257(SW)   volume = 0.142857
   epoch 7:  13(gpu) -> 257(SW)   volume = 0.142857
   epoch 7:  14(gpu) -> 257(SW)   volume = 0.142857
   epoch 7:  15(gpu) -> 257(SW)   volume = 0.142857
   epoch 7:  17(gpu) -> 258(SW)   volume = 0.142857
   epoch 7:  18(gpu) -> 258(SW)   volume = 0.142857
   epoch 7:  20(gpu) -> 258(SW)   volume = 0.142857
   epoch 7:  21(gpu) -> 258(SW)   volume = 0.142857
   epoch 7:  22(gpu) -> 258(SW)   volume = 0.142857
   epoch 7:  23(gpu) -> 258(SW)   volume = 0.142857
   epoch 7:  25(gpu) -> 259(SW)   volume = 0.142857
   epoch 7:  26(gpu) -> 259(SW)   volume = 0.142857
   epoch 7:  28(gpu) -> 259(SW)   volume = 0.142857
   epoch 7:  29(gpu) -> 259(SW)   volume = 0.142857
   epoch 7:  30(gpu) -> 259(SW)   volume = 0.142857
   epoch 7:  31(gpu) -> 259(SW)   volume = 0.142857
   epoch 7:  33(gpu) -> 260(SW)   volume = 0.142857
   epoch 7:  34(gpu) -> 260(SW)   volume = 0.142857
   epoch 7:  36(gpu) -> 260(SW)   volume = 0.142857
   epoch 7:  37(gpu) -> 260(SW)   volume = 0.142857
   epoch 7:  38(gpu) -> 260(SW)   volume = 0.142857
   epoch 7:  39(gpu) -> 260(SW)   volume = 0.142857
   epoch 7:  41(gpu) -> 261(SW)   volume = 0.142857
   epoch 7:  42(gpu) -> 261(SW)   volume = 0.142857
   epoch 7:  44(gpu) -> 261(SW)   volume = 0.142857
   epoch 7:  45(gpu) -> 261(SW)   volume = 0.142857
   epoch 7:  46(gpu) -> 261(SW)   volume = 0.142857
   epoch 7:  47(gpu) -> 261(SW)   volume = 0.142857
   epoch 7:  49(gpu) -> 262(SW)   volume = 0.142857
   epoch 7:  50(gpu) -> 262(SW)   volume = 0.142857
   epoch 7:  52(gpu) -> 262(SW)   volume = 0.142857
   epoch 7:  53(gpu) -> 262(SW)   volume = 0.142857
   epoch 7:  54(gpu) -> 262(SW)   volume = 0.142857
   epoch 7:  55(gpu) -> 262(SW)   volume = 0.142857
   epoch 7:  57(gpu) -> 263(SW)   volume = 0.142857
   epoch 7:  58(gpu) -> 263(SW)   volume = 0.142857
   epoch 7:  60(gpu) -> 263(SW)   volume = 0.142857
   epoch 7:  61(gpu) -> 263(SW)   volume = 0.142857
   epoch 7:  62(gpu) -> 263(SW)   volume = 0.142857
   epoch 7:  63(gpu) -> 263(SW)   volume = 0.142857
   epoch 7:  256(SW) ->  0(gpu)   volume = 1.0
   epoch 7:  256(SW) ->  1(gpu)   volume = 1.0
   epoch 7:  256(SW) ->  2(gpu)   volume = 1.0
   epoch 7:  256(SW) ->  4(gpu)   volume = 1.0
   epoch 7:  256(SW) ->  5(gpu)   volume = 1.0
   epoch 7:  256(SW) ->  6(gpu)   volume = 1.0
   epoch 7:  256(SW) ->  7(gpu)   volume = 1.0
   epoch 7:  257(SW) ->  8(gpu)   volume = 0.857143
   epoch 7:  258(SW) -> 16(gpu)   volume = 0.857143
   epoch 7:  259(SW) -> 24(gpu)   volume = 0.857143
   epoch 7:  260(SW) -> 32(gpu)   volume = 0.857143
   epoch 7:  261(SW) -> 40(gpu)   volume = 0.857143
   epoch 7:  262(SW) -> 48(gpu)   volume = 0.857143
   epoch 7:  263(SW) -> 56(gpu)   volume = 0.857143
   epoch 7:  288(SW) ->  8(gpu)   volume = 0.142857
   epoch 7:  288(SW) -> 16(gpu)   volume = 0.142857
   epoch 7:  288(SW) -> 24(gpu)   volume = 0.142857
   epoch 7:  288(SW) -> 32(gpu)   volume = 0.142857
   epoch 7:  288(SW) -> 40(gpu)   volume = 0.142857
   epoch 7:  288(SW) -> 48(gpu)   volume = 0.142857
   epoch 7:  288(SW) -> 56(gpu)   volume = 0.142857
   epoch 7:  289(SW) -> 296(SW)   volume = 0.035714
   epoch 7:  289(SW) -> 297(SW)   volume = 0.035714
   epoch 7:  289(SW) -> 298(SW)   volume = 0.035714
   epoch 7:  289(SW) -> 299(SW)   volume = 0.035714
   epoch 7:  290(SW) -> 296(SW)   volume = 0.035714
   epoch 7:  290(SW) -> 297(SW)   volume = 0.035714
   epoch 7:  290(SW) -> 298(SW)   volume = 0.035714
   epoch 7:  290(SW) -> 299(SW)   volume = 0.035714
   epoch 7:  292(SW) -> 296(SW)   volume = 0.035714
   epoch 7:  292(SW) -> 297(SW)   volume = 0.035714
   epoch 7:  292(SW) -> 298(SW)   volume = 0.035714
   epoch 7:  292(SW) -> 299(SW)   volume = 0.035714
   epoch 7:  293(SW) -> 296(SW)   volume = 0.035714
   epoch 7:  293(SW) -> 297(SW)   volume = 0.035714
   epoch 7:  293(SW) -> 298(SW)   volume = 0.035714
   epoch 7:  293(SW) -> 299(SW)   volume = 0.035714
   epoch 7:  294(SW) -> 296(SW)   volume = 0.035714
   epoch 7:  294(SW) -> 297(SW)   volume = 0.035714
   epoch 7:  294(SW) -> 298(SW)   volume = 0.035714
   epoch 7:  294(SW) -> 299(SW)   volume = 0.035714
   epoch 7:  295(SW) -> 296(SW)   volume = 0.035714
   epoch 7:  295(SW) -> 297(SW)   volume = 0.035714
   epoch 7:  295(SW) -> 298(SW)   volume = 0.035714
   epoch 7:  295(SW) -> 299(SW)   volume = 0.035714
   epoch 7:  296(SW) -> 288(SW)   volume = 0.214286
   epoch 7:  297(SW) -> 288(SW)   volume = 0.214286
   epoch 7:  298(SW) -> 288(SW)   volume = 0.214286
   epoch 7:  299(SW) -> 288(SW)   volume = 0.214286

-- source 4 --
   epoch 0:   4(gpu) -> 256(SW)   volume = 13.0
   epoch 0:   4(gpu) -> 292(SW)   volume = 1.0
   epoch 0:  256(SW) ->  1(gpu)   volume = 2.166667
   epoch 0:  256(SW) ->  2(gpu)   volume = 2.166667
   epoch 0:  256(SW) ->  3(gpu)   volume = 2.166667
   epoch 0:  256(SW) ->  5(gpu)   volume = 2.166667
   epoch 0:  256(SW) ->  6(gpu)   volume = 2.166667
   epoch 0:  256(SW) ->  7(gpu)   volume = 2.166667
   epoch 0:  289(SW) ->  9(gpu)   volume = 0.02381
   epoch 0:  289(SW) -> 17(gpu)   volume = 0.02381
   epoch 0:  289(SW) -> 25(gpu)   volume = 0.02381
   epoch 0:  289(SW) -> 33(gpu)   volume = 0.02381
   epoch 0:  289(SW) -> 41(gpu)   volume = 0.02381
   epoch 0:  289(SW) -> 49(gpu)   volume = 0.02381
   epoch 0:  289(SW) -> 57(gpu)   volume = 0.02381
   epoch 0:  290(SW) -> 10(gpu)   volume = 0.02381
   epoch 0:  290(SW) -> 18(gpu)   volume = 0.02381
   epoch 0:  290(SW) -> 26(gpu)   volume = 0.02381
   epoch 0:  290(SW) -> 34(gpu)   volume = 0.02381
   epoch 0:  290(SW) -> 42(gpu)   volume = 0.02381
   epoch 0:  290(SW) -> 50(gpu)   volume = 0.02381
   epoch 0:  290(SW) -> 58(gpu)   volume = 0.02381
   epoch 0:  291(SW) -> 11(gpu)   volume = 0.02381
   epoch 0:  291(SW) -> 19(gpu)   volume = 0.02381
   epoch 0:  291(SW) -> 27(gpu)   volume = 0.02381
   epoch 0:  291(SW) -> 35(gpu)   volume = 0.02381
   epoch 0:  291(SW) -> 43(gpu)   volume = 0.02381
   epoch 0:  291(SW) -> 51(gpu)   volume = 0.02381
   epoch 0:  291(SW) -> 59(gpu)   volume = 0.02381
   epoch 0:  292(SW) -> 296(SW)   volume = 0.25
   epoch 0:  292(SW) -> 297(SW)   volume = 0.25
   epoch 0:  292(SW) -> 298(SW)   volume = 0.25
   epoch 0:  292(SW) -> 299(SW)   volume = 0.25
   epoch 0:  293(SW) -> 13(gpu)   volume = 0.02381
   epoch 0:  293(SW) -> 21(gpu)   volume = 0.02381
   epoch 0:  293(SW) -> 29(gpu)   volume = 0.02381
   epoch 0:  293(SW) -> 37(gpu)   volume = 0.02381
   epoch 0:  293(SW) -> 45(gpu)   volume = 0.02381
   epoch 0:  293(SW) -> 53(gpu)   volume = 0.02381
   epoch 0:  293(SW) -> 61(gpu)   volume = 0.02381
   epoch 0:  294(SW) -> 14(gpu)   volume = 0.02381
   epoch 0:  294(SW) -> 22(gpu)   volume = 0.02381
   epoch 0:  294(SW) -> 30(gpu)   volume = 0.02381
   epoch 0:  294(SW) -> 38(gpu)   volume = 0.02381
   epoch 0:  294(SW) -> 46(gpu)   volume = 0.02381
   epoch 0:  294(SW) -> 54(gpu)   volume = 0.02381
   epoch 0:  294(SW) -> 62(gpu)   volume = 0.02381
   epoch 0:  295(SW) -> 15(gpu)   volume = 0.02381
   epoch 0:  295(SW) -> 23(gpu)   volume = 0.02381
   epoch 0:  295(SW) -> 31(gpu)   volume = 0.02381
   epoch 0:  295(SW) -> 39(gpu)   volume = 0.02381
   epoch 0:  295(SW) -> 47(gpu)   volume = 0.02381
   epoch 0:  295(SW) -> 55(gpu)   volume = 0.02381
   epoch 0:  295(SW) -> 63(gpu)   volume = 0.02381
   epoch 0:  296(SW) -> 289(SW)   volume = 0.041667
   epoch 0:  296(SW) -> 290(SW)   volume = 0.041667
   epoch 0:  296(SW) -> 291(SW)   volume = 0.041667
   epoch 0:  296(SW) -> 293(SW)   volume = 0.041667
   epoch 0:  296(SW) -> 294(SW)   volume = 0.041667
   epoch 0:  296(SW) -> 295(SW)   volume = 0.041667
   epoch 0:  297(SW) -> 289(SW)   volume = 0.041667
   epoch 0:  297(SW) -> 290(SW)   volume = 0.041667
   epoch 0:  297(SW) -> 291(SW)   volume = 0.041667
   epoch 0:  297(SW) -> 293(SW)   volume = 0.041667
   epoch 0:  297(SW) -> 294(SW)   volume = 0.041667
   epoch 0:  297(SW) -> 295(SW)   volume = 0.041667
   epoch 0:  298(SW) -> 289(SW)   volume = 0.041667
   epoch 0:  298(SW) -> 290(SW)   volume = 0.041667
   epoch 0:  298(SW) -> 291(SW)   volume = 0.041667
   epoch 0:  298(SW) -> 293(SW)   volume = 0.041667
   epoch 0:  298(SW) -> 294(SW)   volume = 0.041667
   epoch 0:  298(SW) -> 295(SW)   volume = 0.041667
   epoch 0:  299(SW) -> 289(SW)   volume = 0.041667
   epoch 0:  299(SW) -> 290(SW)   volume = 0.041667
   epoch 0:  299(SW) -> 291(SW)   volume = 0.041667
   epoch 0:  299(SW) -> 293(SW)   volume = 0.041667
   epoch 0:  299(SW) -> 294(SW)   volume = 0.041667
   epoch 0:  299(SW) -> 295(SW)   volume = 0.041667
   epoch 1:   1(gpu) -> 256(SW)   volume = 0.333333
   epoch 1:   1(gpu) -> 289(SW)   volume = 0.166667
   epoch 1:   2(gpu) -> 256(SW)   volume = 0.333333
   epoch 1:   2(gpu) -> 290(SW)   volume = 0.166667
   epoch 1:   3(gpu) -> 256(SW)   volume = 0.333333
   epoch 1:   3(gpu) -> 291(SW)   volume = 0.166667
   epoch 1:   5(gpu) -> 256(SW)   volume = 0.333333
   epoch 1:   5(gpu) -> 293(SW)   volume = 0.166667
   epoch 1:   6(gpu) -> 256(SW)   volume = 0.333333
   epoch 1:   6(gpu) -> 294(SW)   volume = 0.166667
   epoch 1:   7(gpu) -> 256(SW)   volume = 0.333333
   epoch 1:   7(gpu) -> 295(SW)   volume = 0.166667
   epoch 1:  256(SW) ->  4(gpu)   volume = 2.0
   epoch 1:  289(SW) ->  9(gpu)   volume = 0.02381
   epoch 1:  289(SW) -> 17(gpu)   volume = 0.02381
   epoch 1:  289(SW) -> 25(gpu)   volume = 0.02381
   epoch 1:  289(SW) -> 33(gpu)   volume = 0.02381
   epoch 1:  289(SW) -> 41(gpu)   volume = 0.02381
   epoch 1:  289(SW) -> 49(gpu)   volume = 0.02381
   epoch 1:  289(SW) -> 57(gpu)   volume = 0.02381
   epoch 1:  290(SW) -> 10(gpu)   volume = 0.02381
   epoch 1:  290(SW) -> 18(gpu)   volume = 0.02381
   epoch 1:  290(SW) -> 26(gpu)   volume = 0.02381
   epoch 1:  290(SW) -> 34(gpu)   volume = 0.02381
   epoch 1:  290(SW) -> 42(gpu)   volume = 0.02381
   epoch 1:  290(SW) -> 50(gpu)   volume = 0.02381
   epoch 1:  290(SW) -> 58(gpu)   volume = 0.02381
   epoch 1:  291(SW) -> 11(gpu)   volume = 0.02381
   epoch 1:  291(SW) -> 19(gpu)   volume = 0.02381
   epoch 1:  291(SW) -> 27(gpu)   volume = 0.02381
   epoch 1:  291(SW) -> 35(gpu)   volume = 0.02381
   epoch 1:  291(SW) -> 43(gpu)   volume = 0.02381
   epoch 1:  291(SW) -> 51(gpu)   volume = 0.02381
   epoch 1:  291(SW) -> 59(gpu)   volume = 0.02381
   epoch 1:  293(SW) -> 13(gpu)   volume = 0.02381
   epoch 1:  293(SW) -> 21(gpu)   volume = 0.02381
   epoch 1:  293(SW) -> 29(gpu)   volume = 0.02381
   epoch 1:  293(SW) -> 37(gpu)   volume = 0.02381
   epoch 1:  293(SW) -> 45(gpu)   volume = 0.02381
   epoch 1:  293(SW) -> 53(gpu)   volume = 0.02381
   epoch 1:  293(SW) -> 61(gpu)   volume = 0.02381
   epoch 1:  294(SW) -> 14(gpu)   volume = 0.02381
   epoch 1:  294(SW) -> 22(gpu)   volume = 0.02381
   epoch 1:  294(SW) -> 30(gpu)   volume = 0.02381
   epoch 1:  294(SW) -> 38(gpu)   volume = 0.02381
   epoch 1:  294(SW) -> 46(gpu)   volume = 0.02381
   epoch 1:  294(SW) -> 54(gpu)   volume = 0.02381
   epoch 1:  294(SW) -> 62(gpu)   volume = 0.02381
   epoch 1:  295(SW) -> 15(gpu)   volume = 0.02381
   epoch 1:  295(SW) -> 23(gpu)   volume = 0.02381
   epoch 1:  295(SW) -> 31(gpu)   volume = 0.02381
   epoch 1:  295(SW) -> 39(gpu)   volume = 0.02381
   epoch 1:  295(SW) -> 47(gpu)   volume = 0.02381
   epoch 1:  295(SW) -> 55(gpu)   volume = 0.02381
   epoch 1:  295(SW) -> 63(gpu)   volume = 0.02381
   epoch 2:   4(gpu) -> 292(SW)   volume = 1.0
   epoch 2:  289(SW) ->  9(gpu)   volume = 0.02381
   epoch 2:  289(SW) -> 17(gpu)   volume = 0.02381
   epoch 2:  289(SW) -> 25(gpu)   volume = 0.02381
   epoch 2:  289(SW) -> 33(gpu)   volume = 0.02381
   epoch 2:  289(SW) -> 41(gpu)   volume = 0.02381
   epoch 2:  289(SW) -> 49(gpu)   volume = 0.02381
   epoch 2:  289(SW) -> 57(gpu)   volume = 0.02381
   epoch 2:  290(SW) -> 10(gpu)   volume = 0.02381
   epoch 2:  290(SW) -> 18(gpu)   volume = 0.02381
   epoch 2:  290(SW) -> 26(gpu)   volume = 0.02381
   epoch 2:  290(SW) -> 34(gpu)   volume = 0.02381
   epoch 2:  290(SW) -> 42(gpu)   volume = 0.02381
   epoch 2:  290(SW) -> 50(gpu)   volume = 0.02381
   epoch 2:  290(SW) -> 58(gpu)   volume = 0.02381
   epoch 2:  291(SW) -> 11(gpu)   volume = 0.02381
   epoch 2:  291(SW) -> 19(gpu)   volume = 0.02381
   epoch 2:  291(SW) -> 27(gpu)   volume = 0.02381
   epoch 2:  291(SW) -> 35(gpu)   volume = 0.02381
   epoch 2:  291(SW) -> 43(gpu)   volume = 0.02381
   epoch 2:  291(SW) -> 51(gpu)   volume = 0.02381
   epoch 2:  291(SW) -> 59(gpu)   volume = 0.02381
   epoch 2:  292(SW) -> 296(SW)   volume = 0.25
   epoch 2:  292(SW) -> 297(SW)   volume = 0.25
   epoch 2:  292(SW) -> 298(SW)   volume = 0.25
   epoch 2:  292(SW) -> 299(SW)   volume = 0.25
   epoch 2:  293(SW) -> 13(gpu)   volume = 0.02381
   epoch 2:  293(SW) -> 21(gpu)   volume = 0.02381
   epoch 2:  293(SW) -> 29(gpu)   volume = 0.02381
   epoch 2:  293(SW) -> 37(gpu)   volume = 0.02381
   epoch 2:  293(SW) -> 45(gpu)   volume = 0.02381
   epoch 2:  293(SW) -> 53(gpu)   volume = 0.02381
   epoch 2:  293(SW) -> 61(gpu)   volume = 0.02381
   epoch 2:  294(SW) -> 14(gpu)   volume = 0.02381
   epoch 2:  294(SW) -> 22(gpu)   volume = 0.02381
   epoch 2:  294(SW) -> 30(gpu)   volume = 0.02381
   epoch 2:  294(SW) -> 38(gpu)   volume = 0.02381
   epoch 2:  294(SW) -> 46(gpu)   volume = 0.02381
   epoch 2:  294(SW) -> 54(gpu)   volume = 0.02381
   epoch 2:  294(SW) -> 62(gpu)   volume = 0.02381
   epoch 2:  295(SW) -> 15(gpu)   volume = 0.02381
   epoch 2:  295(SW) -> 23(gpu)   volume = 0.02381
   epoch 2:  295(SW) -> 31(gpu)   volume = 0.02381
   epoch 2:  295(SW) -> 39(gpu)   volume = 0.02381
   epoch 2:  295(SW) -> 47(gpu)   volume = 0.02381
   epoch 2:  295(SW) -> 55(gpu)   volume = 0.02381
   epoch 2:  295(SW) -> 63(gpu)   volume = 0.02381
   epoch 2:  296(SW) -> 289(SW)   volume = 0.041667
   epoch 2:  296(SW) -> 290(SW)   volume = 0.041667
   epoch 2:  296(SW) -> 291(SW)   volume = 0.041667
   epoch 2:  296(SW) -> 293(SW)   volume = 0.041667
   epoch 2:  296(SW) -> 294(SW)   volume = 0.041667
   epoch 2:  296(SW) -> 295(SW)   volume = 0.041667
   epoch 2:  297(SW) -> 289(SW)   volume = 0.041667
   epoch 2:  297(SW) -> 290(SW)   volume = 0.041667
   epoch 2:  297(SW) -> 291(SW)   volume = 0.041667
   epoch 2:  297(SW) -> 293(SW)   volume = 0.041667
   epoch 2:  297(SW) -> 294(SW)   volume = 0.041667
   epoch 2:  297(SW) -> 295(SW)   volume = 0.041667
   epoch 2:  298(SW) -> 289(SW)   volume = 0.041667
   epoch 2:  298(SW) -> 290(SW)   volume = 0.041667
   epoch 2:  298(SW) -> 291(SW)   volume = 0.041667
   epoch 2:  298(SW) -> 293(SW)   volume = 0.041667
   epoch 2:  298(SW) -> 294(SW)   volume = 0.041667
   epoch 2:  298(SW) -> 295(SW)   volume = 0.041667
   epoch 2:  299(SW) -> 289(SW)   volume = 0.041667
   epoch 2:  299(SW) -> 290(SW)   volume = 0.041667
   epoch 2:  299(SW) -> 291(SW)   volume = 0.041667
   epoch 2:  299(SW) -> 293(SW)   volume = 0.041667
   epoch 2:  299(SW) -> 294(SW)   volume = 0.041667
   epoch 2:  299(SW) -> 295(SW)   volume = 0.041667
   epoch 3:   1(gpu) -> 256(SW)   volume = 0.333333
   epoch 3:   2(gpu) -> 256(SW)   volume = 0.333333
   epoch 3:   3(gpu) -> 256(SW)   volume = 0.333333
   epoch 3:   4(gpu) -> 292(SW)   volume = 1.0
   epoch 3:   5(gpu) -> 256(SW)   volume = 0.333333
   epoch 3:   6(gpu) -> 256(SW)   volume = 0.333333
   epoch 3:   7(gpu) -> 256(SW)   volume = 0.333333
   epoch 3:  256(SW) ->  4(gpu)   volume = 2.0
   epoch 3:  289(SW) ->  9(gpu)   volume = 0.02381
   epoch 3:  289(SW) -> 17(gpu)   volume = 0.02381
   epoch 3:  289(SW) -> 25(gpu)   volume = 0.02381
   epoch 3:  289(SW) -> 33(gpu)   volume = 0.02381
   epoch 3:  289(SW) -> 41(gpu)   volume = 0.02381
   epoch 3:  289(SW) -> 49(gpu)   volume = 0.02381
   epoch 3:  289(SW) -> 57(gpu)   volume = 0.02381
   epoch 3:  290(SW) -> 10(gpu)   volume = 0.02381
   epoch 3:  290(SW) -> 18(gpu)   volume = 0.02381
   epoch 3:  290(SW) -> 26(gpu)   volume = 0.02381
   epoch 3:  290(SW) -> 34(gpu)   volume = 0.02381
   epoch 3:  290(SW) -> 42(gpu)   volume = 0.02381
   epoch 3:  290(SW) -> 50(gpu)   volume = 0.02381
   epoch 3:  290(SW) -> 58(gpu)   volume = 0.02381
   epoch 3:  291(SW) -> 11(gpu)   volume = 0.02381
   epoch 3:  291(SW) -> 19(gpu)   volume = 0.02381
   epoch 3:  291(SW) -> 27(gpu)   volume = 0.02381
   epoch 3:  291(SW) -> 35(gpu)   volume = 0.02381
   epoch 3:  291(SW) -> 43(gpu)   volume = 0.02381
   epoch 3:  291(SW) -> 51(gpu)   volume = 0.02381
   epoch 3:  291(SW) -> 59(gpu)   volume = 0.02381
   epoch 3:  292(SW) -> 296(SW)   volume = 0.25
   epoch 3:  292(SW) -> 297(SW)   volume = 0.25
   epoch 3:  292(SW) -> 298(SW)   volume = 0.25
   epoch 3:  292(SW) -> 299(SW)   volume = 0.25
   epoch 3:  293(SW) -> 13(gpu)   volume = 0.02381
   epoch 3:  293(SW) -> 21(gpu)   volume = 0.02381
   epoch 3:  293(SW) -> 29(gpu)   volume = 0.02381
   epoch 3:  293(SW) -> 37(gpu)   volume = 0.02381
   epoch 3:  293(SW) -> 45(gpu)   volume = 0.02381
   epoch 3:  293(SW) -> 53(gpu)   volume = 0.02381
   epoch 3:  293(SW) -> 61(gpu)   volume = 0.02381
   epoch 3:  294(SW) -> 14(gpu)   volume = 0.02381
   epoch 3:  294(SW) -> 22(gpu)   volume = 0.02381
   epoch 3:  294(SW) -> 30(gpu)   volume = 0.02381
   epoch 3:  294(SW) -> 38(gpu)   volume = 0.02381
   epoch 3:  294(SW) -> 46(gpu)   volume = 0.02381
   epoch 3:  294(SW) -> 54(gpu)   volume = 0.02381
   epoch 3:  294(SW) -> 62(gpu)   volume = 0.02381
   epoch 3:  295(SW) -> 15(gpu)   volume = 0.02381
   epoch 3:  295(SW) -> 23(gpu)   volume = 0.02381
   epoch 3:  295(SW) -> 31(gpu)   volume = 0.02381
   epoch 3:  295(SW) -> 39(gpu)   volume = 0.02381
   epoch 3:  295(SW) -> 47(gpu)   volume = 0.02381
   epoch 3:  295(SW) -> 55(gpu)   volume = 0.02381
   epoch 3:  295(SW) -> 63(gpu)   volume = 0.02381
   epoch 3:  296(SW) -> 289(SW)   volume = 0.041667
   epoch 3:  296(SW) -> 290(SW)   volume = 0.041667
   epoch 3:  296(SW) -> 291(SW)   volume = 0.041667
   epoch 3:  296(SW) -> 293(SW)   volume = 0.041667
   epoch 3:  296(SW) -> 294(SW)   volume = 0.041667
   epoch 3:  296(SW) -> 295(SW)   volume = 0.041667
   epoch 3:  297(SW) -> 289(SW)   volume = 0.041667
   epoch 3:  297(SW) -> 290(SW)   volume = 0.041667
   epoch 3:  297(SW) -> 291(SW)   volume = 0.041667
   epoch 3:  297(SW) -> 293(SW)   volume = 0.041667
   epoch 3:  297(SW) -> 294(SW)   volume = 0.041667
   epoch 3:  297(SW) -> 295(SW)   volume = 0.041667
   epoch 3:  298(SW) -> 289(SW)   volume = 0.041667
   epoch 3:  298(SW) -> 290(SW)   volume = 0.041667
   epoch 3:  298(SW) -> 291(SW)   volume = 0.041667
   epoch 3:  298(SW) -> 293(SW)   volume = 0.041667
   epoch 3:  298(SW) -> 294(SW)   volume = 0.041667
   epoch 3:  298(SW) -> 295(SW)   volume = 0.041667
   epoch 3:  299(SW) -> 289(SW)   volume = 0.041667
   epoch 3:  299(SW) -> 290(SW)   volume = 0.041667
   epoch 3:  299(SW) -> 291(SW)   volume = 0.041667
   epoch 3:  299(SW) -> 293(SW)   volume = 0.041667
   epoch 3:  299(SW) -> 294(SW)   volume = 0.041667
   epoch 3:  299(SW) -> 295(SW)   volume = 0.041667
   epoch 4:   4(gpu) -> 292(SW)   volume = 1.0
   epoch 4:  289(SW) ->  9(gpu)   volume = 0.02381
   epoch 4:  289(SW) -> 17(gpu)   volume = 0.02381
   epoch 4:  289(SW) -> 25(gpu)   volume = 0.02381
   epoch 4:  289(SW) -> 33(gpu)   volume = 0.02381
   epoch 4:  289(SW) -> 41(gpu)   volume = 0.02381
   epoch 4:  289(SW) -> 49(gpu)   volume = 0.02381
   epoch 4:  289(SW) -> 57(gpu)   volume = 0.02381
   epoch 4:  290(SW) -> 10(gpu)   volume = 0.02381
   epoch 4:  290(SW) -> 18(gpu)   volume = 0.02381
   epoch 4:  290(SW) -> 26(gpu)   volume = 0.02381
   epoch 4:  290(SW) -> 34(gpu)   volume = 0.02381
   epoch 4:  290(SW) -> 42(gpu)   volume = 0.02381
   epoch 4:  290(SW) -> 50(gpu)   volume = 0.02381
   epoch 4:  290(SW) -> 58(gpu)   volume = 0.02381
   epoch 4:  291(SW) -> 11(gpu)   volume = 0.02381
   epoch 4:  291(SW) -> 19(gpu)   volume = 0.02381
   epoch 4:  291(SW) -> 27(gpu)   volume = 0.02381
   epoch 4:  291(SW) -> 35(gpu)   volume = 0.02381
   epoch 4:  291(SW) -> 43(gpu)   volume = 0.02381
   epoch 4:  291(SW) -> 51(gpu)   volume = 0.02381
   epoch 4:  291(SW) -> 59(gpu)   volume = 0.02381
   epoch 4:  292(SW) -> 296(SW)   volume = 0.25
   epoch 4:  292(SW) -> 297(SW)   volume = 0.25
   epoch 4:  292(SW) -> 298(SW)   volume = 0.25
   epoch 4:  292(SW) -> 299(SW)   volume = 0.25
   epoch 4:  293(SW) -> 13(gpu)   volume = 0.02381
   epoch 4:  293(SW) -> 21(gpu)   volume = 0.02381
   epoch 4:  293(SW) -> 29(gpu)   volume = 0.02381
   epoch 4:  293(SW) -> 37(gpu)   volume = 0.02381
   epoch 4:  293(SW) -> 45(gpu)   volume = 0.02381
   epoch 4:  293(SW) -> 53(gpu)   volume = 0.02381
   epoch 4:  293(SW) -> 61(gpu)   volume = 0.02381
   epoch 4:  294(SW) -> 14(gpu)   volume = 0.02381
   epoch 4:  294(SW) -> 22(gpu)   volume = 0.02381
   epoch 4:  294(SW) -> 30(gpu)   volume = 0.02381
   epoch 4:  294(SW) -> 38(gpu)   volume = 0.02381
   epoch 4:  294(SW) -> 46(gpu)   volume = 0.02381
   epoch 4:  294(SW) -> 54(gpu)   volume = 0.02381
   epoch 4:  294(SW) -> 62(gpu)   volume = 0.02381
   epoch 4:  295(SW) -> 15(gpu)   volume = 0.02381
   epoch 4:  295(SW) -> 23(gpu)   volume = 0.02381
   epoch 4:  295(SW) -> 31(gpu)   volume = 0.02381
   epoch 4:  295(SW) -> 39(gpu)   volume = 0.02381
   epoch 4:  295(SW) -> 47(gpu)   volume = 0.02381
   epoch 4:  295(SW) -> 55(gpu)   volume = 0.02381
   epoch 4:  295(SW) -> 63(gpu)   volume = 0.02381
   epoch 4:  296(SW) -> 289(SW)   volume = 0.041667
   epoch 4:  296(SW) -> 290(SW)   volume = 0.041667
   epoch 4:  296(SW) -> 291(SW)   volume = 0.041667
   epoch 4:  296(SW) -> 293(SW)   volume = 0.041667
   epoch 4:  296(SW) -> 294(SW)   volume = 0.041667
   epoch 4:  296(SW) -> 295(SW)   volume = 0.041667
   epoch 4:  297(SW) -> 289(SW)   volume = 0.041667
   epoch 4:  297(SW) -> 290(SW)   volume = 0.041667
   epoch 4:  297(SW) -> 291(SW)   volume = 0.041667
   epoch 4:  297(SW) -> 293(SW)   volume = 0.041667
   epoch 4:  297(SW) -> 294(SW)   volume = 0.041667
   epoch 4:  297(SW) -> 295(SW)   volume = 0.041667
   epoch 4:  298(SW) -> 289(SW)   volume = 0.041667
   epoch 4:  298(SW) -> 290(SW)   volume = 0.041667
   epoch 4:  298(SW) -> 291(SW)   volume = 0.041667
   epoch 4:  298(SW) -> 293(SW)   volume = 0.041667
   epoch 4:  298(SW) -> 294(SW)   volume = 0.041667
   epoch 4:  298(SW) -> 295(SW)   volume = 0.041667
   epoch 4:  299(SW) -> 289(SW)   volume = 0.041667
   epoch 4:  299(SW) -> 290(SW)   volume = 0.041667
   epoch 4:  299(SW) -> 291(SW)   volume = 0.041667
   epoch 4:  299(SW) -> 293(SW)   volume = 0.041667
   epoch 4:  299(SW) -> 294(SW)   volume = 0.041667
   epoch 4:  299(SW) -> 295(SW)   volume = 0.041667
   epoch 5:   4(gpu) -> 292(SW)   volume = 1.0
   epoch 5:  289(SW) ->  9(gpu)   volume = 0.02381
   epoch 5:  289(SW) -> 17(gpu)   volume = 0.02381
   epoch 5:  289(SW) -> 25(gpu)   volume = 0.02381
   epoch 5:  289(SW) -> 33(gpu)   volume = 0.02381
   epoch 5:  289(SW) -> 41(gpu)   volume = 0.02381
   epoch 5:  289(SW) -> 49(gpu)   volume = 0.02381
   epoch 5:  289(SW) -> 57(gpu)   volume = 0.02381
   epoch 5:  290(SW) -> 10(gpu)   volume = 0.02381
   epoch 5:  290(SW) -> 18(gpu)   volume = 0.02381
   epoch 5:  290(SW) -> 26(gpu)   volume = 0.02381
   epoch 5:  290(SW) -> 34(gpu)   volume = 0.02381
   epoch 5:  290(SW) -> 42(gpu)   volume = 0.02381
   epoch 5:  290(SW) -> 50(gpu)   volume = 0.02381
   epoch 5:  290(SW) -> 58(gpu)   volume = 0.02381
   epoch 5:  291(SW) -> 11(gpu)   volume = 0.02381
   epoch 5:  291(SW) -> 19(gpu)   volume = 0.02381
   epoch 5:  291(SW) -> 27(gpu)   volume = 0.02381
   epoch 5:  291(SW) -> 35(gpu)   volume = 0.02381
   epoch 5:  291(SW) -> 43(gpu)   volume = 0.02381
   epoch 5:  291(SW) -> 51(gpu)   volume = 0.02381
   epoch 5:  291(SW) -> 59(gpu)   volume = 0.02381
   epoch 5:  292(SW) -> 296(SW)   volume = 0.25
   epoch 5:  292(SW) -> 297(SW)   volume = 0.25
   epoch 5:  292(SW) -> 298(SW)   volume = 0.25
   epoch 5:  292(SW) -> 299(SW)   volume = 0.25
   epoch 5:  293(SW) -> 13(gpu)   volume = 0.02381
   epoch 5:  293(SW) -> 21(gpu)   volume = 0.02381
   epoch 5:  293(SW) -> 29(gpu)   volume = 0.02381
   epoch 5:  293(SW) -> 37(gpu)   volume = 0.02381
   epoch 5:  293(SW) -> 45(gpu)   volume = 0.02381
   epoch 5:  293(SW) -> 53(gpu)   volume = 0.02381
   epoch 5:  293(SW) -> 61(gpu)   volume = 0.02381
   epoch 5:  294(SW) -> 14(gpu)   volume = 0.02381
   epoch 5:  294(SW) -> 22(gpu)   volume = 0.02381
   epoch 5:  294(SW) -> 30(gpu)   volume = 0.02381
   epoch 5:  294(SW) -> 38(gpu)   volume = 0.02381
   epoch 5:  294(SW) -> 46(gpu)   volume = 0.02381
   epoch 5:  294(SW) -> 54(gpu)   volume = 0.02381
   epoch 5:  294(SW) -> 62(gpu)   volume = 0.02381
   epoch 5:  295(SW) -> 15(gpu)   volume = 0.02381
   epoch 5:  295(SW) -> 23(gpu)   volume = 0.02381
   epoch 5:  295(SW) -> 31(gpu)   volume = 0.02381
   epoch 5:  295(SW) -> 39(gpu)   volume = 0.02381
   epoch 5:  295(SW) -> 47(gpu)   volume = 0.02381
   epoch 5:  295(SW) -> 55(gpu)   volume = 0.02381
   epoch 5:  295(SW) -> 63(gpu)   volume = 0.02381
   epoch 5:  296(SW) -> 289(SW)   volume = 0.041667
   epoch 5:  296(SW) -> 290(SW)   volume = 0.041667
   epoch 5:  296(SW) -> 291(SW)   volume = 0.041667
   epoch 5:  296(SW) -> 293(SW)   volume = 0.041667
   epoch 5:  296(SW) -> 294(SW)   volume = 0.041667
   epoch 5:  296(SW) -> 295(SW)   volume = 0.041667
   epoch 5:  297(SW) -> 289(SW)   volume = 0.041667
   epoch 5:  297(SW) -> 290(SW)   volume = 0.041667
   epoch 5:  297(SW) -> 291(SW)   volume = 0.041667
   epoch 5:  297(SW) -> 293(SW)   volume = 0.041667
   epoch 5:  297(SW) -> 294(SW)   volume = 0.041667
   epoch 5:  297(SW) -> 295(SW)   volume = 0.041667
   epoch 5:  298(SW) -> 289(SW)   volume = 0.041667
   epoch 5:  298(SW) -> 290(SW)   volume = 0.041667
   epoch 5:  298(SW) -> 291(SW)   volume = 0.041667
   epoch 5:  298(SW) -> 293(SW)   volume = 0.041667
   epoch 5:  298(SW) -> 294(SW)   volume = 0.041667
   epoch 5:  298(SW) -> 295(SW)   volume = 0.041667
   epoch 5:  299(SW) -> 289(SW)   volume = 0.041667
   epoch 5:  299(SW) -> 290(SW)   volume = 0.041667
   epoch 5:  299(SW) -> 291(SW)   volume = 0.041667
   epoch 5:  299(SW) -> 293(SW)   volume = 0.041667
   epoch 5:  299(SW) -> 294(SW)   volume = 0.041667
   epoch 5:  299(SW) -> 295(SW)   volume = 0.041667
   epoch 6:   1(gpu) -> 256(SW)   volume = 0.02381
   epoch 6:   2(gpu) -> 256(SW)   volume = 0.02381
   epoch 6:   3(gpu) -> 256(SW)   volume = 0.02381
   epoch 6:   5(gpu) -> 256(SW)   volume = 0.02381
   epoch 6:   6(gpu) -> 256(SW)   volume = 0.02381
   epoch 6:   7(gpu) -> 256(SW)   volume = 0.02381
   epoch 6:  256(SW) ->  0(gpu)   volume = 0.142857
   epoch 7:   0(gpu) -> 288(SW)   volume = 0.142857
   epoch 7:   1(gpu) -> 256(SW)   volume = 1.166667
   epoch 7:   1(gpu) -> 289(SW)   volume = 0.142857
   epoch 7:   2(gpu) -> 256(SW)   volume = 1.166667
   epoch 7:   2(gpu) -> 290(SW)   volume = 0.142857
   epoch 7:   3(gpu) -> 256(SW)   volume = 1.166667
   epoch 7:   3(gpu) -> 291(SW)   volume = 0.142857
   epoch 7:   5(gpu) -> 256(SW)   volume = 1.166667
   epoch 7:   5(gpu) -> 293(SW)   volume = 0.142857
   epoch 7:   6(gpu) -> 256(SW)   volume = 1.166667
   epoch 7:   6(gpu) -> 294(SW)   volume = 0.142857
   epoch 7:   7(gpu) -> 256(SW)   volume = 1.166667
   epoch 7:   7(gpu) -> 295(SW)   volume = 0.142857
   epoch 7:   9(gpu) -> 257(SW)   volume = 0.142857
   epoch 7:  10(gpu) -> 257(SW)   volume = 0.142857
   epoch 7:  11(gpu) -> 257(SW)   volume = 0.142857
   epoch 7:  13(gpu) -> 257(SW)   volume = 0.142857
   epoch 7:  14(gpu) -> 257(SW)   volume = 0.142857
   epoch 7:  15(gpu) -> 257(SW)   volume = 0.142857
   epoch 7:  17(gpu) -> 258(SW)   volume = 0.142857
   epoch 7:  18(gpu) -> 258(SW)   volume = 0.142857
   epoch 7:  19(gpu) -> 258(SW)   volume = 0.142857
   epoch 7:  21(gpu) -> 258(SW)   volume = 0.142857
   epoch 7:  22(gpu) -> 258(SW)   volume = 0.142857
   epoch 7:  23(gpu) -> 258(SW)   volume = 0.142857
   epoch 7:  25(gpu) -> 259(SW)   volume = 0.142857
   epoch 7:  26(gpu) -> 259(SW)   volume = 0.142857
   epoch 7:  27(gpu) -> 259(SW)   volume = 0.142857
   epoch 7:  29(gpu) -> 259(SW)   volume = 0.142857
   epoch 7:  30(gpu) -> 259(SW)   volume = 0.142857
   epoch 7:  31(gpu) -> 259(SW)   volume = 0.142857
   epoch 7:  33(gpu) -> 260(SW)   volume = 0.142857
   epoch 7:  34(gpu) -> 260(SW)   volume = 0.142857
   epoch 7:  35(gpu) -> 260(SW)   volume = 0.142857
   epoch 7:  37(gpu) -> 260(SW)   volume = 0.142857
   epoch 7:  38(gpu) -> 260(SW)   volume = 0.142857
   epoch 7:  39(gpu) -> 260(SW)   volume = 0.142857
   epoch 7:  41(gpu) -> 261(SW)   volume = 0.142857
   epoch 7:  42(gpu) -> 261(SW)   volume = 0.142857
   epoch 7:  43(gpu) -> 261(SW)   volume = 0.142857
   epoch 7:  45(gpu) -> 261(SW)   volume = 0.142857
   epoch 7:  46(gpu) -> 261(SW)   volume = 0.142857
   epoch 7:  47(gpu) -> 261(SW)   volume = 0.142857
   epoch 7:  49(gpu) -> 262(SW)   volume = 0.142857
   epoch 7:  50(gpu) -> 262(SW)   volume = 0.142857
   epoch 7:  51(gpu) -> 262(SW)   volume = 0.142857
   epoch 7:  53(gpu) -> 262(SW)   volume = 0.142857
   epoch 7:  54(gpu) -> 262(SW)   volume = 0.142857
   epoch 7:  55(gpu) -> 262(SW)   volume = 0.142857
   epoch 7:  57(gpu) -> 263(SW)   volume = 0.142857
   epoch 7:  58(gpu) -> 263(SW)   volume = 0.142857
   epoch 7:  59(gpu) -> 263(SW)   volume = 0.142857
   epoch 7:  61(gpu) -> 263(SW)   volume = 0.142857
   epoch 7:  62(gpu) -> 263(SW)   volume = 0.142857
   epoch 7:  63(gpu) -> 263(SW)   volume = 0.142857
   epoch 7:  256(SW) ->  0(gpu)   volume = 1.0
   epoch 7:  256(SW) ->  1(gpu)   volume = 1.0
   epoch 7:  256(SW) ->  2(gpu)   volume = 1.0
   epoch 7:  256(SW) ->  3(gpu)   volume = 1.0
   epoch 7:  256(SW) ->  5(gpu)   volume = 1.0
   epoch 7:  256(SW) ->  6(gpu)   volume = 1.0
   epoch 7:  256(SW) ->  7(gpu)   volume = 1.0
   epoch 7:  257(SW) ->  8(gpu)   volume = 0.857143
   epoch 7:  258(SW) -> 16(gpu)   volume = 0.857143
   epoch 7:  259(SW) -> 24(gpu)   volume = 0.857143
   epoch 7:  260(SW) -> 32(gpu)   volume = 0.857143
   epoch 7:  261(SW) -> 40(gpu)   volume = 0.857143
   epoch 7:  262(SW) -> 48(gpu)   volume = 0.857143
   epoch 7:  263(SW) -> 56(gpu)   volume = 0.857143
   epoch 7:  288(SW) ->  8(gpu)   volume = 0.142857
   epoch 7:  288(SW) -> 16(gpu)   volume = 0.142857
   epoch 7:  288(SW) -> 24(gpu)   volume = 0.142857
   epoch 7:  288(SW) -> 32(gpu)   volume = 0.142857
   epoch 7:  288(SW) -> 40(gpu)   volume = 0.142857
   epoch 7:  288(SW) -> 48(gpu)   volume = 0.142857
   epoch 7:  288(SW) -> 56(gpu)   volume = 0.142857
   epoch 7:  289(SW) -> 296(SW)   volume = 0.035714
   epoch 7:  289(SW) -> 297(SW)   volume = 0.035714
   epoch 7:  289(SW) -> 298(SW)   volume = 0.035714
   epoch 7:  289(SW) -> 299(SW)   volume = 0.035714
   epoch 7:  290(SW) -> 296(SW)   volume = 0.035714
   epoch 7:  290(SW) -> 297(SW)   volume = 0.035714
   epoch 7:  290(SW) -> 298(SW)   volume = 0.035714
   epoch 7:  290(SW) -> 299(SW)   volume = 0.035714
   epoch 7:  291(SW) -> 296(SW)   volume = 0.035714
   epoch 7:  291(SW) -> 297(SW)   volume = 0.035714
   epoch 7:  291(SW) -> 298(SW)   volume = 0.035714
   epoch 7:  291(SW) -> 299(SW)   volume = 0.035714
   epoch 7:  293(SW) -> 296(SW)   volume = 0.035714
   epoch 7:  293(SW) -> 297(SW)   volume = 0.035714
   epoch 7:  293(SW) -> 298(SW)   volume = 0.035714
   epoch 7:  293(SW) -> 299(SW)   volume = 0.035714
   epoch 7:  294(SW) -> 296(SW)   volume = 0.035714
   epoch 7:  294(SW) -> 297(SW)   volume = 0.035714
   epoch 7:  294(SW) -> 298(SW)   volume = 0.035714
   epoch 7:  294(SW) -> 299(SW)   volume = 0.035714
   epoch 7:  295(SW) -> 296(SW)   volume = 0.035714
   epoch 7:  295(SW) -> 297(SW)   volume = 0.035714
   epoch 7:  295(SW) -> 298(SW)   volume = 0.035714
   epoch 7:  295(SW) -> 299(SW)   volume = 0.035714
   epoch 7:  296(SW) -> 288(SW)   volume = 0.214286
   epoch 7:  297(SW) -> 288(SW)   volume = 0.214286
   epoch 7:  298(SW) -> 288(SW)   volume = 0.214286
   epoch 7:  299(SW) -> 288(SW)   volume = 0.214286

-- source 5 --
   epoch 0:   5(gpu) -> 256(SW)   volume = 13.0
   epoch 0:   5(gpu) -> 293(SW)   volume = 1.0
   epoch 0:  256(SW) ->  1(gpu)   volume = 2.166667
   epoch 0:  256(SW) ->  2(gpu)   volume = 2.166667
   epoch 0:  256(SW) ->  3(gpu)   volume = 2.166667
   epoch 0:  256(SW) ->  4(gpu)   volume = 2.166667
   epoch 0:  256(SW) ->  6(gpu)   volume = 2.166667
   epoch 0:  256(SW) ->  7(gpu)   volume = 2.166667
   epoch 0:  289(SW) ->  9(gpu)   volume = 0.02381
   epoch 0:  289(SW) -> 17(gpu)   volume = 0.02381
   epoch 0:  289(SW) -> 25(gpu)   volume = 0.02381
   epoch 0:  289(SW) -> 33(gpu)   volume = 0.02381
   epoch 0:  289(SW) -> 41(gpu)   volume = 0.02381
   epoch 0:  289(SW) -> 49(gpu)   volume = 0.02381
   epoch 0:  289(SW) -> 57(gpu)   volume = 0.02381
   epoch 0:  290(SW) -> 10(gpu)   volume = 0.02381
   epoch 0:  290(SW) -> 18(gpu)   volume = 0.02381
   epoch 0:  290(SW) -> 26(gpu)   volume = 0.02381
   epoch 0:  290(SW) -> 34(gpu)   volume = 0.02381
   epoch 0:  290(SW) -> 42(gpu)   volume = 0.02381
   epoch 0:  290(SW) -> 50(gpu)   volume = 0.02381
   epoch 0:  290(SW) -> 58(gpu)   volume = 0.02381
   epoch 0:  291(SW) -> 11(gpu)   volume = 0.02381
   epoch 0:  291(SW) -> 19(gpu)   volume = 0.02381
   epoch 0:  291(SW) -> 27(gpu)   volume = 0.02381
   epoch 0:  291(SW) -> 35(gpu)   volume = 0.02381
   epoch 0:  291(SW) -> 43(gpu)   volume = 0.02381
   epoch 0:  291(SW) -> 51(gpu)   volume = 0.02381
   epoch 0:  291(SW) -> 59(gpu)   volume = 0.02381
   epoch 0:  292(SW) -> 12(gpu)   volume = 0.02381
   epoch 0:  292(SW) -> 20(gpu)   volume = 0.02381
   epoch 0:  292(SW) -> 28(gpu)   volume = 0.02381
   epoch 0:  292(SW) -> 36(gpu)   volume = 0.02381
   epoch 0:  292(SW) -> 44(gpu)   volume = 0.02381
   epoch 0:  292(SW) -> 52(gpu)   volume = 0.02381
   epoch 0:  292(SW) -> 60(gpu)   volume = 0.02381
   epoch 0:  293(SW) -> 296(SW)   volume = 0.25
   epoch 0:  293(SW) -> 297(SW)   volume = 0.25
   epoch 0:  293(SW) -> 298(SW)   volume = 0.25
   epoch 0:  293(SW) -> 299(SW)   volume = 0.25
   epoch 0:  294(SW) -> 14(gpu)   volume = 0.02381
   epoch 0:  294(SW) -> 22(gpu)   volume = 0.02381
   epoch 0:  294(SW) -> 30(gpu)   volume = 0.02381
   epoch 0:  294(SW) -> 38(gpu)   volume = 0.02381
   epoch 0:  294(SW) -> 46(gpu)   volume = 0.02381
   epoch 0:  294(SW) -> 54(gpu)   volume = 0.02381
   epoch 0:  294(SW) -> 62(gpu)   volume = 0.02381
   epoch 0:  295(SW) -> 15(gpu)   volume = 0.02381
   epoch 0:  295(SW) -> 23(gpu)   volume = 0.02381
   epoch 0:  295(SW) -> 31(gpu)   volume = 0.02381
   epoch 0:  295(SW) -> 39(gpu)   volume = 0.02381
   epoch 0:  295(SW) -> 47(gpu)   volume = 0.02381
   epoch 0:  295(SW) -> 55(gpu)   volume = 0.02381
   epoch 0:  295(SW) -> 63(gpu)   volume = 0.02381
   epoch 0:  296(SW) -> 289(SW)   volume = 0.041667
   epoch 0:  296(SW) -> 290(SW)   volume = 0.041667
   epoch 0:  296(SW) -> 291(SW)   volume = 0.041667
   epoch 0:  296(SW) -> 292(SW)   volume = 0.041667
   epoch 0:  296(SW) -> 294(SW)   volume = 0.041667
   epoch 0:  296(SW) -> 295(SW)   volume = 0.041667
   epoch 0:  297(SW) -> 289(SW)   volume = 0.041667
   epoch 0:  297(SW) -> 290(SW)   volume = 0.041667
   epoch 0:  297(SW) -> 291(SW)   volume = 0.041667
   epoch 0:  297(SW) -> 292(SW)   volume = 0.041667
   epoch 0:  297(SW) -> 294(SW)   volume = 0.041667
   epoch 0:  297(SW) -> 295(SW)   volume = 0.041667
   epoch 0:  298(SW) -> 289(SW)   volume = 0.041667
   epoch 0:  298(SW) -> 290(SW)   volume = 0.041667
   epoch 0:  298(SW) -> 291(SW)   volume = 0.041667
   epoch 0:  298(SW) -> 292(SW)   volume = 0.041667
   epoch 0:  298(SW) -> 294(SW)   volume = 0.041667
   epoch 0:  298(SW) -> 295(SW)   volume = 0.041667
   epoch 0:  299(SW) -> 289(SW)   volume = 0.041667
   epoch 0:  299(SW) -> 290(SW)   volume = 0.041667
   epoch 0:  299(SW) -> 291(SW)   volume = 0.041667
   epoch 0:  299(SW) -> 292(SW)   volume = 0.041667
   epoch 0:  299(SW) -> 294(SW)   volume = 0.041667
   epoch 0:  299(SW) -> 295(SW)   volume = 0.041667
   epoch 1:   1(gpu) -> 256(SW)   volume = 0.333333
   epoch 1:   1(gpu) -> 289(SW)   volume = 0.166667
   epoch 1:   2(gpu) -> 256(SW)   volume = 0.333333
   epoch 1:   2(gpu) -> 290(SW)   volume = 0.166667
   epoch 1:   3(gpu) -> 256(SW)   volume = 0.333333
   epoch 1:   3(gpu) -> 291(SW)   volume = 0.166667
   epoch 1:   4(gpu) -> 256(SW)   volume = 0.333333
   epoch 1:   4(gpu) -> 292(SW)   volume = 0.166667
   epoch 1:   6(gpu) -> 256(SW)   volume = 0.333333
   epoch 1:   6(gpu) -> 294(SW)   volume = 0.166667
   epoch 1:   7(gpu) -> 256(SW)   volume = 0.333333
   epoch 1:   7(gpu) -> 295(SW)   volume = 0.166667
   epoch 1:  256(SW) ->  5(gpu)   volume = 2.0
   epoch 1:  289(SW) ->  9(gpu)   volume = 0.02381
   epoch 1:  289(SW) -> 17(gpu)   volume = 0.02381
   epoch 1:  289(SW) -> 25(gpu)   volume = 0.02381
   epoch 1:  289(SW) -> 33(gpu)   volume = 0.02381
   epoch 1:  289(SW) -> 41(gpu)   volume = 0.02381
   epoch 1:  289(SW) -> 49(gpu)   volume = 0.02381
   epoch 1:  289(SW) -> 57(gpu)   volume = 0.02381
   epoch 1:  290(SW) -> 10(gpu)   volume = 0.02381
   epoch 1:  290(SW) -> 18(gpu)   volume = 0.02381
   epoch 1:  290(SW) -> 26(gpu)   volume = 0.02381
   epoch 1:  290(SW) -> 34(gpu)   volume = 0.02381
   epoch 1:  290(SW) -> 42(gpu)   volume = 0.02381
   epoch 1:  290(SW) -> 50(gpu)   volume = 0.02381
   epoch 1:  290(SW) -> 58(gpu)   volume = 0.02381
   epoch 1:  291(SW) -> 11(gpu)   volume = 0.02381
   epoch 1:  291(SW) -> 19(gpu)   volume = 0.02381
   epoch 1:  291(SW) -> 27(gpu)   volume = 0.02381
   epoch 1:  291(SW) -> 35(gpu)   volume = 0.02381
   epoch 1:  291(SW) -> 43(gpu)   volume = 0.02381
   epoch 1:  291(SW) -> 51(gpu)   volume = 0.02381
   epoch 1:  291(SW) -> 59(gpu)   volume = 0.02381
   epoch 1:  292(SW) -> 12(gpu)   volume = 0.02381
   epoch 1:  292(SW) -> 20(gpu)   volume = 0.02381
   epoch 1:  292(SW) -> 28(gpu)   volume = 0.02381
   epoch 1:  292(SW) -> 36(gpu)   volume = 0.02381
   epoch 1:  292(SW) -> 44(gpu)   volume = 0.02381
   epoch 1:  292(SW) -> 52(gpu)   volume = 0.02381
   epoch 1:  292(SW) -> 60(gpu)   volume = 0.02381
   epoch 1:  294(SW) -> 14(gpu)   volume = 0.02381
   epoch 1:  294(SW) -> 22(gpu)   volume = 0.02381
   epoch 1:  294(SW) -> 30(gpu)   volume = 0.02381
   epoch 1:  294(SW) -> 38(gpu)   volume = 0.02381
   epoch 1:  294(SW) -> 46(gpu)   volume = 0.02381
   epoch 1:  294(SW) -> 54(gpu)   volume = 0.02381
   epoch 1:  294(SW) -> 62(gpu)   volume = 0.02381
   epoch 1:  295(SW) -> 15(gpu)   volume = 0.02381
   epoch 1:  295(SW) -> 23(gpu)   volume = 0.02381
   epoch 1:  295(SW) -> 31(gpu)   volume = 0.02381
   epoch 1:  295(SW) -> 39(gpu)   volume = 0.02381
   epoch 1:  295(SW) -> 47(gpu)   volume = 0.02381
   epoch 1:  295(SW) -> 55(gpu)   volume = 0.02381
   epoch 1:  295(SW) -> 63(gpu)   volume = 0.02381
   epoch 2:   5(gpu) -> 293(SW)   volume = 1.0
   epoch 2:  289(SW) ->  9(gpu)   volume = 0.02381
   epoch 2:  289(SW) -> 17(gpu)   volume = 0.02381
   epoch 2:  289(SW) -> 25(gpu)   volume = 0.02381
   epoch 2:  289(SW) -> 33(gpu)   volume = 0.02381
   epoch 2:  289(SW) -> 41(gpu)   volume = 0.02381
   epoch 2:  289(SW) -> 49(gpu)   volume = 0.02381
   epoch 2:  289(SW) -> 57(gpu)   volume = 0.02381
   epoch 2:  290(SW) -> 10(gpu)   volume = 0.02381
   epoch 2:  290(SW) -> 18(gpu)   volume = 0.02381
   epoch 2:  290(SW) -> 26(gpu)   volume = 0.02381
   epoch 2:  290(SW) -> 34(gpu)   volume = 0.02381
   epoch 2:  290(SW) -> 42(gpu)   volume = 0.02381
   epoch 2:  290(SW) -> 50(gpu)   volume = 0.02381
   epoch 2:  290(SW) -> 58(gpu)   volume = 0.02381
   epoch 2:  291(SW) -> 11(gpu)   volume = 0.02381
   epoch 2:  291(SW) -> 19(gpu)   volume = 0.02381
   epoch 2:  291(SW) -> 27(gpu)   volume = 0.02381
   epoch 2:  291(SW) -> 35(gpu)   volume = 0.02381
   epoch 2:  291(SW) -> 43(gpu)   volume = 0.02381
   epoch 2:  291(SW) -> 51(gpu)   volume = 0.02381
   epoch 2:  291(SW) -> 59(gpu)   volume = 0.02381
   epoch 2:  292(SW) -> 12(gpu)   volume = 0.02381
   epoch 2:  292(SW) -> 20(gpu)   volume = 0.02381
   epoch 2:  292(SW) -> 28(gpu)   volume = 0.02381
   epoch 2:  292(SW) -> 36(gpu)   volume = 0.02381
   epoch 2:  292(SW) -> 44(gpu)   volume = 0.02381
   epoch 2:  292(SW) -> 52(gpu)   volume = 0.02381
   epoch 2:  292(SW) -> 60(gpu)   volume = 0.02381
   epoch 2:  293(SW) -> 296(SW)   volume = 0.25
   epoch 2:  293(SW) -> 297(SW)   volume = 0.25
   epoch 2:  293(SW) -> 298(SW)   volume = 0.25
   epoch 2:  293(SW) -> 299(SW)   volume = 0.25
   epoch 2:  294(SW) -> 14(gpu)   volume = 0.02381
   epoch 2:  294(SW) -> 22(gpu)   volume = 0.02381
   epoch 2:  294(SW) -> 30(gpu)   volume = 0.02381
   epoch 2:  294(SW) -> 38(gpu)   volume = 0.02381
   epoch 2:  294(SW) -> 46(gpu)   volume = 0.02381
   epoch 2:  294(SW) -> 54(gpu)   volume = 0.02381
   epoch 2:  294(SW) -> 62(gpu)   volume = 0.02381
   epoch 2:  295(SW) -> 15(gpu)   volume = 0.02381
   epoch 2:  295(SW) -> 23(gpu)   volume = 0.02381
   epoch 2:  295(SW) -> 31(gpu)   volume = 0.02381
   epoch 2:  295(SW) -> 39(gpu)   volume = 0.02381
   epoch 2:  295(SW) -> 47(gpu)   volume = 0.02381
   epoch 2:  295(SW) -> 55(gpu)   volume = 0.02381
   epoch 2:  295(SW) -> 63(gpu)   volume = 0.02381
   epoch 2:  296(SW) -> 289(SW)   volume = 0.041667
   epoch 2:  296(SW) -> 290(SW)   volume = 0.041667
   epoch 2:  296(SW) -> 291(SW)   volume = 0.041667
   epoch 2:  296(SW) -> 292(SW)   volume = 0.041667
   epoch 2:  296(SW) -> 294(SW)   volume = 0.041667
   epoch 2:  296(SW) -> 295(SW)   volume = 0.041667
   epoch 2:  297(SW) -> 289(SW)   volume = 0.041667
   epoch 2:  297(SW) -> 290(SW)   volume = 0.041667
   epoch 2:  297(SW) -> 291(SW)   volume = 0.041667
   epoch 2:  297(SW) -> 292(SW)   volume = 0.041667
   epoch 2:  297(SW) -> 294(SW)   volume = 0.041667
   epoch 2:  297(SW) -> 295(SW)   volume = 0.041667
   epoch 2:  298(SW) -> 289(SW)   volume = 0.041667
   epoch 2:  298(SW) -> 290(SW)   volume = 0.041667
   epoch 2:  298(SW) -> 291(SW)   volume = 0.041667
   epoch 2:  298(SW) -> 292(SW)   volume = 0.041667
   epoch 2:  298(SW) -> 294(SW)   volume = 0.041667
   epoch 2:  298(SW) -> 295(SW)   volume = 0.041667
   epoch 2:  299(SW) -> 289(SW)   volume = 0.041667
   epoch 2:  299(SW) -> 290(SW)   volume = 0.041667
   epoch 2:  299(SW) -> 291(SW)   volume = 0.041667
   epoch 2:  299(SW) -> 292(SW)   volume = 0.041667
   epoch 2:  299(SW) -> 294(SW)   volume = 0.041667
   epoch 2:  299(SW) -> 295(SW)   volume = 0.041667
   epoch 3:   1(gpu) -> 256(SW)   volume = 0.333333
   epoch 3:   2(gpu) -> 256(SW)   volume = 0.333333
   epoch 3:   3(gpu) -> 256(SW)   volume = 0.333333
   epoch 3:   4(gpu) -> 256(SW)   volume = 0.333333
   epoch 3:   5(gpu) -> 293(SW)   volume = 1.0
   epoch 3:   6(gpu) -> 256(SW)   volume = 0.333333
   epoch 3:   7(gpu) -> 256(SW)   volume = 0.333333
   epoch 3:  256(SW) ->  5(gpu)   volume = 2.0
   epoch 3:  289(SW) ->  9(gpu)   volume = 0.02381
   epoch 3:  289(SW) -> 17(gpu)   volume = 0.02381
   epoch 3:  289(SW) -> 25(gpu)   volume = 0.02381
   epoch 3:  289(SW) -> 33(gpu)   volume = 0.02381
   epoch 3:  289(SW) -> 41(gpu)   volume = 0.02381
   epoch 3:  289(SW) -> 49(gpu)   volume = 0.02381
   epoch 3:  289(SW) -> 57(gpu)   volume = 0.02381
   epoch 3:  290(SW) -> 10(gpu)   volume = 0.02381
   epoch 3:  290(SW) -> 18(gpu)   volume = 0.02381
   epoch 3:  290(SW) -> 26(gpu)   volume = 0.02381
   epoch 3:  290(SW) -> 34(gpu)   volume = 0.02381
   epoch 3:  290(SW) -> 42(gpu)   volume = 0.02381
   epoch 3:  290(SW) -> 50(gpu)   volume = 0.02381
   epoch 3:  290(SW) -> 58(gpu)   volume = 0.02381
   epoch 3:  291(SW) -> 11(gpu)   volume = 0.02381
   epoch 3:  291(SW) -> 19(gpu)   volume = 0.02381
   epoch 3:  291(SW) -> 27(gpu)   volume = 0.02381
   epoch 3:  291(SW) -> 35(gpu)   volume = 0.02381
   epoch 3:  291(SW) -> 43(gpu)   volume = 0.02381
   epoch 3:  291(SW) -> 51(gpu)   volume = 0.02381
   epoch 3:  291(SW) -> 59(gpu)   volume = 0.02381
   epoch 3:  292(SW) -> 12(gpu)   volume = 0.02381
   epoch 3:  292(SW) -> 20(gpu)   volume = 0.02381
   epoch 3:  292(SW) -> 28(gpu)   volume = 0.02381
   epoch 3:  292(SW) -> 36(gpu)   volume = 0.02381
   epoch 3:  292(SW) -> 44(gpu)   volume = 0.02381
   epoch 3:  292(SW) -> 52(gpu)   volume = 0.02381
   epoch 3:  292(SW) -> 60(gpu)   volume = 0.02381
   epoch 3:  293(SW) -> 296(SW)   volume = 0.25
   epoch 3:  293(SW) -> 297(SW)   volume = 0.25
   epoch 3:  293(SW) -> 298(SW)   volume = 0.25
   epoch 3:  293(SW) -> 299(SW)   volume = 0.25
   epoch 3:  294(SW) -> 14(gpu)   volume = 0.02381
   epoch 3:  294(SW) -> 22(gpu)   volume = 0.02381
   epoch 3:  294(SW) -> 30(gpu)   volume = 0.02381
   epoch 3:  294(SW) -> 38(gpu)   volume = 0.02381
   epoch 3:  294(SW) -> 46(gpu)   volume = 0.02381
   epoch 3:  294(SW) -> 54(gpu)   volume = 0.02381
   epoch 3:  294(SW) -> 62(gpu)   volume = 0.02381
   epoch 3:  295(SW) -> 15(gpu)   volume = 0.02381
   epoch 3:  295(SW) -> 23(gpu)   volume = 0.02381
   epoch 3:  295(SW) -> 31(gpu)   volume = 0.02381
   epoch 3:  295(SW) -> 39(gpu)   volume = 0.02381
   epoch 3:  295(SW) -> 47(gpu)   volume = 0.02381
   epoch 3:  295(SW) -> 55(gpu)   volume = 0.02381
   epoch 3:  295(SW) -> 63(gpu)   volume = 0.02381
   epoch 3:  296(SW) -> 289(SW)   volume = 0.041667
   epoch 3:  296(SW) -> 290(SW)   volume = 0.041667
   epoch 3:  296(SW) -> 291(SW)   volume = 0.041667
   epoch 3:  296(SW) -> 292(SW)   volume = 0.041667
   epoch 3:  296(SW) -> 294(SW)   volume = 0.041667
   epoch 3:  296(SW) -> 295(SW)   volume = 0.041667
   epoch 3:  297(SW) -> 289(SW)   volume = 0.041667
   epoch 3:  297(SW) -> 290(SW)   volume = 0.041667
   epoch 3:  297(SW) -> 291(SW)   volume = 0.041667
   epoch 3:  297(SW) -> 292(SW)   volume = 0.041667
   epoch 3:  297(SW) -> 294(SW)   volume = 0.041667
   epoch 3:  297(SW) -> 295(SW)   volume = 0.041667
   epoch 3:  298(SW) -> 289(SW)   volume = 0.041667
   epoch 3:  298(SW) -> 290(SW)   volume = 0.041667
   epoch 3:  298(SW) -> 291(SW)   volume = 0.041667
   epoch 3:  298(SW) -> 292(SW)   volume = 0.041667
   epoch 3:  298(SW) -> 294(SW)   volume = 0.041667
   epoch 3:  298(SW) -> 295(SW)   volume = 0.041667
   epoch 3:  299(SW) -> 289(SW)   volume = 0.041667
   epoch 3:  299(SW) -> 290(SW)   volume = 0.041667
   epoch 3:  299(SW) -> 291(SW)   volume = 0.041667
   epoch 3:  299(SW) -> 292(SW)   volume = 0.041667
   epoch 3:  299(SW) -> 294(SW)   volume = 0.041667
   epoch 3:  299(SW) -> 295(SW)   volume = 0.041667
   epoch 4:   5(gpu) -> 293(SW)   volume = 1.0
   epoch 4:  289(SW) ->  9(gpu)   volume = 0.02381
   epoch 4:  289(SW) -> 17(gpu)   volume = 0.02381
   epoch 4:  289(SW) -> 25(gpu)   volume = 0.02381
   epoch 4:  289(SW) -> 33(gpu)   volume = 0.02381
   epoch 4:  289(SW) -> 41(gpu)   volume = 0.02381
   epoch 4:  289(SW) -> 49(gpu)   volume = 0.02381
   epoch 4:  289(SW) -> 57(gpu)   volume = 0.02381
   epoch 4:  290(SW) -> 10(gpu)   volume = 0.02381
   epoch 4:  290(SW) -> 18(gpu)   volume = 0.02381
   epoch 4:  290(SW) -> 26(gpu)   volume = 0.02381
   epoch 4:  290(SW) -> 34(gpu)   volume = 0.02381
   epoch 4:  290(SW) -> 42(gpu)   volume = 0.02381
   epoch 4:  290(SW) -> 50(gpu)   volume = 0.02381
   epoch 4:  290(SW) -> 58(gpu)   volume = 0.02381
   epoch 4:  291(SW) -> 11(gpu)   volume = 0.02381
   epoch 4:  291(SW) -> 19(gpu)   volume = 0.02381
   epoch 4:  291(SW) -> 27(gpu)   volume = 0.02381
   epoch 4:  291(SW) -> 35(gpu)   volume = 0.02381
   epoch 4:  291(SW) -> 43(gpu)   volume = 0.02381
   epoch 4:  291(SW) -> 51(gpu)   volume = 0.02381
   epoch 4:  291(SW) -> 59(gpu)   volume = 0.02381
   epoch 4:  292(SW) -> 12(gpu)   volume = 0.02381
   epoch 4:  292(SW) -> 20(gpu)   volume = 0.02381
   epoch 4:  292(SW) -> 28(gpu)   volume = 0.02381
   epoch 4:  292(SW) -> 36(gpu)   volume = 0.02381
   epoch 4:  292(SW) -> 44(gpu)   volume = 0.02381
   epoch 4:  292(SW) -> 52(gpu)   volume = 0.02381
   epoch 4:  292(SW) -> 60(gpu)   volume = 0.02381
   epoch 4:  293(SW) -> 296(SW)   volume = 0.25
   epoch 4:  293(SW) -> 297(SW)   volume = 0.25
   epoch 4:  293(SW) -> 298(SW)   volume = 0.25
   epoch 4:  293(SW) -> 299(SW)   volume = 0.25
   epoch 4:  294(SW) -> 14(gpu)   volume = 0.02381
   epoch 4:  294(SW) -> 22(gpu)   volume = 0.02381
   epoch 4:  294(SW) -> 30(gpu)   volume = 0.02381
   epoch 4:  294(SW) -> 38(gpu)   volume = 0.02381
   epoch 4:  294(SW) -> 46(gpu)   volume = 0.02381
   epoch 4:  294(SW) -> 54(gpu)   volume = 0.02381
   epoch 4:  294(SW) -> 62(gpu)   volume = 0.02381
   epoch 4:  295(SW) -> 15(gpu)   volume = 0.02381
   epoch 4:  295(SW) -> 23(gpu)   volume = 0.02381
   epoch 4:  295(SW) -> 31(gpu)   volume = 0.02381
   epoch 4:  295(SW) -> 39(gpu)   volume = 0.02381
   epoch 4:  295(SW) -> 47(gpu)   volume = 0.02381
   epoch 4:  295(SW) -> 55(gpu)   volume = 0.02381
   epoch 4:  295(SW) -> 63(gpu)   volume = 0.02381
   epoch 4:  296(SW) -> 289(SW)   volume = 0.041667
   epoch 4:  296(SW) -> 290(SW)   volume = 0.041667
   epoch 4:  296(SW) -> 291(SW)   volume = 0.041667
   epoch 4:  296(SW) -> 292(SW)   volume = 0.041667
   epoch 4:  296(SW) -> 294(SW)   volume = 0.041667
   epoch 4:  296(SW) -> 295(SW)   volume = 0.041667
   epoch 4:  297(SW) -> 289(SW)   volume = 0.041667
   epoch 4:  297(SW) -> 290(SW)   volume = 0.041667
   epoch 4:  297(SW) -> 291(SW)   volume = 0.041667
   epoch 4:  297(SW) -> 292(SW)   volume = 0.041667
   epoch 4:  297(SW) -> 294(SW)   volume = 0.041667
   epoch 4:  297(SW) -> 295(SW)   volume = 0.041667
   epoch 4:  298(SW) -> 289(SW)   volume = 0.041667
   epoch 4:  298(SW) -> 290(SW)   volume = 0.041667
   epoch 4:  298(SW) -> 291(SW)   volume = 0.041667
   epoch 4:  298(SW) -> 292(SW)   volume = 0.041667
   epoch 4:  298(SW) -> 294(SW)   volume = 0.041667
   epoch 4:  298(SW) -> 295(SW)   volume = 0.041667
   epoch 4:  299(SW) -> 289(SW)   volume = 0.041667
   epoch 4:  299(SW) -> 290(SW)   volume = 0.041667
   epoch 4:  299(SW) -> 291(SW)   volume = 0.041667
   epoch 4:  299(SW) -> 292(SW)   volume = 0.041667
   epoch 4:  299(SW) -> 294(SW)   volume = 0.041667
   epoch 4:  299(SW) -> 295(SW)   volume = 0.041667
   epoch 5:   5(gpu) -> 293(SW)   volume = 1.0
   epoch 5:  289(SW) ->  9(gpu)   volume = 0.02381
   epoch 5:  289(SW) -> 17(gpu)   volume = 0.02381
   epoch 5:  289(SW) -> 25(gpu)   volume = 0.02381
   epoch 5:  289(SW) -> 33(gpu)   volume = 0.02381
   epoch 5:  289(SW) -> 41(gpu)   volume = 0.02381
   epoch 5:  289(SW) -> 49(gpu)   volume = 0.02381
   epoch 5:  289(SW) -> 57(gpu)   volume = 0.02381
   epoch 5:  290(SW) -> 10(gpu)   volume = 0.02381
   epoch 5:  290(SW) -> 18(gpu)   volume = 0.02381
   epoch 5:  290(SW) -> 26(gpu)   volume = 0.02381
   epoch 5:  290(SW) -> 34(gpu)   volume = 0.02381
   epoch 5:  290(SW) -> 42(gpu)   volume = 0.02381
   epoch 5:  290(SW) -> 50(gpu)   volume = 0.02381
   epoch 5:  290(SW) -> 58(gpu)   volume = 0.02381
   epoch 5:  291(SW) -> 11(gpu)   volume = 0.02381
   epoch 5:  291(SW) -> 19(gpu)   volume = 0.02381
   epoch 5:  291(SW) -> 27(gpu)   volume = 0.02381
   epoch 5:  291(SW) -> 35(gpu)   volume = 0.02381
   epoch 5:  291(SW) -> 43(gpu)   volume = 0.02381
   epoch 5:  291(SW) -> 51(gpu)   volume = 0.02381
   epoch 5:  291(SW) -> 59(gpu)   volume = 0.02381
   epoch 5:  292(SW) -> 12(gpu)   volume = 0.02381
   epoch 5:  292(SW) -> 20(gpu)   volume = 0.02381
   epoch 5:  292(SW) -> 28(gpu)   volume = 0.02381
   epoch 5:  292(SW) -> 36(gpu)   volume = 0.02381
   epoch 5:  292(SW) -> 44(gpu)   volume = 0.02381
   epoch 5:  292(SW) -> 52(gpu)   volume = 0.02381
   epoch 5:  292(SW) -> 60(gpu)   volume = 0.02381
   epoch 5:  293(SW) -> 296(SW)   volume = 0.25
   epoch 5:  293(SW) -> 297(SW)   volume = 0.25
   epoch 5:  293(SW) -> 298(SW)   volume = 0.25
   epoch 5:  293(SW) -> 299(SW)   volume = 0.25
   epoch 5:  294(SW) -> 14(gpu)   volume = 0.02381
   epoch 5:  294(SW) -> 22(gpu)   volume = 0.02381
   epoch 5:  294(SW) -> 30(gpu)   volume = 0.02381
   epoch 5:  294(SW) -> 38(gpu)   volume = 0.02381
   epoch 5:  294(SW) -> 46(gpu)   volume = 0.02381
   epoch 5:  294(SW) -> 54(gpu)   volume = 0.02381
   epoch 5:  294(SW) -> 62(gpu)   volume = 0.02381
   epoch 5:  295(SW) -> 15(gpu)   volume = 0.02381
   epoch 5:  295(SW) -> 23(gpu)   volume = 0.02381
   epoch 5:  295(SW) -> 31(gpu)   volume = 0.02381
   epoch 5:  295(SW) -> 39(gpu)   volume = 0.02381
   epoch 5:  295(SW) -> 47(gpu)   volume = 0.02381
   epoch 5:  295(SW) -> 55(gpu)   volume = 0.02381
   epoch 5:  295(SW) -> 63(gpu)   volume = 0.02381
   epoch 5:  296(SW) -> 289(SW)   volume = 0.041667
   epoch 5:  296(SW) -> 290(SW)   volume = 0.041667
   epoch 5:  296(SW) -> 291(SW)   volume = 0.041667
   epoch 5:  296(SW) -> 292(SW)   volume = 0.041667
   epoch 5:  296(SW) -> 294(SW)   volume = 0.041667
   epoch 5:  296(SW) -> 295(SW)   volume = 0.041667
   epoch 5:  297(SW) -> 289(SW)   volume = 0.041667
   epoch 5:  297(SW) -> 290(SW)   volume = 0.041667
   epoch 5:  297(SW) -> 291(SW)   volume = 0.041667
   epoch 5:  297(SW) -> 292(SW)   volume = 0.041667
   epoch 5:  297(SW) -> 294(SW)   volume = 0.041667
   epoch 5:  297(SW) -> 295(SW)   volume = 0.041667
   epoch 5:  298(SW) -> 289(SW)   volume = 0.041667
   epoch 5:  298(SW) -> 290(SW)   volume = 0.041667
   epoch 5:  298(SW) -> 291(SW)   volume = 0.041667
   epoch 5:  298(SW) -> 292(SW)   volume = 0.041667
   epoch 5:  298(SW) -> 294(SW)   volume = 0.041667
   epoch 5:  298(SW) -> 295(SW)   volume = 0.041667
   epoch 5:  299(SW) -> 289(SW)   volume = 0.041667
   epoch 5:  299(SW) -> 290(SW)   volume = 0.041667
   epoch 5:  299(SW) -> 291(SW)   volume = 0.041667
   epoch 5:  299(SW) -> 292(SW)   volume = 0.041667
   epoch 5:  299(SW) -> 294(SW)   volume = 0.041667
   epoch 5:  299(SW) -> 295(SW)   volume = 0.041667
   epoch 6:   1(gpu) -> 256(SW)   volume = 0.02381
   epoch 6:   2(gpu) -> 256(SW)   volume = 0.02381
   epoch 6:   3(gpu) -> 256(SW)   volume = 0.02381
   epoch 6:   4(gpu) -> 256(SW)   volume = 0.02381
   epoch 6:   6(gpu) -> 256(SW)   volume = 0.02381
   epoch 6:   7(gpu) -> 256(SW)   volume = 0.02381
   epoch 6:  256(SW) ->  0(gpu)   volume = 0.142857
   epoch 7:   0(gpu) -> 288(SW)   volume = 0.142857
   epoch 7:   1(gpu) -> 256(SW)   volume = 1.166667
   epoch 7:   1(gpu) -> 289(SW)   volume = 0.142857
   epoch 7:   2(gpu) -> 256(SW)   volume = 1.166667
   epoch 7:   2(gpu) -> 290(SW)   volume = 0.142857
   epoch 7:   3(gpu) -> 256(SW)   volume = 1.166667
   epoch 7:   3(gpu) -> 291(SW)   volume = 0.142857
   epoch 7:   4(gpu) -> 256(SW)   volume = 1.166667
   epoch 7:   4(gpu) -> 292(SW)   volume = 0.142857
   epoch 7:   6(gpu) -> 256(SW)   volume = 1.166667
   epoch 7:   6(gpu) -> 294(SW)   volume = 0.142857
   epoch 7:   7(gpu) -> 256(SW)   volume = 1.166667
   epoch 7:   7(gpu) -> 295(SW)   volume = 0.142857
   epoch 7:   9(gpu) -> 257(SW)   volume = 0.142857
   epoch 7:  10(gpu) -> 257(SW)   volume = 0.142857
   epoch 7:  11(gpu) -> 257(SW)   volume = 0.142857
   epoch 7:  12(gpu) -> 257(SW)   volume = 0.142857
   epoch 7:  14(gpu) -> 257(SW)   volume = 0.142857
   epoch 7:  15(gpu) -> 257(SW)   volume = 0.142857
   epoch 7:  17(gpu) -> 258(SW)   volume = 0.142857
   epoch 7:  18(gpu) -> 258(SW)   volume = 0.142857
   epoch 7:  19(gpu) -> 258(SW)   volume = 0.142857
   epoch 7:  20(gpu) -> 258(SW)   volume = 0.142857
   epoch 7:  22(gpu) -> 258(SW)   volume = 0.142857
   epoch 7:  23(gpu) -> 258(SW)   volume = 0.142857
   epoch 7:  25(gpu) -> 259(SW)   volume = 0.142857
   epoch 7:  26(gpu) -> 259(SW)   volume = 0.142857
   epoch 7:  27(gpu) -> 259(SW)   volume = 0.142857
   epoch 7:  28(gpu) -> 259(SW)   volume = 0.142857
   epoch 7:  30(gpu) -> 259(SW)   volume = 0.142857
   epoch 7:  31(gpu) -> 259(SW)   volume = 0.142857
   epoch 7:  33(gpu) -> 260(SW)   volume = 0.142857
   epoch 7:  34(gpu) -> 260(SW)   volume = 0.142857
   epoch 7:  35(gpu) -> 260(SW)   volume = 0.142857
   epoch 7:  36(gpu) -> 260(SW)   volume = 0.142857
   epoch 7:  38(gpu) -> 260(SW)   volume = 0.142857
   epoch 7:  39(gpu) -> 260(SW)   volume = 0.142857
   epoch 7:  41(gpu) -> 261(SW)   volume = 0.142857
   epoch 7:  42(gpu) -> 261(SW)   volume = 0.142857
   epoch 7:  43(gpu) -> 261(SW)   volume = 0.142857
   epoch 7:  44(gpu) -> 261(SW)   volume = 0.142857
   epoch 7:  46(gpu) -> 261(SW)   volume = 0.142857
   epoch 7:  47(gpu) -> 261(SW)   volume = 0.142857
   epoch 7:  49(gpu) -> 262(SW)   volume = 0.142857
   epoch 7:  50(gpu) -> 262(SW)   volume = 0.142857
   epoch 7:  51(gpu) -> 262(SW)   volume = 0.142857
   epoch 7:  52(gpu) -> 262(SW)   volume = 0.142857
   epoch 7:  54(gpu) -> 262(SW)   volume = 0.142857
   epoch 7:  55(gpu) -> 262(SW)   volume = 0.142857
   epoch 7:  57(gpu) -> 263(SW)   volume = 0.142857
   epoch 7:  58(gpu) -> 263(SW)   volume = 0.142857
   epoch 7:  59(gpu) -> 263(SW)   volume = 0.142857
   epoch 7:  60(gpu) -> 263(SW)   volume = 0.142857
   epoch 7:  62(gpu) -> 263(SW)   volume = 0.142857
   epoch 7:  63(gpu) -> 263(SW)   volume = 0.142857
   epoch 7:  256(SW) ->  0(gpu)   volume = 1.0
   epoch 7:  256(SW) ->  1(gpu)   volume = 1.0
   epoch 7:  256(SW) ->  2(gpu)   volume = 1.0
   epoch 7:  256(SW) ->  3(gpu)   volume = 1.0
   epoch 7:  256(SW) ->  4(gpu)   volume = 1.0
   epoch 7:  256(SW) ->  6(gpu)   volume = 1.0
   epoch 7:  256(SW) ->  7(gpu)   volume = 1.0
   epoch 7:  257(SW) ->  8(gpu)   volume = 0.857143
   epoch 7:  258(SW) -> 16(gpu)   volume = 0.857143
   epoch 7:  259(SW) -> 24(gpu)   volume = 0.857143
   epoch 7:  260(SW) -> 32(gpu)   volume = 0.857143
   epoch 7:  261(SW) -> 40(gpu)   volume = 0.857143
   epoch 7:  262(SW) -> 48(gpu)   volume = 0.857143
   epoch 7:  263(SW) -> 56(gpu)   volume = 0.857143
   epoch 7:  288(SW) ->  8(gpu)   volume = 0.142857
   epoch 7:  288(SW) -> 16(gpu)   volume = 0.142857
   epoch 7:  288(SW) -> 24(gpu)   volume = 0.142857
   epoch 7:  288(SW) -> 32(gpu)   volume = 0.142857
   epoch 7:  288(SW) -> 40(gpu)   volume = 0.142857
   epoch 7:  288(SW) -> 48(gpu)   volume = 0.142857
   epoch 7:  288(SW) -> 56(gpu)   volume = 0.142857
   epoch 7:  289(SW) -> 296(SW)   volume = 0.035714
   epoch 7:  289(SW) -> 297(SW)   volume = 0.035714
   epoch 7:  289(SW) -> 298(SW)   volume = 0.035714
   epoch 7:  289(SW) -> 299(SW)   volume = 0.035714
   epoch 7:  290(SW) -> 296(SW)   volume = 0.035714
   epoch 7:  290(SW) -> 297(SW)   volume = 0.035714
   epoch 7:  290(SW) -> 298(SW)   volume = 0.035714
   epoch 7:  290(SW) -> 299(SW)   volume = 0.035714
   epoch 7:  291(SW) -> 296(SW)   volume = 0.035714
   epoch 7:  291(SW) -> 297(SW)   volume = 0.035714
   epoch 7:  291(SW) -> 298(SW)   volume = 0.035714
   epoch 7:  291(SW) -> 299(SW)   volume = 0.035714
   epoch 7:  292(SW) -> 296(SW)   volume = 0.035714
   epoch 7:  292(SW) -> 297(SW)   volume = 0.035714
   epoch 7:  292(SW) -> 298(SW)   volume = 0.035714
   epoch 7:  292(SW) -> 299(SW)   volume = 0.035714
   epoch 7:  294(SW) -> 296(SW)   volume = 0.035714
   epoch 7:  294(SW) -> 297(SW)   volume = 0.035714
   epoch 7:  294(SW) -> 298(SW)   volume = 0.035714
   epoch 7:  294(SW) -> 299(SW)   volume = 0.035714
   epoch 7:  295(SW) -> 296(SW)   volume = 0.035714
   epoch 7:  295(SW) -> 297(SW)   volume = 0.035714
   epoch 7:  295(SW) -> 298(SW)   volume = 0.035714
   epoch 7:  295(SW) -> 299(SW)   volume = 0.035714
   epoch 7:  296(SW) -> 288(SW)   volume = 0.214286
   epoch 7:  297(SW) -> 288(SW)   volume = 0.214286
   epoch 7:  298(SW) -> 288(SW)   volume = 0.214286
   epoch 7:  299(SW) -> 288(SW)   volume = 0.214286

-- source 6 --
   epoch 0:   6(gpu) -> 256(SW)   volume = 13.0
   epoch 0:   6(gpu) -> 294(SW)   volume = 1.0
   epoch 0:  256(SW) ->  1(gpu)   volume = 2.166667
   epoch 0:  256(SW) ->  2(gpu)   volume = 2.166667
   epoch 0:  256(SW) ->  3(gpu)   volume = 2.166667
   epoch 0:  256(SW) ->  4(gpu)   volume = 2.166667
   epoch 0:  256(SW) ->  5(gpu)   volume = 2.166667
   epoch 0:  256(SW) ->  7(gpu)   volume = 2.166667
   epoch 0:  289(SW) ->  9(gpu)   volume = 0.02381
   epoch 0:  289(SW) -> 17(gpu)   volume = 0.02381
   epoch 0:  289(SW) -> 25(gpu)   volume = 0.02381
   epoch 0:  289(SW) -> 33(gpu)   volume = 0.02381
   epoch 0:  289(SW) -> 41(gpu)   volume = 0.02381
   epoch 0:  289(SW) -> 49(gpu)   volume = 0.02381
   epoch 0:  289(SW) -> 57(gpu)   volume = 0.02381
   epoch 0:  290(SW) -> 10(gpu)   volume = 0.02381
   epoch 0:  290(SW) -> 18(gpu)   volume = 0.02381
   epoch 0:  290(SW) -> 26(gpu)   volume = 0.02381
   epoch 0:  290(SW) -> 34(gpu)   volume = 0.02381
   epoch 0:  290(SW) -> 42(gpu)   volume = 0.02381
   epoch 0:  290(SW) -> 50(gpu)   volume = 0.02381
   epoch 0:  290(SW) -> 58(gpu)   volume = 0.02381
   epoch 0:  291(SW) -> 11(gpu)   volume = 0.02381
   epoch 0:  291(SW) -> 19(gpu)   volume = 0.02381
   epoch 0:  291(SW) -> 27(gpu)   volume = 0.02381
   epoch 0:  291(SW) -> 35(gpu)   volume = 0.02381
   epoch 0:  291(SW) -> 43(gpu)   volume = 0.02381
   epoch 0:  291(SW) -> 51(gpu)   volume = 0.02381
   epoch 0:  291(SW) -> 59(gpu)   volume = 0.02381
   epoch 0:  292(SW) -> 12(gpu)   volume = 0.02381
   epoch 0:  292(SW) -> 20(gpu)   volume = 0.02381
   epoch 0:  292(SW) -> 28(gpu)   volume = 0.02381
   epoch 0:  292(SW) -> 36(gpu)   volume = 0.02381
   epoch 0:  292(SW) -> 44(gpu)   volume = 0.02381
   epoch 0:  292(SW) -> 52(gpu)   volume = 0.02381
   epoch 0:  292(SW) -> 60(gpu)   volume = 0.02381
   epoch 0:  293(SW) -> 13(gpu)   volume = 0.02381
   epoch 0:  293(SW) -> 21(gpu)   volume = 0.02381
   epoch 0:  293(SW) -> 29(gpu)   volume = 0.02381
   epoch 0:  293(SW) -> 37(gpu)   volume = 0.02381
   epoch 0:  293(SW) -> 45(gpu)   volume = 0.02381
   epoch 0:  293(SW) -> 53(gpu)   volume = 0.02381
   epoch 0:  293(SW) -> 61(gpu)   volume = 0.02381
   epoch 0:  294(SW) -> 296(SW)   volume = 0.25
   epoch 0:  294(SW) -> 297(SW)   volume = 0.25
   epoch 0:  294(SW) -> 298(SW)   volume = 0.25
   epoch 0:  294(SW) -> 299(SW)   volume = 0.25
   epoch 0:  295(SW) -> 15(gpu)   volume = 0.02381
   epoch 0:  295(SW) -> 23(gpu)   volume = 0.02381
   epoch 0:  295(SW) -> 31(gpu)   volume = 0.02381
   epoch 0:  295(SW) -> 39(gpu)   volume = 0.02381
   epoch 0:  295(SW) -> 47(gpu)   volume = 0.02381
   epoch 0:  295(SW) -> 55(gpu)   volume = 0.02381
   epoch 0:  295(SW) -> 63(gpu)   volume = 0.02381
   epoch 0:  296(SW) -> 289(SW)   volume = 0.041667
   epoch 0:  296(SW) -> 290(SW)   volume = 0.041667
   epoch 0:  296(SW) -> 291(SW)   volume = 0.041667
   epoch 0:  296(SW) -> 292(SW)   volume = 0.041667
   epoch 0:  296(SW) -> 293(SW)   volume = 0.041667
   epoch 0:  296(SW) -> 295(SW)   volume = 0.041667
   epoch 0:  297(SW) -> 289(SW)   volume = 0.041667
   epoch 0:  297(SW) -> 290(SW)   volume = 0.041667
   epoch 0:  297(SW) -> 291(SW)   volume = 0.041667
   epoch 0:  297(SW) -> 292(SW)   volume = 0.041667
   epoch 0:  297(SW) -> 293(SW)   volume = 0.041667
   epoch 0:  297(SW) -> 295(SW)   volume = 0.041667
   epoch 0:  298(SW) -> 289(SW)   volume = 0.041667
   epoch 0:  298(SW) -> 290(SW)   volume = 0.041667
   epoch 0:  298(SW) -> 291(SW)   volume = 0.041667
   epoch 0:  298(SW) -> 292(SW)   volume = 0.041667
   epoch 0:  298(SW) -> 293(SW)   volume = 0.041667
   epoch 0:  298(SW) -> 295(SW)   volume = 0.041667
   epoch 0:  299(SW) -> 289(SW)   volume = 0.041667
   epoch 0:  299(SW) -> 290(SW)   volume = 0.041667
   epoch 0:  299(SW) -> 291(SW)   volume = 0.041667
   epoch 0:  299(SW) -> 292(SW)   volume = 0.041667
   epoch 0:  299(SW) -> 293(SW)   volume = 0.041667
   epoch 0:  299(SW) -> 295(SW)   volume = 0.041667
   epoch 1:   1(gpu) -> 256(SW)   volume = 0.333333
   epoch 1:   1(gpu) -> 289(SW)   volume = 0.166667
   epoch 1:   2(gpu) -> 256(SW)   volume = 0.333333
   epoch 1:   2(gpu) -> 290(SW)   volume = 0.166667
   epoch 1:   3(gpu) -> 256(SW)   volume = 0.333333
   epoch 1:   3(gpu) -> 291(SW)   volume = 0.166667
   epoch 1:   4(gpu) -> 256(SW)   volume = 0.333333
   epoch 1:   4(gpu) -> 292(SW)   volume = 0.166667
   epoch 1:   5(gpu) -> 256(SW)   volume = 0.333333
   epoch 1:   5(gpu) -> 293(SW)   volume = 0.166667
   epoch 1:   7(gpu) -> 256(SW)   volume = 0.333333
   epoch 1:   7(gpu) -> 295(SW)   volume = 0.166667
   epoch 1:  256(SW) ->  6(gpu)   volume = 2.0
   epoch 1:  289(SW) ->  9(gpu)   volume = 0.02381
   epoch 1:  289(SW) -> 17(gpu)   volume = 0.02381
   epoch 1:  289(SW) -> 25(gpu)   volume = 0.02381
   epoch 1:  289(SW) -> 33(gpu)   volume = 0.02381
   epoch 1:  289(SW) -> 41(gpu)   volume = 0.02381
   epoch 1:  289(SW) -> 49(gpu)   volume = 0.02381
   epoch 1:  289(SW) -> 57(gpu)   volume = 0.02381
   epoch 1:  290(SW) -> 10(gpu)   volume = 0.02381
   epoch 1:  290(SW) -> 18(gpu)   volume = 0.02381
   epoch 1:  290(SW) -> 26(gpu)   volume = 0.02381
   epoch 1:  290(SW) -> 34(gpu)   volume = 0.02381
   epoch 1:  290(SW) -> 42(gpu)   volume = 0.02381
   epoch 1:  290(SW) -> 50(gpu)   volume = 0.02381
   epoch 1:  290(SW) -> 58(gpu)   volume = 0.02381
   epoch 1:  291(SW) -> 11(gpu)   volume = 0.02381
   epoch 1:  291(SW) -> 19(gpu)   volume = 0.02381
   epoch 1:  291(SW) -> 27(gpu)   volume = 0.02381
   epoch 1:  291(SW) -> 35(gpu)   volume = 0.02381
   epoch 1:  291(SW) -> 43(gpu)   volume = 0.02381
   epoch 1:  291(SW) -> 51(gpu)   volume = 0.02381
   epoch 1:  291(SW) -> 59(gpu)   volume = 0.02381
   epoch 1:  292(SW) -> 12(gpu)   volume = 0.02381
   epoch 1:  292(SW) -> 20(gpu)   volume = 0.02381
   epoch 1:  292(SW) -> 28(gpu)   volume = 0.02381
   epoch 1:  292(SW) -> 36(gpu)   volume = 0.02381
   epoch 1:  292(SW) -> 44(gpu)   volume = 0.02381
   epoch 1:  292(SW) -> 52(gpu)   volume = 0.02381
   epoch 1:  292(SW) -> 60(gpu)   volume = 0.02381
   epoch 1:  293(SW) -> 13(gpu)   volume = 0.02381
   epoch 1:  293(SW) -> 21(gpu)   volume = 0.02381
   epoch 1:  293(SW) -> 29(gpu)   volume = 0.02381
   epoch 1:  293(SW) -> 37(gpu)   volume = 0.02381
   epoch 1:  293(SW) -> 45(gpu)   volume = 0.02381
   epoch 1:  293(SW) -> 53(gpu)   volume = 0.02381
   epoch 1:  293(SW) -> 61(gpu)   volume = 0.02381
   epoch 1:  295(SW) -> 15(gpu)   volume = 0.02381
   epoch 1:  295(SW) -> 23(gpu)   volume = 0.02381
   epoch 1:  295(SW) -> 31(gpu)   volume = 0.02381
   epoch 1:  295(SW) -> 39(gpu)   volume = 0.02381
   epoch 1:  295(SW) -> 47(gpu)   volume = 0.02381
   epoch 1:  295(SW) -> 55(gpu)   volume = 0.02381
   epoch 1:  295(SW) -> 63(gpu)   volume = 0.02381
   epoch 2:   6(gpu) -> 294(SW)   volume = 1.0
   epoch 2:  289(SW) ->  9(gpu)   volume = 0.02381
   epoch 2:  289(SW) -> 17(gpu)   volume = 0.02381
   epoch 2:  289(SW) -> 25(gpu)   volume = 0.02381
   epoch 2:  289(SW) -> 33(gpu)   volume = 0.02381
   epoch 2:  289(SW) -> 41(gpu)   volume = 0.02381
   epoch 2:  289(SW) -> 49(gpu)   volume = 0.02381
   epoch 2:  289(SW) -> 57(gpu)   volume = 0.02381
   epoch 2:  290(SW) -> 10(gpu)   volume = 0.02381
   epoch 2:  290(SW) -> 18(gpu)   volume = 0.02381
   epoch 2:  290(SW) -> 26(gpu)   volume = 0.02381
   epoch 2:  290(SW) -> 34(gpu)   volume = 0.02381
   epoch 2:  290(SW) -> 42(gpu)   volume = 0.02381
   epoch 2:  290(SW) -> 50(gpu)   volume = 0.02381
   epoch 2:  290(SW) -> 58(gpu)   volume = 0.02381
   epoch 2:  291(SW) -> 11(gpu)   volume = 0.02381
   epoch 2:  291(SW) -> 19(gpu)   volume = 0.02381
   epoch 2:  291(SW) -> 27(gpu)   volume = 0.02381
   epoch 2:  291(SW) -> 35(gpu)   volume = 0.02381
   epoch 2:  291(SW) -> 43(gpu)   volume = 0.02381
   epoch 2:  291(SW) -> 51(gpu)   volume = 0.02381
   epoch 2:  291(SW) -> 59(gpu)   volume = 0.02381
   epoch 2:  292(SW) -> 12(gpu)   volume = 0.02381
   epoch 2:  292(SW) -> 20(gpu)   volume = 0.02381
   epoch 2:  292(SW) -> 28(gpu)   volume = 0.02381
   epoch 2:  292(SW) -> 36(gpu)   volume = 0.02381
   epoch 2:  292(SW) -> 44(gpu)   volume = 0.02381
   epoch 2:  292(SW) -> 52(gpu)   volume = 0.02381
   epoch 2:  292(SW) -> 60(gpu)   volume = 0.02381
   epoch 2:  293(SW) -> 13(gpu)   volume = 0.02381
   epoch 2:  293(SW) -> 21(gpu)   volume = 0.02381
   epoch 2:  293(SW) -> 29(gpu)   volume = 0.02381
   epoch 2:  293(SW) -> 37(gpu)   volume = 0.02381
   epoch 2:  293(SW) -> 45(gpu)   volume = 0.02381
   epoch 2:  293(SW) -> 53(gpu)   volume = 0.02381
   epoch 2:  293(SW) -> 61(gpu)   volume = 0.02381
   epoch 2:  294(SW) -> 296(SW)   volume = 0.25
   epoch 2:  294(SW) -> 297(SW)   volume = 0.25
   epoch 2:  294(SW) -> 298(SW)   volume = 0.25
   epoch 2:  294(SW) -> 299(SW)   volume = 0.25
   epoch 2:  295(SW) -> 15(gpu)   volume = 0.02381
   epoch 2:  295(SW) -> 23(gpu)   volume = 0.02381
   epoch 2:  295(SW) -> 31(gpu)   volume = 0.02381
   epoch 2:  295(SW) -> 39(gpu)   volume = 0.02381
   epoch 2:  295(SW) -> 47(gpu)   volume = 0.02381
   epoch 2:  295(SW) -> 55(gpu)   volume = 0.02381
   epoch 2:  295(SW) -> 63(gpu)   volume = 0.02381
   epoch 2:  296(SW) -> 289(SW)   volume = 0.041667
   epoch 2:  296(SW) -> 290(SW)   volume = 0.041667
   epoch 2:  296(SW) -> 291(SW)   volume = 0.041667
   epoch 2:  296(SW) -> 292(SW)   volume = 0.041667
   epoch 2:  296(SW) -> 293(SW)   volume = 0.041667
   epoch 2:  296(SW) -> 295(SW)   volume = 0.041667
   epoch 2:  297(SW) -> 289(SW)   volume = 0.041667
   epoch 2:  297(SW) -> 290(SW)   volume = 0.041667
   epoch 2:  297(SW) -> 291(SW)   volume = 0.041667
   epoch 2:  297(SW) -> 292(SW)   volume = 0.041667
   epoch 2:  297(SW) -> 293(SW)   volume = 0.041667
   epoch 2:  297(SW) -> 295(SW)   volume = 0.041667
   epoch 2:  298(SW) -> 289(SW)   volume = 0.041667
   epoch 2:  298(SW) -> 290(SW)   volume = 0.041667
   epoch 2:  298(SW) -> 291(SW)   volume = 0.041667
   epoch 2:  298(SW) -> 292(SW)   volume = 0.041667
   epoch 2:  298(SW) -> 293(SW)   volume = 0.041667
   epoch 2:  298(SW) -> 295(SW)   volume = 0.041667
   epoch 2:  299(SW) -> 289(SW)   volume = 0.041667
   epoch 2:  299(SW) -> 290(SW)   volume = 0.041667
   epoch 2:  299(SW) -> 291(SW)   volume = 0.041667
   epoch 2:  299(SW) -> 292(SW)   volume = 0.041667
   epoch 2:  299(SW) -> 293(SW)   volume = 0.041667
   epoch 2:  299(SW) -> 295(SW)   volume = 0.041667
   epoch 3:   1(gpu) -> 256(SW)   volume = 0.333333
   epoch 3:   2(gpu) -> 256(SW)   volume = 0.333333
   epoch 3:   3(gpu) -> 256(SW)   volume = 0.333333
   epoch 3:   4(gpu) -> 256(SW)   volume = 0.333333
   epoch 3:   5(gpu) -> 256(SW)   volume = 0.333333
   epoch 3:   6(gpu) -> 294(SW)   volume = 1.0
   epoch 3:   7(gpu) -> 256(SW)   volume = 0.333333
   epoch 3:  256(SW) ->  6(gpu)   volume = 2.0
   epoch 3:  289(SW) ->  9(gpu)   volume = 0.02381
   epoch 3:  289(SW) -> 17(gpu)   volume = 0.02381
   epoch 3:  289(SW) -> 25(gpu)   volume = 0.02381
   epoch 3:  289(SW) -> 33(gpu)   volume = 0.02381
   epoch 3:  289(SW) -> 41(gpu)   volume = 0.02381
   epoch 3:  289(SW) -> 49(gpu)   volume = 0.02381
   epoch 3:  289(SW) -> 57(gpu)   volume = 0.02381
   epoch 3:  290(SW) -> 10(gpu)   volume = 0.02381
   epoch 3:  290(SW) -> 18(gpu)   volume = 0.02381
   epoch 3:  290(SW) -> 26(gpu)   volume = 0.02381
   epoch 3:  290(SW) -> 34(gpu)   volume = 0.02381
   epoch 3:  290(SW) -> 42(gpu)   volume = 0.02381
   epoch 3:  290(SW) -> 50(gpu)   volume = 0.02381
   epoch 3:  290(SW) -> 58(gpu)   volume = 0.02381
   epoch 3:  291(SW) -> 11(gpu)   volume = 0.02381
   epoch 3:  291(SW) -> 19(gpu)   volume = 0.02381
   epoch 3:  291(SW) -> 27(gpu)   volume = 0.02381
   epoch 3:  291(SW) -> 35(gpu)   volume = 0.02381
   epoch 3:  291(SW) -> 43(gpu)   volume = 0.02381
   epoch 3:  291(SW) -> 51(gpu)   volume = 0.02381
   epoch 3:  291(SW) -> 59(gpu)   volume = 0.02381
   epoch 3:  292(SW) -> 12(gpu)   volume = 0.02381
   epoch 3:  292(SW) -> 20(gpu)   volume = 0.02381
   epoch 3:  292(SW) -> 28(gpu)   volume = 0.02381
   epoch 3:  292(SW) -> 36(gpu)   volume = 0.02381
   epoch 3:  292(SW) -> 44(gpu)   volume = 0.02381
   epoch 3:  292(SW) -> 52(gpu)   volume = 0.02381
   epoch 3:  292(SW) -> 60(gpu)   volume = 0.02381
   epoch 3:  293(SW) -> 13(gpu)   volume = 0.02381
   epoch 3:  293(SW) -> 21(gpu)   volume = 0.02381
   epoch 3:  293(SW) -> 29(gpu)   volume = 0.02381
   epoch 3:  293(SW) -> 37(gpu)   volume = 0.02381
   epoch 3:  293(SW) -> 45(gpu)   volume = 0.02381
   epoch 3:  293(SW) -> 53(gpu)   volume = 0.02381
   epoch 3:  293(SW) -> 61(gpu)   volume = 0.02381
   epoch 3:  294(SW) -> 296(SW)   volume = 0.25
   epoch 3:  294(SW) -> 297(SW)   volume = 0.25
   epoch 3:  294(SW) -> 298(SW)   volume = 0.25
   epoch 3:  294(SW) -> 299(SW)   volume = 0.25
   epoch 3:  295(SW) -> 15(gpu)   volume = 0.02381
   epoch 3:  295(SW) -> 23(gpu)   volume = 0.02381
   epoch 3:  295(SW) -> 31(gpu)   volume = 0.02381
   epoch 3:  295(SW) -> 39(gpu)   volume = 0.02381
   epoch 3:  295(SW) -> 47(gpu)   volume = 0.02381
   epoch 3:  295(SW) -> 55(gpu)   volume = 0.02381
   epoch 3:  295(SW) -> 63(gpu)   volume = 0.02381
   epoch 3:  296(SW) -> 289(SW)   volume = 0.041667
   epoch 3:  296(SW) -> 290(SW)   volume = 0.041667
   epoch 3:  296(SW) -> 291(SW)   volume = 0.041667
   epoch 3:  296(SW) -> 292(SW)   volume = 0.041667
   epoch 3:  296(SW) -> 293(SW)   volume = 0.041667
   epoch 3:  296(SW) -> 295(SW)   volume = 0.041667
   epoch 3:  297(SW) -> 289(SW)   volume = 0.041667
   epoch 3:  297(SW) -> 290(SW)   volume = 0.041667
   epoch 3:  297(SW) -> 291(SW)   volume = 0.041667
   epoch 3:  297(SW) -> 292(SW)   volume = 0.041667
   epoch 3:  297(SW) -> 293(SW)   volume = 0.041667
   epoch 3:  297(SW) -> 295(SW)   volume = 0.041667
   epoch 3:  298(SW) -> 289(SW)   volume = 0.041667
   epoch 3:  298(SW) -> 290(SW)   volume = 0.041667
   epoch 3:  298(SW) -> 291(SW)   volume = 0.041667
   epoch 3:  298(SW) -> 292(SW)   volume = 0.041667
   epoch 3:  298(SW) -> 293(SW)   volume = 0.041667
   epoch 3:  298(SW) -> 295(SW)   volume = 0.041667
   epoch 3:  299(SW) -> 289(SW)   volume = 0.041667
   epoch 3:  299(SW) -> 290(SW)   volume = 0.041667
   epoch 3:  299(SW) -> 291(SW)   volume = 0.041667
   epoch 3:  299(SW) -> 292(SW)   volume = 0.041667
   epoch 3:  299(SW) -> 293(SW)   volume = 0.041667
   epoch 3:  299(SW) -> 295(SW)   volume = 0.041667
   epoch 4:   6(gpu) -> 294(SW)   volume = 1.0
   epoch 4:  289(SW) ->  9(gpu)   volume = 0.02381
   epoch 4:  289(SW) -> 17(gpu)   volume = 0.02381
   epoch 4:  289(SW) -> 25(gpu)   volume = 0.02381
   epoch 4:  289(SW) -> 33(gpu)   volume = 0.02381
   epoch 4:  289(SW) -> 41(gpu)   volume = 0.02381
   epoch 4:  289(SW) -> 49(gpu)   volume = 0.02381
   epoch 4:  289(SW) -> 57(gpu)   volume = 0.02381
   epoch 4:  290(SW) -> 10(gpu)   volume = 0.02381
   epoch 4:  290(SW) -> 18(gpu)   volume = 0.02381
   epoch 4:  290(SW) -> 26(gpu)   volume = 0.02381
   epoch 4:  290(SW) -> 34(gpu)   volume = 0.02381
   epoch 4:  290(SW) -> 42(gpu)   volume = 0.02381
   epoch 4:  290(SW) -> 50(gpu)   volume = 0.02381
   epoch 4:  290(SW) -> 58(gpu)   volume = 0.02381
   epoch 4:  291(SW) -> 11(gpu)   volume = 0.02381
   epoch 4:  291(SW) -> 19(gpu)   volume = 0.02381
   epoch 4:  291(SW) -> 27(gpu)   volume = 0.02381
   epoch 4:  291(SW) -> 35(gpu)   volume = 0.02381
   epoch 4:  291(SW) -> 43(gpu)   volume = 0.02381
   epoch 4:  291(SW) -> 51(gpu)   volume = 0.02381
   epoch 4:  291(SW) -> 59(gpu)   volume = 0.02381
   epoch 4:  292(SW) -> 12(gpu)   volume = 0.02381
   epoch 4:  292(SW) -> 20(gpu)   volume = 0.02381
   epoch 4:  292(SW) -> 28(gpu)   volume = 0.02381
   epoch 4:  292(SW) -> 36(gpu)   volume = 0.02381
   epoch 4:  292(SW) -> 44(gpu)   volume = 0.02381
   epoch 4:  292(SW) -> 52(gpu)   volume = 0.02381
   epoch 4:  292(SW) -> 60(gpu)   volume = 0.02381
   epoch 4:  293(SW) -> 13(gpu)   volume = 0.02381
   epoch 4:  293(SW) -> 21(gpu)   volume = 0.02381
   epoch 4:  293(SW) -> 29(gpu)   volume = 0.02381
   epoch 4:  293(SW) -> 37(gpu)   volume = 0.02381
   epoch 4:  293(SW) -> 45(gpu)   volume = 0.02381
   epoch 4:  293(SW) -> 53(gpu)   volume = 0.02381
   epoch 4:  293(SW) -> 61(gpu)   volume = 0.02381
   epoch 4:  294(SW) -> 296(SW)   volume = 0.25
   epoch 4:  294(SW) -> 297(SW)   volume = 0.25
   epoch 4:  294(SW) -> 298(SW)   volume = 0.25
   epoch 4:  294(SW) -> 299(SW)   volume = 0.25
   epoch 4:  295(SW) -> 15(gpu)   volume = 0.02381
   epoch 4:  295(SW) -> 23(gpu)   volume = 0.02381
   epoch 4:  295(SW) -> 31(gpu)   volume = 0.02381
   epoch 4:  295(SW) -> 39(gpu)   volume = 0.02381
   epoch 4:  295(SW) -> 47(gpu)   volume = 0.02381
   epoch 4:  295(SW) -> 55(gpu)   volume = 0.02381
   epoch 4:  295(SW) -> 63(gpu)   volume = 0.02381
   epoch 4:  296(SW) -> 289(SW)   volume = 0.041667
   epoch 4:  296(SW) -> 290(SW)   volume = 0.041667
   epoch 4:  296(SW) -> 291(SW)   volume = 0.041667
   epoch 4:  296(SW) -> 292(SW)   volume = 0.041667
   epoch 4:  296(SW) -> 293(SW)   volume = 0.041667
   epoch 4:  296(SW) -> 295(SW)   volume = 0.041667
   epoch 4:  297(SW) -> 289(SW)   volume = 0.041667
   epoch 4:  297(SW) -> 290(SW)   volume = 0.041667
   epoch 4:  297(SW) -> 291(SW)   volume = 0.041667
   epoch 4:  297(SW) -> 292(SW)   volume = 0.041667
   epoch 4:  297(SW) -> 293(SW)   volume = 0.041667
   epoch 4:  297(SW) -> 295(SW)   volume = 0.041667
   epoch 4:  298(SW) -> 289(SW)   volume = 0.041667
   epoch 4:  298(SW) -> 290(SW)   volume = 0.041667
   epoch 4:  298(SW) -> 291(SW)   volume = 0.041667
   epoch 4:  298(SW) -> 292(SW)   volume = 0.041667
   epoch 4:  298(SW) -> 293(SW)   volume = 0.041667
   epoch 4:  298(SW) -> 295(SW)   volume = 0.041667
   epoch 4:  299(SW) -> 289(SW)   volume = 0.041667
   epoch 4:  299(SW) -> 290(SW)   volume = 0.041667
   epoch 4:  299(SW) -> 291(SW)   volume = 0.041667
   epoch 4:  299(SW) -> 292(SW)   volume = 0.041667
   epoch 4:  299(SW) -> 293(SW)   volume = 0.041667
   epoch 4:  299(SW) -> 295(SW)   volume = 0.041667
   epoch 5:   6(gpu) -> 294(SW)   volume = 1.0
   epoch 5:  289(SW) ->  9(gpu)   volume = 0.02381
   epoch 5:  289(SW) -> 17(gpu)   volume = 0.02381
   epoch 5:  289(SW) -> 25(gpu)   volume = 0.02381
   epoch 5:  289(SW) -> 33(gpu)   volume = 0.02381
   epoch 5:  289(SW) -> 41(gpu)   volume = 0.02381
   epoch 5:  289(SW) -> 49(gpu)   volume = 0.02381
   epoch 5:  289(SW) -> 57(gpu)   volume = 0.02381
   epoch 5:  290(SW) -> 10(gpu)   volume = 0.02381
   epoch 5:  290(SW) -> 18(gpu)   volume = 0.02381
   epoch 5:  290(SW) -> 26(gpu)   volume = 0.02381
   epoch 5:  290(SW) -> 34(gpu)   volume = 0.02381
   epoch 5:  290(SW) -> 42(gpu)   volume = 0.02381
   epoch 5:  290(SW) -> 50(gpu)   volume = 0.02381
   epoch 5:  290(SW) -> 58(gpu)   volume = 0.02381
   epoch 5:  291(SW) -> 11(gpu)   volume = 0.02381
   epoch 5:  291(SW) -> 19(gpu)   volume = 0.02381
   epoch 5:  291(SW) -> 27(gpu)   volume = 0.02381
   epoch 5:  291(SW) -> 35(gpu)   volume = 0.02381
   epoch 5:  291(SW) -> 43(gpu)   volume = 0.02381
   epoch 5:  291(SW) -> 51(gpu)   volume = 0.02381
   epoch 5:  291(SW) -> 59(gpu)   volume = 0.02381
   epoch 5:  292(SW) -> 12(gpu)   volume = 0.02381
   epoch 5:  292(SW) -> 20(gpu)   volume = 0.02381
   epoch 5:  292(SW) -> 28(gpu)   volume = 0.02381
   epoch 5:  292(SW) -> 36(gpu)   volume = 0.02381
   epoch 5:  292(SW) -> 44(gpu)   volume = 0.02381
   epoch 5:  292(SW) -> 52(gpu)   volume = 0.02381
   epoch 5:  292(SW) -> 60(gpu)   volume = 0.02381
   epoch 5:  293(SW) -> 13(gpu)   volume = 0.02381
   epoch 5:  293(SW) -> 21(gpu)   volume = 0.02381
   epoch 5:  293(SW) -> 29(gpu)   volume = 0.02381
   epoch 5:  293(SW) -> 37(gpu)   volume = 0.02381
   epoch 5:  293(SW) -> 45(gpu)   volume = 0.02381
   epoch 5:  293(SW) -> 53(gpu)   volume = 0.02381
   epoch 5:  293(SW) -> 61(gpu)   volume = 0.02381
   epoch 5:  294(SW) -> 296(SW)   volume = 0.25
   epoch 5:  294(SW) -> 297(SW)   volume = 0.25
   epoch 5:  294(SW) -> 298(SW)   volume = 0.25
   epoch 5:  294(SW) -> 299(SW)   volume = 0.25
   epoch 5:  295(SW) -> 15(gpu)   volume = 0.02381
   epoch 5:  295(SW) -> 23(gpu)   volume = 0.02381
   epoch 5:  295(SW) -> 31(gpu)   volume = 0.02381
   epoch 5:  295(SW) -> 39(gpu)   volume = 0.02381
   epoch 5:  295(SW) -> 47(gpu)   volume = 0.02381
   epoch 5:  295(SW) -> 55(gpu)   volume = 0.02381
   epoch 5:  295(SW) -> 63(gpu)   volume = 0.02381
   epoch 5:  296(SW) -> 289(SW)   volume = 0.041667
   epoch 5:  296(SW) -> 290(SW)   volume = 0.041667
   epoch 5:  296(SW) -> 291(SW)   volume = 0.041667
   epoch 5:  296(SW) -> 292(SW)   volume = 0.041667
   epoch 5:  296(SW) -> 293(SW)   volume = 0.041667
   epoch 5:  296(SW) -> 295(SW)   volume = 0.041667
   epoch 5:  297(SW) -> 289(SW)   volume = 0.041667
   epoch 5:  297(SW) -> 290(SW)   volume = 0.041667
   epoch 5:  297(SW) -> 291(SW)   volume = 0.041667
   epoch 5:  297(SW) -> 292(SW)   volume = 0.041667
   epoch 5:  297(SW) -> 293(SW)   volume = 0.041667
   epoch 5:  297(SW) -> 295(SW)   volume = 0.041667
   epoch 5:  298(SW) -> 289(SW)   volume = 0.041667
   epoch 5:  298(SW) -> 290(SW)   volume = 0.041667
   epoch 5:  298(SW) -> 291(SW)   volume = 0.041667
   epoch 5:  298(SW) -> 292(SW)   volume = 0.041667
   epoch 5:  298(SW) -> 293(SW)   volume = 0.041667
   epoch 5:  298(SW) -> 295(SW)   volume = 0.041667
   epoch 5:  299(SW) -> 289(SW)   volume = 0.041667
   epoch 5:  299(SW) -> 290(SW)   volume = 0.041667
   epoch 5:  299(SW) -> 291(SW)   volume = 0.041667
   epoch 5:  299(SW) -> 292(SW)   volume = 0.041667
   epoch 5:  299(SW) -> 293(SW)   volume = 0.041667
   epoch 5:  299(SW) -> 295(SW)   volume = 0.041667
   epoch 6:   1(gpu) -> 256(SW)   volume = 0.02381
   epoch 6:   2(gpu) -> 256(SW)   volume = 0.02381
   epoch 6:   3(gpu) -> 256(SW)   volume = 0.02381
   epoch 6:   4(gpu) -> 256(SW)   volume = 0.02381
   epoch 6:   5(gpu) -> 256(SW)   volume = 0.02381
   epoch 6:   7(gpu) -> 256(SW)   volume = 0.02381
   epoch 6:  256(SW) ->  0(gpu)   volume = 0.142857
   epoch 7:   0(gpu) -> 288(SW)   volume = 0.142857
   epoch 7:   1(gpu) -> 256(SW)   volume = 1.166667
   epoch 7:   1(gpu) -> 289(SW)   volume = 0.142857
   epoch 7:   2(gpu) -> 256(SW)   volume = 1.166667
   epoch 7:   2(gpu) -> 290(SW)   volume = 0.142857
   epoch 7:   3(gpu) -> 256(SW)   volume = 1.166667
   epoch 7:   3(gpu) -> 291(SW)   volume = 0.142857
   epoch 7:   4(gpu) -> 256(SW)   volume = 1.166667
   epoch 7:   4(gpu) -> 292(SW)   volume = 0.142857
   epoch 7:   5(gpu) -> 256(SW)   volume = 1.166667
   epoch 7:   5(gpu) -> 293(SW)   volume = 0.142857
   epoch 7:   7(gpu) -> 256(SW)   volume = 1.166667
   epoch 7:   7(gpu) -> 295(SW)   volume = 0.142857
   epoch 7:   9(gpu) -> 257(SW)   volume = 0.142857
   epoch 7:  10(gpu) -> 257(SW)   volume = 0.142857
   epoch 7:  11(gpu) -> 257(SW)   volume = 0.142857
   epoch 7:  12(gpu) -> 257(SW)   volume = 0.142857
   epoch 7:  13(gpu) -> 257(SW)   volume = 0.142857
   epoch 7:  15(gpu) -> 257(SW)   volume = 0.142857
   epoch 7:  17(gpu) -> 258(SW)   volume = 0.142857
   epoch 7:  18(gpu) -> 258(SW)   volume = 0.142857
   epoch 7:  19(gpu) -> 258(SW)   volume = 0.142857
   epoch 7:  20(gpu) -> 258(SW)   volume = 0.142857
   epoch 7:  21(gpu) -> 258(SW)   volume = 0.142857
   epoch 7:  23(gpu) -> 258(SW)   volume = 0.142857
   epoch 7:  25(gpu) -> 259(SW)   volume = 0.142857
   epoch 7:  26(gpu) -> 259(SW)   volume = 0.142857
   epoch 7:  27(gpu) -> 259(SW)   volume = 0.142857
   epoch 7:  28(gpu) -> 259(SW)   volume = 0.142857
   epoch 7:  29(gpu) -> 259(SW)   volume = 0.142857
   epoch 7:  31(gpu) -> 259(SW)   volume = 0.142857
   epoch 7:  33(gpu) -> 260(SW)   volume = 0.142857
   epoch 7:  34(gpu) -> 260(SW)   volume = 0.142857
   epoch 7:  35(gpu) -> 260(SW)   volume = 0.142857
   epoch 7:  36(gpu) -> 260(SW)   volume = 0.142857
   epoch 7:  37(gpu) -> 260(SW)   volume = 0.142857
   epoch 7:  39(gpu) -> 260(SW)   volume = 0.142857
   epoch 7:  41(gpu) -> 261(SW)   volume = 0.142857
   epoch 7:  42(gpu) -> 261(SW)   volume = 0.142857
   epoch 7:  43(gpu) -> 261(SW)   volume = 0.142857
   epoch 7:  44(gpu) -> 261(SW)   volume = 0.142857
   epoch 7:  45(gpu) -> 261(SW)   volume = 0.142857
   epoch 7:  47(gpu) -> 261(SW)   volume = 0.142857
   epoch 7:  49(gpu) -> 262(SW)   volume = 0.142857
   epoch 7:  50(gpu) -> 262(SW)   volume = 0.142857
   epoch 7:  51(gpu) -> 262(SW)   volume = 0.142857
   epoch 7:  52(gpu) -> 262(SW)   volume = 0.142857
   epoch 7:  53(gpu) -> 262(SW)   volume = 0.142857
   epoch 7:  55(gpu) -> 262(SW)   volume = 0.142857
   epoch 7:  57(gpu) -> 263(SW)   volume = 0.142857
   epoch 7:  58(gpu) -> 263(SW)   volume = 0.142857
   epoch 7:  59(gpu) -> 263(SW)   volume = 0.142857
   epoch 7:  60(gpu) -> 263(SW)   volume = 0.142857
   epoch 7:  61(gpu) -> 263(SW)   volume = 0.142857
   epoch 7:  63(gpu) -> 263(SW)   volume = 0.142857
   epoch 7:  256(SW) ->  0(gpu)   volume = 1.0
   epoch 7:  256(SW) ->  1(gpu)   volume = 1.0
   epoch 7:  256(SW) ->  2(gpu)   volume = 1.0
   epoch 7:  256(SW) ->  3(gpu)   volume = 1.0
   epoch 7:  256(SW) ->  4(gpu)   volume = 1.0
   epoch 7:  256(SW) ->  5(gpu)   volume = 1.0
   epoch 7:  256(SW) ->  7(gpu)   volume = 1.0
   epoch 7:  257(SW) ->  8(gpu)   volume = 0.857143
   epoch 7:  258(SW) -> 16(gpu)   volume = 0.857143
   epoch 7:  259(SW) -> 24(gpu)   volume = 0.857143
   epoch 7:  260(SW) -> 32(gpu)   volume = 0.857143
   epoch 7:  261(SW) -> 40(gpu)   volume = 0.857143
   epoch 7:  262(SW) -> 48(gpu)   volume = 0.857143
   epoch 7:  263(SW) -> 56(gpu)   volume = 0.857143
   epoch 7:  288(SW) ->  8(gpu)   volume = 0.142857
   epoch 7:  288(SW) -> 16(gpu)   volume = 0.142857
   epoch 7:  288(SW) -> 24(gpu)   volume = 0.142857
   epoch 7:  288(SW) -> 32(gpu)   volume = 0.142857
   epoch 7:  288(SW) -> 40(gpu)   volume = 0.142857
   epoch 7:  288(SW) -> 48(gpu)   volume = 0.142857
   epoch 7:  288(SW) -> 56(gpu)   volume = 0.142857
   epoch 7:  289(SW) -> 296(SW)   volume = 0.035714
   epoch 7:  289(SW) -> 297(SW)   volume = 0.035714
   epoch 7:  289(SW) -> 298(SW)   volume = 0.035714
   epoch 7:  289(SW) -> 299(SW)   volume = 0.035714
   epoch 7:  290(SW) -> 296(SW)   volume = 0.035714
   epoch 7:  290(SW) -> 297(SW)   volume = 0.035714
   epoch 7:  290(SW) -> 298(SW)   volume = 0.035714
   epoch 7:  290(SW) -> 299(SW)   volume = 0.035714
   epoch 7:  291(SW) -> 296(SW)   volume = 0.035714
   epoch 7:  291(SW) -> 297(SW)   volume = 0.035714
   epoch 7:  291(SW) -> 298(SW)   volume = 0.035714
   epoch 7:  291(SW) -> 299(SW)   volume = 0.035714
   epoch 7:  292(SW) -> 296(SW)   volume = 0.035714
   epoch 7:  292(SW) -> 297(SW)   volume = 0.035714
   epoch 7:  292(SW) -> 298(SW)   volume = 0.035714
   epoch 7:  292(SW) -> 299(SW)   volume = 0.035714
   epoch 7:  293(SW) -> 296(SW)   volume = 0.035714
   epoch 7:  293(SW) -> 297(SW)   volume = 0.035714
   epoch 7:  293(SW) -> 298(SW)   volume = 0.035714
   epoch 7:  293(SW) -> 299(SW)   volume = 0.035714
   epoch 7:  295(SW) -> 296(SW)   volume = 0.035714
   epoch 7:  295(SW) -> 297(SW)   volume = 0.035714
   epoch 7:  295(SW) -> 298(SW)   volume = 0.035714
   epoch 7:  295(SW) -> 299(SW)   volume = 0.035714
   epoch 7:  296(SW) -> 288(SW)   volume = 0.214286
   epoch 7:  297(SW) -> 288(SW)   volume = 0.214286
   epoch 7:  298(SW) -> 288(SW)   volume = 0.214286
   epoch 7:  299(SW) -> 288(SW)   volume = 0.214286

-- source 7 --
   epoch 0:   7(gpu) -> 256(SW)   volume = 13.0
   epoch 0:   7(gpu) -> 295(SW)   volume = 1.0
   epoch 0:  256(SW) ->  1(gpu)   volume = 2.166667
   epoch 0:  256(SW) ->  2(gpu)   volume = 2.166667
   epoch 0:  256(SW) ->  3(gpu)   volume = 2.166667
   epoch 0:  256(SW) ->  4(gpu)   volume = 2.166667
   epoch 0:  256(SW) ->  5(gpu)   volume = 2.166667
   epoch 0:  256(SW) ->  6(gpu)   volume = 2.166667
   epoch 0:  289(SW) ->  9(gpu)   volume = 0.02381
   epoch 0:  289(SW) -> 17(gpu)   volume = 0.02381
   epoch 0:  289(SW) -> 25(gpu)   volume = 0.02381
   epoch 0:  289(SW) -> 33(gpu)   volume = 0.02381
   epoch 0:  289(SW) -> 41(gpu)   volume = 0.02381
   epoch 0:  289(SW) -> 49(gpu)   volume = 0.02381
   epoch 0:  289(SW) -> 57(gpu)   volume = 0.02381
   epoch 0:  290(SW) -> 10(gpu)   volume = 0.02381
   epoch 0:  290(SW) -> 18(gpu)   volume = 0.02381
   epoch 0:  290(SW) -> 26(gpu)   volume = 0.02381
   epoch 0:  290(SW) -> 34(gpu)   volume = 0.02381
   epoch 0:  290(SW) -> 42(gpu)   volume = 0.02381
   epoch 0:  290(SW) -> 50(gpu)   volume = 0.02381
   epoch 0:  290(SW) -> 58(gpu)   volume = 0.02381
   epoch 0:  291(SW) -> 11(gpu)   volume = 0.02381
   epoch 0:  291(SW) -> 19(gpu)   volume = 0.02381
   epoch 0:  291(SW) -> 27(gpu)   volume = 0.02381
   epoch 0:  291(SW) -> 35(gpu)   volume = 0.02381
   epoch 0:  291(SW) -> 43(gpu)   volume = 0.02381
   epoch 0:  291(SW) -> 51(gpu)   volume = 0.02381
   epoch 0:  291(SW) -> 59(gpu)   volume = 0.02381
   epoch 0:  292(SW) -> 12(gpu)   volume = 0.02381
   epoch 0:  292(SW) -> 20(gpu)   volume = 0.02381
   epoch 0:  292(SW) -> 28(gpu)   volume = 0.02381
   epoch 0:  292(SW) -> 36(gpu)   volume = 0.02381
   epoch 0:  292(SW) -> 44(gpu)   volume = 0.02381
   epoch 0:  292(SW) -> 52(gpu)   volume = 0.02381
   epoch 0:  292(SW) -> 60(gpu)   volume = 0.02381
   epoch 0:  293(SW) -> 13(gpu)   volume = 0.02381
   epoch 0:  293(SW) -> 21(gpu)   volume = 0.02381
   epoch 0:  293(SW) -> 29(gpu)   volume = 0.02381
   epoch 0:  293(SW) -> 37(gpu)   volume = 0.02381
   epoch 0:  293(SW) -> 45(gpu)   volume = 0.02381
   epoch 0:  293(SW) -> 53(gpu)   volume = 0.02381
   epoch 0:  293(SW) -> 61(gpu)   volume = 0.02381
   epoch 0:  294(SW) -> 14(gpu)   volume = 0.02381
   epoch 0:  294(SW) -> 22(gpu)   volume = 0.02381
   epoch 0:  294(SW) -> 30(gpu)   volume = 0.02381
   epoch 0:  294(SW) -> 38(gpu)   volume = 0.02381
   epoch 0:  294(SW) -> 46(gpu)   volume = 0.02381
   epoch 0:  294(SW) -> 54(gpu)   volume = 0.02381
   epoch 0:  294(SW) -> 62(gpu)   volume = 0.02381
   epoch 0:  295(SW) -> 296(SW)   volume = 0.25
   epoch 0:  295(SW) -> 297(SW)   volume = 0.25
   epoch 0:  295(SW) -> 298(SW)   volume = 0.25
   epoch 0:  295(SW) -> 299(SW)   volume = 0.25
   epoch 0:  296(SW) -> 289(SW)   volume = 0.041667
   epoch 0:  296(SW) -> 290(SW)   volume = 0.041667
   epoch 0:  296(SW) -> 291(SW)   volume = 0.041667
   epoch 0:  296(SW) -> 292(SW)   volume = 0.041667
   epoch 0:  296(SW) -> 293(SW)   volume = 0.041667
   epoch 0:  296(SW) -> 294(SW)   volume = 0.041667
   epoch 0:  297(SW) -> 289(SW)   volume = 0.041667
   epoch 0:  297(SW) -> 290(SW)   volume = 0.041667
   epoch 0:  297(SW) -> 291(SW)   volume = 0.041667
   epoch 0:  297(SW) -> 292(SW)   volume = 0.041667
   epoch 0:  297(SW) -> 293(SW)   volume = 0.041667
   epoch 0:  297(SW) -> 294(SW)   volume = 0.041667
   epoch 0:  298(SW) -> 289(SW)   volume = 0.041667
   epoch 0:  298(SW) -> 290(SW)   volume = 0.041667
   epoch 0:  298(SW) -> 291(SW)   volume = 0.041667
   epoch 0:  298(SW) -> 292(SW)   volume = 0.041667
   epoch 0:  298(SW) -> 293(SW)   volume = 0.041667
   epoch 0:  298(SW) -> 294(SW)   volume = 0.041667
   epoch 0:  299(SW) -> 289(SW)   volume = 0.041667
   epoch 0:  299(SW) -> 290(SW)   volume = 0.041667
   epoch 0:  299(SW) -> 291(SW)   volume = 0.041667
   epoch 0:  299(SW) -> 292(SW)   volume = 0.041667
   epoch 0:  299(SW) -> 293(SW)   volume = 0.041667
   epoch 0:  299(SW) -> 294(SW)   volume = 0.041667
   epoch 1:   1(gpu) -> 256(SW)   volume = 0.333333
   epoch 1:   1(gpu) -> 289(SW)   volume = 0.166667
   epoch 1:   2(gpu) -> 256(SW)   volume = 0.333333
   epoch 1:   2(gpu) -> 290(SW)   volume = 0.166667
   epoch 1:   3(gpu) -> 256(SW)   volume = 0.333333
   epoch 1:   3(gpu) -> 291(SW)   volume = 0.166667
   epoch 1:   4(gpu) -> 256(SW)   volume = 0.333333
   epoch 1:   4(gpu) -> 292(SW)   volume = 0.166667
   epoch 1:   5(gpu) -> 256(SW)   volume = 0.333333
   epoch 1:   5(gpu) -> 293(SW)   volume = 0.166667
   epoch 1:   6(gpu) -> 256(SW)   volume = 0.333333
   epoch 1:   6(gpu) -> 294(SW)   volume = 0.166667
   epoch 1:  256(SW) ->  7(gpu)   volume = 2.0
   epoch 1:  289(SW) ->  9(gpu)   volume = 0.02381
   epoch 1:  289(SW) -> 17(gpu)   volume = 0.02381
   epoch 1:  289(SW) -> 25(gpu)   volume = 0.02381
   epoch 1:  289(SW) -> 33(gpu)   volume = 0.02381
   epoch 1:  289(SW) -> 41(gpu)   volume = 0.02381
   epoch 1:  289(SW) -> 49(gpu)   volume = 0.02381
   epoch 1:  289(SW) -> 57(gpu)   volume = 0.02381
   epoch 1:  290(SW) -> 10(gpu)   volume = 0.02381
   epoch 1:  290(SW) -> 18(gpu)   volume = 0.02381
   epoch 1:  290(SW) -> 26(gpu)   volume = 0.02381
   epoch 1:  290(SW) -> 34(gpu)   volume = 0.02381
   epoch 1:  290(SW) -> 42(gpu)   volume = 0.02381
   epoch 1:  290(SW) -> 50(gpu)   volume = 0.02381
   epoch 1:  290(SW) -> 58(gpu)   volume = 0.02381
   epoch 1:  291(SW) -> 11(gpu)   volume = 0.02381
   epoch 1:  291(SW) -> 19(gpu)   volume = 0.02381
   epoch 1:  291(SW) -> 27(gpu)   volume = 0.02381
   epoch 1:  291(SW) -> 35(gpu)   volume = 0.02381
   epoch 1:  291(SW) -> 43(gpu)   volume = 0.02381
   epoch 1:  291(SW) -> 51(gpu)   volume = 0.02381
   epoch 1:  291(SW) -> 59(gpu)   volume = 0.02381
   epoch 1:  292(SW) -> 12(gpu)   volume = 0.02381
   epoch 1:  292(SW) -> 20(gpu)   volume = 0.02381
   epoch 1:  292(SW) -> 28(gpu)   volume = 0.02381
   epoch 1:  292(SW) -> 36(gpu)   volume = 0.02381
   epoch 1:  292(SW) -> 44(gpu)   volume = 0.02381
   epoch 1:  292(SW) -> 52(gpu)   volume = 0.02381
   epoch 1:  292(SW) -> 60(gpu)   volume = 0.02381
   epoch 1:  293(SW) -> 13(gpu)   volume = 0.02381
   epoch 1:  293(SW) -> 21(gpu)   volume = 0.02381
   epoch 1:  293(SW) -> 29(gpu)   volume = 0.02381
   epoch 1:  293(SW) -> 37(gpu)   volume = 0.02381
   epoch 1:  293(SW) -> 45(gpu)   volume = 0.02381
   epoch 1:  293(SW) -> 53(gpu)   volume = 0.02381
   epoch 1:  293(SW) -> 61(gpu)   volume = 0.02381
   epoch 1:  294(SW) -> 14(gpu)   volume = 0.02381
   epoch 1:  294(SW) -> 22(gpu)   volume = 0.02381
   epoch 1:  294(SW) -> 30(gpu)   volume = 0.02381
   epoch 1:  294(SW) -> 38(gpu)   volume = 0.02381
   epoch 1:  294(SW) -> 46(gpu)   volume = 0.02381
   epoch 1:  294(SW) -> 54(gpu)   volume = 0.02381
   epoch 1:  294(SW) -> 62(gpu)   volume = 0.02381
   epoch 2:   7(gpu) -> 295(SW)   volume = 1.0
   epoch 2:  289(SW) ->  9(gpu)   volume = 0.02381
   epoch 2:  289(SW) -> 17(gpu)   volume = 0.02381
   epoch 2:  289(SW) -> 25(gpu)   volume = 0.02381
   epoch 2:  289(SW) -> 33(gpu)   volume = 0.02381
   epoch 2:  289(SW) -> 41(gpu)   volume = 0.02381
   epoch 2:  289(SW) -> 49(gpu)   volume = 0.02381
   epoch 2:  289(SW) -> 57(gpu)   volume = 0.02381
   epoch 2:  290(SW) -> 10(gpu)   volume = 0.02381
   epoch 2:  290(SW) -> 18(gpu)   volume = 0.02381
   epoch 2:  290(SW) -> 26(gpu)   volume = 0.02381
   epoch 2:  290(SW) -> 34(gpu)   volume = 0.02381
   epoch 2:  290(SW) -> 42(gpu)   volume = 0.02381
   epoch 2:  290(SW) -> 50(gpu)   volume = 0.02381
   epoch 2:  290(SW) -> 58(gpu)   volume = 0.02381
   epoch 2:  291(SW) -> 11(gpu)   volume = 0.02381
   epoch 2:  291(SW) -> 19(gpu)   volume = 0.02381
   epoch 2:  291(SW) -> 27(gpu)   volume = 0.02381
   epoch 2:  291(SW) -> 35(gpu)   volume = 0.02381
   epoch 2:  291(SW) -> 43(gpu)   volume = 0.02381
   epoch 2:  291(SW) -> 51(gpu)   volume = 0.02381
   epoch 2:  291(SW) -> 59(gpu)   volume = 0.02381
   epoch 2:  292(SW) -> 12(gpu)   volume = 0.02381
   epoch 2:  292(SW) -> 20(gpu)   volume = 0.02381
   epoch 2:  292(SW) -> 28(gpu)   volume = 0.02381
   epoch 2:  292(SW) -> 36(gpu)   volume = 0.02381
   epoch 2:  292(SW) -> 44(gpu)   volume = 0.02381
   epoch 2:  292(SW) -> 52(gpu)   volume = 0.02381
   epoch 2:  292(SW) -> 60(gpu)   volume = 0.02381
   epoch 2:  293(SW) -> 13(gpu)   volume = 0.02381
   epoch 2:  293(SW) -> 21(gpu)   volume = 0.02381
   epoch 2:  293(SW) -> 29(gpu)   volume = 0.02381
   epoch 2:  293(SW) -> 37(gpu)   volume = 0.02381
   epoch 2:  293(SW) -> 45(gpu)   volume = 0.02381
   epoch 2:  293(SW) -> 53(gpu)   volume = 0.02381
   epoch 2:  293(SW) -> 61(gpu)   volume = 0.02381
   epoch 2:  294(SW) -> 14(gpu)   volume = 0.02381
   epoch 2:  294(SW) -> 22(gpu)   volume = 0.02381
   epoch 2:  294(SW) -> 30(gpu)   volume = 0.02381
   epoch 2:  294(SW) -> 38(gpu)   volume = 0.02381
   epoch 2:  294(SW) -> 46(gpu)   volume = 0.02381
   epoch 2:  294(SW) -> 54(gpu)   volume = 0.02381
   epoch 2:  294(SW) -> 62(gpu)   volume = 0.02381
   epoch 2:  295(SW) -> 296(SW)   volume = 0.25
   epoch 2:  295(SW) -> 297(SW)   volume = 0.25
   epoch 2:  295(SW) -> 298(SW)   volume = 0.25
   epoch 2:  295(SW) -> 299(SW)   volume = 0.25
   epoch 2:  296(SW) -> 289(SW)   volume = 0.041667
   epoch 2:  296(SW) -> 290(SW)   volume = 0.041667
   epoch 2:  296(SW) -> 291(SW)   volume = 0.041667
   epoch 2:  296(SW) -> 292(SW)   volume = 0.041667
   epoch 2:  296(SW) -> 293(SW)   volume = 0.041667
   epoch 2:  296(SW) -> 294(SW)   volume = 0.041667
   epoch 2:  297(SW) -> 289(SW)   volume = 0.041667
   epoch 2:  297(SW) -> 290(SW)   volume = 0.041667
   epoch 2:  297(SW) -> 291(SW)   volume = 0.041667
   epoch 2:  297(SW) -> 292(SW)   volume = 0.041667
   epoch 2:  297(SW) -> 293(SW)   volume = 0.041667
   epoch 2:  297(SW) -> 294(SW)   volume = 0.041667
   epoch 2:  298(SW) -> 289(SW)   volume = 0.041667
   epoch 2:  298(SW) -> 290(SW)   volume = 0.041667
   epoch 2:  298(SW) -> 291(SW)   volume = 0.041667
   epoch 2:  298(SW) -> 292(SW)   volume = 0.041667
   epoch 2:  298(SW) -> 293(SW)   volume = 0.041667
   epoch 2:  298(SW) -> 294(SW)   volume = 0.041667
   epoch 2:  299(SW) -> 289(SW)   volume = 0.041667
   epoch 2:  299(SW) -> 290(SW)   volume = 0.041667
   epoch 2:  299(SW) -> 291(SW)   volume = 0.041667
   epoch 2:  299(SW) -> 292(SW)   volume = 0.041667
   epoch 2:  299(SW) -> 293(SW)   volume = 0.041667
   epoch 2:  299(SW) -> 294(SW)   volume = 0.041667
   epoch 3:   1(gpu) -> 256(SW)   volume = 0.333333
   epoch 3:   2(gpu) -> 256(SW)   volume = 0.333333
   epoch 3:   3(gpu) -> 256(SW)   volume = 0.333333
   epoch 3:   4(gpu) -> 256(SW)   volume = 0.333333
   epoch 3:   5(gpu) -> 256(SW)   volume = 0.333333
   epoch 3:   6(gpu) -> 256(SW)   volume = 0.333333
   epoch 3:   7(gpu) -> 295(SW)   volume = 1.0
   epoch 3:  256(SW) ->  7(gpu)   volume = 2.0
   epoch 3:  289(SW) ->  9(gpu)   volume = 0.02381
   epoch 3:  289(SW) -> 17(gpu)   volume = 0.02381
   epoch 3:  289(SW) -> 25(gpu)   volume = 0.02381
   epoch 3:  289(SW) -> 33(gpu)   volume = 0.02381
   epoch 3:  289(SW) -> 41(gpu)   volume = 0.02381
   epoch 3:  289(SW) -> 49(gpu)   volume = 0.02381
   epoch 3:  289(SW) -> 57(gpu)   volume = 0.02381
   epoch 3:  290(SW) -> 10(gpu)   volume = 0.02381
   epoch 3:  290(SW) -> 18(gpu)   volume = 0.02381
   epoch 3:  290(SW) -> 26(gpu)   volume = 0.02381
   epoch 3:  290(SW) -> 34(gpu)   volume = 0.02381
   epoch 3:  290(SW) -> 42(gpu)   volume = 0.02381
   epoch 3:  290(SW) -> 50(gpu)   volume = 0.02381
   epoch 3:  290(SW) -> 58(gpu)   volume = 0.02381
   epoch 3:  291(SW) -> 11(gpu)   volume = 0.02381
   epoch 3:  291(SW) -> 19(gpu)   volume = 0.02381
   epoch 3:  291(SW) -> 27(gpu)   volume = 0.02381
   epoch 3:  291(SW) -> 35(gpu)   volume = 0.02381
   epoch 3:  291(SW) -> 43(gpu)   volume = 0.02381
   epoch 3:  291(SW) -> 51(gpu)   volume = 0.02381
   epoch 3:  291(SW) -> 59(gpu)   volume = 0.02381
   epoch 3:  292(SW) -> 12(gpu)   volume = 0.02381
   epoch 3:  292(SW) -> 20(gpu)   volume = 0.02381
   epoch 3:  292(SW) -> 28(gpu)   volume = 0.02381
   epoch 3:  292(SW) -> 36(gpu)   volume = 0.02381
   epoch 3:  292(SW) -> 44(gpu)   volume = 0.02381
   epoch 3:  292(SW) -> 52(gpu)   volume = 0.02381
   epoch 3:  292(SW) -> 60(gpu)   volume = 0.02381
   epoch 3:  293(SW) -> 13(gpu)   volume = 0.02381
   epoch 3:  293(SW) -> 21(gpu)   volume = 0.02381
   epoch 3:  293(SW) -> 29(gpu)   volume = 0.02381
   epoch 3:  293(SW) -> 37(gpu)   volume = 0.02381
   epoch 3:  293(SW) -> 45(gpu)   volume = 0.02381
   epoch 3:  293(SW) -> 53(gpu)   volume = 0.02381
   epoch 3:  293(SW) -> 61(gpu)   volume = 0.02381
   epoch 3:  294(SW) -> 14(gpu)   volume = 0.02381
   epoch 3:  294(SW) -> 22(gpu)   volume = 0.02381
   epoch 3:  294(SW) -> 30(gpu)   volume = 0.02381
   epoch 3:  294(SW) -> 38(gpu)   volume = 0.02381
   epoch 3:  294(SW) -> 46(gpu)   volume = 0.02381
   epoch 3:  294(SW) -> 54(gpu)   volume = 0.02381
   epoch 3:  294(SW) -> 62(gpu)   volume = 0.02381
   epoch 3:  295(SW) -> 296(SW)   volume = 0.25
   epoch 3:  295(SW) -> 297(SW)   volume = 0.25
   epoch 3:  295(SW) -> 298(SW)   volume = 0.25
   epoch 3:  295(SW) -> 299(SW)   volume = 0.25
   epoch 3:  296(SW) -> 289(SW)   volume = 0.041667
   epoch 3:  296(SW) -> 290(SW)   volume = 0.041667
   epoch 3:  296(SW) -> 291(SW)   volume = 0.041667
   epoch 3:  296(SW) -> 292(SW)   volume = 0.041667
   epoch 3:  296(SW) -> 293(SW)   volume = 0.041667
   epoch 3:  296(SW) -> 294(SW)   volume = 0.041667
   epoch 3:  297(SW) -> 289(SW)   volume = 0.041667
   epoch 3:  297(SW) -> 290(SW)   volume = 0.041667
   epoch 3:  297(SW) -> 291(SW)   volume = 0.041667
   epoch 3:  297(SW) -> 292(SW)   volume = 0.041667
   epoch 3:  297(SW) -> 293(SW)   volume = 0.041667
   epoch 3:  297(SW) -> 294(SW)   volume = 0.041667
   epoch 3:  298(SW) -> 289(SW)   volume = 0.041667
   epoch 3:  298(SW) -> 290(SW)   volume = 0.041667
   epoch 3:  298(SW) -> 291(SW)   volume = 0.041667
   epoch 3:  298(SW) -> 292(SW)   volume = 0.041667
   epoch 3:  298(SW) -> 293(SW)   volume = 0.041667
   epoch 3:  298(SW) -> 294(SW)   volume = 0.041667
   epoch 3:  299(SW) -> 289(SW)   volume = 0.041667
   epoch 3:  299(SW) -> 290(SW)   volume = 0.041667
   epoch 3:  299(SW) -> 291(SW)   volume = 0.041667
   epoch 3:  299(SW) -> 292(SW)   volume = 0.041667
   epoch 3:  299(SW) -> 293(SW)   volume = 0.041667
   epoch 3:  299(SW) -> 294(SW)   volume = 0.041667
   epoch 4:   7(gpu) -> 295(SW)   volume = 1.0
   epoch 4:  289(SW) ->  9(gpu)   volume = 0.02381
   epoch 4:  289(SW) -> 17(gpu)   volume = 0.02381
   epoch 4:  289(SW) -> 25(gpu)   volume = 0.02381
   epoch 4:  289(SW) -> 33(gpu)   volume = 0.02381
   epoch 4:  289(SW) -> 41(gpu)   volume = 0.02381
   epoch 4:  289(SW) -> 49(gpu)   volume = 0.02381
   epoch 4:  289(SW) -> 57(gpu)   volume = 0.02381
   epoch 4:  290(SW) -> 10(gpu)   volume = 0.02381
   epoch 4:  290(SW) -> 18(gpu)   volume = 0.02381
   epoch 4:  290(SW) -> 26(gpu)   volume = 0.02381
   epoch 4:  290(SW) -> 34(gpu)   volume = 0.02381
   epoch 4:  290(SW) -> 42(gpu)   volume = 0.02381
   epoch 4:  290(SW) -> 50(gpu)   volume = 0.02381
   epoch 4:  290(SW) -> 58(gpu)   volume = 0.02381
   epoch 4:  291(SW) -> 11(gpu)   volume = 0.02381
   epoch 4:  291(SW) -> 19(gpu)   volume = 0.02381
   epoch 4:  291(SW) -> 27(gpu)   volume = 0.02381
   epoch 4:  291(SW) -> 35(gpu)   volume = 0.02381
   epoch 4:  291(SW) -> 43(gpu)   volume = 0.02381
   epoch 4:  291(SW) -> 51(gpu)   volume = 0.02381
   epoch 4:  291(SW) -> 59(gpu)   volume = 0.02381
   epoch 4:  292(SW) -> 12(gpu)   volume = 0.02381
   epoch 4:  292(SW) -> 20(gpu)   volume = 0.02381
   epoch 4:  292(SW) -> 28(gpu)   volume = 0.02381
   epoch 4:  292(SW) -> 36(gpu)   volume = 0.02381
   epoch 4:  292(SW) -> 44(gpu)   volume = 0.02381
   epoch 4:  292(SW) -> 52(gpu)   volume = 0.02381
   epoch 4:  292(SW) -> 60(gpu)   volume = 0.02381
   epoch 4:  293(SW) -> 13(gpu)   volume = 0.02381
   epoch 4:  293(SW) -> 21(gpu)   volume = 0.02381
   epoch 4:  293(SW) -> 29(gpu)   volume = 0.02381
   epoch 4:  293(SW) -> 37(gpu)   volume = 0.02381
   epoch 4:  293(SW) -> 45(gpu)   volume = 0.02381
   epoch 4:  293(SW) -> 53(gpu)   volume = 0.02381
   epoch 4:  293(SW) -> 61(gpu)   volume = 0.02381
   epoch 4:  294(SW) -> 14(gpu)   volume = 0.02381
   epoch 4:  294(SW) -> 22(gpu)   volume = 0.02381
   epoch 4:  294(SW) -> 30(gpu)   volume = 0.02381
   epoch 4:  294(SW) -> 38(gpu)   volume = 0.02381
   epoch 4:  294(SW) -> 46(gpu)   volume = 0.02381
   epoch 4:  294(SW) -> 54(gpu)   volume = 0.02381
   epoch 4:  294(SW) -> 62(gpu)   volume = 0.02381
   epoch 4:  295(SW) -> 296(SW)   volume = 0.25
   epoch 4:  295(SW) -> 297(SW)   volume = 0.25
   epoch 4:  295(SW) -> 298(SW)   volume = 0.25
   epoch 4:  295(SW) -> 299(SW)   volume = 0.25
   epoch 4:  296(SW) -> 289(SW)   volume = 0.041667
   epoch 4:  296(SW) -> 290(SW)   volume = 0.041667
   epoch 4:  296(SW) -> 291(SW)   volume = 0.041667
   epoch 4:  296(SW) -> 292(SW)   volume = 0.041667
   epoch 4:  296(SW) -> 293(SW)   volume = 0.041667
   epoch 4:  296(SW) -> 294(SW)   volume = 0.041667
   epoch 4:  297(SW) -> 289(SW)   volume = 0.041667
   epoch 4:  297(SW) -> 290(SW)   volume = 0.041667
   epoch 4:  297(SW) -> 291(SW)   volume = 0.041667
   epoch 4:  297(SW) -> 292(SW)   volume = 0.041667
   epoch 4:  297(SW) -> 293(SW)   volume = 0.041667
   epoch 4:  297(SW) -> 294(SW)   volume = 0.041667
   epoch 4:  298(SW) -> 289(SW)   volume = 0.041667
   epoch 4:  298(SW) -> 290(SW)   volume = 0.041667
   epoch 4:  298(SW) -> 291(SW)   volume = 0.041667
   epoch 4:  298(SW) -> 292(SW)   volume = 0.041667
   epoch 4:  298(SW) -> 293(SW)   volume = 0.041667
   epoch 4:  298(SW) -> 294(SW)   volume = 0.041667
   epoch 4:  299(SW) -> 289(SW)   volume = 0.041667
   epoch 4:  299(SW) -> 290(SW)   volume = 0.041667
   epoch 4:  299(SW) -> 291(SW)   volume = 0.041667
   epoch 4:  299(SW) -> 292(SW)   volume = 0.041667
   epoch 4:  299(SW) -> 293(SW)   volume = 0.041667
   epoch 4:  299(SW) -> 294(SW)   volume = 0.041667
   epoch 5:   7(gpu) -> 295(SW)   volume = 1.0
   epoch 5:  289(SW) ->  9(gpu)   volume = 0.02381
   epoch 5:  289(SW) -> 17(gpu)   volume = 0.02381
   epoch 5:  289(SW) -> 25(gpu)   volume = 0.02381
   epoch 5:  289(SW) -> 33(gpu)   volume = 0.02381
   epoch 5:  289(SW) -> 41(gpu)   volume = 0.02381
   epoch 5:  289(SW) -> 49(gpu)   volume = 0.02381
   epoch 5:  289(SW) -> 57(gpu)   volume = 0.02381
   epoch 5:  290(SW) -> 10(gpu)   volume = 0.02381
   epoch 5:  290(SW) -> 18(gpu)   volume = 0.02381
   epoch 5:  290(SW) -> 26(gpu)   volume = 0.02381
   epoch 5:  290(SW) -> 34(gpu)   volume = 0.02381
   epoch 5:  290(SW) -> 42(gpu)   volume = 0.02381
   epoch 5:  290(SW) -> 50(gpu)   volume = 0.02381
   epoch 5:  290(SW) -> 58(gpu)   volume = 0.02381
   epoch 5:  291(SW) -> 11(gpu)   volume = 0.02381
   epoch 5:  291(SW) -> 19(gpu)   volume = 0.02381
   epoch 5:  291(SW) -> 27(gpu)   volume = 0.02381
   epoch 5:  291(SW) -> 35(gpu)   volume = 0.02381
   epoch 5:  291(SW) -> 43(gpu)   volume = 0.02381
   epoch 5:  291(SW) -> 51(gpu)   volume = 0.02381
   epoch 5:  291(SW) -> 59(gpu)   volume = 0.02381
   epoch 5:  292(SW) -> 12(gpu)   volume = 0.02381
   epoch 5:  292(SW) -> 20(gpu)   volume = 0.02381
   epoch 5:  292(SW) -> 28(gpu)   volume = 0.02381
   epoch 5:  292(SW) -> 36(gpu)   volume = 0.02381
   epoch 5:  292(SW) -> 44(gpu)   volume = 0.02381
   epoch 5:  292(SW) -> 52(gpu)   volume = 0.02381
   epoch 5:  292(SW) -> 60(gpu)   volume = 0.02381
   epoch 5:  293(SW) -> 13(gpu)   volume = 0.02381
   epoch 5:  293(SW) -> 21(gpu)   volume = 0.02381
   epoch 5:  293(SW) -> 29(gpu)   volume = 0.02381
   epoch 5:  293(SW) -> 37(gpu)   volume = 0.02381
   epoch 5:  293(SW) -> 45(gpu)   volume = 0.02381
   epoch 5:  293(SW) -> 53(gpu)   volume = 0.02381
   epoch 5:  293(SW) -> 61(gpu)   volume = 0.02381
   epoch 5:  294(SW) -> 14(gpu)   volume = 0.02381
   epoch 5:  294(SW) -> 22(gpu)   volume = 0.02381
   epoch 5:  294(SW) -> 30(gpu)   volume = 0.02381
   epoch 5:  294(SW) -> 38(gpu)   volume = 0.02381
   epoch 5:  294(SW) -> 46(gpu)   volume = 0.02381
   epoch 5:  294(SW) -> 54(gpu)   volume = 0.02381
   epoch 5:  294(SW) -> 62(gpu)   volume = 0.02381
   epoch 5:  295(SW) -> 296(SW)   volume = 0.25
   epoch 5:  295(SW) -> 297(SW)   volume = 0.25
   epoch 5:  295(SW) -> 298(SW)   volume = 0.25
   epoch 5:  295(SW) -> 299(SW)   volume = 0.25
   epoch 5:  296(SW) -> 289(SW)   volume = 0.041667
   epoch 5:  296(SW) -> 290(SW)   volume = 0.041667
   epoch 5:  296(SW) -> 291(SW)   volume = 0.041667
   epoch 5:  296(SW) -> 292(SW)   volume = 0.041667
   epoch 5:  296(SW) -> 293(SW)   volume = 0.041667
   epoch 5:  296(SW) -> 294(SW)   volume = 0.041667
   epoch 5:  297(SW) -> 289(SW)   volume = 0.041667
   epoch 5:  297(SW) -> 290(SW)   volume = 0.041667
   epoch 5:  297(SW) -> 291(SW)   volume = 0.041667
   epoch 5:  297(SW) -> 292(SW)   volume = 0.041667
   epoch 5:  297(SW) -> 293(SW)   volume = 0.041667
   epoch 5:  297(SW) -> 294(SW)   volume = 0.041667
   epoch 5:  298(SW) -> 289(SW)   volume = 0.041667
   epoch 5:  298(SW) -> 290(SW)   volume = 0.041667
   epoch 5:  298(SW) -> 291(SW)   volume = 0.041667
   epoch 5:  298(SW) -> 292(SW)   volume = 0.041667
   epoch 5:  298(SW) -> 293(SW)   volume = 0.041667
   epoch 5:  298(SW) -> 294(SW)   volume = 0.041667
   epoch 5:  299(SW) -> 289(SW)   volume = 0.041667
   epoch 5:  299(SW) -> 290(SW)   volume = 0.041667
   epoch 5:  299(SW) -> 291(SW)   volume = 0.041667
   epoch 5:  299(SW) -> 292(SW)   volume = 0.041667
   epoch 5:  299(SW) -> 293(SW)   volume = 0.041667
   epoch 5:  299(SW) -> 294(SW)   volume = 0.041667
   epoch 6:   1(gpu) -> 256(SW)   volume = 0.02381
   epoch 6:   2(gpu) -> 256(SW)   volume = 0.02381
   epoch 6:   3(gpu) -> 256(SW)   volume = 0.02381
   epoch 6:   4(gpu) -> 256(SW)   volume = 0.02381
   epoch 6:   5(gpu) -> 256(SW)   volume = 0.02381
   epoch 6:   6(gpu) -> 256(SW)   volume = 0.02381
   epoch 6:  256(SW) ->  0(gpu)   volume = 0.142857
   epoch 7:   0(gpu) -> 288(SW)   volume = 0.142857
   epoch 7:   1(gpu) -> 256(SW)   volume = 1.166667
   epoch 7:   1(gpu) -> 289(SW)   volume = 0.142857
   epoch 7:   2(gpu) -> 256(SW)   volume = 1.166667
   epoch 7:   2(gpu) -> 290(SW)   volume = 0.142857
   epoch 7:   3(gpu) -> 256(SW)   volume = 1.166667
   epoch 7:   3(gpu) -> 291(SW)   volume = 0.142857
   epoch 7:   4(gpu) -> 256(SW)   volume = 1.166667
   epoch 7:   4(gpu) -> 292(SW)   volume = 0.142857
   epoch 7:   5(gpu) -> 256(SW)   volume = 1.166667
   epoch 7:   5(gpu) -> 293(SW)   volume = 0.142857
   epoch 7:   6(gpu) -> 256(SW)   volume = 1.166667
   epoch 7:   6(gpu) -> 294(SW)   volume = 0.142857
   epoch 7:   9(gpu) -> 257(SW)   volume = 0.142857
   epoch 7:  10(gpu) -> 257(SW)   volume = 0.142857
   epoch 7:  11(gpu) -> 257(SW)   volume = 0.142857
   epoch 7:  12(gpu) -> 257(SW)   volume = 0.142857
   epoch 7:  13(gpu) -> 257(SW)   volume = 0.142857
   epoch 7:  14(gpu) -> 257(SW)   volume = 0.142857
   epoch 7:  17(gpu) -> 258(SW)   volume = 0.142857
   epoch 7:  18(gpu) -> 258(SW)   volume = 0.142857
   epoch 7:  19(gpu) -> 258(SW)   volume = 0.142857
   epoch 7:  20(gpu) -> 258(SW)   volume = 0.142857
   epoch 7:  21(gpu) -> 258(SW)   volume = 0.142857
   epoch 7:  22(gpu) -> 258(SW)   volume = 0.142857
   epoch 7:  25(gpu) -> 259(SW)   volume = 0.142857
   epoch 7:  26(gpu) -> 259(SW)   volume = 0.142857
   epoch 7:  27(gpu) -> 259(SW)   volume = 0.142857
   epoch 7:  28(gpu) -> 259(SW)   volume = 0.142857
   epoch 7:  29(gpu) -> 259(SW)   volume = 0.142857
   epoch 7:  30(gpu) -> 259(SW)   volume = 0.142857
   epoch 7:  33(gpu) -> 260(SW)   volume = 0.142857
   epoch 7:  34(gpu) -> 260(SW)   volume = 0.142857
   epoch 7:  35(gpu) -> 260(SW)   volume = 0.142857
   epoch 7:  36(gpu) -> 260(SW)   volume = 0.142857
   epoch 7:  37(gpu) -> 260(SW)   volume = 0.142857
   epoch 7:  38(gpu) -> 260(SW)   volume = 0.142857
   epoch 7:  41(gpu) -> 261(SW)   volume = 0.142857
   epoch 7:  42(gpu) -> 261(SW)   volume = 0.142857
   epoch 7:  43(gpu) -> 261(SW)   volume = 0.142857
   epoch 7:  44(gpu) -> 261(SW)   volume = 0.142857
   epoch 7:  45(gpu) -> 261(SW)   volume = 0.142857
   epoch 7:  46(gpu) -> 261(SW)   volume = 0.142857
   epoch 7:  49(gpu) -> 262(SW)   volume = 0.142857
   epoch 7:  50(gpu) -> 262(SW)   volume = 0.142857
   epoch 7:  51(gpu) -> 262(SW)   volume = 0.142857
   epoch 7:  52(gpu) -> 262(SW)   volume = 0.142857
   epoch 7:  53(gpu) -> 262(SW)   volume = 0.142857
   epoch 7:  54(gpu) -> 262(SW)   volume = 0.142857
   epoch 7:  57(gpu) -> 263(SW)   volume = 0.142857
   epoch 7:  58(gpu) -> 263(SW)   volume = 0.142857
   epoch 7:  59(gpu) -> 263(SW)   volume = 0.142857
   epoch 7:  60(gpu) -> 263(SW)   volume = 0.142857
   epoch 7:  61(gpu) -> 263(SW)   volume = 0.142857
   epoch 7:  62(gpu) -> 263(SW)   volume = 0.142857
   epoch 7:  256(SW) ->  0(gpu)   volume = 1.0
   epoch 7:  256(SW) ->  1(gpu)   volume = 1.0
   epoch 7:  256(SW) ->  2(gpu)   volume = 1.0
   epoch 7:  256(SW) ->  3(gpu)   volume = 1.0
   epoch 7:  256(SW) ->  4(gpu)   volume = 1.0
   epoch 7:  256(SW) ->  5(gpu)   volume = 1.0
   epoch 7:  256(SW) ->  6(gpu)   volume = 1.0
   epoch 7:  257(SW) ->  8(gpu)   volume = 0.857143
   epoch 7:  258(SW) -> 16(gpu)   volume = 0.857143
   epoch 7:  259(SW) -> 24(gpu)   volume = 0.857143
   epoch 7:  260(SW) -> 32(gpu)   volume = 0.857143
   epoch 7:  261(SW) -> 40(gpu)   volume = 0.857143
   epoch 7:  262(SW) -> 48(gpu)   volume = 0.857143
   epoch 7:  263(SW) -> 56(gpu)   volume = 0.857143
   epoch 7:  288(SW) ->  8(gpu)   volume = 0.142857
   epoch 7:  288(SW) -> 16(gpu)   volume = 0.142857
   epoch 7:  288(SW) -> 24(gpu)   volume = 0.142857
   epoch 7:  288(SW) -> 32(gpu)   volume = 0.142857
   epoch 7:  288(SW) -> 40(gpu)   volume = 0.142857
   epoch 7:  288(SW) -> 48(gpu)   volume = 0.142857
   epoch 7:  288(SW) -> 56(gpu)   volume = 0.142857
   epoch 7:  289(SW) -> 296(SW)   volume = 0.035714
   epoch 7:  289(SW) -> 297(SW)   volume = 0.035714
   epoch 7:  289(SW) -> 298(SW)   volume = 0.035714
   epoch 7:  289(SW) -> 299(SW)   volume = 0.035714
   epoch 7:  290(SW) -> 296(SW)   volume = 0.035714
   epoch 7:  290(SW) -> 297(SW)   volume = 0.035714
   epoch 7:  290(SW) -> 298(SW)   volume = 0.035714
   epoch 7:  290(SW) -> 299(SW)   volume = 0.035714
   epoch 7:  291(SW) -> 296(SW)   volume = 0.035714
   epoch 7:  291(SW) -> 297(SW)   volume = 0.035714
   epoch 7:  291(SW) -> 298(SW)   volume = 0.035714
   epoch 7:  291(SW) -> 299(SW)   volume = 0.035714
   epoch 7:  292(SW) -> 296(SW)   volume = 0.035714
   epoch 7:  292(SW) -> 297(SW)   volume = 0.035714
   epoch 7:  292(SW) -> 298(SW)   volume = 0.035714
   epoch 7:  292(SW) -> 299(SW)   volume = 0.035714
   epoch 7:  293(SW) -> 296(SW)   volume = 0.035714
   epoch 7:  293(SW) -> 297(SW)   volume = 0.035714
   epoch 7:  293(SW) -> 298(SW)   volume = 0.035714
   epoch 7:  293(SW) -> 299(SW)   volume = 0.035714
   epoch 7:  294(SW) -> 296(SW)   volume = 0.035714
   epoch 7:  294(SW) -> 297(SW)   volume = 0.035714
   epoch 7:  294(SW) -> 298(SW)   volume = 0.035714
   epoch 7:  294(SW) -> 299(SW)   volume = 0.035714
   epoch 7:  296(SW) -> 288(SW)   volume = 0.214286
   epoch 7:  297(SW) -> 288(SW)   volume = 0.214286
   epoch 7:  298(SW) -> 288(SW)   volume = 0.214286
   epoch 7:  299(SW) -> 288(SW)   volume = 0.214286

-- source 8 --
   epoch 0:   8(gpu) -> 257(SW)   volume = 13.0
   epoch 0:   8(gpu) -> 288(SW)   volume = 1.0
   epoch 0:  257(SW) ->  9(gpu)   volume = 1.857143
   epoch 0:  257(SW) -> 10(gpu)   volume = 1.857143
   epoch 0:  257(SW) -> 11(gpu)   volume = 1.857143
   epoch 0:  257(SW) -> 12(gpu)   volume = 1.857143
   epoch 0:  257(SW) -> 13(gpu)   volume = 1.857143
   epoch 0:  257(SW) -> 14(gpu)   volume = 1.857143
   epoch 0:  257(SW) -> 15(gpu)   volume = 1.857143
   epoch 0:  288(SW) -> 296(SW)   volume = 0.25
   epoch 0:  288(SW) -> 297(SW)   volume = 0.25
   epoch 0:  288(SW) -> 298(SW)   volume = 0.25
   epoch 0:  288(SW) -> 299(SW)   volume = 0.25
   epoch 0:  289(SW) ->  1(gpu)   volume = 0.142857
   epoch 0:  290(SW) ->  2(gpu)   volume = 0.142857
   epoch 0:  291(SW) ->  3(gpu)   volume = 0.142857
   epoch 0:  292(SW) ->  4(gpu)   volume = 0.142857
   epoch 0:  293(SW) ->  5(gpu)   volume = 0.142857
   epoch 0:  294(SW) ->  6(gpu)   volume = 0.142857
   epoch 0:  295(SW) ->  7(gpu)   volume = 0.142857
   epoch 0:  296(SW) -> 289(SW)   volume = 0.035714
   epoch 0:  296(SW) -> 290(SW)   volume = 0.035714
   epoch 0:  296(SW) -> 291(SW)   volume = 0.035714
   epoch 0:  296(SW) -> 292(SW)   volume = 0.035714
   epoch 0:  296(SW) -> 293(SW)   volume = 0.035714
   epoch 0:  296(SW) -> 294(SW)   volume = 0.035714
   epoch 0:  296(SW) -> 295(SW)   volume = 0.035714
   epoch 0:  297(SW) -> 289(SW)   volume = 0.035714
   epoch 0:  297(SW) -> 290(SW)   volume = 0.035714
   epoch 0:  297(SW) -> 291(SW)   volume = 0.035714
   epoch 0:  297(SW) -> 292(SW)   volume = 0.035714
   epoch 0:  297(SW) -> 293(SW)   volume = 0.035714
   epoch 0:  297(SW) -> 294(SW)   volume = 0.035714
   epoch 0:  297(SW) -> 295(SW)   volume = 0.035714
   epoch 0:  298(SW) -> 289(SW)   volume = 0.035714
   epoch 0:  298(SW) -> 290(SW)   volume = 0.035714
   epoch 0:  298(SW) -> 291(SW)   volume = 0.035714
   epoch 0:  298(SW) -> 292(SW)   volume = 0.035714
   epoch 0:  298(SW) -> 293(SW)   volume = 0.035714
   epoch 0:  298(SW) -> 294(SW)   volume = 0.035714
   epoch 0:  298(SW) -> 295(SW)   volume = 0.035714
   epoch 0:  299(SW) -> 289(SW)   volume = 0.035714
   epoch 0:  299(SW) -> 290(SW)   volume = 0.035714
   epoch 0:  299(SW) -> 291(SW)   volume = 0.035714
   epoch 0:  299(SW) -> 292(SW)   volume = 0.035714
   epoch 0:  299(SW) -> 293(SW)   volume = 0.035714
   epoch 0:  299(SW) -> 294(SW)   volume = 0.035714
   epoch 0:  299(SW) -> 295(SW)   volume = 0.035714
   epoch 1:   9(gpu) -> 289(SW)   volume = 1.0
   epoch 1:  10(gpu) -> 290(SW)   volume = 1.0
   epoch 1:  11(gpu) -> 291(SW)   volume = 1.0
   epoch 1:  12(gpu) -> 292(SW)   volume = 1.0
   epoch 1:  13(gpu) -> 293(SW)   volume = 1.0
   epoch 1:  14(gpu) -> 294(SW)   volume = 1.0
   epoch 1:  15(gpu) -> 295(SW)   volume = 1.0
   epoch 1:  289(SW) ->  1(gpu)   volume = 0.142857
   epoch 1:  289(SW) -> 17(gpu)   volume = 0.142857
   epoch 1:  289(SW) -> 25(gpu)   volume = 0.142857
   epoch 1:  289(SW) -> 33(gpu)   volume = 0.142857
   epoch 1:  289(SW) -> 41(gpu)   volume = 0.142857
   epoch 1:  289(SW) -> 49(gpu)   volume = 0.142857
   epoch 1:  289(SW) -> 57(gpu)   volume = 0.142857
   epoch 1:  290(SW) ->  2(gpu)   volume = 0.142857
   epoch 1:  290(SW) -> 18(gpu)   volume = 0.142857
   epoch 1:  290(SW) -> 26(gpu)   volume = 0.142857
   epoch 1:  290(SW) -> 34(gpu)   volume = 0.142857
   epoch 1:  290(SW) -> 42(gpu)   volume = 0.142857
   epoch 1:  290(SW) -> 50(gpu)   volume = 0.142857
   epoch 1:  290(SW) -> 58(gpu)   volume = 0.142857
   epoch 1:  291(SW) ->  3(gpu)   volume = 0.142857
   epoch 1:  291(SW) -> 19(gpu)   volume = 0.142857
   epoch 1:  291(SW) -> 27(gpu)   volume = 0.142857
   epoch 1:  291(SW) -> 35(gpu)   volume = 0.142857
   epoch 1:  291(SW) -> 43(gpu)   volume = 0.142857
   epoch 1:  291(SW) -> 51(gpu)   volume = 0.142857
   epoch 1:  291(SW) -> 59(gpu)   volume = 0.142857
   epoch 1:  292(SW) ->  4(gpu)   volume = 0.142857
   epoch 1:  292(SW) -> 20(gpu)   volume = 0.142857
   epoch 1:  292(SW) -> 28(gpu)   volume = 0.142857
   epoch 1:  292(SW) -> 36(gpu)   volume = 0.142857
   epoch 1:  292(SW) -> 44(gpu)   volume = 0.142857
   epoch 1:  292(SW) -> 52(gpu)   volume = 0.142857
   epoch 1:  292(SW) -> 60(gpu)   volume = 0.142857
   epoch 1:  293(SW) ->  5(gpu)   volume = 0.142857
   epoch 1:  293(SW) -> 21(gpu)   volume = 0.142857
   epoch 1:  293(SW) -> 29(gpu)   volume = 0.142857
   epoch 1:  293(SW) -> 37(gpu)   volume = 0.142857
   epoch 1:  293(SW) -> 45(gpu)   volume = 0.142857
   epoch 1:  293(SW) -> 53(gpu)   volume = 0.142857
   epoch 1:  293(SW) -> 61(gpu)   volume = 0.142857
   epoch 1:  294(SW) ->  6(gpu)   volume = 0.142857
   epoch 1:  294(SW) -> 22(gpu)   volume = 0.142857
   epoch 1:  294(SW) -> 30(gpu)   volume = 0.142857
   epoch 1:  294(SW) -> 38(gpu)   volume = 0.142857
   epoch 1:  294(SW) -> 46(gpu)   volume = 0.142857
   epoch 1:  294(SW) -> 54(gpu)   volume = 0.142857
   epoch 1:  294(SW) -> 62(gpu)   volume = 0.142857
   epoch 1:  295(SW) ->  7(gpu)   volume = 0.142857
   epoch 1:  295(SW) -> 23(gpu)   volume = 0.142857
   epoch 1:  295(SW) -> 31(gpu)   volume = 0.142857
   epoch 1:  295(SW) -> 39(gpu)   volume = 0.142857
   epoch 1:  295(SW) -> 47(gpu)   volume = 0.142857
   epoch 1:  295(SW) -> 55(gpu)   volume = 0.142857
   epoch 1:  295(SW) -> 63(gpu)   volume = 0.142857
   epoch 2:   9(gpu) -> 289(SW)   volume = 0.857143
   epoch 2:  10(gpu) -> 290(SW)   volume = 0.857143
   epoch 2:  11(gpu) -> 291(SW)   volume = 0.857143
   epoch 2:  12(gpu) -> 292(SW)   volume = 0.857143
   epoch 2:  13(gpu) -> 293(SW)   volume = 0.857143
   epoch 2:  14(gpu) -> 294(SW)   volume = 0.857143
   epoch 2:  15(gpu) -> 295(SW)   volume = 0.857143
   epoch 2:  289(SW) ->  1(gpu)   volume = 0.142857
   epoch 2:  289(SW) -> 17(gpu)   volume = 0.119048
   epoch 2:  289(SW) -> 25(gpu)   volume = 0.119048
   epoch 2:  289(SW) -> 33(gpu)   volume = 0.119048
   epoch 2:  289(SW) -> 41(gpu)   volume = 0.119048
   epoch 2:  289(SW) -> 49(gpu)   volume = 0.119048
   epoch 2:  289(SW) -> 57(gpu)   volume = 0.119048
   epoch 2:  290(SW) ->  2(gpu)   volume = 0.142857
   epoch 2:  290(SW) -> 18(gpu)   volume = 0.119048
   epoch 2:  290(SW) -> 26(gpu)   volume = 0.119048
   epoch 2:  290(SW) -> 34(gpu)   volume = 0.119048
   epoch 2:  290(SW) -> 42(gpu)   volume = 0.119048
   epoch 2:  290(SW) -> 50(gpu)   volume = 0.119048
   epoch 2:  290(SW) -> 58(gpu)   volume = 0.119048
   epoch 2:  291(SW) ->  3(gpu)   volume = 0.142857
   epoch 2:  291(SW) -> 19(gpu)   volume = 0.119048
   epoch 2:  291(SW) -> 27(gpu)   volume = 0.119048
   epoch 2:  291(SW) -> 35(gpu)   volume = 0.119048
   epoch 2:  291(SW) -> 43(gpu)   volume = 0.119048
   epoch 2:  291(SW) -> 51(gpu)   volume = 0.119048
   epoch 2:  291(SW) -> 59(gpu)   volume = 0.119048
   epoch 2:  292(SW) ->  4(gpu)   volume = 0.142857
   epoch 2:  292(SW) -> 20(gpu)   volume = 0.119048
   epoch 2:  292(SW) -> 28(gpu)   volume = 0.119048
   epoch 2:  292(SW) -> 36(gpu)   volume = 0.119048
   epoch 2:  292(SW) -> 44(gpu)   volume = 0.119048
   epoch 2:  292(SW) -> 52(gpu)   volume = 0.119048
   epoch 2:  292(SW) -> 60(gpu)   volume = 0.119048
   epoch 2:  293(SW) ->  5(gpu)   volume = 0.142857
   epoch 2:  293(SW) -> 21(gpu)   volume = 0.119048
   epoch 2:  293(SW) -> 29(gpu)   volume = 0.119048
   epoch 2:  293(SW) -> 37(gpu)   volume = 0.119048
   epoch 2:  293(SW) -> 45(gpu)   volume = 0.119048
   epoch 2:  293(SW) -> 53(gpu)   volume = 0.119048
   epoch 2:  293(SW) -> 61(gpu)   volume = 0.119048
   epoch 2:  294(SW) ->  6(gpu)   volume = 0.142857
   epoch 2:  294(SW) -> 22(gpu)   volume = 0.119048
   epoch 2:  294(SW) -> 30(gpu)   volume = 0.119048
   epoch 2:  294(SW) -> 38(gpu)   volume = 0.119048
   epoch 2:  294(SW) -> 46(gpu)   volume = 0.119048
   epoch 2:  294(SW) -> 54(gpu)   volume = 0.119048
   epoch 2:  294(SW) -> 62(gpu)   volume = 0.119048
   epoch 2:  295(SW) ->  7(gpu)   volume = 0.142857
   epoch 2:  295(SW) -> 23(gpu)   volume = 0.119048
   epoch 2:  295(SW) -> 31(gpu)   volume = 0.119048
   epoch 2:  295(SW) -> 39(gpu)   volume = 0.119048
   epoch 2:  295(SW) -> 47(gpu)   volume = 0.119048
   epoch 2:  295(SW) -> 55(gpu)   volume = 0.119048
   epoch 2:  295(SW) -> 63(gpu)   volume = 0.119048
   epoch 3:  17(gpu) -> 289(SW)   volume = 0.02381
   epoch 3:  18(gpu) -> 290(SW)   volume = 0.02381
   epoch 3:  19(gpu) -> 291(SW)   volume = 0.02381
   epoch 3:  20(gpu) -> 292(SW)   volume = 0.02381
   epoch 3:  21(gpu) -> 293(SW)   volume = 0.02381
   epoch 3:  22(gpu) -> 294(SW)   volume = 0.02381
   epoch 3:  23(gpu) -> 295(SW)   volume = 0.02381
   epoch 3:  25(gpu) -> 289(SW)   volume = 0.02381
   epoch 3:  26(gpu) -> 290(SW)   volume = 0.02381
   epoch 3:  27(gpu) -> 291(SW)   volume = 0.02381
   epoch 3:  28(gpu) -> 292(SW)   volume = 0.02381
   epoch 3:  29(gpu) -> 293(SW)   volume = 0.02381
   epoch 3:  30(gpu) -> 294(SW)   volume = 0.02381
   epoch 3:  31(gpu) -> 295(SW)   volume = 0.02381
   epoch 3:  33(gpu) -> 289(SW)   volume = 0.02381
   epoch 3:  34(gpu) -> 290(SW)   volume = 0.02381
   epoch 3:  35(gpu) -> 291(SW)   volume = 0.02381
   epoch 3:  36(gpu) -> 292(SW)   volume = 0.02381
   epoch 3:  37(gpu) -> 293(SW)   volume = 0.02381
   epoch 3:  38(gpu) -> 294(SW)   volume = 0.02381
   epoch 3:  39(gpu) -> 295(SW)   volume = 0.02381
   epoch 3:  41(gpu) -> 289(SW)   volume = 0.02381
   epoch 3:  42(gpu) -> 290(SW)   volume = 0.02381
   epoch 3:  43(gpu) -> 291(SW)   volume = 0.02381
   epoch 3:  44(gpu) -> 292(SW)   volume = 0.02381
   epoch 3:  45(gpu) -> 293(SW)   volume = 0.02381
   epoch 3:  46(gpu) -> 294(SW)   volume = 0.02381
   epoch 3:  47(gpu) -> 295(SW)   volume = 0.02381
   epoch 3:  49(gpu) -> 289(SW)   volume = 0.02381
   epoch 3:  50(gpu) -> 290(SW)   volume = 0.02381
   epoch 3:  51(gpu) -> 291(SW)   volume = 0.02381
   epoch 3:  52(gpu) -> 292(SW)   volume = 0.02381
   epoch 3:  53(gpu) -> 293(SW)   volume = 0.02381
   epoch 3:  54(gpu) -> 294(SW)   volume = 0.02381
   epoch 3:  55(gpu) -> 295(SW)   volume = 0.02381
   epoch 3:  57(gpu) -> 289(SW)   volume = 0.02381
   epoch 3:  58(gpu) -> 290(SW)   volume = 0.02381
   epoch 3:  59(gpu) -> 291(SW)   volume = 0.02381
   epoch 3:  60(gpu) -> 292(SW)   volume = 0.02381
   epoch 3:  61(gpu) -> 293(SW)   volume = 0.02381
   epoch 3:  62(gpu) -> 294(SW)   volume = 0.02381
   epoch 3:  63(gpu) -> 295(SW)   volume = 0.02381
   epoch 3:  289(SW) ->  1(gpu)   volume = 0.142857
   epoch 3:  290(SW) ->  2(gpu)   volume = 0.142857
   epoch 3:  291(SW) ->  3(gpu)   volume = 0.142857
   epoch 3:  292(SW) ->  4(gpu)   volume = 0.142857
   epoch 3:  293(SW) ->  5(gpu)   volume = 0.142857
   epoch 3:  294(SW) ->  6(gpu)   volume = 0.142857
   epoch 3:  295(SW) ->  7(gpu)   volume = 0.142857
   epoch 4:  17(gpu) -> 289(SW)   volume = 0.02381
   epoch 4:  18(gpu) -> 290(SW)   volume = 0.02381
   epoch 4:  19(gpu) -> 291(SW)   volume = 0.02381
   epoch 4:  20(gpu) -> 292(SW)   volume = 0.02381
   epoch 4:  21(gpu) -> 293(SW)   volume = 0.02381
   epoch 4:  22(gpu) -> 294(SW)   volume = 0.02381
   epoch 4:  23(gpu) -> 295(SW)   volume = 0.02381
   epoch 4:  25(gpu) -> 289(SW)   volume = 0.02381
   epoch 4:  26(gpu) -> 290(SW)   volume = 0.02381
   epoch 4:  27(gpu) -> 291(SW)   volume = 0.02381
   epoch 4:  28(gpu) -> 292(SW)   volume = 0.02381
   epoch 4:  29(gpu) -> 293(SW)   volume = 0.02381
   epoch 4:  30(gpu) -> 294(SW)   volume = 0.02381
   epoch 4:  31(gpu) -> 295(SW)   volume = 0.02381
   epoch 4:  33(gpu) -> 289(SW)   volume = 0.02381
   epoch 4:  34(gpu) -> 290(SW)   volume = 0.02381
   epoch 4:  35(gpu) -> 291(SW)   volume = 0.02381
   epoch 4:  36(gpu) -> 292(SW)   volume = 0.02381
   epoch 4:  37(gpu) -> 293(SW)   volume = 0.02381
   epoch 4:  38(gpu) -> 294(SW)   volume = 0.02381
   epoch 4:  39(gpu) -> 295(SW)   volume = 0.02381
   epoch 4:  41(gpu) -> 289(SW)   volume = 0.02381
   epoch 4:  42(gpu) -> 290(SW)   volume = 0.02381
   epoch 4:  43(gpu) -> 291(SW)   volume = 0.02381
   epoch 4:  44(gpu) -> 292(SW)   volume = 0.02381
   epoch 4:  45(gpu) -> 293(SW)   volume = 0.02381
   epoch 4:  46(gpu) -> 294(SW)   volume = 0.02381
   epoch 4:  47(gpu) -> 295(SW)   volume = 0.02381
   epoch 4:  49(gpu) -> 289(SW)   volume = 0.02381
   epoch 4:  50(gpu) -> 290(SW)   volume = 0.02381
   epoch 4:  51(gpu) -> 291(SW)   volume = 0.02381
   epoch 4:  52(gpu) -> 292(SW)   volume = 0.02381
   epoch 4:  53(gpu) -> 293(SW)   volume = 0.02381
   epoch 4:  54(gpu) -> 294(SW)   volume = 0.02381
   epoch 4:  55(gpu) -> 295(SW)   volume = 0.02381
   epoch 4:  57(gpu) -> 289(SW)   volume = 0.02381
   epoch 4:  58(gpu) -> 290(SW)   volume = 0.02381
   epoch 4:  59(gpu) -> 291(SW)   volume = 0.02381
   epoch 4:  60(gpu) -> 292(SW)   volume = 0.02381
   epoch 4:  61(gpu) -> 293(SW)   volume = 0.02381
   epoch 4:  62(gpu) -> 294(SW)   volume = 0.02381
   epoch 4:  63(gpu) -> 295(SW)   volume = 0.02381
   epoch 4:  289(SW) ->  1(gpu)   volume = 0.142857
   epoch 4:  290(SW) ->  2(gpu)   volume = 0.142857
   epoch 4:  291(SW) ->  3(gpu)   volume = 0.142857
   epoch 4:  292(SW) ->  4(gpu)   volume = 0.142857
   epoch 4:  293(SW) ->  5(gpu)   volume = 0.142857
   epoch 4:  294(SW) ->  6(gpu)   volume = 0.142857
   epoch 4:  295(SW) ->  7(gpu)   volume = 0.142857
   epoch 5:  17(gpu) -> 289(SW)   volume = 0.02381
   epoch 5:  18(gpu) -> 290(SW)   volume = 0.02381
   epoch 5:  19(gpu) -> 291(SW)   volume = 0.02381
   epoch 5:  20(gpu) -> 292(SW)   volume = 0.02381
   epoch 5:  21(gpu) -> 293(SW)   volume = 0.02381
   epoch 5:  22(gpu) -> 294(SW)   volume = 0.02381
   epoch 5:  23(gpu) -> 295(SW)   volume = 0.02381
   epoch 5:  25(gpu) -> 289(SW)   volume = 0.02381
   epoch 5:  26(gpu) -> 290(SW)   volume = 0.02381
   epoch 5:  27(gpu) -> 291(SW)   volume = 0.02381
   epoch 5:  28(gpu) -> 292(SW)   volume = 0.02381
   epoch 5:  29(gpu) -> 293(SW)   volume = 0.02381
   epoch 5:  30(gpu) -> 294(SW)   volume = 0.02381
   epoch 5:  31(gpu) -> 295(SW)   volume = 0.02381
   epoch 5:  33(gpu) -> 289(SW)   volume = 0.02381
   epoch 5:  34(gpu) -> 290(SW)   volume = 0.02381
   epoch 5:  35(gpu) -> 291(SW)   volume = 0.02381
   epoch 5:  36(gpu) -> 292(SW)   volume = 0.02381
   epoch 5:  37(gpu) -> 293(SW)   volume = 0.02381
   epoch 5:  38(gpu) -> 294(SW)   volume = 0.02381
   epoch 5:  39(gpu) -> 295(SW)   volume = 0.02381
   epoch 5:  41(gpu) -> 289(SW)   volume = 0.02381
   epoch 5:  42(gpu) -> 290(SW)   volume = 0.02381
   epoch 5:  43(gpu) -> 291(SW)   volume = 0.02381
   epoch 5:  44(gpu) -> 292(SW)   volume = 0.02381
   epoch 5:  45(gpu) -> 293(SW)   volume = 0.02381
   epoch 5:  46(gpu) -> 294(SW)   volume = 0.02381
   epoch 5:  47(gpu) -> 295(SW)   volume = 0.02381
   epoch 5:  49(gpu) -> 289(SW)   volume = 0.02381
   epoch 5:  50(gpu) -> 290(SW)   volume = 0.02381
   epoch 5:  51(gpu) -> 291(SW)   volume = 0.02381
   epoch 5:  52(gpu) -> 292(SW)   volume = 0.02381
   epoch 5:  53(gpu) -> 293(SW)   volume = 0.02381
   epoch 5:  54(gpu) -> 294(SW)   volume = 0.02381
   epoch 5:  55(gpu) -> 295(SW)   volume = 0.02381
   epoch 5:  57(gpu) -> 289(SW)   volume = 0.02381
   epoch 5:  58(gpu) -> 290(SW)   volume = 0.02381
   epoch 5:  59(gpu) -> 291(SW)   volume = 0.02381
   epoch 5:  60(gpu) -> 292(SW)   volume = 0.02381
   epoch 5:  61(gpu) -> 293(SW)   volume = 0.02381
   epoch 5:  62(gpu) -> 294(SW)   volume = 0.02381
   epoch 5:  63(gpu) -> 295(SW)   volume = 0.02381
   epoch 5:  289(SW) ->  1(gpu)   volume = 0.142857
   epoch 5:  290(SW) ->  2(gpu)   volume = 0.142857
   epoch 5:  291(SW) ->  3(gpu)   volume = 0.142857
   epoch 5:  292(SW) ->  4(gpu)   volume = 0.142857
   epoch 5:  293(SW) ->  5(gpu)   volume = 0.142857
   epoch 5:  294(SW) ->  6(gpu)   volume = 0.142857
   epoch 5:  295(SW) ->  7(gpu)   volume = 0.142857
   epoch 6:  17(gpu) -> 289(SW)   volume = 0.02381
   epoch 6:  18(gpu) -> 290(SW)   volume = 0.02381
   epoch 6:  19(gpu) -> 291(SW)   volume = 0.02381
   epoch 6:  20(gpu) -> 292(SW)   volume = 0.02381
   epoch 6:  21(gpu) -> 293(SW)   volume = 0.02381
   epoch 6:  22(gpu) -> 294(SW)   volume = 0.02381
   epoch 6:  23(gpu) -> 295(SW)   volume = 0.02381
   epoch 6:  25(gpu) -> 289(SW)   volume = 0.02381
   epoch 6:  26(gpu) -> 290(SW)   volume = 0.02381
   epoch 6:  27(gpu) -> 291(SW)   volume = 0.02381
   epoch 6:  28(gpu) -> 292(SW)   volume = 0.02381
   epoch 6:  29(gpu) -> 293(SW)   volume = 0.02381
   epoch 6:  30(gpu) -> 294(SW)   volume = 0.02381
   epoch 6:  31(gpu) -> 295(SW)   volume = 0.02381
   epoch 6:  33(gpu) -> 289(SW)   volume = 0.02381
   epoch 6:  34(gpu) -> 290(SW)   volume = 0.02381
   epoch 6:  35(gpu) -> 291(SW)   volume = 0.02381
   epoch 6:  36(gpu) -> 292(SW)   volume = 0.02381
   epoch 6:  37(gpu) -> 293(SW)   volume = 0.02381
   epoch 6:  38(gpu) -> 294(SW)   volume = 0.02381
   epoch 6:  39(gpu) -> 295(SW)   volume = 0.02381
   epoch 6:  41(gpu) -> 289(SW)   volume = 0.02381
   epoch 6:  42(gpu) -> 290(SW)   volume = 0.02381
   epoch 6:  43(gpu) -> 291(SW)   volume = 0.02381
   epoch 6:  44(gpu) -> 292(SW)   volume = 0.02381
   epoch 6:  45(gpu) -> 293(SW)   volume = 0.02381
   epoch 6:  46(gpu) -> 294(SW)   volume = 0.02381
   epoch 6:  47(gpu) -> 295(SW)   volume = 0.02381
   epoch 6:  49(gpu) -> 289(SW)   volume = 0.02381
   epoch 6:  50(gpu) -> 290(SW)   volume = 0.02381
   epoch 6:  51(gpu) -> 291(SW)   volume = 0.02381
   epoch 6:  52(gpu) -> 292(SW)   volume = 0.02381
   epoch 6:  53(gpu) -> 293(SW)   volume = 0.02381
   epoch 6:  54(gpu) -> 294(SW)   volume = 0.02381
   epoch 6:  55(gpu) -> 295(SW)   volume = 0.02381
   epoch 6:  57(gpu) -> 289(SW)   volume = 0.02381
   epoch 6:  58(gpu) -> 290(SW)   volume = 0.02381
   epoch 6:  59(gpu) -> 291(SW)   volume = 0.02381
   epoch 6:  60(gpu) -> 292(SW)   volume = 0.02381
   epoch 6:  61(gpu) -> 293(SW)   volume = 0.02381
   epoch 6:  62(gpu) -> 294(SW)   volume = 0.02381
   epoch 6:  63(gpu) -> 295(SW)   volume = 0.02381
   epoch 6:  289(SW) ->  1(gpu)   volume = 0.142857
   epoch 6:  290(SW) ->  2(gpu)   volume = 0.142857
   epoch 6:  291(SW) ->  3(gpu)   volume = 0.142857
   epoch 6:  292(SW) ->  4(gpu)   volume = 0.142857
   epoch 6:  293(SW) ->  5(gpu)   volume = 0.142857
   epoch 6:  294(SW) ->  6(gpu)   volume = 0.142857
   epoch 6:  295(SW) ->  7(gpu)   volume = 0.142857
   epoch 7:   1(gpu) -> 256(SW)   volume = 1.0
   epoch 7:   2(gpu) -> 256(SW)   volume = 1.0
   epoch 7:   3(gpu) -> 256(SW)   volume = 1.0
   epoch 7:   4(gpu) -> 256(SW)   volume = 1.0
   epoch 7:   5(gpu) -> 256(SW)   volume = 1.0
   epoch 7:   6(gpu) -> 256(SW)   volume = 1.0
   epoch 7:   7(gpu) -> 256(SW)   volume = 1.0
   epoch 7:  17(gpu) -> 258(SW)   volume = 0.142857
   epoch 7:  17(gpu) -> 289(SW)   volume = 0.02381
   epoch 7:  18(gpu) -> 258(SW)   volume = 0.142857
   epoch 7:  18(gpu) -> 290(SW)   volume = 0.02381
   epoch 7:  19(gpu) -> 258(SW)   volume = 0.142857
   epoch 7:  19(gpu) -> 291(SW)   volume = 0.02381
   epoch 7:  20(gpu) -> 258(SW)   volume = 0.142857
   epoch 7:  20(gpu) -> 292(SW)   volume = 0.02381
   epoch 7:  21(gpu) -> 258(SW)   volume = 0.142857
   epoch 7:  21(gpu) -> 293(SW)   volume = 0.02381
   epoch 7:  22(gpu) -> 258(SW)   volume = 0.142857
   epoch 7:  22(gpu) -> 294(SW)   volume = 0.02381
   epoch 7:  23(gpu) -> 258(SW)   volume = 0.142857
   epoch 7:  23(gpu) -> 295(SW)   volume = 0.02381
   epoch 7:  25(gpu) -> 259(SW)   volume = 0.142857
   epoch 7:  25(gpu) -> 289(SW)   volume = 0.02381
   epoch 7:  26(gpu) -> 259(SW)   volume = 0.142857
   epoch 7:  26(gpu) -> 290(SW)   volume = 0.02381
   epoch 7:  27(gpu) -> 259(SW)   volume = 0.142857
   epoch 7:  27(gpu) -> 291(SW)   volume = 0.02381
   epoch 7:  28(gpu) -> 259(SW)   volume = 0.142857
   epoch 7:  28(gpu) -> 292(SW)   volume = 0.02381
   epoch 7:  29(gpu) -> 259(SW)   volume = 0.142857
   epoch 7:  29(gpu) -> 293(SW)   volume = 0.02381
   epoch 7:  30(gpu) -> 259(SW)   volume = 0.142857
   epoch 7:  30(gpu) -> 294(SW)   volume = 0.02381
   epoch 7:  31(gpu) -> 259(SW)   volume = 0.142857
   epoch 7:  31(gpu) -> 295(SW)   volume = 0.02381
   epoch 7:  33(gpu) -> 260(SW)   volume = 0.142857
   epoch 7:  33(gpu) -> 289(SW)   volume = 0.02381
   epoch 7:  34(gpu) -> 260(SW)   volume = 0.142857
   epoch 7:  34(gpu) -> 290(SW)   volume = 0.02381
   epoch 7:  35(gpu) -> 260(SW)   volume = 0.142857
   epoch 7:  35(gpu) -> 291(SW)   volume = 0.02381
   epoch 7:  36(gpu) -> 260(SW)   volume = 0.142857
   epoch 7:  36(gpu) -> 292(SW)   volume = 0.02381
   epoch 7:  37(gpu) -> 260(SW)   volume = 0.142857
   epoch 7:  37(gpu) -> 293(SW)   volume = 0.02381
   epoch 7:  38(gpu) -> 260(SW)   volume = 0.142857
   epoch 7:  38(gpu) -> 294(SW)   volume = 0.02381
   epoch 7:  39(gpu) -> 260(SW)   volume = 0.142857
   epoch 7:  39(gpu) -> 295(SW)   volume = 0.02381
   epoch 7:  41(gpu) -> 261(SW)   volume = 0.142857
   epoch 7:  41(gpu) -> 289(SW)   volume = 0.02381
   epoch 7:  42(gpu) -> 261(SW)   volume = 0.142857
   epoch 7:  42(gpu) -> 290(SW)   volume = 0.02381
   epoch 7:  43(gpu) -> 261(SW)   volume = 0.142857
   epoch 7:  43(gpu) -> 291(SW)   volume = 0.02381
   epoch 7:  44(gpu) -> 261(SW)   volume = 0.142857
   epoch 7:  44(gpu) -> 292(SW)   volume = 0.02381
   epoch 7:  45(gpu) -> 261(SW)   volume = 0.142857
   epoch 7:  45(gpu) -> 293(SW)   volume = 0.02381
   epoch 7:  46(gpu) -> 261(SW)   volume = 0.142857
   epoch 7:  46(gpu) -> 294(SW)   volume = 0.02381
   epoch 7:  47(gpu) -> 261(SW)   volume = 0.142857
   epoch 7:  47(gpu) -> 295(SW)   volume = 0.02381
   epoch 7:  49(gpu) -> 262(SW)   volume = 0.142857
   epoch 7:  49(gpu) -> 289(SW)   volume = 0.02381
   epoch 7:  50(gpu) -> 262(SW)   volume = 0.142857
   epoch 7:  50(gpu) -> 290(SW)   volume = 0.02381
   epoch 7:  51(gpu) -> 262(SW)   volume = 0.142857
   epoch 7:  51(gpu) -> 291(SW)   volume = 0.02381
   epoch 7:  52(gpu) -> 262(SW)   volume = 0.142857
   epoch 7:  52(gpu) -> 292(SW)   volume = 0.02381
   epoch 7:  53(gpu) -> 262(SW)   volume = 0.142857
   epoch 7:  53(gpu) -> 293(SW)   volume = 0.02381
   epoch 7:  54(gpu) -> 262(SW)   volume = 0.142857
   epoch 7:  54(gpu) -> 294(SW)   volume = 0.02381
   epoch 7:  55(gpu) -> 262(SW)   volume = 0.142857
   epoch 7:  55(gpu) -> 295(SW)   volume = 0.02381
   epoch 7:  57(gpu) -> 263(SW)   volume = 0.142857
   epoch 7:  57(gpu) -> 289(SW)   volume = 0.02381
   epoch 7:  58(gpu) -> 263(SW)   volume = 0.142857
   epoch 7:  58(gpu) -> 290(SW)   volume = 0.02381
   epoch 7:  59(gpu) -> 263(SW)   volume = 0.142857
   epoch 7:  59(gpu) -> 291(SW)   volume = 0.02381
   epoch 7:  60(gpu) -> 263(SW)   volume = 0.142857
   epoch 7:  60(gpu) -> 292(SW)   volume = 0.02381
   epoch 7:  61(gpu) -> 263(SW)   volume = 0.142857
   epoch 7:  61(gpu) -> 293(SW)   volume = 0.02381
   epoch 7:  62(gpu) -> 263(SW)   volume = 0.142857
   epoch 7:  62(gpu) -> 294(SW)   volume = 0.02381
   epoch 7:  63(gpu) -> 263(SW)   volume = 0.142857
   epoch 7:  63(gpu) -> 295(SW)   volume = 0.02381
   epoch 7:  256(SW) ->  0(gpu)   volume = 1.0
   epoch 7:  256(SW) ->  1(gpu)   volume = 0.857143
   epoch 7:  256(SW) ->  2(gpu)   volume = 0.857143
   epoch 7:  256(SW) ->  3(gpu)   volume = 0.857143
   epoch 7:  256(SW) ->  4(gpu)   volume = 0.857143
   epoch 7:  256(SW) ->  5(gpu)   volume = 0.857143
   epoch 7:  256(SW) ->  6(gpu)   volume = 0.857143
   epoch 7:  256(SW) ->  7(gpu)   volume = 0.857143
   epoch 7:  258(SW) -> 16(gpu)   volume = 1.0
   epoch 7:  259(SW) -> 24(gpu)   volume = 1.0
   epoch 7:  260(SW) -> 32(gpu)   volume = 1.0
   epoch 7:  261(SW) -> 40(gpu)   volume = 1.0
   epoch 7:  262(SW) -> 48(gpu)   volume = 1.0
   epoch 7:  263(SW) -> 56(gpu)   volume = 1.0
   epoch 7:  289(SW) ->  1(gpu)   volume = 0.142857
   epoch 7:  290(SW) ->  2(gpu)   volume = 0.142857
   epoch 7:  291(SW) ->  3(gpu)   volume = 0.142857
   epoch 7:  292(SW) ->  4(gpu)   volume = 0.142857
   epoch 7:  293(SW) ->  5(gpu)   volume = 0.142857
   epoch 7:  294(SW) ->  6(gpu)   volume = 0.142857
   epoch 7:  295(SW) ->  7(gpu)   volume = 0.142857

-- source 16 --
   epoch 0:  16(gpu) -> 258(SW)   volume = 13.0
   epoch 0:  16(gpu) -> 288(SW)   volume = 1.0
   epoch 0:  258(SW) -> 17(gpu)   volume = 1.857143
   epoch 0:  258(SW) -> 18(gpu)   volume = 1.857143
   epoch 0:  258(SW) -> 19(gpu)   volume = 1.857143
   epoch 0:  258(SW) -> 20(gpu)   volume = 1.857143
   epoch 0:  258(SW) -> 21(gpu)   volume = 1.857143
   epoch 0:  258(SW) -> 22(gpu)   volume = 1.857143
   epoch 0:  258(SW) -> 23(gpu)   volume = 1.857143
   epoch 0:  288(SW) -> 296(SW)   volume = 0.25
   epoch 0:  288(SW) -> 297(SW)   volume = 0.25
   epoch 0:  288(SW) -> 298(SW)   volume = 0.25
   epoch 0:  288(SW) -> 299(SW)   volume = 0.25
   epoch 0:  289(SW) ->  1(gpu)   volume = 0.142857
   epoch 0:  290(SW) ->  2(gpu)   volume = 0.142857
   epoch 0:  291(SW) ->  3(gpu)   volume = 0.142857
   epoch 0:  292(SW) ->  4(gpu)   volume = 0.142857
   epoch 0:  293(SW) ->  5(gpu)   volume = 0.142857
   epoch 0:  294(SW) ->  6(gpu)   volume = 0.142857
   epoch 0:  295(SW) ->  7(gpu)   volume = 0.142857
   epoch 0:  296(SW) -> 289(SW)   volume = 0.035714
   epoch 0:  296(SW) -> 290(SW)   volume = 0.035714
   epoch 0:  296(SW) -> 291(SW)   volume = 0.035714
   epoch 0:  296(SW) -> 292(SW)   volume = 0.035714
   epoch 0:  296(SW) -> 293(SW)   volume = 0.035714
   epoch 0:  296(SW) -> 294(SW)   volume = 0.035714
   epoch 0:  296(SW) -> 295(SW)   volume = 0.035714
   epoch 0:  297(SW) -> 289(SW)   volume = 0.035714
   epoch 0:  297(SW) -> 290(SW)   volume = 0.035714
   epoch 0:  297(SW) -> 291(SW)   volume = 0.035714
   epoch 0:  297(SW) -> 292(SW)   volume = 0.035714
   epoch 0:  297(SW) -> 293(SW)   volume = 0.035714
   epoch 0:  297(SW) -> 294(SW)   volume = 0.035714
   epoch 0:  297(SW) -> 295(SW)   volume = 0.035714
   epoch 0:  298(SW) -> 289(SW)   volume = 0.035714
   epoch 0:  298(SW) -> 290(SW)   volume = 0.035714
   epoch 0:  298(SW) -> 291(SW)   volume = 0.035714
   epoch 0:  298(SW) -> 292(SW)   volume = 0.035714
   epoch 0:  298(SW) -> 293(SW)   volume = 0.035714
   epoch 0:  298(SW) -> 294(SW)   volume = 0.035714
   epoch 0:  298(SW) -> 295(SW)   volume = 0.035714
   epoch 0:  299(SW) -> 289(SW)   volume = 0.035714
   epoch 0:  299(SW) -> 290(SW)   volume = 0.035714
   epoch 0:  299(SW) -> 291(SW)   volume = 0.035714
   epoch 0:  299(SW) -> 292(SW)   volume = 0.035714
   epoch 0:  299(SW) -> 293(SW)   volume = 0.035714
   epoch 0:  299(SW) -> 294(SW)   volume = 0.035714
   epoch 0:  299(SW) -> 295(SW)   volume = 0.035714
   epoch 1:  17(gpu) -> 289(SW)   volume = 1.0
   epoch 1:  18(gpu) -> 290(SW)   volume = 1.0
   epoch 1:  19(gpu) -> 291(SW)   volume = 1.0
   epoch 1:  20(gpu) -> 292(SW)   volume = 1.0
   epoch 1:  21(gpu) -> 293(SW)   volume = 1.0
   epoch 1:  22(gpu) -> 294(SW)   volume = 1.0
   epoch 1:  23(gpu) -> 295(SW)   volume = 1.0
   epoch 1:  289(SW) ->  1(gpu)   volume = 0.142857
   epoch 1:  289(SW) ->  9(gpu)   volume = 0.142857
   epoch 1:  289(SW) -> 25(gpu)   volume = 0.142857
   epoch 1:  289(SW) -> 33(gpu)   volume = 0.142857
   epoch 1:  289(SW) -> 41(gpu)   volume = 0.142857
   epoch 1:  289(SW) -> 49(gpu)   volume = 0.142857
   epoch 1:  289(SW) -> 57(gpu)   volume = 0.142857
   epoch 1:  290(SW) ->  2(gpu)   volume = 0.142857
   epoch 1:  290(SW) -> 10(gpu)   volume = 0.142857
   epoch 1:  290(SW) -> 26(gpu)   volume = 0.142857
   epoch 1:  290(SW) -> 34(gpu)   volume = 0.142857
   epoch 1:  290(SW) -> 42(gpu)   volume = 0.142857
   epoch 1:  290(SW) -> 50(gpu)   volume = 0.142857
   epoch 1:  290(SW) -> 58(gpu)   volume = 0.142857
   epoch 1:  291(SW) ->  3(gpu)   volume = 0.142857
   epoch 1:  291(SW) -> 11(gpu)   volume = 0.142857
   epoch 1:  291(SW) -> 27(gpu)   volume = 0.142857
   epoch 1:  291(SW) -> 35(gpu)   volume = 0.142857
   epoch 1:  291(SW) -> 43(gpu)   volume = 0.142857
   epoch 1:  291(SW) -> 51(gpu)   volume = 0.142857
   epoch 1:  291(SW) -> 59(gpu)   volume = 0.142857
   epoch 1:  292(SW) ->  4(gpu)   volume = 0.142857
   epoch 1:  292(SW) -> 12(gpu)   volume = 0.142857
   epoch 1:  292(SW) -> 28(gpu)   volume = 0.142857
   epoch 1:  292(SW) -> 36(gpu)   volume = 0.142857
   epoch 1:  292(SW) -> 44(gpu)   volume = 0.142857
   epoch 1:  292(SW) -> 52(gpu)   volume = 0.142857
   epoch 1:  292(SW) -> 60(gpu)   volume = 0.142857
   epoch 1:  293(SW) ->  5(gpu)   volume = 0.142857
   epoch 1:  293(SW) -> 13(gpu)   volume = 0.142857
   epoch 1:  293(SW) -> 29(gpu)   volume = 0.142857
   epoch 1:  293(SW) -> 37(gpu)   volume = 0.142857
   epoch 1:  293(SW) -> 45(gpu)   volume = 0.142857
   epoch 1:  293(SW) -> 53(gpu)   volume = 0.142857
   epoch 1:  293(SW) -> 61(gpu)   volume = 0.142857
   epoch 1:  294(SW) ->  6(gpu)   volume = 0.142857
   epoch 1:  294(SW) -> 14(gpu)   volume = 0.142857
   epoch 1:  294(SW) -> 30(gpu)   volume = 0.142857
   epoch 1:  294(SW) -> 38(gpu)   volume = 0.142857
   epoch 1:  294(SW) -> 46(gpu)   volume = 0.142857
   epoch 1:  294(SW) -> 54(gpu)   volume = 0.142857
   epoch 1:  294(SW) -> 62(gpu)   volume = 0.142857
   epoch 1:  295(SW) ->  7(gpu)   volume = 0.142857
   epoch 1:  295(SW) -> 15(gpu)   volume = 0.142857
   epoch 1:  295(SW) -> 31(gpu)   volume = 0.142857
   epoch 1:  295(SW) -> 39(gpu)   volume = 0.142857
   epoch 1:  295(SW) -> 47(gpu)   volume = 0.142857
   epoch 1:  295(SW) -> 55(gpu)   volume = 0.142857
   epoch 1:  295(SW) -> 63(gpu)   volume = 0.142857
   epoch 2:  17(gpu) -> 289(SW)   volume = 0.857143
   epoch 2:  18(gpu) -> 290(SW)   volume = 0.857143
   epoch 2:  19(gpu) -> 291(SW)   volume = 0.857143
   epoch 2:  20(gpu) -> 292(SW)   volume = 0.857143
   epoch 2:  21(gpu) -> 293(SW)   volume = 0.857143
   epoch 2:  22(gpu) -> 294(SW)   volume = 0.857143
   epoch 2:  23(gpu) -> 295(SW)   volume = 0.857143
   epoch 2:  289(SW) ->  1(gpu)   volume = 0.142857
   epoch 2:  289(SW) ->  9(gpu)   volume = 0.119048
   epoch 2:  289(SW) -> 25(gpu)   volume = 0.119048
   epoch 2:  289(SW) -> 33(gpu)   volume = 0.119048
   epoch 2:  289(SW) -> 41(gpu)   volume = 0.119048
   epoch 2:  289(SW) -> 49(gpu)   volume = 0.119048
   epoch 2:  289(SW) -> 57(gpu)   volume = 0.119048
   epoch 2:  290(SW) ->  2(gpu)   volume = 0.142857
   epoch 2:  290(SW) -> 10(gpu)   volume = 0.119048
   epoch 2:  290(SW) -> 26(gpu)   volume = 0.119048
   epoch 2:  290(SW) -> 34(gpu)   volume = 0.119048
   epoch 2:  290(SW) -> 42(gpu)   volume = 0.119048
   epoch 2:  290(SW) -> 50(gpu)   volume = 0.119048
   epoch 2:  290(SW) -> 58(gpu)   volume = 0.119048
   epoch 2:  291(SW) ->  3(gpu)   volume = 0.142857
   epoch 2:  291(SW) -> 11(gpu)   volume = 0.119048
   epoch 2:  291(SW) -> 27(gpu)   volume = 0.119048
   epoch 2:  291(SW) -> 35(gpu)   volume = 0.119048
   epoch 2:  291(SW) -> 43(gpu)   volume = 0.119048
   epoch 2:  291(SW) -> 51(gpu)   volume = 0.119048
   epoch 2:  291(SW) -> 59(gpu)   volume = 0.119048
   epoch 2:  292(SW) ->  4(gpu)   volume = 0.142857
   epoch 2:  292(SW) -> 12(gpu)   volume = 0.119048
   epoch 2:  292(SW) -> 28(gpu)   volume = 0.119048
   epoch 2:  292(SW) -> 36(gpu)   volume = 0.119048
   epoch 2:  292(SW) -> 44(gpu)   volume = 0.119048
   epoch 2:  292(SW) -> 52(gpu)   volume = 0.119048
   epoch 2:  292(SW) -> 60(gpu)   volume = 0.119048
   epoch 2:  293(SW) ->  5(gpu)   volume = 0.142857
   epoch 2:  293(SW) -> 13(gpu)   volume = 0.119048
   epoch 2:  293(SW) -> 29(gpu)   volume = 0.119048
   epoch 2:  293(SW) -> 37(gpu)   volume = 0.119048
   epoch 2:  293(SW) -> 45(gpu)   volume = 0.119048
   epoch 2:  293(SW) -> 53(gpu)   volume = 0.119048
   epoch 2:  293(SW) -> 61(gpu)   volume = 0.119048
   epoch 2:  294(SW) ->  6(gpu)   volume = 0.142857
   epoch 2:  294(SW) -> 14(gpu)   volume = 0.119048
   epoch 2:  294(SW) -> 30(gpu)   volume = 0.119048
   epoch 2:  294(SW) -> 38(gpu)   volume = 0.119048
   epoch 2:  294(SW) -> 46(gpu)   volume = 0.119048
   epoch 2:  294(SW) -> 54(gpu)   volume = 0.119048
   epoch 2:  294(SW) -> 62(gpu)   volume = 0.119048
   epoch 2:  295(SW) ->  7(gpu)   volume = 0.142857
   epoch 2:  295(SW) -> 15(gpu)   volume = 0.119048
   epoch 2:  295(SW) -> 31(gpu)   volume = 0.119048
   epoch 2:  295(SW) -> 39(gpu)   volume = 0.119048
   epoch 2:  295(SW) -> 47(gpu)   volume = 0.119048
   epoch 2:  295(SW) -> 55(gpu)   volume = 0.119048
   epoch 2:  295(SW) -> 63(gpu)   volume = 0.119048
   epoch 3:   9(gpu) -> 289(SW)   volume = 0.02381
   epoch 3:  10(gpu) -> 290(SW)   volume = 0.02381
   epoch 3:  11(gpu) -> 291(SW)   volume = 0.02381
   epoch 3:  12(gpu) -> 292(SW)   volume = 0.02381
   epoch 3:  13(gpu) -> 293(SW)   volume = 0.02381
   epoch 3:  14(gpu) -> 294(SW)   volume = 0.02381
   epoch 3:  15(gpu) -> 295(SW)   volume = 0.02381
   epoch 3:  25(gpu) -> 289(SW)   volume = 0.02381
   epoch 3:  26(gpu) -> 290(SW)   volume = 0.02381
   epoch 3:  27(gpu) -> 291(SW)   volume = 0.02381
   epoch 3:  28(gpu) -> 292(SW)   volume = 0.02381
   epoch 3:  29(gpu) -> 293(SW)   volume = 0.02381
   epoch 3:  30(gpu) -> 294(SW)   volume = 0.02381
   epoch 3:  31(gpu) -> 295(SW)   volume = 0.02381
   epoch 3:  33(gpu) -> 289(SW)   volume = 0.02381
   epoch 3:  34(gpu) -> 290(SW)   volume = 0.02381
   epoch 3:  35(gpu) -> 291(SW)   volume = 0.02381
   epoch 3:  36(gpu) -> 292(SW)   volume = 0.02381
   epoch 3:  37(gpu) -> 293(SW)   volume = 0.02381
   epoch 3:  38(gpu) -> 294(SW)   volume = 0.02381
   epoch 3:  39(gpu) -> 295(SW)   volume = 0.02381
   epoch 3:  41(gpu) -> 289(SW)   volume = 0.02381
   epoch 3:  42(gpu) -> 290(SW)   volume = 0.02381
   epoch 3:  43(gpu) -> 291(SW)   volume = 0.02381
   epoch 3:  44(gpu) -> 292(SW)   volume = 0.02381
   epoch 3:  45(gpu) -> 293(SW)   volume = 0.02381
   epoch 3:  46(gpu) -> 294(SW)   volume = 0.02381
   epoch 3:  47(gpu) -> 295(SW)   volume = 0.02381
   epoch 3:  49(gpu) -> 289(SW)   volume = 0.02381
   epoch 3:  50(gpu) -> 290(SW)   volume = 0.02381
   epoch 3:  51(gpu) -> 291(SW)   volume = 0.02381
   epoch 3:  52(gpu) -> 292(SW)   volume = 0.02381
   epoch 3:  53(gpu) -> 293(SW)   volume = 0.02381
   epoch 3:  54(gpu) -> 294(SW)   volume = 0.02381
   epoch 3:  55(gpu) -> 295(SW)   volume = 0.02381
   epoch 3:  57(gpu) -> 289(SW)   volume = 0.02381
   epoch 3:  58(gpu) -> 290(SW)   volume = 0.02381
   epoch 3:  59(gpu) -> 291(SW)   volume = 0.02381
   epoch 3:  60(gpu) -> 292(SW)   volume = 0.02381
   epoch 3:  61(gpu) -> 293(SW)   volume = 0.02381
   epoch 3:  62(gpu) -> 294(SW)   volume = 0.02381
   epoch 3:  63(gpu) -> 295(SW)   volume = 0.02381
   epoch 3:  289(SW) ->  1(gpu)   volume = 0.142857
   epoch 3:  290(SW) ->  2(gpu)   volume = 0.142857
   epoch 3:  291(SW) ->  3(gpu)   volume = 0.142857
   epoch 3:  292(SW) ->  4(gpu)   volume = 0.142857
   epoch 3:  293(SW) ->  5(gpu)   volume = 0.142857
   epoch 3:  294(SW) ->  6(gpu)   volume = 0.142857
   epoch 3:  295(SW) ->  7(gpu)   volume = 0.142857
   epoch 4:   9(gpu) -> 289(SW)   volume = 0.02381
   epoch 4:  10(gpu) -> 290(SW)   volume = 0.02381
   epoch 4:  11(gpu) -> 291(SW)   volume = 0.02381
   epoch 4:  12(gpu) -> 292(SW)   volume = 0.02381
   epoch 4:  13(gpu) -> 293(SW)   volume = 0.02381
   epoch 4:  14(gpu) -> 294(SW)   volume = 0.02381
   epoch 4:  15(gpu) -> 295(SW)   volume = 0.02381
   epoch 4:  25(gpu) -> 289(SW)   volume = 0.02381
   epoch 4:  26(gpu) -> 290(SW)   volume = 0.02381
   epoch 4:  27(gpu) -> 291(SW)   volume = 0.02381
   epoch 4:  28(gpu) -> 292(SW)   volume = 0.02381
   epoch 4:  29(gpu) -> 293(SW)   volume = 0.02381
   epoch 4:  30(gpu) -> 294(SW)   volume = 0.02381
   epoch 4:  31(gpu) -> 295(SW)   volume = 0.02381
   epoch 4:  33(gpu) -> 289(SW)   volume = 0.02381
   epoch 4:  34(gpu) -> 290(SW)   volume = 0.02381
   epoch 4:  35(gpu) -> 291(SW)   volume = 0.02381
   epoch 4:  36(gpu) -> 292(SW)   volume = 0.02381
   epoch 4:  37(gpu) -> 293(SW)   volume = 0.02381
   epoch 4:  38(gpu) -> 294(SW)   volume = 0.02381
   epoch 4:  39(gpu) -> 295(SW)   volume = 0.02381
   epoch 4:  41(gpu) -> 289(SW)   volume = 0.02381
   epoch 4:  42(gpu) -> 290(SW)   volume = 0.02381
   epoch 4:  43(gpu) -> 291(SW)   volume = 0.02381
   epoch 4:  44(gpu) -> 292(SW)   volume = 0.02381
   epoch 4:  45(gpu) -> 293(SW)   volume = 0.02381
   epoch 4:  46(gpu) -> 294(SW)   volume = 0.02381
   epoch 4:  47(gpu) -> 295(SW)   volume = 0.02381
   epoch 4:  49(gpu) -> 289(SW)   volume = 0.02381
   epoch 4:  50(gpu) -> 290(SW)   volume = 0.02381
   epoch 4:  51(gpu) -> 291(SW)   volume = 0.02381
   epoch 4:  52(gpu) -> 292(SW)   volume = 0.02381
   epoch 4:  53(gpu) -> 293(SW)   volume = 0.02381
   epoch 4:  54(gpu) -> 294(SW)   volume = 0.02381
   epoch 4:  55(gpu) -> 295(SW)   volume = 0.02381
   epoch 4:  57(gpu) -> 289(SW)   volume = 0.02381
   epoch 4:  58(gpu) -> 290(SW)   volume = 0.02381
   epoch 4:  59(gpu) -> 291(SW)   volume = 0.02381
   epoch 4:  60(gpu) -> 292(SW)   volume = 0.02381
   epoch 4:  61(gpu) -> 293(SW)   volume = 0.02381
   epoch 4:  62(gpu) -> 294(SW)   volume = 0.02381
   epoch 4:  63(gpu) -> 295(SW)   volume = 0.02381
   epoch 4:  289(SW) ->  1(gpu)   volume = 0.142857
   epoch 4:  290(SW) ->  2(gpu)   volume = 0.142857
   epoch 4:  291(SW) ->  3(gpu)   volume = 0.142857
   epoch 4:  292(SW) ->  4(gpu)   volume = 0.142857
   epoch 4:  293(SW) ->  5(gpu)   volume = 0.142857
   epoch 4:  294(SW) ->  6(gpu)   volume = 0.142857
   epoch 4:  295(SW) ->  7(gpu)   volume = 0.142857
   epoch 5:   9(gpu) -> 289(SW)   volume = 0.02381
   epoch 5:  10(gpu) -> 290(SW)   volume = 0.02381
   epoch 5:  11(gpu) -> 291(SW)   volume = 0.02381
   epoch 5:  12(gpu) -> 292(SW)   volume = 0.02381
   epoch 5:  13(gpu) -> 293(SW)   volume = 0.02381
   epoch 5:  14(gpu) -> 294(SW)   volume = 0.02381
   epoch 5:  15(gpu) -> 295(SW)   volume = 0.02381
   epoch 5:  25(gpu) -> 289(SW)   volume = 0.02381
   epoch 5:  26(gpu) -> 290(SW)   volume = 0.02381
   epoch 5:  27(gpu) -> 291(SW)   volume = 0.02381
   epoch 5:  28(gpu) -> 292(SW)   volume = 0.02381
   epoch 5:  29(gpu) -> 293(SW)   volume = 0.02381
   epoch 5:  30(gpu) -> 294(SW)   volume = 0.02381
   epoch 5:  31(gpu) -> 295(SW)   volume = 0.02381
   epoch 5:  33(gpu) -> 289(SW)   volume = 0.02381
   epoch 5:  34(gpu) -> 290(SW)   volume = 0.02381
   epoch 5:  35(gpu) -> 291(SW)   volume = 0.02381
   epoch 5:  36(gpu) -> 292(SW)   volume = 0.02381
   epoch 5:  37(gpu) -> 293(SW)   volume = 0.02381
   epoch 5:  38(gpu) -> 294(SW)   volume = 0.02381
   epoch 5:  39(gpu) -> 295(SW)   volume = 0.02381
   epoch 5:  41(gpu) -> 289(SW)   volume = 0.02381
   epoch 5:  42(gpu) -> 290(SW)   volume = 0.02381
   epoch 5:  43(gpu) -> 291(SW)   volume = 0.02381
   epoch 5:  44(gpu) -> 292(SW)   volume = 0.02381
   epoch 5:  45(gpu) -> 293(SW)   volume = 0.02381
   epoch 5:  46(gpu) -> 294(SW)   volume = 0.02381
   epoch 5:  47(gpu) -> 295(SW)   volume = 0.02381
   epoch 5:  49(gpu) -> 289(SW)   volume = 0.02381
   epoch 5:  50(gpu) -> 290(SW)   volume = 0.02381
   epoch 5:  51(gpu) -> 291(SW)   volume = 0.02381
   epoch 5:  52(gpu) -> 292(SW)   volume = 0.02381
   epoch 5:  53(gpu) -> 293(SW)   volume = 0.02381
   epoch 5:  54(gpu) -> 294(SW)   volume = 0.02381
   epoch 5:  55(gpu) -> 295(SW)   volume = 0.02381
   epoch 5:  57(gpu) -> 289(SW)   volume = 0.02381
   epoch 5:  58(gpu) -> 290(SW)   volume = 0.02381
   epoch 5:  59(gpu) -> 291(SW)   volume = 0.02381
   epoch 5:  60(gpu) -> 292(SW)   volume = 0.02381
   epoch 5:  61(gpu) -> 293(SW)   volume = 0.02381
   epoch 5:  62(gpu) -> 294(SW)   volume = 0.02381
   epoch 5:  63(gpu) -> 295(SW)   volume = 0.02381
   epoch 5:  289(SW) ->  1(gpu)   volume = 0.142857
   epoch 5:  290(SW) ->  2(gpu)   volume = 0.142857
   epoch 5:  291(SW) ->  3(gpu)   volume = 0.142857
   epoch 5:  292(SW) ->  4(gpu)   volume = 0.142857
   epoch 5:  293(SW) ->  5(gpu)   volume = 0.142857
   epoch 5:  294(SW) ->  6(gpu)   volume = 0.142857
   epoch 5:  295(SW) ->  7(gpu)   volume = 0.142857
   epoch 6:   9(gpu) -> 289(SW)   volume = 0.02381
   epoch 6:  10(gpu) -> 290(SW)   volume = 0.02381
   epoch 6:  11(gpu) -> 291(SW)   volume = 0.02381
   epoch 6:  12(gpu) -> 292(SW)   volume = 0.02381
   epoch 6:  13(gpu) -> 293(SW)   volume = 0.02381
   epoch 6:  14(gpu) -> 294(SW)   volume = 0.02381
   epoch 6:  15(gpu) -> 295(SW)   volume = 0.02381
   epoch 6:  25(gpu) -> 289(SW)   volume = 0.02381
   epoch 6:  26(gpu) -> 290(SW)   volume = 0.02381
   epoch 6:  27(gpu) -> 291(SW)   volume = 0.02381
   epoch 6:  28(gpu) -> 292(SW)   volume = 0.02381
   epoch 6:  29(gpu) -> 293(SW)   volume = 0.02381
   epoch 6:  30(gpu) -> 294(SW)   volume = 0.02381
   epoch 6:  31(gpu) -> 295(SW)   volume = 0.02381
   epoch 6:  33(gpu) -> 289(SW)   volume = 0.02381
   epoch 6:  34(gpu) -> 290(SW)   volume = 0.02381
   epoch 6:  35(gpu) -> 291(SW)   volume = 0.02381
   epoch 6:  36(gpu) -> 292(SW)   volume = 0.02381
   epoch 6:  37(gpu) -> 293(SW)   volume = 0.02381
   epoch 6:  38(gpu) -> 294(SW)   volume = 0.02381
   epoch 6:  39(gpu) -> 295(SW)   volume = 0.02381
   epoch 6:  41(gpu) -> 289(SW)   volume = 0.02381
   epoch 6:  42(gpu) -> 290(SW)   volume = 0.02381
   epoch 6:  43(gpu) -> 291(SW)   volume = 0.02381
   epoch 6:  44(gpu) -> 292(SW)   volume = 0.02381
   epoch 6:  45(gpu) -> 293(SW)   volume = 0.02381
   epoch 6:  46(gpu) -> 294(SW)   volume = 0.02381
   epoch 6:  47(gpu) -> 295(SW)   volume = 0.02381
   epoch 6:  49(gpu) -> 289(SW)   volume = 0.02381
   epoch 6:  50(gpu) -> 290(SW)   volume = 0.02381
   epoch 6:  51(gpu) -> 291(SW)   volume = 0.02381
   epoch 6:  52(gpu) -> 292(SW)   volume = 0.02381
   epoch 6:  53(gpu) -> 293(SW)   volume = 0.02381
   epoch 6:  54(gpu) -> 294(SW)   volume = 0.02381
   epoch 6:  55(gpu) -> 295(SW)   volume = 0.02381
   epoch 6:  57(gpu) -> 289(SW)   volume = 0.02381
   epoch 6:  58(gpu) -> 290(SW)   volume = 0.02381
   epoch 6:  59(gpu) -> 291(SW)   volume = 0.02381
   epoch 6:  60(gpu) -> 292(SW)   volume = 0.02381
   epoch 6:  61(gpu) -> 293(SW)   volume = 0.02381
   epoch 6:  62(gpu) -> 294(SW)   volume = 0.02381
   epoch 6:  63(gpu) -> 295(SW)   volume = 0.02381
   epoch 6:  289(SW) ->  1(gpu)   volume = 0.142857
   epoch 6:  290(SW) ->  2(gpu)   volume = 0.142857
   epoch 6:  291(SW) ->  3(gpu)   volume = 0.142857
   epoch 6:  292(SW) ->  4(gpu)   volume = 0.142857
   epoch 6:  293(SW) ->  5(gpu)   volume = 0.142857
   epoch 6:  294(SW) ->  6(gpu)   volume = 0.142857
   epoch 6:  295(SW) ->  7(gpu)   volume = 0.142857
   epoch 7:   1(gpu) -> 256(SW)   volume = 1.0
   epoch 7:   2(gpu) -> 256(SW)   volume = 1.0
   epoch 7:   3(gpu) -> 256(SW)   volume = 1.0
   epoch 7:   4(gpu) -> 256(SW)   volume = 1.0
   epoch 7:   5(gpu) -> 256(SW)   volume = 1.0
   epoch 7:   6(gpu) -> 256(SW)   volume = 1.0
   epoch 7:   7(gpu) -> 256(SW)   volume = 1.0
   epoch 7:   9(gpu) -> 257(SW)   volume = 0.142857
   epoch 7:   9(gpu) -> 289(SW)   volume = 0.02381
   epoch 7:  10(gpu) -> 257(SW)   volume = 0.142857
   epoch 7:  10(gpu) -> 290(SW)   volume = 0.02381
   epoch 7:  11(gpu) -> 257(SW)   volume = 0.142857
   epoch 7:  11(gpu) -> 291(SW)   volume = 0.02381
   epoch 7:  12(gpu) -> 257(SW)   volume = 0.142857
   epoch 7:  12(gpu) -> 292(SW)   volume = 0.02381
   epoch 7:  13(gpu) -> 257(SW)   volume = 0.142857
   epoch 7:  13(gpu) -> 293(SW)   volume = 0.02381
   epoch 7:  14(gpu) -> 257(SW)   volume = 0.142857
   epoch 7:  14(gpu) -> 294(SW)   volume = 0.02381
   epoch 7:  15(gpu) -> 257(SW)   volume = 0.142857
   epoch 7:  15(gpu) -> 295(SW)   volume = 0.02381
   epoch 7:  25(gpu) -> 259(SW)   volume = 0.142857
   epoch 7:  25(gpu) -> 289(SW)   volume = 0.02381
   epoch 7:  26(gpu) -> 259(SW)   volume = 0.142857
   epoch 7:  26(gpu) -> 290(SW)   volume = 0.02381
   epoch 7:  27(gpu) -> 259(SW)   volume = 0.142857
   epoch 7:  27(gpu) -> 291(SW)   volume = 0.02381
   epoch 7:  28(gpu) -> 259(SW)   volume = 0.142857
   epoch 7:  28(gpu) -> 292(SW)   volume = 0.02381
   epoch 7:  29(gpu) -> 259(SW)   volume = 0.142857
   epoch 7:  29(gpu) -> 293(SW)   volume = 0.02381
   epoch 7:  30(gpu) -> 259(SW)   volume = 0.142857
   epoch 7:  30(gpu) -> 294(SW)   volume = 0.02381
   epoch 7:  31(gpu) -> 259(SW)   volume = 0.142857
   epoch 7:  31(gpu) -> 295(SW)   volume = 0.02381
   epoch 7:  33(gpu) -> 260(SW)   volume = 0.142857
   epoch 7:  33(gpu) -> 289(SW)   volume = 0.02381
   epoch 7:  34(gpu) -> 260(SW)   volume = 0.142857
   epoch 7:  34(gpu) -> 290(SW)   volume = 0.02381
   epoch 7:  35(gpu) -> 260(SW)   volume = 0.142857
   epoch 7:  35(gpu) -> 291(SW)   volume = 0.02381
   epoch 7:  36(gpu) -> 260(SW)   volume = 0.142857
   epoch 7:  36(gpu) -> 292(SW)   volume = 0.02381
   epoch 7:  37(gpu) -> 260(SW)   volume = 0.142857
   epoch 7:  37(gpu) -> 293(SW)   volume = 0.02381
   epoch 7:  38(gpu) -> 260(SW)   volume = 0.142857
   epoch 7:  38(gpu) -> 294(SW)   volume = 0.02381
   epoch 7:  39(gpu) -> 260(SW)   volume = 0.142857
   epoch 7:  39(gpu) -> 295(SW)   volume = 0.02381
   epoch 7:  41(gpu) -> 261(SW)   volume = 0.142857
   epoch 7:  41(gpu) -> 289(SW)   volume = 0.02381
   epoch 7:  42(gpu) -> 261(SW)   volume = 0.142857
   epoch 7:  42(gpu) -> 290(SW)   volume = 0.02381
   epoch 7:  43(gpu) -> 261(SW)   volume = 0.142857
   epoch 7:  43(gpu) -> 291(SW)   volume = 0.02381
   epoch 7:  44(gpu) -> 261(SW)   volume = 0.142857
   epoch 7:  44(gpu) -> 292(SW)   volume = 0.02381
   epoch 7:  45(gpu) -> 261(SW)   volume = 0.142857
   epoch 7:  45(gpu) -> 293(SW)   volume = 0.02381
   epoch 7:  46(gpu) -> 261(SW)   volume = 0.142857
   epoch 7:  46(gpu) -> 294(SW)   volume = 0.02381
   epoch 7:  47(gpu) -> 261(SW)   volume = 0.142857
   epoch 7:  47(gpu) -> 295(SW)   volume = 0.02381
   epoch 7:  49(gpu) -> 262(SW)   volume = 0.142857
   epoch 7:  49(gpu) -> 289(SW)   volume = 0.02381
   epoch 7:  50(gpu) -> 262(SW)   volume = 0.142857
   epoch 7:  50(gpu) -> 290(SW)   volume = 0.02381
   epoch 7:  51(gpu) -> 262(SW)   volume = 0.142857
   epoch 7:  51(gpu) -> 291(SW)   volume = 0.02381
   epoch 7:  52(gpu) -> 262(SW)   volume = 0.142857
   epoch 7:  52(gpu) -> 292(SW)   volume = 0.02381
   epoch 7:  53(gpu) -> 262(SW)   volume = 0.142857
   epoch 7:  53(gpu) -> 293(SW)   volume = 0.02381
   epoch 7:  54(gpu) -> 262(SW)   volume = 0.142857
   epoch 7:  54(gpu) -> 294(SW)   volume = 0.02381
   epoch 7:  55(gpu) -> 262(SW)   volume = 0.142857
   epoch 7:  55(gpu) -> 295(SW)   volume = 0.02381
   epoch 7:  57(gpu) -> 263(SW)   volume = 0.142857
   epoch 7:  57(gpu) -> 289(SW)   volume = 0.02381
   epoch 7:  58(gpu) -> 263(SW)   volume = 0.142857
   epoch 7:  58(gpu) -> 290(SW)   volume = 0.02381
   epoch 7:  59(gpu) -> 263(SW)   volume = 0.142857
   epoch 7:  59(gpu) -> 291(SW)   volume = 0.02381
   epoch 7:  60(gpu) -> 263(SW)   volume = 0.142857
   epoch 7:  60(gpu) -> 292(SW)   volume = 0.02381
   epoch 7:  61(gpu) -> 263(SW)   volume = 0.142857
   epoch 7:  61(gpu) -> 293(SW)   volume = 0.02381
   epoch 7:  62(gpu) -> 263(SW)   volume = 0.142857
   epoch 7:  62(gpu) -> 294(SW)   volume = 0.02381
   epoch 7:  63(gpu) -> 263(SW)   volume = 0.142857
   epoch 7:  63(gpu) -> 295(SW)   volume = 0.02381
   epoch 7:  256(SW) ->  0(gpu)   volume = 1.0
   epoch 7:  256(SW) ->  1(gpu)   volume = 0.857143
   epoch 7:  256(SW) ->  2(gpu)   volume = 0.857143
   epoch 7:  256(SW) ->  3(gpu)   volume = 0.857143
   epoch 7:  256(SW) ->  4(gpu)   volume = 0.857143
   epoch 7:  256(SW) ->  5(gpu)   volume = 0.857143
   epoch 7:  256(SW) ->  6(gpu)   volume = 0.857143
   epoch 7:  256(SW) ->  7(gpu)   volume = 0.857143
   epoch 7:  257(SW) ->  8(gpu)   volume = 1.0
   epoch 7:  259(SW) -> 24(gpu)   volume = 1.0
   epoch 7:  260(SW) -> 32(gpu)   volume = 1.0
   epoch 7:  261(SW) -> 40(gpu)   volume = 1.0
   epoch 7:  262(SW) -> 48(gpu)   volume = 1.0
   epoch 7:  263(SW) -> 56(gpu)   volume = 1.0
   epoch 7:  289(SW) ->  1(gpu)   volume = 0.142857
   epoch 7:  290(SW) ->  2(gpu)   volume = 0.142857
   epoch 7:  291(SW) ->  3(gpu)   volume = 0.142857
   epoch 7:  292(SW) ->  4(gpu)   volume = 0.142857
   epoch 7:  293(SW) ->  5(gpu)   volume = 0.142857
   epoch 7:  294(SW) ->  6(gpu)   volume = 0.142857
   epoch 7:  295(SW) ->  7(gpu)   volume = 0.142857

-- source 24 --
   epoch 0:  24(gpu) -> 259(SW)   volume = 13.0
   epoch 0:  24(gpu) -> 288(SW)   volume = 1.0
   epoch 0:  259(SW) -> 25(gpu)   volume = 1.857143
   epoch 0:  259(SW) -> 26(gpu)   volume = 1.857143
   epoch 0:  259(SW) -> 27(gpu)   volume = 1.857143
   epoch 0:  259(SW) -> 28(gpu)   volume = 1.857143
   epoch 0:  259(SW) -> 29(gpu)   volume = 1.857143
   epoch 0:  259(SW) -> 30(gpu)   volume = 1.857143
   epoch 0:  259(SW) -> 31(gpu)   volume = 1.857143
   epoch 0:  288(SW) -> 296(SW)   volume = 0.25
   epoch 0:  288(SW) -> 297(SW)   volume = 0.25
   epoch 0:  288(SW) -> 298(SW)   volume = 0.25
   epoch 0:  288(SW) -> 299(SW)   volume = 0.25
   epoch 0:  289(SW) ->  1(gpu)   volume = 0.142857
   epoch 0:  290(SW) ->  2(gpu)   volume = 0.142857
   epoch 0:  291(SW) ->  3(gpu)   volume = 0.142857
   epoch 0:  292(SW) ->  4(gpu)   volume = 0.142857
   epoch 0:  293(SW) ->  5(gpu)   volume = 0.142857
   epoch 0:  294(SW) ->  6(gpu)   volume = 0.142857
   epoch 0:  295(SW) ->  7(gpu)   volume = 0.142857
   epoch 0:  296(SW) -> 289(SW)   volume = 0.035714
   epoch 0:  296(SW) -> 290(SW)   volume = 0.035714
   epoch 0:  296(SW) -> 291(SW)   volume = 0.035714
   epoch 0:  296(SW) -> 292(SW)   volume = 0.035714
   epoch 0:  296(SW) -> 293(SW)   volume = 0.035714
   epoch 0:  296(SW) -> 294(SW)   volume = 0.035714
   epoch 0:  296(SW) -> 295(SW)   volume = 0.035714
   epoch 0:  297(SW) -> 289(SW)   volume = 0.035714
   epoch 0:  297(SW) -> 290(SW)   volume = 0.035714
   epoch 0:  297(SW) -> 291(SW)   volume = 0.035714
   epoch 0:  297(SW) -> 292(SW)   volume = 0.035714
   epoch 0:  297(SW) -> 293(SW)   volume = 0.035714
   epoch 0:  297(SW) -> 294(SW)   volume = 0.035714
   epoch 0:  297(SW) -> 295(SW)   volume = 0.035714
   epoch 0:  298(SW) -> 289(SW)   volume = 0.035714
   epoch 0:  298(SW) -> 290(SW)   volume = 0.035714
   epoch 0:  298(SW) -> 291(SW)   volume = 0.035714
   epoch 0:  298(SW) -> 292(SW)   volume = 0.035714
   epoch 0:  298(SW) -> 293(SW)   volume = 0.035714
   epoch 0:  298(SW) -> 294(SW)   volume = 0.035714
   epoch 0:  298(SW) -> 295(SW)   volume = 0.035714
   epoch 0:  299(SW) -> 289(SW)   volume = 0.035714
   epoch 0:  299(SW) -> 290(SW)   volume = 0.035714
   epoch 0:  299(SW) -> 291(SW)   volume = 0.035714
   epoch 0:  299(SW) -> 292(SW)   volume = 0.035714
   epoch 0:  299(SW) -> 293(SW)   volume = 0.035714
   epoch 0:  299(SW) -> 294(SW)   volume = 0.035714
   epoch 0:  299(SW) -> 295(SW)   volume = 0.035714
   epoch 1:  25(gpu) -> 289(SW)   volume = 1.0
   epoch 1:  26(gpu) -> 290(SW)   volume = 1.0
   epoch 1:  27(gpu) -> 291(SW)   volume = 1.0
   epoch 1:  28(gpu) -> 292(SW)   volume = 1.0
   epoch 1:  29(gpu) -> 293(SW)   volume = 1.0
   epoch 1:  30(gpu) -> 294(SW)   volume = 1.0
   epoch 1:  31(gpu) -> 295(SW)   volume = 1.0
   epoch 1:  289(SW) ->  1(gpu)   volume = 0.142857
   epoch 1:  289(SW) ->  9(gpu)   volume = 0.142857
   epoch 1:  289(SW) -> 17(gpu)   volume = 0.142857
   epoch 1:  289(SW) -> 33(gpu)   volume = 0.142857
   epoch 1:  289(SW) -> 41(gpu)   volume = 0.142857
   epoch 1:  289(SW) -> 49(gpu)   volume = 0.142857
   epoch 1:  289(SW) -> 57(gpu)   volume = 0.142857
   epoch 1:  290(SW) ->  2(gpu)   volume = 0.142857
   epoch 1:  290(SW) -> 10(gpu)   volume = 0.142857
   epoch 1:  290(SW) -> 18(gpu)   volume = 0.142857
   epoch 1:  290(SW) -> 34(gpu)   volume = 0.142857
   epoch 1:  290(SW) -> 42(gpu)   volume = 0.142857
   epoch 1:  290(SW) -> 50(gpu)   volume = 0.142857
   epoch 1:  290(SW) -> 58(gpu)   volume = 0.142857
   epoch 1:  291(SW) ->  3(gpu)   volume = 0.142857
   epoch 1:  291(SW) -> 11(gpu)   volume = 0.142857
   epoch 1:  291(SW) -> 19(gpu)   volume = 0.142857
   epoch 1:  291(SW) -> 35(gpu)   volume = 0.142857
   epoch 1:  291(SW) -> 43(gpu)   volume = 0.142857
   epoch 1:  291(SW) -> 51(gpu)   volume = 0.142857
   epoch 1:  291(SW) -> 59(gpu)   volume = 0.142857
   epoch 1:  292(SW) ->  4(gpu)   volume = 0.142857
   epoch 1:  292(SW) -> 12(gpu)   volume = 0.142857
   epoch 1:  292(SW) -> 20(gpu)   volume = 0.142857
   epoch 1:  292(SW) -> 36(gpu)   volume = 0.142857
   epoch 1:  292(SW) -> 44(gpu)   volume = 0.142857
   epoch 1:  292(SW) -> 52(gpu)   volume = 0.142857
   epoch 1:  292(SW) -> 60(gpu)   volume = 0.142857
   epoch 1:  293(SW) ->  5(gpu)   volume = 0.142857
   epoch 1:  293(SW) -> 13(gpu)   volume = 0.142857
   epoch 1:  293(SW) -> 21(gpu)   volume = 0.142857
   epoch 1:  293(SW) -> 37(gpu)   volume = 0.142857
   epoch 1:  293(SW) -> 45(gpu)   volume = 0.142857
   epoch 1:  293(SW) -> 53(gpu)   volume = 0.142857
   epoch 1:  293(SW) -> 61(gpu)   volume = 0.142857
   epoch 1:  294(SW) ->  6(gpu)   volume = 0.142857
   epoch 1:  294(SW) -> 14(gpu)   volume = 0.142857
   epoch 1:  294(SW) -> 22(gpu)   volume = 0.142857
   epoch 1:  294(SW) -> 38(gpu)   volume = 0.142857
   epoch 1:  294(SW) -> 46(gpu)   volume = 0.142857
   epoch 1:  294(SW) -> 54(gpu)   volume = 0.142857
   epoch 1:  294(SW) -> 62(gpu)   volume = 0.142857
   epoch 1:  295(SW) ->  7(gpu)   volume = 0.142857
   epoch 1:  295(SW) -> 15(gpu)   volume = 0.142857
   epoch 1:  295(SW) -> 23(gpu)   volume = 0.142857
   epoch 1:  295(SW) -> 39(gpu)   volume = 0.142857
   epoch 1:  295(SW) -> 47(gpu)   volume = 0.142857
   epoch 1:  295(SW) -> 55(gpu)   volume = 0.142857
   epoch 1:  295(SW) -> 63(gpu)   volume = 0.142857
   epoch 2:  25(gpu) -> 289(SW)   volume = 0.857143
   epoch 2:  26(gpu) -> 290(SW)   volume = 0.857143
   epoch 2:  27(gpu) -> 291(SW)   volume = 0.857143
   epoch 2:  28(gpu) -> 292(SW)   volume = 0.857143
   epoch 2:  29(gpu) -> 293(SW)   volume = 0.857143
   epoch 2:  30(gpu) -> 294(SW)   volume = 0.857143
   epoch 2:  31(gpu) -> 295(SW)   volume = 0.857143
   epoch 2:  289(SW) ->  1(gpu)   volume = 0.142857
   epoch 2:  289(SW) ->  9(gpu)   volume = 0.119048
   epoch 2:  289(SW) -> 17(gpu)   volume = 0.119048
   epoch 2:  289(SW) -> 33(gpu)   volume = 0.119048
   epoch 2:  289(SW) -> 41(gpu)   volume = 0.119048
   epoch 2:  289(SW) -> 49(gpu)   volume = 0.119048
   epoch 2:  289(SW) -> 57(gpu)   volume = 0.119048
   epoch 2:  290(SW) ->  2(gpu)   volume = 0.142857
   epoch 2:  290(SW) -> 10(gpu)   volume = 0.119048
   epoch 2:  290(SW) -> 18(gpu)   volume = 0.119048
   epoch 2:  290(SW) -> 34(gpu)   volume = 0.119048
   epoch 2:  290(SW) -> 42(gpu)   volume = 0.119048
   epoch 2:  290(SW) -> 50(gpu)   volume = 0.119048
   epoch 2:  290(SW) -> 58(gpu)   volume = 0.119048
   epoch 2:  291(SW) ->  3(gpu)   volume = 0.142857
   epoch 2:  291(SW) -> 11(gpu)   volume = 0.119048
   epoch 2:  291(SW) -> 19(gpu)   volume = 0.119048
   epoch 2:  291(SW) -> 35(gpu)   volume = 0.119048
   epoch 2:  291(SW) -> 43(gpu)   volume = 0.119048
   epoch 2:  291(SW) -> 51(gpu)   volume = 0.119048
   epoch 2:  291(SW) -> 59(gpu)   volume = 0.119048
   epoch 2:  292(SW) ->  4(gpu)   volume = 0.142857
   epoch 2:  292(SW) -> 12(gpu)   volume = 0.119048
   epoch 2:  292(SW) -> 20(gpu)   volume = 0.119048
   epoch 2:  292(SW) -> 36(gpu)   volume = 0.119048
   epoch 2:  292(SW) -> 44(gpu)   volume = 0.119048
   epoch 2:  292(SW) -> 52(gpu)   volume = 0.119048
   epoch 2:  292(SW) -> 60(gpu)   volume = 0.119048
   epoch 2:  293(SW) ->  5(gpu)   volume = 0.142857
   epoch 2:  293(SW) -> 13(gpu)   volume = 0.119048
   epoch 2:  293(SW) -> 21(gpu)   volume = 0.119048
   epoch 2:  293(SW) -> 37(gpu)   volume = 0.119048
   epoch 2:  293(SW) -> 45(gpu)   volume = 0.119048
   epoch 2:  293(SW) -> 53(gpu)   volume = 0.119048
   epoch 2:  293(SW) -> 61(gpu)   volume = 0.119048
   epoch 2:  294(SW) ->  6(gpu)   volume = 0.142857
   epoch 2:  294(SW) -> 14(gpu)   volume = 0.119048
   epoch 2:  294(SW) -> 22(gpu)   volume = 0.119048
   epoch 2:  294(SW) -> 38(gpu)   volume = 0.119048
   epoch 2:  294(SW) -> 46(gpu)   volume = 0.119048
   epoch 2:  294(SW) -> 54(gpu)   volume = 0.119048
   epoch 2:  294(SW) -> 62(gpu)   volume = 0.119048
   epoch 2:  295(SW) ->  7(gpu)   volume = 0.142857
   epoch 2:  295(SW) -> 15(gpu)   volume = 0.119048
   epoch 2:  295(SW) -> 23(gpu)   volume = 0.119048
   epoch 2:  295(SW) -> 39(gpu)   volume = 0.119048
   epoch 2:  295(SW) -> 47(gpu)   volume = 0.119048
   epoch 2:  295(SW) -> 55(gpu)   volume = 0.119048
   epoch 2:  295(SW) -> 63(gpu)   volume = 0.119048
   epoch 3:   9(gpu) -> 289(SW)   volume = 0.02381
   epoch 3:  10(gpu) -> 290(SW)   volume = 0.02381
   epoch 3:  11(gpu) -> 291(SW)   volume = 0.02381
   epoch 3:  12(gpu) -> 292(SW)   volume = 0.02381
   epoch 3:  13(gpu) -> 293(SW)   volume = 0.02381
   epoch 3:  14(gpu) -> 294(SW)   volume = 0.02381
   epoch 3:  15(gpu) -> 295(SW)   volume = 0.02381
   epoch 3:  17(gpu) -> 289(SW)   volume = 0.02381
   epoch 3:  18(gpu) -> 290(SW)   volume = 0.02381
   epoch 3:  19(gpu) -> 291(SW)   volume = 0.02381
   epoch 3:  20(gpu) -> 292(SW)   volume = 0.02381
   epoch 3:  21(gpu) -> 293(SW)   volume = 0.02381
   epoch 3:  22(gpu) -> 294(SW)   volume = 0.02381
   epoch 3:  23(gpu) -> 295(SW)   volume = 0.02381
   epoch 3:  33(gpu) -> 289(SW)   volume = 0.02381
   epoch 3:  34(gpu) -> 290(SW)   volume = 0.02381
   epoch 3:  35(gpu) -> 291(SW)   volume = 0.02381
   epoch 3:  36(gpu) -> 292(SW)   volume = 0.02381
   epoch 3:  37(gpu) -> 293(SW)   volume = 0.02381
   epoch 3:  38(gpu) -> 294(SW)   volume = 0.02381
   epoch 3:  39(gpu) -> 295(SW)   volume = 0.02381
   epoch 3:  41(gpu) -> 289(SW)   volume = 0.02381
   epoch 3:  42(gpu) -> 290(SW)   volume = 0.02381
   epoch 3:  43(gpu) -> 291(SW)   volume = 0.02381
   epoch 3:  44(gpu) -> 292(SW)   volume = 0.02381
   epoch 3:  45(gpu) -> 293(SW)   volume = 0.02381
   epoch 3:  46(gpu) -> 294(SW)   volume = 0.02381
   epoch 3:  47(gpu) -> 295(SW)   volume = 0.02381
   epoch 3:  49(gpu) -> 289(SW)   volume = 0.02381
   epoch 3:  50(gpu) -> 290(SW)   volume = 0.02381
   epoch 3:  51(gpu) -> 291(SW)   volume = 0.02381
   epoch 3:  52(gpu) -> 292(SW)   volume = 0.02381
   epoch 3:  53(gpu) -> 293(SW)   volume = 0.02381
   epoch 3:  54(gpu) -> 294(SW)   volume = 0.02381
   epoch 3:  55(gpu) -> 295(SW)   volume = 0.02381
   epoch 3:  57(gpu) -> 289(SW)   volume = 0.02381
   epoch 3:  58(gpu) -> 290(SW)   volume = 0.02381
   epoch 3:  59(gpu) -> 291(SW)   volume = 0.02381
   epoch 3:  60(gpu) -> 292(SW)   volume = 0.02381
   epoch 3:  61(gpu) -> 293(SW)   volume = 0.02381
   epoch 3:  62(gpu) -> 294(SW)   volume = 0.02381
   epoch 3:  63(gpu) -> 295(SW)   volume = 0.02381
   epoch 3:  289(SW) ->  1(gpu)   volume = 0.142857
   epoch 3:  290(SW) ->  2(gpu)   volume = 0.142857
   epoch 3:  291(SW) ->  3(gpu)   volume = 0.142857
   epoch 3:  292(SW) ->  4(gpu)   volume = 0.142857
   epoch 3:  293(SW) ->  5(gpu)   volume = 0.142857
   epoch 3:  294(SW) ->  6(gpu)   volume = 0.142857
   epoch 3:  295(SW) ->  7(gpu)   volume = 0.142857
   epoch 4:   9(gpu) -> 289(SW)   volume = 0.02381
   epoch 4:  10(gpu) -> 290(SW)   volume = 0.02381
   epoch 4:  11(gpu) -> 291(SW)   volume = 0.02381
   epoch 4:  12(gpu) -> 292(SW)   volume = 0.02381
   epoch 4:  13(gpu) -> 293(SW)   volume = 0.02381
   epoch 4:  14(gpu) -> 294(SW)   volume = 0.02381
   epoch 4:  15(gpu) -> 295(SW)   volume = 0.02381
   epoch 4:  17(gpu) -> 289(SW)   volume = 0.02381
   epoch 4:  18(gpu) -> 290(SW)   volume = 0.02381
   epoch 4:  19(gpu) -> 291(SW)   volume = 0.02381
   epoch 4:  20(gpu) -> 292(SW)   volume = 0.02381
   epoch 4:  21(gpu) -> 293(SW)   volume = 0.02381
   epoch 4:  22(gpu) -> 294(SW)   volume = 0.02381
   epoch 4:  23(gpu) -> 295(SW)   volume = 0.02381
   epoch 4:  33(gpu) -> 289(SW)   volume = 0.02381
   epoch 4:  34(gpu) -> 290(SW)   volume = 0.02381
   epoch 4:  35(gpu) -> 291(SW)   volume = 0.02381
   epoch 4:  36(gpu) -> 292(SW)   volume = 0.02381
   epoch 4:  37(gpu) -> 293(SW)   volume = 0.02381
   epoch 4:  38(gpu) -> 294(SW)   volume = 0.02381
   epoch 4:  39(gpu) -> 295(SW)   volume = 0.02381
   epoch 4:  41(gpu) -> 289(SW)   volume = 0.02381
   epoch 4:  42(gpu) -> 290(SW)   volume = 0.02381
   epoch 4:  43(gpu) -> 291(SW)   volume = 0.02381
   epoch 4:  44(gpu) -> 292(SW)   volume = 0.02381
   epoch 4:  45(gpu) -> 293(SW)   volume = 0.02381
   epoch 4:  46(gpu) -> 294(SW)   volume = 0.02381
   epoch 4:  47(gpu) -> 295(SW)   volume = 0.02381
   epoch 4:  49(gpu) -> 289(SW)   volume = 0.02381
   epoch 4:  50(gpu) -> 290(SW)   volume = 0.02381
   epoch 4:  51(gpu) -> 291(SW)   volume = 0.02381
   epoch 4:  52(gpu) -> 292(SW)   volume = 0.02381
   epoch 4:  53(gpu) -> 293(SW)   volume = 0.02381
   epoch 4:  54(gpu) -> 294(SW)   volume = 0.02381
   epoch 4:  55(gpu) -> 295(SW)   volume = 0.02381
   epoch 4:  57(gpu) -> 289(SW)   volume = 0.02381
   epoch 4:  58(gpu) -> 290(SW)   volume = 0.02381
   epoch 4:  59(gpu) -> 291(SW)   volume = 0.02381
   epoch 4:  60(gpu) -> 292(SW)   volume = 0.02381
   epoch 4:  61(gpu) -> 293(SW)   volume = 0.02381
   epoch 4:  62(gpu) -> 294(SW)   volume = 0.02381
   epoch 4:  63(gpu) -> 295(SW)   volume = 0.02381
   epoch 4:  289(SW) ->  1(gpu)   volume = 0.142857
   epoch 4:  290(SW) ->  2(gpu)   volume = 0.142857
   epoch 4:  291(SW) ->  3(gpu)   volume = 0.142857
   epoch 4:  292(SW) ->  4(gpu)   volume = 0.142857
   epoch 4:  293(SW) ->  5(gpu)   volume = 0.142857
   epoch 4:  294(SW) ->  6(gpu)   volume = 0.142857
   epoch 4:  295(SW) ->  7(gpu)   volume = 0.142857
   epoch 5:   9(gpu) -> 289(SW)   volume = 0.02381
   epoch 5:  10(gpu) -> 290(SW)   volume = 0.02381
   epoch 5:  11(gpu) -> 291(SW)   volume = 0.02381
   epoch 5:  12(gpu) -> 292(SW)   volume = 0.02381
   epoch 5:  13(gpu) -> 293(SW)   volume = 0.02381
   epoch 5:  14(gpu) -> 294(SW)   volume = 0.02381
   epoch 5:  15(gpu) -> 295(SW)   volume = 0.02381
   epoch 5:  17(gpu) -> 289(SW)   volume = 0.02381
   epoch 5:  18(gpu) -> 290(SW)   volume = 0.02381
   epoch 5:  19(gpu) -> 291(SW)   volume = 0.02381
   epoch 5:  20(gpu) -> 292(SW)   volume = 0.02381
   epoch 5:  21(gpu) -> 293(SW)   volume = 0.02381
   epoch 5:  22(gpu) -> 294(SW)   volume = 0.02381
   epoch 5:  23(gpu) -> 295(SW)   volume = 0.02381
   epoch 5:  33(gpu) -> 289(SW)   volume = 0.02381
   epoch 5:  34(gpu) -> 290(SW)   volume = 0.02381
   epoch 5:  35(gpu) -> 291(SW)   volume = 0.02381
   epoch 5:  36(gpu) -> 292(SW)   volume = 0.02381
   epoch 5:  37(gpu) -> 293(SW)   volume = 0.02381
   epoch 5:  38(gpu) -> 294(SW)   volume = 0.02381
   epoch 5:  39(gpu) -> 295(SW)   volume = 0.02381
   epoch 5:  41(gpu) -> 289(SW)   volume = 0.02381
   epoch 5:  42(gpu) -> 290(SW)   volume = 0.02381
   epoch 5:  43(gpu) -> 291(SW)   volume = 0.02381
   epoch 5:  44(gpu) -> 292(SW)   volume = 0.02381
   epoch 5:  45(gpu) -> 293(SW)   volume = 0.02381
   epoch 5:  46(gpu) -> 294(SW)   volume = 0.02381
   epoch 5:  47(gpu) -> 295(SW)   volume = 0.02381
   epoch 5:  49(gpu) -> 289(SW)   volume = 0.02381
   epoch 5:  50(gpu) -> 290(SW)   volume = 0.02381
   epoch 5:  51(gpu) -> 291(SW)   volume = 0.02381
   epoch 5:  52(gpu) -> 292(SW)   volume = 0.02381
   epoch 5:  53(gpu) -> 293(SW)   volume = 0.02381
   epoch 5:  54(gpu) -> 294(SW)   volume = 0.02381
   epoch 5:  55(gpu) -> 295(SW)   volume = 0.02381
   epoch 5:  57(gpu) -> 289(SW)   volume = 0.02381
   epoch 5:  58(gpu) -> 290(SW)   volume = 0.02381
   epoch 5:  59(gpu) -> 291(SW)   volume = 0.02381
   epoch 5:  60(gpu) -> 292(SW)   volume = 0.02381
   epoch 5:  61(gpu) -> 293(SW)   volume = 0.02381
   epoch 5:  62(gpu) -> 294(SW)   volume = 0.02381
   epoch 5:  63(gpu) -> 295(SW)   volume = 0.02381
   epoch 5:  289(SW) ->  1(gpu)   volume = 0.142857
   epoch 5:  290(SW) ->  2(gpu)   volume = 0.142857
   epoch 5:  291(SW) ->  3(gpu)   volume = 0.142857
   epoch 5:  292(SW) ->  4(gpu)   volume = 0.142857
   epoch 5:  293(SW) ->  5(gpu)   volume = 0.142857
   epoch 5:  294(SW) ->  6(gpu)   volume = 0.142857
   epoch 5:  295(SW) ->  7(gpu)   volume = 0.142857
   epoch 6:   9(gpu) -> 289(SW)   volume = 0.02381
   epoch 6:  10(gpu) -> 290(SW)   volume = 0.02381
   epoch 6:  11(gpu) -> 291(SW)   volume = 0.02381
   epoch 6:  12(gpu) -> 292(SW)   volume = 0.02381
   epoch 6:  13(gpu) -> 293(SW)   volume = 0.02381
   epoch 6:  14(gpu) -> 294(SW)   volume = 0.02381
   epoch 6:  15(gpu) -> 295(SW)   volume = 0.02381
   epoch 6:  17(gpu) -> 289(SW)   volume = 0.02381
   epoch 6:  18(gpu) -> 290(SW)   volume = 0.02381
   epoch 6:  19(gpu) -> 291(SW)   volume = 0.02381
   epoch 6:  20(gpu) -> 292(SW)   volume = 0.02381
   epoch 6:  21(gpu) -> 293(SW)   volume = 0.02381
   epoch 6:  22(gpu) -> 294(SW)   volume = 0.02381
   epoch 6:  23(gpu) -> 295(SW)   volume = 0.02381
   epoch 6:  33(gpu) -> 289(SW)   volume = 0.02381
   epoch 6:  34(gpu) -> 290(SW)   volume = 0.02381
   epoch 6:  35(gpu) -> 291(SW)   volume = 0.02381
   epoch 6:  36(gpu) -> 292(SW)   volume = 0.02381
   epoch 6:  37(gpu) -> 293(SW)   volume = 0.02381
   epoch 6:  38(gpu) -> 294(SW)   volume = 0.02381
   epoch 6:  39(gpu) -> 295(SW)   volume = 0.02381
   epoch 6:  41(gpu) -> 289(SW)   volume = 0.02381
   epoch 6:  42(gpu) -> 290(SW)   volume = 0.02381
   epoch 6:  43(gpu) -> 291(SW)   volume = 0.02381
   epoch 6:  44(gpu) -> 292(SW)   volume = 0.02381
   epoch 6:  45(gpu) -> 293(SW)   volume = 0.02381
   epoch 6:  46(gpu) -> 294(SW)   volume = 0.02381
   epoch 6:  47(gpu) -> 295(SW)   volume = 0.02381
   epoch 6:  49(gpu) -> 289(SW)   volume = 0.02381
   epoch 6:  50(gpu) -> 290(SW)   volume = 0.02381
   epoch 6:  51(gpu) -> 291(SW)   volume = 0.02381
   epoch 6:  52(gpu) -> 292(SW)   volume = 0.02381
   epoch 6:  53(gpu) -> 293(SW)   volume = 0.02381
   epoch 6:  54(gpu) -> 294(SW)   volume = 0.02381
   epoch 6:  55(gpu) -> 295(SW)   volume = 0.02381
   epoch 6:  57(gpu) -> 289(SW)   volume = 0.02381
   epoch 6:  58(gpu) -> 290(SW)   volume = 0.02381
   epoch 6:  59(gpu) -> 291(SW)   volume = 0.02381
   epoch 6:  60(gpu) -> 292(SW)   volume = 0.02381
   epoch 6:  61(gpu) -> 293(SW)   volume = 0.02381
   epoch 6:  62(gpu) -> 294(SW)   volume = 0.02381
   epoch 6:  63(gpu) -> 295(SW)   volume = 0.02381
   epoch 6:  289(SW) ->  1(gpu)   volume = 0.142857
   epoch 6:  290(SW) ->  2(gpu)   volume = 0.142857
   epoch 6:  291(SW) ->  3(gpu)   volume = 0.142857
   epoch 6:  292(SW) ->  4(gpu)   volume = 0.142857
   epoch 6:  293(SW) ->  5(gpu)   volume = 0.142857
   epoch 6:  294(SW) ->  6(gpu)   volume = 0.142857
   epoch 6:  295(SW) ->  7(gpu)   volume = 0.142857
   epoch 7:   1(gpu) -> 256(SW)   volume = 1.0
   epoch 7:   2(gpu) -> 256(SW)   volume = 1.0
   epoch 7:   3(gpu) -> 256(SW)   volume = 1.0
   epoch 7:   4(gpu) -> 256(SW)   volume = 1.0
   epoch 7:   5(gpu) -> 256(SW)   volume = 1.0
   epoch 7:   6(gpu) -> 256(SW)   volume = 1.0
   epoch 7:   7(gpu) -> 256(SW)   volume = 1.0
   epoch 7:   9(gpu) -> 257(SW)   volume = 0.142857
   epoch 7:   9(gpu) -> 289(SW)   volume = 0.02381
   epoch 7:  10(gpu) -> 257(SW)   volume = 0.142857
   epoch 7:  10(gpu) -> 290(SW)   volume = 0.02381
   epoch 7:  11(gpu) -> 257(SW)   volume = 0.142857
   epoch 7:  11(gpu) -> 291(SW)   volume = 0.02381
   epoch 7:  12(gpu) -> 257(SW)   volume = 0.142857
   epoch 7:  12(gpu) -> 292(SW)   volume = 0.02381
   epoch 7:  13(gpu) -> 257(SW)   volume = 0.142857
   epoch 7:  13(gpu) -> 293(SW)   volume = 0.02381
   epoch 7:  14(gpu) -> 257(SW)   volume = 0.142857
   epoch 7:  14(gpu) -> 294(SW)   volume = 0.02381
   epoch 7:  15(gpu) -> 257(SW)   volume = 0.142857
   epoch 7:  15(gpu) -> 295(SW)   volume = 0.02381
   epoch 7:  17(gpu) -> 258(SW)   volume = 0.142857
   epoch 7:  17(gpu) -> 289(SW)   volume = 0.02381
   epoch 7:  18(gpu) -> 258(SW)   volume = 0.142857
   epoch 7:  18(gpu) -> 290(SW)   volume = 0.02381
   epoch 7:  19(gpu) -> 258(SW)   volume = 0.142857
   epoch 7:  19(gpu) -> 291(SW)   volume = 0.02381
   epoch 7:  20(gpu) -> 258(SW)   volume = 0.142857
   epoch 7:  20(gpu) -> 292(SW)   volume = 0.02381
   epoch 7:  21(gpu) -> 258(SW)   volume = 0.142857
   epoch 7:  21(gpu) -> 293(SW)   volume = 0.02381
   epoch 7:  22(gpu) -> 258(SW)   volume = 0.142857
   epoch 7:  22(gpu) -> 294(SW)   volume = 0.02381
   epoch 7:  23(gpu) -> 258(SW)   volume = 0.142857
   epoch 7:  23(gpu) -> 295(SW)   volume = 0.02381
   epoch 7:  33(gpu) -> 260(SW)   volume = 0.142857
   epoch 7:  33(gpu) -> 289(SW)   volume = 0.02381
   epoch 7:  34(gpu) -> 260(SW)   volume = 0.142857
   epoch 7:  34(gpu) -> 290(SW)   volume = 0.02381
   epoch 7:  35(gpu) -> 260(SW)   volume = 0.142857
   epoch 7:  35(gpu) -> 291(SW)   volume = 0.02381
   epoch 7:  36(gpu) -> 260(SW)   volume = 0.142857
   epoch 7:  36(gpu) -> 292(SW)   volume = 0.02381
   epoch 7:  37(gpu) -> 260(SW)   volume = 0.142857
   epoch 7:  37(gpu) -> 293(SW)   volume = 0.02381
   epoch 7:  38(gpu) -> 260(SW)   volume = 0.142857
   epoch 7:  38(gpu) -> 294(SW)   volume = 0.02381
   epoch 7:  39(gpu) -> 260(SW)   volume = 0.142857
   epoch 7:  39(gpu) -> 295(SW)   volume = 0.02381
   epoch 7:  41(gpu) -> 261(SW)   volume = 0.142857
   epoch 7:  41(gpu) -> 289(SW)   volume = 0.02381
   epoch 7:  42(gpu) -> 261(SW)   volume = 0.142857
   epoch 7:  42(gpu) -> 290(SW)   volume = 0.02381
   epoch 7:  43(gpu) -> 261(SW)   volume = 0.142857
   epoch 7:  43(gpu) -> 291(SW)   volume = 0.02381
   epoch 7:  44(gpu) -> 261(SW)   volume = 0.142857
   epoch 7:  44(gpu) -> 292(SW)   volume = 0.02381
   epoch 7:  45(gpu) -> 261(SW)   volume = 0.142857
   epoch 7:  45(gpu) -> 293(SW)   volume = 0.02381
   epoch 7:  46(gpu) -> 261(SW)   volume = 0.142857
   epoch 7:  46(gpu) -> 294(SW)   volume = 0.02381
   epoch 7:  47(gpu) -> 261(SW)   volume = 0.142857
   epoch 7:  47(gpu) -> 295(SW)   volume = 0.02381
   epoch 7:  49(gpu) -> 262(SW)   volume = 0.142857
   epoch 7:  49(gpu) -> 289(SW)   volume = 0.02381
   epoch 7:  50(gpu) -> 262(SW)   volume = 0.142857
   epoch 7:  50(gpu) -> 290(SW)   volume = 0.02381
   epoch 7:  51(gpu) -> 262(SW)   volume = 0.142857
   epoch 7:  51(gpu) -> 291(SW)   volume = 0.02381
   epoch 7:  52(gpu) -> 262(SW)   volume = 0.142857
   epoch 7:  52(gpu) -> 292(SW)   volume = 0.02381
   epoch 7:  53(gpu) -> 262(SW)   volume = 0.142857
   epoch 7:  53(gpu) -> 293(SW)   volume = 0.02381
   epoch 7:  54(gpu) -> 262(SW)   volume = 0.142857
   epoch 7:  54(gpu) -> 294(SW)   volume = 0.02381
   epoch 7:  55(gpu) -> 262(SW)   volume = 0.142857
   epoch 7:  55(gpu) -> 295(SW)   volume = 0.02381
   epoch 7:  57(gpu) -> 263(SW)   volume = 0.142857
   epoch 7:  57(gpu) -> 289(SW)   volume = 0.02381
   epoch 7:  58(gpu) -> 263(SW)   volume = 0.142857
   epoch 7:  58(gpu) -> 290(SW)   volume = 0.02381
   epoch 7:  59(gpu) -> 263(SW)   volume = 0.142857
   epoch 7:  59(gpu) -> 291(SW)   volume = 0.02381
   epoch 7:  60(gpu) -> 263(SW)   volume = 0.142857
   epoch 7:  60(gpu) -> 292(SW)   volume = 0.02381
   epoch 7:  61(gpu) -> 263(SW)   volume = 0.142857
   epoch 7:  61(gpu) -> 293(SW)   volume = 0.02381
   epoch 7:  62(gpu) -> 263(SW)   volume = 0.142857
   epoch 7:  62(gpu) -> 294(SW)   volume = 0.02381
   epoch 7:  63(gpu) -> 263(SW)   volume = 0.142857
   epoch 7:  63(gpu) -> 295(SW)   volume = 0.02381
   epoch 7:  256(SW) ->  0(gpu)   volume = 1.0
   epoch 7:  256(SW) ->  1(gpu)   volume = 0.857143
   epoch 7:  256(SW) ->  2(gpu)   volume = 0.857143
   epoch 7:  256(SW) ->  3(gpu)   volume = 0.857143
   epoch 7:  256(SW) ->  4(gpu)   volume = 0.857143
   epoch 7:  256(SW) ->  5(gpu)   volume = 0.857143
   epoch 7:  256(SW) ->  6(gpu)   volume = 0.857143
   epoch 7:  256(SW) ->  7(gpu)   volume = 0.857143
   epoch 7:  257(SW) ->  8(gpu)   volume = 1.0
   epoch 7:  258(SW) -> 16(gpu)   volume = 1.0
   epoch 7:  260(SW) -> 32(gpu)   volume = 1.0
   epoch 7:  261(SW) -> 40(gpu)   volume = 1.0
   epoch 7:  262(SW) -> 48(gpu)   volume = 1.0
   epoch 7:  263(SW) -> 56(gpu)   volume = 1.0
   epoch 7:  289(SW) ->  1(gpu)   volume = 0.142857
   epoch 7:  290(SW) ->  2(gpu)   volume = 0.142857
   epoch 7:  291(SW) ->  3(gpu)   volume = 0.142857
   epoch 7:  292(SW) ->  4(gpu)   volume = 0.142857
   epoch 7:  293(SW) ->  5(gpu)   volume = 0.142857
   epoch 7:  294(SW) ->  6(gpu)   volume = 0.142857
   epoch 7:  295(SW) ->  7(gpu)   volume = 0.142857

-- source 32 --
   epoch 0:  32(gpu) -> 260(SW)   volume = 13.0
   epoch 0:  32(gpu) -> 288(SW)   volume = 1.0
   epoch 0:  260(SW) -> 33(gpu)   volume = 1.857143
   epoch 0:  260(SW) -> 34(gpu)   volume = 1.857143
   epoch 0:  260(SW) -> 35(gpu)   volume = 1.857143
   epoch 0:  260(SW) -> 36(gpu)   volume = 1.857143
   epoch 0:  260(SW) -> 37(gpu)   volume = 1.857143
   epoch 0:  260(SW) -> 38(gpu)   volume = 1.857143
   epoch 0:  260(SW) -> 39(gpu)   volume = 1.857143
   epoch 0:  288(SW) -> 296(SW)   volume = 0.25
   epoch 0:  288(SW) -> 297(SW)   volume = 0.25
   epoch 0:  288(SW) -> 298(SW)   volume = 0.25
   epoch 0:  288(SW) -> 299(SW)   volume = 0.25
   epoch 0:  289(SW) ->  1(gpu)   volume = 0.142857
   epoch 0:  290(SW) ->  2(gpu)   volume = 0.142857
   epoch 0:  291(SW) ->  3(gpu)   volume = 0.142857
   epoch 0:  292(SW) ->  4(gpu)   volume = 0.142857
   epoch 0:  293(SW) ->  5(gpu)   volume = 0.142857
   epoch 0:  294(SW) ->  6(gpu)   volume = 0.142857
   epoch 0:  295(SW) ->  7(gpu)   volume = 0.142857
   epoch 0:  296(SW) -> 289(SW)   volume = 0.035714
   epoch 0:  296(SW) -> 290(SW)   volume = 0.035714
   epoch 0:  296(SW) -> 291(SW)   volume = 0.035714
   epoch 0:  296(SW) -> 292(SW)   volume = 0.035714
   epoch 0:  296(SW) -> 293(SW)   volume = 0.035714
   epoch 0:  296(SW) -> 294(SW)   volume = 0.035714
   epoch 0:  296(SW) -> 295(SW)   volume = 0.035714
   epoch 0:  297(SW) -> 289(SW)   volume = 0.035714
   epoch 0:  297(SW) -> 290(SW)   volume = 0.035714
   epoch 0:  297(SW) -> 291(SW)   volume = 0.035714
   epoch 0:  297(SW) -> 292(SW)   volume = 0.035714
   epoch 0:  297(SW) -> 293(SW)   volume = 0.035714
   epoch 0:  297(SW) -> 294(SW)   volume = 0.035714
   epoch 0:  297(SW) -> 295(SW)   volume = 0.035714
   epoch 0:  298(SW) -> 289(SW)   volume = 0.035714
   epoch 0:  298(SW) -> 290(SW)   volume = 0.035714
   epoch 0:  298(SW) -> 291(SW)   volume = 0.035714
   epoch 0:  298(SW) -> 292(SW)   volume = 0.035714
   epoch 0:  298(SW) -> 293(SW)   volume = 0.035714
   epoch 0:  298(SW) -> 294(SW)   volume = 0.035714
   epoch 0:  298(SW) -> 295(SW)   volume = 0.035714
   epoch 0:  299(SW) -> 289(SW)   volume = 0.035714
   epoch 0:  299(SW) -> 290(SW)   volume = 0.035714
   epoch 0:  299(SW) -> 291(SW)   volume = 0.035714
   epoch 0:  299(SW) -> 292(SW)   volume = 0.035714
   epoch 0:  299(SW) -> 293(SW)   volume = 0.035714
   epoch 0:  299(SW) -> 294(SW)   volume = 0.035714
   epoch 0:  299(SW) -> 295(SW)   volume = 0.035714
   epoch 1:  33(gpu) -> 289(SW)   volume = 1.0
   epoch 1:  34(gpu) -> 290(SW)   volume = 1.0
   epoch 1:  35(gpu) -> 291(SW)   volume = 1.0
   epoch 1:  36(gpu) -> 292(SW)   volume = 1.0
   epoch 1:  37(gpu) -> 293(SW)   volume = 1.0
   epoch 1:  38(gpu) -> 294(SW)   volume = 1.0
   epoch 1:  39(gpu) -> 295(SW)   volume = 1.0
   epoch 1:  289(SW) ->  1(gpu)   volume = 0.142857
   epoch 1:  289(SW) ->  9(gpu)   volume = 0.142857
   epoch 1:  289(SW) -> 17(gpu)   volume = 0.142857
   epoch 1:  289(SW) -> 25(gpu)   volume = 0.142857
   epoch 1:  289(SW) -> 41(gpu)   volume = 0.142857
   epoch 1:  289(SW) -> 49(gpu)   volume = 0.142857
   epoch 1:  289(SW) -> 57(gpu)   volume = 0.142857
   epoch 1:  290(SW) ->  2(gpu)   volume = 0.142857
   epoch 1:  290(SW) -> 10(gpu)   volume = 0.142857
   epoch 1:  290(SW) -> 18(gpu)   volume = 0.142857
   epoch 1:  290(SW) -> 26(gpu)   volume = 0.142857
   epoch 1:  290(SW) -> 42(gpu)   volume = 0.142857
   epoch 1:  290(SW) -> 50(gpu)   volume = 0.142857
   epoch 1:  290(SW) -> 58(gpu)   volume = 0.142857
   epoch 1:  291(SW) ->  3(gpu)   volume = 0.142857
   epoch 1:  291(SW) -> 11(gpu)   volume = 0.142857
   epoch 1:  291(SW) -> 19(gpu)   volume = 0.142857
   epoch 1:  291(SW) -> 27(gpu)   volume = 0.142857
   epoch 1:  291(SW) -> 43(gpu)   volume = 0.142857
   epoch 1:  291(SW) -> 51(gpu)   volume = 0.142857
   epoch 1:  291(SW) -> 59(gpu)   volume = 0.142857
   epoch 1:  292(SW) ->  4(gpu)   volume = 0.142857
   epoch 1:  292(SW) -> 12(gpu)   volume = 0.142857
   epoch 1:  292(SW) -> 20(gpu)   volume = 0.142857
   epoch 1:  292(SW) -> 28(gpu)   volume = 0.142857
   epoch 1:  292(SW) -> 44(gpu)   volume = 0.142857
   epoch 1:  292(SW) -> 52(gpu)   volume = 0.142857
   epoch 1:  292(SW) -> 60(gpu)   volume = 0.142857
   epoch 1:  293(SW) ->  5(gpu)   volume = 0.142857
   epoch 1:  293(SW) -> 13(gpu)   volume = 0.142857
   epoch 1:  293(SW) -> 21(gpu)   volume = 0.142857
   epoch 1:  293(SW) -> 29(gpu)   volume = 0.142857
   epoch 1:  293(SW) -> 45(gpu)   volume = 0.142857
   epoch 1:  293(SW) -> 53(gpu)   volume = 0.142857
   epoch 1:  293(SW) -> 61(gpu)   volume = 0.142857
   epoch 1:  294(SW) ->  6(gpu)   volume = 0.142857
   epoch 1:  294(SW) -> 14(gpu)   volume = 0.142857
   epoch 1:  294(SW) -> 22(gpu)   volume = 0.142857
   epoch 1:  294(SW) -> 30(gpu)   volume = 0.142857
   epoch 1:  294(SW) -> 46(gpu)   volume = 0.142857
   epoch 1:  294(SW) -> 54(gpu)   volume = 0.142857
   epoch 1:  294(SW) -> 62(gpu)   volume = 0.142857
   epoch 1:  295(SW) ->  7(gpu)   volume = 0.142857
   epoch 1:  295(SW) -> 15(gpu)   volume = 0.142857
   epoch 1:  295(SW) -> 23(gpu)   volume = 0.142857
   epoch 1:  295(SW) -> 31(gpu)   volume = 0.142857
   epoch 1:  295(SW) -> 47(gpu)   volume = 0.142857
   epoch 1:  295(SW) -> 55(gpu)   volume = 0.142857
   epoch 1:  295(SW) -> 63(gpu)   volume = 0.142857
   epoch 2:  33(gpu) -> 289(SW)   volume = 0.857143
   epoch 2:  34(gpu) -> 290(SW)   volume = 0.857143
   epoch 2:  35(gpu) -> 291(SW)   volume = 0.857143
   epoch 2:  36(gpu) -> 292(SW)   volume = 0.857143
   epoch 2:  37(gpu) -> 293(SW)   volume = 0.857143
   epoch 2:  38(gpu) -> 294(SW)   volume = 0.857143
   epoch 2:  39(gpu) -> 295(SW)   volume = 0.857143
   epoch 2:  289(SW) ->  1(gpu)   volume = 0.142857
   epoch 2:  289(SW) ->  9(gpu)   volume = 0.119048
   epoch 2:  289(SW) -> 17(gpu)   volume = 0.119048
   epoch 2:  289(SW) -> 25(gpu)   volume = 0.119048
   epoch 2:  289(SW) -> 41(gpu)   volume = 0.119048
   epoch 2:  289(SW) -> 49(gpu)   volume = 0.119048
   epoch 2:  289(SW) -> 57(gpu)   volume = 0.119048
   epoch 2:  290(SW) ->  2(gpu)   volume = 0.142857
   epoch 2:  290(SW) -> 10(gpu)   volume = 0.119048
   epoch 2:  290(SW) -> 18(gpu)   volume = 0.119048
   epoch 2:  290(SW) -> 26(gpu)   volume = 0.119048
   epoch 2:  290(SW) -> 42(gpu)   volume = 0.119048
   epoch 2:  290(SW) -> 50(gpu)   volume = 0.119048
   epoch 2:  290(SW) -> 58(gpu)   volume = 0.119048
   epoch 2:  291(SW) ->  3(gpu)   volume = 0.142857
   epoch 2:  291(SW) -> 11(gpu)   volume = 0.119048
   epoch 2:  291(SW) -> 19(gpu)   volume = 0.119048
   epoch 2:  291(SW) -> 27(gpu)   volume = 0.119048
   epoch 2:  291(SW) -> 43(gpu)   volume = 0.119048
   epoch 2:  291(SW) -> 51(gpu)   volume = 0.119048
   epoch 2:  291(SW) -> 59(gpu)   volume = 0.119048
   epoch 2:  292(SW) ->  4(gpu)   volume = 0.142857
   epoch 2:  292(SW) -> 12(gpu)   volume = 0.119048
   epoch 2:  292(SW) -> 20(gpu)   volume = 0.119048
   epoch 2:  292(SW) -> 28(gpu)   volume = 0.119048
   epoch 2:  292(SW) -> 44(gpu)   volume = 0.119048
   epoch 2:  292(SW) -> 52(gpu)   volume = 0.119048
   epoch 2:  292(SW) -> 60(gpu)   volume = 0.119048
   epoch 2:  293(SW) ->  5(gpu)   volume = 0.142857
   epoch 2:  293(SW) -> 13(gpu)   volume = 0.119048
   epoch 2:  293(SW) -> 21(gpu)   volume = 0.119048
   epoch 2:  293(SW) -> 29(gpu)   volume = 0.119048
   epoch 2:  293(SW) -> 45(gpu)   volume = 0.119048
   epoch 2:  293(SW) -> 53(gpu)   volume = 0.119048
   epoch 2:  293(SW) -> 61(gpu)   volume = 0.119048
   epoch 2:  294(SW) ->  6(gpu)   volume = 0.142857
   epoch 2:  294(SW) -> 14(gpu)   volume = 0.119048
   epoch 2:  294(SW) -> 22(gpu)   volume = 0.119048
   epoch 2:  294(SW) -> 30(gpu)   volume = 0.119048
   epoch 2:  294(SW) -> 46(gpu)   volume = 0.119048
   epoch 2:  294(SW) -> 54(gpu)   volume = 0.119048
   epoch 2:  294(SW) -> 62(gpu)   volume = 0.119048
   epoch 2:  295(SW) ->  7(gpu)   volume = 0.142857
   epoch 2:  295(SW) -> 15(gpu)   volume = 0.119048
   epoch 2:  295(SW) -> 23(gpu)   volume = 0.119048
   epoch 2:  295(SW) -> 31(gpu)   volume = 0.119048
   epoch 2:  295(SW) -> 47(gpu)   volume = 0.119048
   epoch 2:  295(SW) -> 55(gpu)   volume = 0.119048
   epoch 2:  295(SW) -> 63(gpu)   volume = 0.119048
   epoch 3:   9(gpu) -> 289(SW)   volume = 0.02381
   epoch 3:  10(gpu) -> 290(SW)   volume = 0.02381
   epoch 3:  11(gpu) -> 291(SW)   volume = 0.02381
   epoch 3:  12(gpu) -> 292(SW)   volume = 0.02381
   epoch 3:  13(gpu) -> 293(SW)   volume = 0.02381
   epoch 3:  14(gpu) -> 294(SW)   volume = 0.02381
   epoch 3:  15(gpu) -> 295(SW)   volume = 0.02381
   epoch 3:  17(gpu) -> 289(SW)   volume = 0.02381
   epoch 3:  18(gpu) -> 290(SW)   volume = 0.02381
   epoch 3:  19(gpu) -> 291(SW)   volume = 0.02381
   epoch 3:  20(gpu) -> 292(SW)   volume = 0.02381
   epoch 3:  21(gpu) -> 293(SW)   volume = 0.02381
   epoch 3:  22(gpu) -> 294(SW)   volume = 0.02381
   epoch 3:  23(gpu) -> 295(SW)   volume = 0.02381
   epoch 3:  25(gpu) -> 289(SW)   volume = 0.02381
   epoch 3:  26(gpu) -> 290(SW)   volume = 0.02381
   epoch 3:  27(gpu) -> 291(SW)   volume = 0.02381
   epoch 3:  28(gpu) -> 292(SW)   volume = 0.02381
   epoch 3:  29(gpu) -> 293(SW)   volume = 0.02381
   epoch 3:  30(gpu) -> 294(SW)   volume = 0.02381
   epoch 3:  31(gpu) -> 295(SW)   volume = 0.02381
   epoch 3:  41(gpu) -> 289(SW)   volume = 0.02381
   epoch 3:  42(gpu) -> 290(SW)   volume = 0.02381
   epoch 3:  43(gpu) -> 291(SW)   volume = 0.02381
   epoch 3:  44(gpu) -> 292(SW)   volume = 0.02381
   epoch 3:  45(gpu) -> 293(SW)   volume = 0.02381
   epoch 3:  46(gpu) -> 294(SW)   volume = 0.02381
   epoch 3:  47(gpu) -> 295(SW)   volume = 0.02381
   epoch 3:  49(gpu) -> 289(SW)   volume = 0.02381
   epoch 3:  50(gpu) -> 290(SW)   volume = 0.02381
   epoch 3:  51(gpu) -> 291(SW)   volume = 0.02381
   epoch 3:  52(gpu) -> 292(SW)   volume = 0.02381
   epoch 3:  53(gpu) -> 293(SW)   volume = 0.02381
   epoch 3:  54(gpu) -> 294(SW)   volume = 0.02381
   epoch 3:  55(gpu) -> 295(SW)   volume = 0.02381
   epoch 3:  57(gpu) -> 289(SW)   volume = 0.02381
   epoch 3:  58(gpu) -> 290(SW)   volume = 0.02381
   epoch 3:  59(gpu) -> 291(SW)   volume = 0.02381
   epoch 3:  60(gpu) -> 292(SW)   volume = 0.02381
   epoch 3:  61(gpu) -> 293(SW)   volume = 0.02381
   epoch 3:  62(gpu) -> 294(SW)   volume = 0.02381
   epoch 3:  63(gpu) -> 295(SW)   volume = 0.02381
   epoch 3:  289(SW) ->  1(gpu)   volume = 0.142857
   epoch 3:  290(SW) ->  2(gpu)   volume = 0.142857
   epoch 3:  291(SW) ->  3(gpu)   volume = 0.142857
   epoch 3:  292(SW) ->  4(gpu)   volume = 0.142857
   epoch 3:  293(SW) ->  5(gpu)   volume = 0.142857
   epoch 3:  294(SW) ->  6(gpu)   volume = 0.142857
   epoch 3:  295(SW) ->  7(gpu)   volume = 0.142857
   epoch 4:   9(gpu) -> 289(SW)   volume = 0.02381
   epoch 4:  10(gpu) -> 290(SW)   volume = 0.02381
   epoch 4:  11(gpu) -> 291(SW)   volume = 0.02381
   epoch 4:  12(gpu) -> 292(SW)   volume = 0.02381
   epoch 4:  13(gpu) -> 293(SW)   volume = 0.02381
   epoch 4:  14(gpu) -> 294(SW)   volume = 0.02381
   epoch 4:  15(gpu) -> 295(SW)   volume = 0.02381
   epoch 4:  17(gpu) -> 289(SW)   volume = 0.02381
   epoch 4:  18(gpu) -> 290(SW)   volume = 0.02381
   epoch 4:  19(gpu) -> 291(SW)   volume = 0.02381
   epoch 4:  20(gpu) -> 292(SW)   volume = 0.02381
   epoch 4:  21(gpu) -> 293(SW)   volume = 0.02381
   epoch 4:  22(gpu) -> 294(SW)   volume = 0.02381
   epoch 4:  23(gpu) -> 295(SW)   volume = 0.02381
   epoch 4:  25(gpu) -> 289(SW)   volume = 0.02381
   epoch 4:  26(gpu) -> 290(SW)   volume = 0.02381
   epoch 4:  27(gpu) -> 291(SW)   volume = 0.02381
   epoch 4:  28(gpu) -> 292(SW)   volume = 0.02381
   epoch 4:  29(gpu) -> 293(SW)   volume = 0.02381
   epoch 4:  30(gpu) -> 294(SW)   volume = 0.02381
   epoch 4:  31(gpu) -> 295(SW)   volume = 0.02381
   epoch 4:  41(gpu) -> 289(SW)   volume = 0.02381
   epoch 4:  42(gpu) -> 290(SW)   volume = 0.02381
   epoch 4:  43(gpu) -> 291(SW)   volume = 0.02381
   epoch 4:  44(gpu) -> 292(SW)   volume = 0.02381
   epoch 4:  45(gpu) -> 293(SW)   volume = 0.02381
   epoch 4:  46(gpu) -> 294(SW)   volume = 0.02381
   epoch 4:  47(gpu) -> 295(SW)   volume = 0.02381
   epoch 4:  49(gpu) -> 289(SW)   volume = 0.02381
   epoch 4:  50(gpu) -> 290(SW)   volume = 0.02381
   epoch 4:  51(gpu) -> 291(SW)   volume = 0.02381
   epoch 4:  52(gpu) -> 292(SW)   volume = 0.02381
   epoch 4:  53(gpu) -> 293(SW)   volume = 0.02381
   epoch 4:  54(gpu) -> 294(SW)   volume = 0.02381
   epoch 4:  55(gpu) -> 295(SW)   volume = 0.02381
   epoch 4:  57(gpu) -> 289(SW)   volume = 0.02381
   epoch 4:  58(gpu) -> 290(SW)   volume = 0.02381
   epoch 4:  59(gpu) -> 291(SW)   volume = 0.02381
   epoch 4:  60(gpu) -> 292(SW)   volume = 0.02381
   epoch 4:  61(gpu) -> 293(SW)   volume = 0.02381
   epoch 4:  62(gpu) -> 294(SW)   volume = 0.02381
   epoch 4:  63(gpu) -> 295(SW)   volume = 0.02381
   epoch 4:  289(SW) ->  1(gpu)   volume = 0.142857
   epoch 4:  290(SW) ->  2(gpu)   volume = 0.142857
   epoch 4:  291(SW) ->  3(gpu)   volume = 0.142857
   epoch 4:  292(SW) ->  4(gpu)   volume = 0.142857
   epoch 4:  293(SW) ->  5(gpu)   volume = 0.142857
   epoch 4:  294(SW) ->  6(gpu)   volume = 0.142857
   epoch 4:  295(SW) ->  7(gpu)   volume = 0.142857
   epoch 5:   9(gpu) -> 289(SW)   volume = 0.02381
   epoch 5:  10(gpu) -> 290(SW)   volume = 0.02381
   epoch 5:  11(gpu) -> 291(SW)   volume = 0.02381
   epoch 5:  12(gpu) -> 292(SW)   volume = 0.02381
   epoch 5:  13(gpu) -> 293(SW)   volume = 0.02381
   epoch 5:  14(gpu) -> 294(SW)   volume = 0.02381
   epoch 5:  15(gpu) -> 295(SW)   volume = 0.02381
   epoch 5:  17(gpu) -> 289(SW)   volume = 0.02381
   epoch 5:  18(gpu) -> 290(SW)   volume = 0.02381
   epoch 5:  19(gpu) -> 291(SW)   volume = 0.02381
   epoch 5:  20(gpu) -> 292(SW)   volume = 0.02381
   epoch 5:  21(gpu) -> 293(SW)   volume = 0.02381
   epoch 5:  22(gpu) -> 294(SW)   volume = 0.02381
   epoch 5:  23(gpu) -> 295(SW)   volume = 0.02381
   epoch 5:  25(gpu) -> 289(SW)   volume = 0.02381
   epoch 5:  26(gpu) -> 290(SW)   volume = 0.02381
   epoch 5:  27(gpu) -> 291(SW)   volume = 0.02381
   epoch 5:  28(gpu) -> 292(SW)   volume = 0.02381
   epoch 5:  29(gpu) -> 293(SW)   volume = 0.02381
   epoch 5:  30(gpu) -> 294(SW)   volume = 0.02381
   epoch 5:  31(gpu) -> 295(SW)   volume = 0.02381
   epoch 5:  41(gpu) -> 289(SW)   volume = 0.02381
   epoch 5:  42(gpu) -> 290(SW)   volume = 0.02381
   epoch 5:  43(gpu) -> 291(SW)   volume = 0.02381
   epoch 5:  44(gpu) -> 292(SW)   volume = 0.02381
   epoch 5:  45(gpu) -> 293(SW)   volume = 0.02381
   epoch 5:  46(gpu) -> 294(SW)   volume = 0.02381
   epoch 5:  47(gpu) -> 295(SW)   volume = 0.02381
   epoch 5:  49(gpu) -> 289(SW)   volume = 0.02381
   epoch 5:  50(gpu) -> 290(SW)   volume = 0.02381
   epoch 5:  51(gpu) -> 291(SW)   volume = 0.02381
   epoch 5:  52(gpu) -> 292(SW)   volume = 0.02381
   epoch 5:  53(gpu) -> 293(SW)   volume = 0.02381
   epoch 5:  54(gpu) -> 294(SW)   volume = 0.02381
   epoch 5:  55(gpu) -> 295(SW)   volume = 0.02381
   epoch 5:  57(gpu) -> 289(SW)   volume = 0.02381
   epoch 5:  58(gpu) -> 290(SW)   volume = 0.02381
   epoch 5:  59(gpu) -> 291(SW)   volume = 0.02381
   epoch 5:  60(gpu) -> 292(SW)   volume = 0.02381
   epoch 5:  61(gpu) -> 293(SW)   volume = 0.02381
   epoch 5:  62(gpu) -> 294(SW)   volume = 0.02381
   epoch 5:  63(gpu) -> 295(SW)   volume = 0.02381
   epoch 5:  289(SW) ->  1(gpu)   volume = 0.142857
   epoch 5:  290(SW) ->  2(gpu)   volume = 0.142857
   epoch 5:  291(SW) ->  3(gpu)   volume = 0.142857
   epoch 5:  292(SW) ->  4(gpu)   volume = 0.142857
   epoch 5:  293(SW) ->  5(gpu)   volume = 0.142857
   epoch 5:  294(SW) ->  6(gpu)   volume = 0.142857
   epoch 5:  295(SW) ->  7(gpu)   volume = 0.142857
   epoch 6:   9(gpu) -> 289(SW)   volume = 0.02381
   epoch 6:  10(gpu) -> 290(SW)   volume = 0.02381
   epoch 6:  11(gpu) -> 291(SW)   volume = 0.02381
   epoch 6:  12(gpu) -> 292(SW)   volume = 0.02381
   epoch 6:  13(gpu) -> 293(SW)   volume = 0.02381
   epoch 6:  14(gpu) -> 294(SW)   volume = 0.02381
   epoch 6:  15(gpu) -> 295(SW)   volume = 0.02381
   epoch 6:  17(gpu) -> 289(SW)   volume = 0.02381
   epoch 6:  18(gpu) -> 290(SW)   volume = 0.02381
   epoch 6:  19(gpu) -> 291(SW)   volume = 0.02381
   epoch 6:  20(gpu) -> 292(SW)   volume = 0.02381
   epoch 6:  21(gpu) -> 293(SW)   volume = 0.02381
   epoch 6:  22(gpu) -> 294(SW)   volume = 0.02381
   epoch 6:  23(gpu) -> 295(SW)   volume = 0.02381
   epoch 6:  25(gpu) -> 289(SW)   volume = 0.02381
   epoch 6:  26(gpu) -> 290(SW)   volume = 0.02381
   epoch 6:  27(gpu) -> 291(SW)   volume = 0.02381
   epoch 6:  28(gpu) -> 292(SW)   volume = 0.02381
   epoch 6:  29(gpu) -> 293(SW)   volume = 0.02381
   epoch 6:  30(gpu) -> 294(SW)   volume = 0.02381
   epoch 6:  31(gpu) -> 295(SW)   volume = 0.02381
   epoch 6:  41(gpu) -> 289(SW)   volume = 0.02381
   epoch 6:  42(gpu) -> 290(SW)   volume = 0.02381
   epoch 6:  43(gpu) -> 291(SW)   volume = 0.02381
   epoch 6:  44(gpu) -> 292(SW)   volume = 0.02381
   epoch 6:  45(gpu) -> 293(SW)   volume = 0.02381
   epoch 6:  46(gpu) -> 294(SW)   volume = 0.02381
   epoch 6:  47(gpu) -> 295(SW)   volume = 0.02381
   epoch 6:  49(gpu) -> 289(SW)   volume = 0.02381
   epoch 6:  50(gpu) -> 290(SW)   volume = 0.02381
   epoch 6:  51(gpu) -> 291(SW)   volume = 0.02381
   epoch 6:  52(gpu) -> 292(SW)   volume = 0.02381
   epoch 6:  53(gpu) -> 293(SW)   volume = 0.02381
   epoch 6:  54(gpu) -> 294(SW)   volume = 0.02381
   epoch 6:  55(gpu) -> 295(SW)   volume = 0.02381
   epoch 6:  57(gpu) -> 289(SW)   volume = 0.02381
   epoch 6:  58(gpu) -> 290(SW)   volume = 0.02381
   epoch 6:  59(gpu) -> 291(SW)   volume = 0.02381
   epoch 6:  60(gpu) -> 292(SW)   volume = 0.02381
   epoch 6:  61(gpu) -> 293(SW)   volume = 0.02381
   epoch 6:  62(gpu) -> 294(SW)   volume = 0.02381
   epoch 6:  63(gpu) -> 295(SW)   volume = 0.02381
   epoch 6:  289(SW) ->  1(gpu)   volume = 0.142857
   epoch 6:  290(SW) ->  2(gpu)   volume = 0.142857
   epoch 6:  291(SW) ->  3(gpu)   volume = 0.142857
   epoch 6:  292(SW) ->  4(gpu)   volume = 0.142857
   epoch 6:  293(SW) ->  5(gpu)   volume = 0.142857
   epoch 6:  294(SW) ->  6(gpu)   volume = 0.142857
   epoch 6:  295(SW) ->  7(gpu)   volume = 0.142857
   epoch 7:   1(gpu) -> 256(SW)   volume = 1.0
   epoch 7:   2(gpu) -> 256(SW)   volume = 1.0
   epoch 7:   3(gpu) -> 256(SW)   volume = 1.0
   epoch 7:   4(gpu) -> 256(SW)   volume = 1.0
   epoch 7:   5(gpu) -> 256(SW)   volume = 1.0
   epoch 7:   6(gpu) -> 256(SW)   volume = 1.0
   epoch 7:   7(gpu) -> 256(SW)   volume = 1.0
   epoch 7:   9(gpu) -> 257(SW)   volume = 0.142857
   epoch 7:   9(gpu) -> 289(SW)   volume = 0.02381
   epoch 7:  10(gpu) -> 257(SW)   volume = 0.142857
   epoch 7:  10(gpu) -> 290(SW)   volume = 0.02381
   epoch 7:  11(gpu) -> 257(SW)   volume = 0.142857
   epoch 7:  11(gpu) -> 291(SW)   volume = 0.02381
   epoch 7:  12(gpu) -> 257(SW)   volume = 0.142857
   epoch 7:  12(gpu) -> 292(SW)   volume = 0.02381
   epoch 7:  13(gpu) -> 257(SW)   volume = 0.142857
   epoch 7:  13(gpu) -> 293(SW)   volume = 0.02381
   epoch 7:  14(gpu) -> 257(SW)   volume = 0.142857
   epoch 7:  14(gpu) -> 294(SW)   volume = 0.02381
   epoch 7:  15(gpu) -> 257(SW)   volume = 0.142857
   epoch 7:  15(gpu) -> 295(SW)   volume = 0.02381
   epoch 7:  17(gpu) -> 258(SW)   volume = 0.142857
   epoch 7:  17(gpu) -> 289(SW)   volume = 0.02381
   epoch 7:  18(gpu) -> 258(SW)   volume = 0.142857
   epoch 7:  18(gpu) -> 290(SW)   volume = 0.02381
   epoch 7:  19(gpu) -> 258(SW)   volume = 0.142857
   epoch 7:  19(gpu) -> 291(SW)   volume = 0.02381
   epoch 7:  20(gpu) -> 258(SW)   volume = 0.142857
   epoch 7:  20(gpu) -> 292(SW)   volume = 0.02381
   epoch 7:  21(gpu) -> 258(SW)   volume = 0.142857
   epoch 7:  21(gpu) -> 293(SW)   volume = 0.02381
   epoch 7:  22(gpu) -> 258(SW)   volume = 0.142857
   epoch 7:  22(gpu) -> 294(SW)   volume = 0.02381
   epoch 7:  23(gpu) -> 258(SW)   volume = 0.142857
   epoch 7:  23(gpu) -> 295(SW)   volume = 0.02381
   epoch 7:  25(gpu) -> 259(SW)   volume = 0.142857
   epoch 7:  25(gpu) -> 289(SW)   volume = 0.02381
   epoch 7:  26(gpu) -> 259(SW)   volume = 0.142857
   epoch 7:  26(gpu) -> 290(SW)   volume = 0.02381
   epoch 7:  27(gpu) -> 259(SW)   volume = 0.142857
   epoch 7:  27(gpu) -> 291(SW)   volume = 0.02381
   epoch 7:  28(gpu) -> 259(SW)   volume = 0.142857
   epoch 7:  28(gpu) -> 292(SW)   volume = 0.02381
   epoch 7:  29(gpu) -> 259(SW)   volume = 0.142857
   epoch 7:  29(gpu) -> 293(SW)   volume = 0.02381
   epoch 7:  30(gpu) -> 259(SW)   volume = 0.142857
   epoch 7:  30(gpu) -> 294(SW)   volume = 0.02381
   epoch 7:  31(gpu) -> 259(SW)   volume = 0.142857
   epoch 7:  31(gpu) -> 295(SW)   volume = 0.02381
   epoch 7:  41(gpu) -> 261(SW)   volume = 0.142857
   epoch 7:  41(gpu) -> 289(SW)   volume = 0.02381
   epoch 7:  42(gpu) -> 261(SW)   volume = 0.142857
   epoch 7:  42(gpu) -> 290(SW)   volume = 0.02381
   epoch 7:  43(gpu) -> 261(SW)   volume = 0.142857
   epoch 7:  43(gpu) -> 291(SW)   volume = 0.02381
   epoch 7:  44(gpu) -> 261(SW)   volume = 0.142857
   epoch 7:  44(gpu) -> 292(SW)   volume = 0.02381
   epoch 7:  45(gpu) -> 261(SW)   volume = 0.142857
   epoch 7:  45(gpu) -> 293(SW)   volume = 0.02381
   epoch 7:  46(gpu) -> 261(SW)   volume = 0.142857
   epoch 7:  46(gpu) -> 294(SW)   volume = 0.02381
   epoch 7:  47(gpu) -> 261(SW)   volume = 0.142857
   epoch 7:  47(gpu) -> 295(SW)   volume = 0.02381
   epoch 7:  49(gpu) -> 262(SW)   volume = 0.142857
   epoch 7:  49(gpu) -> 289(SW)   volume = 0.02381
   epoch 7:  50(gpu) -> 262(SW)   volume = 0.142857
   epoch 7:  50(gpu) -> 290(SW)   volume = 0.02381
   epoch 7:  51(gpu) -> 262(SW)   volume = 0.142857
   epoch 7:  51(gpu) -> 291(SW)   volume = 0.02381
   epoch 7:  52(gpu) -> 262(SW)   volume = 0.142857
   epoch 7:  52(gpu) -> 292(SW)   volume = 0.02381
   epoch 7:  53(gpu) -> 262(SW)   volume = 0.142857
   epoch 7:  53(gpu) -> 293(SW)   volume = 0.02381
   epoch 7:  54(gpu) -> 262(SW)   volume = 0.142857
   epoch 7:  54(gpu) -> 294(SW)   volume = 0.02381
   epoch 7:  55(gpu) -> 262(SW)   volume = 0.142857
   epoch 7:  55(gpu) -> 295(SW)   volume = 0.02381
   epoch 7:  57(gpu) -> 263(SW)   volume = 0.142857
   epoch 7:  57(gpu) -> 289(SW)   volume = 0.02381
   epoch 7:  58(gpu) -> 263(SW)   volume = 0.142857
   epoch 7:  58(gpu) -> 290(SW)   volume = 0.02381
   epoch 7:  59(gpu) -> 263(SW)   volume = 0.142857
   epoch 7:  59(gpu) -> 291(SW)   volume = 0.02381
   epoch 7:  60(gpu) -> 263(SW)   volume = 0.142857
   epoch 7:  60(gpu) -> 292(SW)   volume = 0.02381
   epoch 7:  61(gpu) -> 263(SW)   volume = 0.142857
   epoch 7:  61(gpu) -> 293(SW)   volume = 0.02381
   epoch 7:  62(gpu) -> 263(SW)   volume = 0.142857
   epoch 7:  62(gpu) -> 294(SW)   volume = 0.02381
   epoch 7:  63(gpu) -> 263(SW)   volume = 0.142857
   epoch 7:  63(gpu) -> 295(SW)   volume = 0.02381
   epoch 7:  256(SW) ->  0(gpu)   volume = 1.0
   epoch 7:  256(SW) ->  1(gpu)   volume = 0.857143
   epoch 7:  256(SW) ->  2(gpu)   volume = 0.857143
   epoch 7:  256(SW) ->  3(gpu)   volume = 0.857143
   epoch 7:  256(SW) ->  4(gpu)   volume = 0.857143
   epoch 7:  256(SW) ->  5(gpu)   volume = 0.857143
   epoch 7:  256(SW) ->  6(gpu)   volume = 0.857143
   epoch 7:  256(SW) ->  7(gpu)   volume = 0.857143
   epoch 7:  257(SW) ->  8(gpu)   volume = 1.0
   epoch 7:  258(SW) -> 16(gpu)   volume = 1.0
   epoch 7:  259(SW) -> 24(gpu)   volume = 1.0
   epoch 7:  261(SW) -> 40(gpu)   volume = 1.0
   epoch 7:  262(SW) -> 48(gpu)   volume = 1.0
   epoch 7:  263(SW) -> 56(gpu)   volume = 1.0
   epoch 7:  289(SW) ->  1(gpu)   volume = 0.142857
   epoch 7:  290(SW) ->  2(gpu)   volume = 0.142857
   epoch 7:  291(SW) ->  3(gpu)   volume = 0.142857
   epoch 7:  292(SW) ->  4(gpu)   volume = 0.142857
   epoch 7:  293(SW) ->  5(gpu)   volume = 0.142857
   epoch 7:  294(SW) ->  6(gpu)   volume = 0.142857
   epoch 7:  295(SW) ->  7(gpu)   volume = 0.142857

-- source 40 --
   epoch 0:  40(gpu) -> 261(SW)   volume = 13.0
   epoch 0:  40(gpu) -> 288(SW)   volume = 1.0
   epoch 0:  261(SW) -> 41(gpu)   volume = 1.857143
   epoch 0:  261(SW) -> 42(gpu)   volume = 1.857143
   epoch 0:  261(SW) -> 43(gpu)   volume = 1.857143
   epoch 0:  261(SW) -> 44(gpu)   volume = 1.857143
   epoch 0:  261(SW) -> 45(gpu)   volume = 1.857143
   epoch 0:  261(SW) -> 46(gpu)   volume = 1.857143
   epoch 0:  261(SW) -> 47(gpu)   volume = 1.857143
   epoch 0:  288(SW) -> 296(SW)   volume = 0.25
   epoch 0:  288(SW) -> 297(SW)   volume = 0.25
   epoch 0:  288(SW) -> 298(SW)   volume = 0.25
   epoch 0:  288(SW) -> 299(SW)   volume = 0.25
   epoch 0:  289(SW) ->  1(gpu)   volume = 0.142857
   epoch 0:  290(SW) ->  2(gpu)   volume = 0.142857
   epoch 0:  291(SW) ->  3(gpu)   volume = 0.142857
   epoch 0:  292(SW) ->  4(gpu)   volume = 0.142857
   epoch 0:  293(SW) ->  5(gpu)   volume = 0.142857
   epoch 0:  294(SW) ->  6(gpu)   volume = 0.142857
   epoch 0:  295(SW) ->  7(gpu)   volume = 0.142857
   epoch 0:  296(SW) -> 289(SW)   volume = 0.035714
   epoch 0:  296(SW) -> 290(SW)   volume = 0.035714
   epoch 0:  296(SW) -> 291(SW)   volume = 0.035714
   epoch 0:  296(SW) -> 292(SW)   volume = 0.035714
   epoch 0:  296(SW) -> 293(SW)   volume = 0.035714
   epoch 0:  296(SW) -> 294(SW)   volume = 0.035714
   epoch 0:  296(SW) -> 295(SW)   volume = 0.035714
   epoch 0:  297(SW) -> 289(SW)   volume = 0.035714
   epoch 0:  297(SW) -> 290(SW)   volume = 0.035714
   epoch 0:  297(SW) -> 291(SW)   volume = 0.035714
   epoch 0:  297(SW) -> 292(SW)   volume = 0.035714
   epoch 0:  297(SW) -> 293(SW)   volume = 0.035714
   epoch 0:  297(SW) -> 294(SW)   volume = 0.035714
   epoch 0:  297(SW) -> 295(SW)   volume = 0.035714
   epoch 0:  298(SW) -> 289(SW)   volume = 0.035714
   epoch 0:  298(SW) -> 290(SW)   volume = 0.035714
   epoch 0:  298(SW) -> 291(SW)   volume = 0.035714
   epoch 0:  298(SW) -> 292(SW)   volume = 0.035714
   epoch 0:  298(SW) -> 293(SW)   volume = 0.035714
   epoch 0:  298(SW) -> 294(SW)   volume = 0.035714
   epoch 0:  298(SW) -> 295(SW)   volume = 0.035714
   epoch 0:  299(SW) -> 289(SW)   volume = 0.035714
   epoch 0:  299(SW) -> 290(SW)   volume = 0.035714
   epoch 0:  299(SW) -> 291(SW)   volume = 0.035714
   epoch 0:  299(SW) -> 292(SW)   volume = 0.035714
   epoch 0:  299(SW) -> 293(SW)   volume = 0.035714
   epoch 0:  299(SW) -> 294(SW)   volume = 0.035714
   epoch 0:  299(SW) -> 295(SW)   volume = 0.035714
   epoch 1:  41(gpu) -> 289(SW)   volume = 1.0
   epoch 1:  42(gpu) -> 290(SW)   volume = 1.0
   epoch 1:  43(gpu) -> 291(SW)   volume = 1.0
   epoch 1:  44(gpu) -> 292(SW)   volume = 1.0
   epoch 1:  45(gpu) -> 293(SW)   volume = 1.0
   epoch 1:  46(gpu) -> 294(SW)   volume = 1.0
   epoch 1:  47(gpu) -> 295(SW)   volume = 1.0
   epoch 1:  289(SW) ->  1(gpu)   volume = 0.142857
   epoch 1:  289(SW) ->  9(gpu)   volume = 0.142857
   epoch 1:  289(SW) -> 17(gpu)   volume = 0.142857
   epoch 1:  289(SW) -> 25(gpu)   volume = 0.142857
   epoch 1:  289(SW) -> 33(gpu)   volume = 0.142857
   epoch 1:  289(SW) -> 49(gpu)   volume = 0.142857
   epoch 1:  289(SW) -> 57(gpu)   volume = 0.142857
   epoch 1:  290(SW) ->  2(gpu)   volume = 0.142857
   epoch 1:  290(SW) -> 10(gpu)   volume = 0.142857
   epoch 1:  290(SW) -> 18(gpu)   volume = 0.142857
   epoch 1:  290(SW) -> 26(gpu)   volume = 0.142857
   epoch 1:  290(SW) -> 34(gpu)   volume = 0.142857
   epoch 1:  290(SW) -> 50(gpu)   volume = 0.142857
   epoch 1:  290(SW) -> 58(gpu)   volume = 0.142857
   epoch 1:  291(SW) ->  3(gpu)   volume = 0.142857
   epoch 1:  291(SW) -> 11(gpu)   volume = 0.142857
   epoch 1:  291(SW) -> 19(gpu)   volume = 0.142857
   epoch 1:  291(SW) -> 27(gpu)   volume = 0.142857
   epoch 1:  291(SW) -> 35(gpu)   volume = 0.142857
   epoch 1:  291(SW) -> 51(gpu)   volume = 0.142857
   epoch 1:  291(SW) -> 59(gpu)   volume = 0.142857
   epoch 1:  292(SW) ->  4(gpu)   volume = 0.142857
   epoch 1:  292(SW) -> 12(gpu)   volume = 0.142857
   epoch 1:  292(SW) -> 20(gpu)   volume = 0.142857
   epoch 1:  292(SW) -> 28(gpu)   volume = 0.142857
   epoch 1:  292(SW) -> 36(gpu)   volume = 0.142857
   epoch 1:  292(SW) -> 52(gpu)   volume = 0.142857
   epoch 1:  292(SW) -> 60(gpu)   volume = 0.142857
   epoch 1:  293(SW) ->  5(gpu)   volume = 0.142857
   epoch 1:  293(SW) -> 13(gpu)   volume = 0.142857
   epoch 1:  293(SW) -> 21(gpu)   volume = 0.142857
   epoch 1:  293(SW) -> 29(gpu)   volume = 0.142857
   epoch 1:  293(SW) -> 37(gpu)   volume = 0.142857
   epoch 1:  293(SW) -> 53(gpu)   volume = 0.142857
   epoch 1:  293(SW) -> 61(gpu)   volume = 0.142857
   epoch 1:  294(SW) ->  6(gpu)   volume = 0.142857
   epoch 1:  294(SW) -> 14(gpu)   volume = 0.142857
   epoch 1:  294(SW) -> 22(gpu)   volume = 0.142857
   epoch 1:  294(SW) -> 30(gpu)   volume = 0.142857
   epoch 1:  294(SW) -> 38(gpu)   volume = 0.142857
   epoch 1:  294(SW) -> 54(gpu)   volume = 0.142857
   epoch 1:  294(SW) -> 62(gpu)   volume = 0.142857
   epoch 1:  295(SW) ->  7(gpu)   volume = 0.142857
   epoch 1:  295(SW) -> 15(gpu)   volume = 0.142857
   epoch 1:  295(SW) -> 23(gpu)   volume = 0.142857
   epoch 1:  295(SW) -> 31(gpu)   volume = 0.142857
   epoch 1:  295(SW) -> 39(gpu)   volume = 0.142857
   epoch 1:  295(SW) -> 55(gpu)   volume = 0.142857
   epoch 1:  295(SW) -> 63(gpu)   volume = 0.142857
   epoch 2:  41(gpu) -> 289(SW)   volume = 0.857143
   epoch 2:  42(gpu) -> 290(SW)   volume = 0.857143
   epoch 2:  43(gpu) -> 291(SW)   volume = 0.857143
   epoch 2:  44(gpu) -> 292(SW)   volume = 0.857143
   epoch 2:  45(gpu) -> 293(SW)   volume = 0.857143
   epoch 2:  46(gpu) -> 294(SW)   volume = 0.857143
   epoch 2:  47(gpu) -> 295(SW)   volume = 0.857143
   epoch 2:  289(SW) ->  1(gpu)   volume = 0.142857
   epoch 2:  289(SW) ->  9(gpu)   volume = 0.119048
   epoch 2:  289(SW) -> 17(gpu)   volume = 0.119048
   epoch 2:  289(SW) -> 25(gpu)   volume = 0.119048
   epoch 2:  289(SW) -> 33(gpu)   volume = 0.119048
   epoch 2:  289(SW) -> 49(gpu)   volume = 0.119048
   epoch 2:  289(SW) -> 57(gpu)   volume = 0.119048
   epoch 2:  290(SW) ->  2(gpu)   volume = 0.142857
   epoch 2:  290(SW) -> 10(gpu)   volume = 0.119048
   epoch 2:  290(SW) -> 18(gpu)   volume = 0.119048
   epoch 2:  290(SW) -> 26(gpu)   volume = 0.119048
   epoch 2:  290(SW) -> 34(gpu)   volume = 0.119048
   epoch 2:  290(SW) -> 50(gpu)   volume = 0.119048
   epoch 2:  290(SW) -> 58(gpu)   volume = 0.119048
   epoch 2:  291(SW) ->  3(gpu)   volume = 0.142857
   epoch 2:  291(SW) -> 11(gpu)   volume = 0.119048
   epoch 2:  291(SW) -> 19(gpu)   volume = 0.119048
   epoch 2:  291(SW) -> 27(gpu)   volume = 0.119048
   epoch 2:  291(SW) -> 35(gpu)   volume = 0.119048
   epoch 2:  291(SW) -> 51(gpu)   volume = 0.119048
   epoch 2:  291(SW) -> 59(gpu)   volume = 0.119048
   epoch 2:  292(SW) ->  4(gpu)   volume = 0.142857
   epoch 2:  292(SW) -> 12(gpu)   volume = 0.119048
   epoch 2:  292(SW) -> 20(gpu)   volume = 0.119048
   epoch 2:  292(SW) -> 28(gpu)   volume = 0.119048
   epoch 2:  292(SW) -> 36(gpu)   volume = 0.119048
   epoch 2:  292(SW) -> 52(gpu)   volume = 0.119048
   epoch 2:  292(SW) -> 60(gpu)   volume = 0.119048
   epoch 2:  293(SW) ->  5(gpu)   volume = 0.142857
   epoch 2:  293(SW) -> 13(gpu)   volume = 0.119048
   epoch 2:  293(SW) -> 21(gpu)   volume = 0.119048
   epoch 2:  293(SW) -> 29(gpu)   volume = 0.119048
   epoch 2:  293(SW) -> 37(gpu)   volume = 0.119048
   epoch 2:  293(SW) -> 53(gpu)   volume = 0.119048
   epoch 2:  293(SW) -> 61(gpu)   volume = 0.119048
   epoch 2:  294(SW) ->  6(gpu)   volume = 0.142857
   epoch 2:  294(SW) -> 14(gpu)   volume = 0.119048
   epoch 2:  294(SW) -> 22(gpu)   volume = 0.119048
   epoch 2:  294(SW) -> 30(gpu)   volume = 0.119048
   epoch 2:  294(SW) -> 38(gpu)   volume = 0.119048
   epoch 2:  294(SW) -> 54(gpu)   volume = 0.119048
   epoch 2:  294(SW) -> 62(gpu)   volume = 0.119048
   epoch 2:  295(SW) ->  7(gpu)   volume = 0.142857
   epoch 2:  295(SW) -> 15(gpu)   volume = 0.119048
   epoch 2:  295(SW) -> 23(gpu)   volume = 0.119048
   epoch 2:  295(SW) -> 31(gpu)   volume = 0.119048
   epoch 2:  295(SW) -> 39(gpu)   volume = 0.119048
   epoch 2:  295(SW) -> 55(gpu)   volume = 0.119048
   epoch 2:  295(SW) -> 63(gpu)   volume = 0.119048
   epoch 3:   9(gpu) -> 289(SW)   volume = 0.02381
   epoch 3:  10(gpu) -> 290(SW)   volume = 0.02381
   epoch 3:  11(gpu) -> 291(SW)   volume = 0.02381
   epoch 3:  12(gpu) -> 292(SW)   volume = 0.02381
   epoch 3:  13(gpu) -> 293(SW)   volume = 0.02381
   epoch 3:  14(gpu) -> 294(SW)   volume = 0.02381
   epoch 3:  15(gpu) -> 295(SW)   volume = 0.02381
   epoch 3:  17(gpu) -> 289(SW)   volume = 0.02381
   epoch 3:  18(gpu) -> 290(SW)   volume = 0.02381
   epoch 3:  19(gpu) -> 291(SW)   volume = 0.02381
   epoch 3:  20(gpu) -> 292(SW)   volume = 0.02381
   epoch 3:  21(gpu) -> 293(SW)   volume = 0.02381
   epoch 3:  22(gpu) -> 294(SW)   volume = 0.02381
   epoch 3:  23(gpu) -> 295(SW)   volume = 0.02381
   epoch 3:  25(gpu) -> 289(SW)   volume = 0.02381
   epoch 3:  26(gpu) -> 290(SW)   volume = 0.02381
   epoch 3:  27(gpu) -> 291(SW)   volume = 0.02381
   epoch 3:  28(gpu) -> 292(SW)   volume = 0.02381
   epoch 3:  29(gpu) -> 293(SW)   volume = 0.02381
   epoch 3:  30(gpu) -> 294(SW)   volume = 0.02381
   epoch 3:  31(gpu) -> 295(SW)   volume = 0.02381
   epoch 3:  33(gpu) -> 289(SW)   volume = 0.02381
   epoch 3:  34(gpu) -> 290(SW)   volume = 0.02381
   epoch 3:  35(gpu) -> 291(SW)   volume = 0.02381
   epoch 3:  36(gpu) -> 292(SW)   volume = 0.02381
   epoch 3:  37(gpu) -> 293(SW)   volume = 0.02381
   epoch 3:  38(gpu) -> 294(SW)   volume = 0.02381
   epoch 3:  39(gpu) -> 295(SW)   volume = 0.02381
   epoch 3:  49(gpu) -> 289(SW)   volume = 0.02381
   epoch 3:  50(gpu) -> 290(SW)   volume = 0.02381
   epoch 3:  51(gpu) -> 291(SW)   volume = 0.02381
   epoch 3:  52(gpu) -> 292(SW)   volume = 0.02381
   epoch 3:  53(gpu) -> 293(SW)   volume = 0.02381
   epoch 3:  54(gpu) -> 294(SW)   volume = 0.02381
   epoch 3:  55(gpu) -> 295(SW)   volume = 0.02381
   epoch 3:  57(gpu) -> 289(SW)   volume = 0.02381
   epoch 3:  58(gpu) -> 290(SW)   volume = 0.02381
   epoch 3:  59(gpu) -> 291(SW)   volume = 0.02381
   epoch 3:  60(gpu) -> 292(SW)   volume = 0.02381
   epoch 3:  61(gpu) -> 293(SW)   volume = 0.02381
   epoch 3:  62(gpu) -> 294(SW)   volume = 0.02381
   epoch 3:  63(gpu) -> 295(SW)   volume = 0.02381
   epoch 3:  289(SW) ->  1(gpu)   volume = 0.142857
   epoch 3:  290(SW) ->  2(gpu)   volume = 0.142857
   epoch 3:  291(SW) ->  3(gpu)   volume = 0.142857
   epoch 3:  292(SW) ->  4(gpu)   volume = 0.142857
   epoch 3:  293(SW) ->  5(gpu)   volume = 0.142857
   epoch 3:  294(SW) ->  6(gpu)   volume = 0.142857
   epoch 3:  295(SW) ->  7(gpu)   volume = 0.142857
   epoch 4:   9(gpu) -> 289(SW)   volume = 0.02381
   epoch 4:  10(gpu) -> 290(SW)   volume = 0.02381
   epoch 4:  11(gpu) -> 291(SW)   volume = 0.02381
   epoch 4:  12(gpu) -> 292(SW)   volume = 0.02381
   epoch 4:  13(gpu) -> 293(SW)   volume = 0.02381
   epoch 4:  14(gpu) -> 294(SW)   volume = 0.02381
   epoch 4:  15(gpu) -> 295(SW)   volume = 0.02381
   epoch 4:  17(gpu) -> 289(SW)   volume = 0.02381
   epoch 4:  18(gpu) -> 290(SW)   volume = 0.02381
   epoch 4:  19(gpu) -> 291(SW)   volume = 0.02381
   epoch 4:  20(gpu) -> 292(SW)   volume = 0.02381
   epoch 4:  21(gpu) -> 293(SW)   volume = 0.02381
   epoch 4:  22(gpu) -> 294(SW)   volume = 0.02381
   epoch 4:  23(gpu) -> 295(SW)   volume = 0.02381
   epoch 4:  25(gpu) -> 289(SW)   volume = 0.02381
   epoch 4:  26(gpu) -> 290(SW)   volume = 0.02381
   epoch 4:  27(gpu) -> 291(SW)   volume = 0.02381
   epoch 4:  28(gpu) -> 292(SW)   volume = 0.02381
   epoch 4:  29(gpu) -> 293(SW)   volume = 0.02381
   epoch 4:  30(gpu) -> 294(SW)   volume = 0.02381
   epoch 4:  31(gpu) -> 295(SW)   volume = 0.02381
   epoch 4:  33(gpu) -> 289(SW)   volume = 0.02381
   epoch 4:  34(gpu) -> 290(SW)   volume = 0.02381
   epoch 4:  35(gpu) -> 291(SW)   volume = 0.02381
   epoch 4:  36(gpu) -> 292(SW)   volume = 0.02381
   epoch 4:  37(gpu) -> 293(SW)   volume = 0.02381
   epoch 4:  38(gpu) -> 294(SW)   volume = 0.02381
   epoch 4:  39(gpu) -> 295(SW)   volume = 0.02381
   epoch 4:  49(gpu) -> 289(SW)   volume = 0.02381
   epoch 4:  50(gpu) -> 290(SW)   volume = 0.02381
   epoch 4:  51(gpu) -> 291(SW)   volume = 0.02381
   epoch 4:  52(gpu) -> 292(SW)   volume = 0.02381
   epoch 4:  53(gpu) -> 293(SW)   volume = 0.02381
   epoch 4:  54(gpu) -> 294(SW)   volume = 0.02381
   epoch 4:  55(gpu) -> 295(SW)   volume = 0.02381
   epoch 4:  57(gpu) -> 289(SW)   volume = 0.02381
   epoch 4:  58(gpu) -> 290(SW)   volume = 0.02381
   epoch 4:  59(gpu) -> 291(SW)   volume = 0.02381
   epoch 4:  60(gpu) -> 292(SW)   volume = 0.02381
   epoch 4:  61(gpu) -> 293(SW)   volume = 0.02381
   epoch 4:  62(gpu) -> 294(SW)   volume = 0.02381
   epoch 4:  63(gpu) -> 295(SW)   volume = 0.02381
   epoch 4:  289(SW) ->  1(gpu)   volume = 0.142857
   epoch 4:  290(SW) ->  2(gpu)   volume = 0.142857
   epoch 4:  291(SW) ->  3(gpu)   volume = 0.142857
   epoch 4:  292(SW) ->  4(gpu)   volume = 0.142857
   epoch 4:  293(SW) ->  5(gpu)   volume = 0.142857
   epoch 4:  294(SW) ->  6(gpu)   volume = 0.142857
   epoch 4:  295(SW) ->  7(gpu)   volume = 0.142857
   epoch 5:   9(gpu) -> 289(SW)   volume = 0.02381
   epoch 5:  10(gpu) -> 290(SW)   volume = 0.02381
   epoch 5:  11(gpu) -> 291(SW)   volume = 0.02381
   epoch 5:  12(gpu) -> 292(SW)   volume = 0.02381
   epoch 5:  13(gpu) -> 293(SW)   volume = 0.02381
   epoch 5:  14(gpu) -> 294(SW)   volume = 0.02381
   epoch 5:  15(gpu) -> 295(SW)   volume = 0.02381
   epoch 5:  17(gpu) -> 289(SW)   volume = 0.02381
   epoch 5:  18(gpu) -> 290(SW)   volume = 0.02381
   epoch 5:  19(gpu) -> 291(SW)   volume = 0.02381
   epoch 5:  20(gpu) -> 292(SW)   volume = 0.02381
   epoch 5:  21(gpu) -> 293(SW)   volume = 0.02381
   epoch 5:  22(gpu) -> 294(SW)   volume = 0.02381
   epoch 5:  23(gpu) -> 295(SW)   volume = 0.02381
   epoch 5:  25(gpu) -> 289(SW)   volume = 0.02381
   epoch 5:  26(gpu) -> 290(SW)   volume = 0.02381
   epoch 5:  27(gpu) -> 291(SW)   volume = 0.02381
   epoch 5:  28(gpu) -> 292(SW)   volume = 0.02381
   epoch 5:  29(gpu) -> 293(SW)   volume = 0.02381
   epoch 5:  30(gpu) -> 294(SW)   volume = 0.02381
   epoch 5:  31(gpu) -> 295(SW)   volume = 0.02381
   epoch 5:  33(gpu) -> 289(SW)   volume = 0.02381
   epoch 5:  34(gpu) -> 290(SW)   volume = 0.02381
   epoch 5:  35(gpu) -> 291(SW)   volume = 0.02381
   epoch 5:  36(gpu) -> 292(SW)   volume = 0.02381
   epoch 5:  37(gpu) -> 293(SW)   volume = 0.02381
   epoch 5:  38(gpu) -> 294(SW)   volume = 0.02381
   epoch 5:  39(gpu) -> 295(SW)   volume = 0.02381
   epoch 5:  49(gpu) -> 289(SW)   volume = 0.02381
   epoch 5:  50(gpu) -> 290(SW)   volume = 0.02381
   epoch 5:  51(gpu) -> 291(SW)   volume = 0.02381
   epoch 5:  52(gpu) -> 292(SW)   volume = 0.02381
   epoch 5:  53(gpu) -> 293(SW)   volume = 0.02381
   epoch 5:  54(gpu) -> 294(SW)   volume = 0.02381
   epoch 5:  55(gpu) -> 295(SW)   volume = 0.02381
   epoch 5:  57(gpu) -> 289(SW)   volume = 0.02381
   epoch 5:  58(gpu) -> 290(SW)   volume = 0.02381
   epoch 5:  59(gpu) -> 291(SW)   volume = 0.02381
   epoch 5:  60(gpu) -> 292(SW)   volume = 0.02381
   epoch 5:  61(gpu) -> 293(SW)   volume = 0.02381
   epoch 5:  62(gpu) -> 294(SW)   volume = 0.02381
   epoch 5:  63(gpu) -> 295(SW)   volume = 0.02381
   epoch 5:  289(SW) ->  1(gpu)   volume = 0.142857
   epoch 5:  290(SW) ->  2(gpu)   volume = 0.142857
   epoch 5:  291(SW) ->  3(gpu)   volume = 0.142857
   epoch 5:  292(SW) ->  4(gpu)   volume = 0.142857
   epoch 5:  293(SW) ->  5(gpu)   volume = 0.142857
   epoch 5:  294(SW) ->  6(gpu)   volume = 0.142857
   epoch 5:  295(SW) ->  7(gpu)   volume = 0.142857
   epoch 6:   9(gpu) -> 289(SW)   volume = 0.02381
   epoch 6:  10(gpu) -> 290(SW)   volume = 0.02381
   epoch 6:  11(gpu) -> 291(SW)   volume = 0.02381
   epoch 6:  12(gpu) -> 292(SW)   volume = 0.02381
   epoch 6:  13(gpu) -> 293(SW)   volume = 0.02381
   epoch 6:  14(gpu) -> 294(SW)   volume = 0.02381
   epoch 6:  15(gpu) -> 295(SW)   volume = 0.02381
   epoch 6:  17(gpu) -> 289(SW)   volume = 0.02381
   epoch 6:  18(gpu) -> 290(SW)   volume = 0.02381
   epoch 6:  19(gpu) -> 291(SW)   volume = 0.02381
   epoch 6:  20(gpu) -> 292(SW)   volume = 0.02381
   epoch 6:  21(gpu) -> 293(SW)   volume = 0.02381
   epoch 6:  22(gpu) -> 294(SW)   volume = 0.02381
   epoch 6:  23(gpu) -> 295(SW)   volume = 0.02381
   epoch 6:  25(gpu) -> 289(SW)   volume = 0.02381
   epoch 6:  26(gpu) -> 290(SW)   volume = 0.02381
   epoch 6:  27(gpu) -> 291(SW)   volume = 0.02381
   epoch 6:  28(gpu) -> 292(SW)   volume = 0.02381
   epoch 6:  29(gpu) -> 293(SW)   volume = 0.02381
   epoch 6:  30(gpu) -> 294(SW)   volume = 0.02381
   epoch 6:  31(gpu) -> 295(SW)   volume = 0.02381
   epoch 6:  33(gpu) -> 289(SW)   volume = 0.02381
   epoch 6:  34(gpu) -> 290(SW)   volume = 0.02381
   epoch 6:  35(gpu) -> 291(SW)   volume = 0.02381
   epoch 6:  36(gpu) -> 292(SW)   volume = 0.02381
   epoch 6:  37(gpu) -> 293(SW)   volume = 0.02381
   epoch 6:  38(gpu) -> 294(SW)   volume = 0.02381
   epoch 6:  39(gpu) -> 295(SW)   volume = 0.02381
   epoch 6:  49(gpu) -> 289(SW)   volume = 0.02381
   epoch 6:  50(gpu) -> 290(SW)   volume = 0.02381
   epoch 6:  51(gpu) -> 291(SW)   volume = 0.02381
   epoch 6:  52(gpu) -> 292(SW)   volume = 0.02381
   epoch 6:  53(gpu) -> 293(SW)   volume = 0.02381
   epoch 6:  54(gpu) -> 294(SW)   volume = 0.02381
   epoch 6:  55(gpu) -> 295(SW)   volume = 0.02381
   epoch 6:  57(gpu) -> 289(SW)   volume = 0.02381
   epoch 6:  58(gpu) -> 290(SW)   volume = 0.02381
   epoch 6:  59(gpu) -> 291(SW)   volume = 0.02381
   epoch 6:  60(gpu) -> 292(SW)   volume = 0.02381
   epoch 6:  61(gpu) -> 293(SW)   volume = 0.02381
   epoch 6:  62(gpu) -> 294(SW)   volume = 0.02381
   epoch 6:  63(gpu) -> 295(SW)   volume = 0.02381
   epoch 6:  289(SW) ->  1(gpu)   volume = 0.142857
   epoch 6:  290(SW) ->  2(gpu)   volume = 0.142857
   epoch 6:  291(SW) ->  3(gpu)   volume = 0.142857
   epoch 6:  292(SW) ->  4(gpu)   volume = 0.142857
   epoch 6:  293(SW) ->  5(gpu)   volume = 0.142857
   epoch 6:  294(SW) ->  6(gpu)   volume = 0.142857
   epoch 6:  295(SW) ->  7(gpu)   volume = 0.142857
   epoch 7:   1(gpu) -> 256(SW)   volume = 1.0
   epoch 7:   2(gpu) -> 256(SW)   volume = 1.0
   epoch 7:   3(gpu) -> 256(SW)   volume = 1.0
   epoch 7:   4(gpu) -> 256(SW)   volume = 1.0
   epoch 7:   5(gpu) -> 256(SW)   volume = 1.0
   epoch 7:   6(gpu) -> 256(SW)   volume = 1.0
   epoch 7:   7(gpu) -> 256(SW)   volume = 1.0
   epoch 7:   9(gpu) -> 257(SW)   volume = 0.142857
   epoch 7:   9(gpu) -> 289(SW)   volume = 0.02381
   epoch 7:  10(gpu) -> 257(SW)   volume = 0.142857
   epoch 7:  10(gpu) -> 290(SW)   volume = 0.02381
   epoch 7:  11(gpu) -> 257(SW)   volume = 0.142857
   epoch 7:  11(gpu) -> 291(SW)   volume = 0.02381
   epoch 7:  12(gpu) -> 257(SW)   volume = 0.142857
   epoch 7:  12(gpu) -> 292(SW)   volume = 0.02381
   epoch 7:  13(gpu) -> 257(SW)   volume = 0.142857
   epoch 7:  13(gpu) -> 293(SW)   volume = 0.02381
   epoch 7:  14(gpu) -> 257(SW)   volume = 0.142857
   epoch 7:  14(gpu) -> 294(SW)   volume = 0.02381
   epoch 7:  15(gpu) -> 257(SW)   volume = 0.142857
   epoch 7:  15(gpu) -> 295(SW)   volume = 0.02381
   epoch 7:  17(gpu) -> 258(SW)   volume = 0.142857
   epoch 7:  17(gpu) -> 289(SW)   volume = 0.02381
   epoch 7:  18(gpu) -> 258(SW)   volume = 0.142857
   epoch 7:  18(gpu) -> 290(SW)   volume = 0.02381
   epoch 7:  19(gpu) -> 258(SW)   volume = 0.142857
   epoch 7:  19(gpu) -> 291(SW)   volume = 0.02381
   epoch 7:  20(gpu) -> 258(SW)   volume = 0.142857
   epoch 7:  20(gpu) -> 292(SW)   volume = 0.02381
   epoch 7:  21(gpu) -> 258(SW)   volume = 0.142857
   epoch 7:  21(gpu) -> 293(SW)   volume = 0.02381
   epoch 7:  22(gpu) -> 258(SW)   volume = 0.142857
   epoch 7:  22(gpu) -> 294(SW)   volume = 0.02381
   epoch 7:  23(gpu) -> 258(SW)   volume = 0.142857
   epoch 7:  23(gpu) -> 295(SW)   volume = 0.02381
   epoch 7:  25(gpu) -> 259(SW)   volume = 0.142857
   epoch 7:  25(gpu) -> 289(SW)   volume = 0.02381
   epoch 7:  26(gpu) -> 259(SW)   volume = 0.142857
   epoch 7:  26(gpu) -> 290(SW)   volume = 0.02381
   epoch 7:  27(gpu) -> 259(SW)   volume = 0.142857
   epoch 7:  27(gpu) -> 291(SW)   volume = 0.02381
   epoch 7:  28(gpu) -> 259(SW)   volume = 0.142857
   epoch 7:  28(gpu) -> 292(SW)   volume = 0.02381
   epoch 7:  29(gpu) -> 259(SW)   volume = 0.142857
   epoch 7:  29(gpu) -> 293(SW)   volume = 0.02381
   epoch 7:  30(gpu) -> 259(SW)   volume = 0.142857
   epoch 7:  30(gpu) -> 294(SW)   volume = 0.02381
   epoch 7:  31(gpu) -> 259(SW)   volume = 0.142857
   epoch 7:  31(gpu) -> 295(SW)   volume = 0.02381
   epoch 7:  33(gpu) -> 260(SW)   volume = 0.142857
   epoch 7:  33(gpu) -> 289(SW)   volume = 0.02381
   epoch 7:  34(gpu) -> 260(SW)   volume = 0.142857
   epoch 7:  34(gpu) -> 290(SW)   volume = 0.02381
   epoch 7:  35(gpu) -> 260(SW)   volume = 0.142857
   epoch 7:  35(gpu) -> 291(SW)   volume = 0.02381
   epoch 7:  36(gpu) -> 260(SW)   volume = 0.142857
   epoch 7:  36(gpu) -> 292(SW)   volume = 0.02381
   epoch 7:  37(gpu) -> 260(SW)   volume = 0.142857
   epoch 7:  37(gpu) -> 293(SW)   volume = 0.02381
   epoch 7:  38(gpu) -> 260(SW)   volume = 0.142857
   epoch 7:  38(gpu) -> 294(SW)   volume = 0.02381
   epoch 7:  39(gpu) -> 260(SW)   volume = 0.142857
   epoch 7:  39(gpu) -> 295(SW)   volume = 0.02381
   epoch 7:  49(gpu) -> 262(SW)   volume = 0.142857
   epoch 7:  49(gpu) -> 289(SW)   volume = 0.02381
   epoch 7:  50(gpu) -> 262(SW)   volume = 0.142857
   epoch 7:  50(gpu) -> 290(SW)   volume = 0.02381
   epoch 7:  51(gpu) -> 262(SW)   volume = 0.142857
   epoch 7:  51(gpu) -> 291(SW)   volume = 0.02381
   epoch 7:  52(gpu) -> 262(SW)   volume = 0.142857
   epoch 7:  52(gpu) -> 292(SW)   volume = 0.02381
   epoch 7:  53(gpu) -> 262(SW)   volume = 0.142857
   epoch 7:  53(gpu) -> 293(SW)   volume = 0.02381
   epoch 7:  54(gpu) -> 262(SW)   volume = 0.142857
   epoch 7:  54(gpu) -> 294(SW)   volume = 0.02381
   epoch 7:  55(gpu) -> 262(SW)   volume = 0.142857
   epoch 7:  55(gpu) -> 295(SW)   volume = 0.02381
   epoch 7:  57(gpu) -> 263(SW)   volume = 0.142857
   epoch 7:  57(gpu) -> 289(SW)   volume = 0.02381
   epoch 7:  58(gpu) -> 263(SW)   volume = 0.142857
   epoch 7:  58(gpu) -> 290(SW)   volume = 0.02381
   epoch 7:  59(gpu) -> 263(SW)   volume = 0.142857
   epoch 7:  59(gpu) -> 291(SW)   volume = 0.02381
   epoch 7:  60(gpu) -> 263(SW)   volume = 0.142857
   epoch 7:  60(gpu) -> 292(SW)   volume = 0.02381
   epoch 7:  61(gpu) -> 263(SW)   volume = 0.142857
   epoch 7:  61(gpu) -> 293(SW)   volume = 0.02381
   epoch 7:  62(gpu) -> 263(SW)   volume = 0.142857
   epoch 7:  62(gpu) -> 294(SW)   volume = 0.02381
   epoch 7:  63(gpu) -> 263(SW)   volume = 0.142857
   epoch 7:  63(gpu) -> 295(SW)   volume = 0.02381
   epoch 7:  256(SW) ->  0(gpu)   volume = 1.0
   epoch 7:  256(SW) ->  1(gpu)   volume = 0.857143
   epoch 7:  256(SW) ->  2(gpu)   volume = 0.857143
   epoch 7:  256(SW) ->  3(gpu)   volume = 0.857143
   epoch 7:  256(SW) ->  4(gpu)   volume = 0.857143
   epoch 7:  256(SW) ->  5(gpu)   volume = 0.857143
   epoch 7:  256(SW) ->  6(gpu)   volume = 0.857143
   epoch 7:  256(SW) ->  7(gpu)   volume = 0.857143
   epoch 7:  257(SW) ->  8(gpu)   volume = 1.0
   epoch 7:  258(SW) -> 16(gpu)   volume = 1.0
   epoch 7:  259(SW) -> 24(gpu)   volume = 1.0
   epoch 7:  260(SW) -> 32(gpu)   volume = 1.0
   epoch 7:  262(SW) -> 48(gpu)   volume = 1.0
   epoch 7:  263(SW) -> 56(gpu)   volume = 1.0
   epoch 7:  289(SW) ->  1(gpu)   volume = 0.142857
   epoch 7:  290(SW) ->  2(gpu)   volume = 0.142857
   epoch 7:  291(SW) ->  3(gpu)   volume = 0.142857
   epoch 7:  292(SW) ->  4(gpu)   volume = 0.142857
   epoch 7:  293(SW) ->  5(gpu)   volume = 0.142857
   epoch 7:  294(SW) ->  6(gpu)   volume = 0.142857
   epoch 7:  295(SW) ->  7(gpu)   volume = 0.142857

-- source 48 --
   epoch 0:  48(gpu) -> 262(SW)   volume = 13.0
   epoch 0:  48(gpu) -> 288(SW)   volume = 1.0
   epoch 0:  262(SW) -> 49(gpu)   volume = 1.857143
   epoch 0:  262(SW) -> 50(gpu)   volume = 1.857143
   epoch 0:  262(SW) -> 51(gpu)   volume = 1.857143
   epoch 0:  262(SW) -> 52(gpu)   volume = 1.857143
   epoch 0:  262(SW) -> 53(gpu)   volume = 1.857143
   epoch 0:  262(SW) -> 54(gpu)   volume = 1.857143
   epoch 0:  262(SW) -> 55(gpu)   volume = 1.857143
   epoch 0:  288(SW) -> 296(SW)   volume = 0.25
   epoch 0:  288(SW) -> 297(SW)   volume = 0.25
   epoch 0:  288(SW) -> 298(SW)   volume = 0.25
   epoch 0:  288(SW) -> 299(SW)   volume = 0.25
   epoch 0:  289(SW) ->  1(gpu)   volume = 0.142857
   epoch 0:  290(SW) ->  2(gpu)   volume = 0.142857
   epoch 0:  291(SW) ->  3(gpu)   volume = 0.142857
   epoch 0:  292(SW) ->  4(gpu)   volume = 0.142857
   epoch 0:  293(SW) ->  5(gpu)   volume = 0.142857
   epoch 0:  294(SW) ->  6(gpu)   volume = 0.142857
   epoch 0:  295(SW) ->  7(gpu)   volume = 0.142857
   epoch 0:  296(SW) -> 289(SW)   volume = 0.035714
   epoch 0:  296(SW) -> 290(SW)   volume = 0.035714
   epoch 0:  296(SW) -> 291(SW)   volume = 0.035714
   epoch 0:  296(SW) -> 292(SW)   volume = 0.035714
   epoch 0:  296(SW) -> 293(SW)   volume = 0.035714
   epoch 0:  296(SW) -> 294(SW)   volume = 0.035714
   epoch 0:  296(SW) -> 295(SW)   volume = 0.035714
   epoch 0:  297(SW) -> 289(SW)   volume = 0.035714
   epoch 0:  297(SW) -> 290(SW)   volume = 0.035714
   epoch 0:  297(SW) -> 291(SW)   volume = 0.035714
   epoch 0:  297(SW) -> 292(SW)   volume = 0.035714
   epoch 0:  297(SW) -> 293(SW)   volume = 0.035714
   epoch 0:  297(SW) -> 294(SW)   volume = 0.035714
   epoch 0:  297(SW) -> 295(SW)   volume = 0.035714
   epoch 0:  298(SW) -> 289(SW)   volume = 0.035714
   epoch 0:  298(SW) -> 290(SW)   volume = 0.035714
   epoch 0:  298(SW) -> 291(SW)   volume = 0.035714
   epoch 0:  298(SW) -> 292(SW)   volume = 0.035714
   epoch 0:  298(SW) -> 293(SW)   volume = 0.035714
   epoch 0:  298(SW) -> 294(SW)   volume = 0.035714
   epoch 0:  298(SW) -> 295(SW)   volume = 0.035714
   epoch 0:  299(SW) -> 289(SW)   volume = 0.035714
   epoch 0:  299(SW) -> 290(SW)   volume = 0.035714
   epoch 0:  299(SW) -> 291(SW)   volume = 0.035714
   epoch 0:  299(SW) -> 292(SW)   volume = 0.035714
   epoch 0:  299(SW) -> 293(SW)   volume = 0.035714
   epoch 0:  299(SW) -> 294(SW)   volume = 0.035714
   epoch 0:  299(SW) -> 295(SW)   volume = 0.035714
   epoch 1:  49(gpu) -> 289(SW)   volume = 1.0
   epoch 1:  50(gpu) -> 290(SW)   volume = 1.0
   epoch 1:  51(gpu) -> 291(SW)   volume = 1.0
   epoch 1:  52(gpu) -> 292(SW)   volume = 1.0
   epoch 1:  53(gpu) -> 293(SW)   volume = 1.0
   epoch 1:  54(gpu) -> 294(SW)   volume = 1.0
   epoch 1:  55(gpu) -> 295(SW)   volume = 1.0
   epoch 1:  289(SW) ->  1(gpu)   volume = 0.142857
   epoch 1:  289(SW) ->  9(gpu)   volume = 0.142857
   epoch 1:  289(SW) -> 17(gpu)   volume = 0.142857
   epoch 1:  289(SW) -> 25(gpu)   volume = 0.142857
   epoch 1:  289(SW) -> 33(gpu)   volume = 0.142857
   epoch 1:  289(SW) -> 41(gpu)   volume = 0.142857
   epoch 1:  289(SW) -> 57(gpu)   volume = 0.142857
   epoch 1:  290(SW) ->  2(gpu)   volume = 0.142857
   epoch 1:  290(SW) -> 10(gpu)   volume = 0.142857
   epoch 1:  290(SW) -> 18(gpu)   volume = 0.142857
   epoch 1:  290(SW) -> 26(gpu)   volume = 0.142857
   epoch 1:  290(SW) -> 34(gpu)   volume = 0.142857
   epoch 1:  290(SW) -> 42(gpu)   volume = 0.142857
   epoch 1:  290(SW) -> 58(gpu)   volume = 0.142857
   epoch 1:  291(SW) ->  3(gpu)   volume = 0.142857
   epoch 1:  291(SW) -> 11(gpu)   volume = 0.142857
   epoch 1:  291(SW) -> 19(gpu)   volume = 0.142857
   epoch 1:  291(SW) -> 27(gpu)   volume = 0.142857
   epoch 1:  291(SW) -> 35(gpu)   volume = 0.142857
   epoch 1:  291(SW) -> 43(gpu)   volume = 0.142857
   epoch 1:  291(SW) -> 59(gpu)   volume = 0.142857
   epoch 1:  292(SW) ->  4(gpu)   volume = 0.142857
   epoch 1:  292(SW) -> 12(gpu)   volume = 0.142857
   epoch 1:  292(SW) -> 20(gpu)   volume = 0.142857
   epoch 1:  292(SW) -> 28(gpu)   volume = 0.142857
   epoch 1:  292(SW) -> 36(gpu)   volume = 0.142857
   epoch 1:  292(SW) -> 44(gpu)   volume = 0.142857
   epoch 1:  292(SW) -> 60(gpu)   volume = 0.142857
   epoch 1:  293(SW) ->  5(gpu)   volume = 0.142857
   epoch 1:  293(SW) -> 13(gpu)   volume = 0.142857
   epoch 1:  293(SW) -> 21(gpu)   volume = 0.142857
   epoch 1:  293(SW) -> 29(gpu)   volume = 0.142857
   epoch 1:  293(SW) -> 37(gpu)   volume = 0.142857
   epoch 1:  293(SW) -> 45(gpu)   volume = 0.142857
   epoch 1:  293(SW) -> 61(gpu)   volume = 0.142857
   epoch 1:  294(SW) ->  6(gpu)   volume = 0.142857
   epoch 1:  294(SW) -> 14(gpu)   volume = 0.142857
   epoch 1:  294(SW) -> 22(gpu)   volume = 0.142857
   epoch 1:  294(SW) -> 30(gpu)   volume = 0.142857
   epoch 1:  294(SW) -> 38(gpu)   volume = 0.142857
   epoch 1:  294(SW) -> 46(gpu)   volume = 0.142857
   epoch 1:  294(SW) -> 62(gpu)   volume = 0.142857
   epoch 1:  295(SW) ->  7(gpu)   volume = 0.142857
   epoch 1:  295(SW) -> 15(gpu)   volume = 0.142857
   epoch 1:  295(SW) -> 23(gpu)   volume = 0.142857
   epoch 1:  295(SW) -> 31(gpu)   volume = 0.142857
   epoch 1:  295(SW) -> 39(gpu)   volume = 0.142857
   epoch 1:  295(SW) -> 47(gpu)   volume = 0.142857
   epoch 1:  295(SW) -> 63(gpu)   volume = 0.142857
   epoch 2:  49(gpu) -> 289(SW)   volume = 0.857143
   epoch 2:  50(gpu) -> 290(SW)   volume = 0.857143
   epoch 2:  51(gpu) -> 291(SW)   volume = 0.857143
   epoch 2:  52(gpu) -> 292(SW)   volume = 0.857143
   epoch 2:  53(gpu) -> 293(SW)   volume = 0.857143
   epoch 2:  54(gpu) -> 294(SW)   volume = 0.857143
   epoch 2:  55(gpu) -> 295(SW)   volume = 0.857143
   epoch 2:  289(SW) ->  1(gpu)   volume = 0.142857
   epoch 2:  289(SW) ->  9(gpu)   volume = 0.119048
   epoch 2:  289(SW) -> 17(gpu)   volume = 0.119048
   epoch 2:  289(SW) -> 25(gpu)   volume = 0.119048
   epoch 2:  289(SW) -> 33(gpu)   volume = 0.119048
   epoch 2:  289(SW) -> 41(gpu)   volume = 0.119048
   epoch 2:  289(SW) -> 57(gpu)   volume = 0.119048
   epoch 2:  290(SW) ->  2(gpu)   volume = 0.142857
   epoch 2:  290(SW) -> 10(gpu)   volume = 0.119048
   epoch 2:  290(SW) -> 18(gpu)   volume = 0.119048
   epoch 2:  290(SW) -> 26(gpu)   volume = 0.119048
   epoch 2:  290(SW) -> 34(gpu)   volume = 0.119048
   epoch 2:  290(SW) -> 42(gpu)   volume = 0.119048
   epoch 2:  290(SW) -> 58(gpu)   volume = 0.119048
   epoch 2:  291(SW) ->  3(gpu)   volume = 0.142857
   epoch 2:  291(SW) -> 11(gpu)   volume = 0.119048
   epoch 2:  291(SW) -> 19(gpu)   volume = 0.119048
   epoch 2:  291(SW) -> 27(gpu)   volume = 0.119048
   epoch 2:  291(SW) -> 35(gpu)   volume = 0.119048
   epoch 2:  291(SW) -> 43(gpu)   volume = 0.119048
   epoch 2:  291(SW) -> 59(gpu)   volume = 0.119048
   epoch 2:  292(SW) ->  4(gpu)   volume = 0.142857
   epoch 2:  292(SW) -> 12(gpu)   volume = 0.119048
   epoch 2:  292(SW) -> 20(gpu)   volume = 0.119048
   epoch 2:  292(SW) -> 28(gpu)   volume = 0.119048
   epoch 2:  292(SW) -> 36(gpu)   volume = 0.119048
   epoch 2:  292(SW) -> 44(gpu)   volume = 0.119048
   epoch 2:  292(SW) -> 60(gpu)   volume = 0.119048
   epoch 2:  293(SW) ->  5(gpu)   volume = 0.142857
   epoch 2:  293(SW) -> 13(gpu)   volume = 0.119048
   epoch 2:  293(SW) -> 21(gpu)   volume = 0.119048
   epoch 2:  293(SW) -> 29(gpu)   volume = 0.119048
   epoch 2:  293(SW) -> 37(gpu)   volume = 0.119048
   epoch 2:  293(SW) -> 45(gpu)   volume = 0.119048
   epoch 2:  293(SW) -> 61(gpu)   volume = 0.119048
   epoch 2:  294(SW) ->  6(gpu)   volume = 0.142857
   epoch 2:  294(SW) -> 14(gpu)   volume = 0.119048
   epoch 2:  294(SW) -> 22(gpu)   volume = 0.119048
   epoch 2:  294(SW) -> 30(gpu)   volume = 0.119048
   epoch 2:  294(SW) -> 38(gpu)   volume = 0.119048
   epoch 2:  294(SW) -> 46(gpu)   volume = 0.119048
   epoch 2:  294(SW) -> 62(gpu)   volume = 0.119048
   epoch 2:  295(SW) ->  7(gpu)   volume = 0.142857
   epoch 2:  295(SW) -> 15(gpu)   volume = 0.119048
   epoch 2:  295(SW) -> 23(gpu)   volume = 0.119048
   epoch 2:  295(SW) -> 31(gpu)   volume = 0.119048
   epoch 2:  295(SW) -> 39(gpu)   volume = 0.119048
   epoch 2:  295(SW) -> 47(gpu)   volume = 0.119048
   epoch 2:  295(SW) -> 63(gpu)   volume = 0.119048
   epoch 3:   9(gpu) -> 289(SW)   volume = 0.02381
   epoch 3:  10(gpu) -> 290(SW)   volume = 0.02381
   epoch 3:  11(gpu) -> 291(SW)   volume = 0.02381
   epoch 3:  12(gpu) -> 292(SW)   volume = 0.02381
   epoch 3:  13(gpu) -> 293(SW)   volume = 0.02381
   epoch 3:  14(gpu) -> 294(SW)   volume = 0.02381
   epoch 3:  15(gpu) -> 295(SW)   volume = 0.02381
   epoch 3:  17(gpu) -> 289(SW)   volume = 0.02381
   epoch 3:  18(gpu) -> 290(SW)   volume = 0.02381
   epoch 3:  19(gpu) -> 291(SW)   volume = 0.02381
   epoch 3:  20(gpu) -> 292(SW)   volume = 0.02381
   epoch 3:  21(gpu) -> 293(SW)   volume = 0.02381
   epoch 3:  22(gpu) -> 294(SW)   volume = 0.02381
   epoch 3:  23(gpu) -> 295(SW)   volume = 0.02381
   epoch 3:  25(gpu) -> 289(SW)   volume = 0.02381
   epoch 3:  26(gpu) -> 290(SW)   volume = 0.02381
   epoch 3:  27(gpu) -> 291(SW)   volume = 0.02381
   epoch 3:  28(gpu) -> 292(SW)   volume = 0.02381
   epoch 3:  29(gpu) -> 293(SW)   volume = 0.02381
   epoch 3:  30(gpu) -> 294(SW)   volume = 0.02381
   epoch 3:  31(gpu) -> 295(SW)   volume = 0.02381
   epoch 3:  33(gpu) -> 289(SW)   volume = 0.02381
   epoch 3:  34(gpu) -> 290(SW)   volume = 0.02381
   epoch 3:  35(gpu) -> 291(SW)   volume = 0.02381
   epoch 3:  36(gpu) -> 292(SW)   volume = 0.02381
   epoch 3:  37(gpu) -> 293(SW)   volume = 0.02381
   epoch 3:  38(gpu) -> 294(SW)   volume = 0.02381
   epoch 3:  39(gpu) -> 295(SW)   volume = 0.02381
   epoch 3:  41(gpu) -> 289(SW)   volume = 0.02381
   epoch 3:  42(gpu) -> 290(SW)   volume = 0.02381
   epoch 3:  43(gpu) -> 291(SW)   volume = 0.02381
   epoch 3:  44(gpu) -> 292(SW)   volume = 0.02381
   epoch 3:  45(gpu) -> 293(SW)   volume = 0.02381
   epoch 3:  46(gpu) -> 294(SW)   volume = 0.02381
   epoch 3:  47(gpu) -> 295(SW)   volume = 0.02381
   epoch 3:  57(gpu) -> 289(SW)   volume = 0.02381
   epoch 3:  58(gpu) -> 290(SW)   volume = 0.02381
   epoch 3:  59(gpu) -> 291(SW)   volume = 0.02381
   epoch 3:  60(gpu) -> 292(SW)   volume = 0.02381
   epoch 3:  61(gpu) -> 293(SW)   volume = 0.02381
   epoch 3:  62(gpu) -> 294(SW)   volume = 0.02381
   epoch 3:  63(gpu) -> 295(SW)   volume = 0.02381
   epoch 3:  289(SW) ->  1(gpu)   volume = 0.142857
   epoch 3:  290(SW) ->  2(gpu)   volume = 0.142857
   epoch 3:  291(SW) ->  3(gpu)   volume = 0.142857
   epoch 3:  292(SW) ->  4(gpu)   volume = 0.142857
   epoch 3:  293(SW) ->  5(gpu)   volume = 0.142857
   epoch 3:  294(SW) ->  6(gpu)   volume = 0.142857
   epoch 3:  295(SW) ->  7(gpu)   volume = 0.142857
   epoch 4:   9(gpu) -> 289(SW)   volume = 0.02381
   epoch 4:  10(gpu) -> 290(SW)   volume = 0.02381
   epoch 4:  11(gpu) -> 291(SW)   volume = 0.02381
   epoch 4:  12(gpu) -> 292(SW)   volume = 0.02381
   epoch 4:  13(gpu) -> 293(SW)   volume = 0.02381
   epoch 4:  14(gpu) -> 294(SW)   volume = 0.02381
   epoch 4:  15(gpu) -> 295(SW)   volume = 0.02381
   epoch 4:  17(gpu) -> 289(SW)   volume = 0.02381
   epoch 4:  18(gpu) -> 290(SW)   volume = 0.02381
   epoch 4:  19(gpu) -> 291(SW)   volume = 0.02381
   epoch 4:  20(gpu) -> 292(SW)   volume = 0.02381
   epoch 4:  21(gpu) -> 293(SW)   volume = 0.02381
   epoch 4:  22(gpu) -> 294(SW)   volume = 0.02381
   epoch 4:  23(gpu) -> 295(SW)   volume = 0.02381
   epoch 4:  25(gpu) -> 289(SW)   volume = 0.02381
   epoch 4:  26(gpu) -> 290(SW)   volume = 0.02381
   epoch 4:  27(gpu) -> 291(SW)   volume = 0.02381
   epoch 4:  28(gpu) -> 292(SW)   volume = 0.02381
   epoch 4:  29(gpu) -> 293(SW)   volume = 0.02381
   epoch 4:  30(gpu) -> 294(SW)   volume = 0.02381
   epoch 4:  31(gpu) -> 295(SW)   volume = 0.02381
   epoch 4:  33(gpu) -> 289(SW)   volume = 0.02381
   epoch 4:  34(gpu) -> 290(SW)   volume = 0.02381
   epoch 4:  35(gpu) -> 291(SW)   volume = 0.02381
   epoch 4:  36(gpu) -> 292(SW)   volume = 0.02381
   epoch 4:  37(gpu) -> 293(SW)   volume = 0.02381
   epoch 4:  38(gpu) -> 294(SW)   volume = 0.02381
   epoch 4:  39(gpu) -> 295(SW)   volume = 0.02381
   epoch 4:  41(gpu) -> 289(SW)   volume = 0.02381
   epoch 4:  42(gpu) -> 290(SW)   volume = 0.02381
   epoch 4:  43(gpu) -> 291(SW)   volume = 0.02381
   epoch 4:  44(gpu) -> 292(SW)   volume = 0.02381
   epoch 4:  45(gpu) -> 293(SW)   volume = 0.02381
   epoch 4:  46(gpu) -> 294(SW)   volume = 0.02381
   epoch 4:  47(gpu) -> 295(SW)   volume = 0.02381
   epoch 4:  57(gpu) -> 289(SW)   volume = 0.02381
   epoch 4:  58(gpu) -> 290(SW)   volume = 0.02381
   epoch 4:  59(gpu) -> 291(SW)   volume = 0.02381
   epoch 4:  60(gpu) -> 292(SW)   volume = 0.02381
   epoch 4:  61(gpu) -> 293(SW)   volume = 0.02381
   epoch 4:  62(gpu) -> 294(SW)   volume = 0.02381
   epoch 4:  63(gpu) -> 295(SW)   volume = 0.02381
   epoch 4:  289(SW) ->  1(gpu)   volume = 0.142857
   epoch 4:  290(SW) ->  2(gpu)   volume = 0.142857
   epoch 4:  291(SW) ->  3(gpu)   volume = 0.142857
   epoch 4:  292(SW) ->  4(gpu)   volume = 0.142857
   epoch 4:  293(SW) ->  5(gpu)   volume = 0.142857
   epoch 4:  294(SW) ->  6(gpu)   volume = 0.142857
   epoch 4:  295(SW) ->  7(gpu)   volume = 0.142857
   epoch 5:   9(gpu) -> 289(SW)   volume = 0.02381
   epoch 5:  10(gpu) -> 290(SW)   volume = 0.02381
   epoch 5:  11(gpu) -> 291(SW)   volume = 0.02381
   epoch 5:  12(gpu) -> 292(SW)   volume = 0.02381
   epoch 5:  13(gpu) -> 293(SW)   volume = 0.02381
   epoch 5:  14(gpu) -> 294(SW)   volume = 0.02381
   epoch 5:  15(gpu) -> 295(SW)   volume = 0.02381
   epoch 5:  17(gpu) -> 289(SW)   volume = 0.02381
   epoch 5:  18(gpu) -> 290(SW)   volume = 0.02381
   epoch 5:  19(gpu) -> 291(SW)   volume = 0.02381
   epoch 5:  20(gpu) -> 292(SW)   volume = 0.02381
   epoch 5:  21(gpu) -> 293(SW)   volume = 0.02381
   epoch 5:  22(gpu) -> 294(SW)   volume = 0.02381
   epoch 5:  23(gpu) -> 295(SW)   volume = 0.02381
   epoch 5:  25(gpu) -> 289(SW)   volume = 0.02381
   epoch 5:  26(gpu) -> 290(SW)   volume = 0.02381
   epoch 5:  27(gpu) -> 291(SW)   volume = 0.02381
   epoch 5:  28(gpu) -> 292(SW)   volume = 0.02381
   epoch 5:  29(gpu) -> 293(SW)   volume = 0.02381
   epoch 5:  30(gpu) -> 294(SW)   volume = 0.02381
   epoch 5:  31(gpu) -> 295(SW)   volume = 0.02381
   epoch 5:  33(gpu) -> 289(SW)   volume = 0.02381
   epoch 5:  34(gpu) -> 290(SW)   volume = 0.02381
   epoch 5:  35(gpu) -> 291(SW)   volume = 0.02381
   epoch 5:  36(gpu) -> 292(SW)   volume = 0.02381
   epoch 5:  37(gpu) -> 293(SW)   volume = 0.02381
   epoch 5:  38(gpu) -> 294(SW)   volume = 0.02381
   epoch 5:  39(gpu) -> 295(SW)   volume = 0.02381
   epoch 5:  41(gpu) -> 289(SW)   volume = 0.02381
   epoch 5:  42(gpu) -> 290(SW)   volume = 0.02381
   epoch 5:  43(gpu) -> 291(SW)   volume = 0.02381
   epoch 5:  44(gpu) -> 292(SW)   volume = 0.02381
   epoch 5:  45(gpu) -> 293(SW)   volume = 0.02381
   epoch 5:  46(gpu) -> 294(SW)   volume = 0.02381
   epoch 5:  47(gpu) -> 295(SW)   volume = 0.02381
   epoch 5:  57(gpu) -> 289(SW)   volume = 0.02381
   epoch 5:  58(gpu) -> 290(SW)   volume = 0.02381
   epoch 5:  59(gpu) -> 291(SW)   volume = 0.02381
   epoch 5:  60(gpu) -> 292(SW)   volume = 0.02381
   epoch 5:  61(gpu) -> 293(SW)   volume = 0.02381
   epoch 5:  62(gpu) -> 294(SW)   volume = 0.02381
   epoch 5:  63(gpu) -> 295(SW)   volume = 0.02381
   epoch 5:  289(SW) ->  1(gpu)   volume = 0.142857
   epoch 5:  290(SW) ->  2(gpu)   volume = 0.142857
   epoch 5:  291(SW) ->  3(gpu)   volume = 0.142857
   epoch 5:  292(SW) ->  4(gpu)   volume = 0.142857
   epoch 5:  293(SW) ->  5(gpu)   volume = 0.142857
   epoch 5:  294(SW) ->  6(gpu)   volume = 0.142857
   epoch 5:  295(SW) ->  7(gpu)   volume = 0.142857
   epoch 6:   9(gpu) -> 289(SW)   volume = 0.02381
   epoch 6:  10(gpu) -> 290(SW)   volume = 0.02381
   epoch 6:  11(gpu) -> 291(SW)   volume = 0.02381
   epoch 6:  12(gpu) -> 292(SW)   volume = 0.02381
   epoch 6:  13(gpu) -> 293(SW)   volume = 0.02381
   epoch 6:  14(gpu) -> 294(SW)   volume = 0.02381
   epoch 6:  15(gpu) -> 295(SW)   volume = 0.02381
   epoch 6:  17(gpu) -> 289(SW)   volume = 0.02381
   epoch 6:  18(gpu) -> 290(SW)   volume = 0.02381
   epoch 6:  19(gpu) -> 291(SW)   volume = 0.02381
   epoch 6:  20(gpu) -> 292(SW)   volume = 0.02381
   epoch 6:  21(gpu) -> 293(SW)   volume = 0.02381
   epoch 6:  22(gpu) -> 294(SW)   volume = 0.02381
   epoch 6:  23(gpu) -> 295(SW)   volume = 0.02381
   epoch 6:  25(gpu) -> 289(SW)   volume = 0.02381
   epoch 6:  26(gpu) -> 290(SW)   volume = 0.02381
   epoch 6:  27(gpu) -> 291(SW)   volume = 0.02381
   epoch 6:  28(gpu) -> 292(SW)   volume = 0.02381
   epoch 6:  29(gpu) -> 293(SW)   volume = 0.02381
   epoch 6:  30(gpu) -> 294(SW)   volume = 0.02381
   epoch 6:  31(gpu) -> 295(SW)   volume = 0.02381
   epoch 6:  33(gpu) -> 289(SW)   volume = 0.02381
   epoch 6:  34(gpu) -> 290(SW)   volume = 0.02381
   epoch 6:  35(gpu) -> 291(SW)   volume = 0.02381
   epoch 6:  36(gpu) -> 292(SW)   volume = 0.02381
   epoch 6:  37(gpu) -> 293(SW)   volume = 0.02381
   epoch 6:  38(gpu) -> 294(SW)   volume = 0.02381
   epoch 6:  39(gpu) -> 295(SW)   volume = 0.02381
   epoch 6:  41(gpu) -> 289(SW)   volume = 0.02381
   epoch 6:  42(gpu) -> 290(SW)   volume = 0.02381
   epoch 6:  43(gpu) -> 291(SW)   volume = 0.02381
   epoch 6:  44(gpu) -> 292(SW)   volume = 0.02381
   epoch 6:  45(gpu) -> 293(SW)   volume = 0.02381
   epoch 6:  46(gpu) -> 294(SW)   volume = 0.02381
   epoch 6:  47(gpu) -> 295(SW)   volume = 0.02381
   epoch 6:  57(gpu) -> 289(SW)   volume = 0.02381
   epoch 6:  58(gpu) -> 290(SW)   volume = 0.02381
   epoch 6:  59(gpu) -> 291(SW)   volume = 0.02381
   epoch 6:  60(gpu) -> 292(SW)   volume = 0.02381
   epoch 6:  61(gpu) -> 293(SW)   volume = 0.02381
   epoch 6:  62(gpu) -> 294(SW)   volume = 0.02381
   epoch 6:  63(gpu) -> 295(SW)   volume = 0.02381
   epoch 6:  289(SW) ->  1(gpu)   volume = 0.142857
   epoch 6:  290(SW) ->  2(gpu)   volume = 0.142857
   epoch 6:  291(SW) ->  3(gpu)   volume = 0.142857
   epoch 6:  292(SW) ->  4(gpu)   volume = 0.142857
   epoch 6:  293(SW) ->  5(gpu)   volume = 0.142857
   epoch 6:  294(SW) ->  6(gpu)   volume = 0.142857
   epoch 6:  295(SW) ->  7(gpu)   volume = 0.142857
   epoch 7:   1(gpu) -> 256(SW)   volume = 1.0
   epoch 7:   2(gpu) -> 256(SW)   volume = 1.0
   epoch 7:   3(gpu) -> 256(SW)   volume = 1.0
   epoch 7:   4(gpu) -> 256(SW)   volume = 1.0
   epoch 7:   5(gpu) -> 256(SW)   volume = 1.0
   epoch 7:   6(gpu) -> 256(SW)   volume = 1.0
   epoch 7:   7(gpu) -> 256(SW)   volume = 1.0
   epoch 7:   9(gpu) -> 257(SW)   volume = 0.142857
   epoch 7:   9(gpu) -> 289(SW)   volume = 0.02381
   epoch 7:  10(gpu) -> 257(SW)   volume = 0.142857
   epoch 7:  10(gpu) -> 290(SW)   volume = 0.02381
   epoch 7:  11(gpu) -> 257(SW)   volume = 0.142857
   epoch 7:  11(gpu) -> 291(SW)   volume = 0.02381
   epoch 7:  12(gpu) -> 257(SW)   volume = 0.142857
   epoch 7:  12(gpu) -> 292(SW)   volume = 0.02381
   epoch 7:  13(gpu) -> 257(SW)   volume = 0.142857
   epoch 7:  13(gpu) -> 293(SW)   volume = 0.02381
   epoch 7:  14(gpu) -> 257(SW)   volume = 0.142857
   epoch 7:  14(gpu) -> 294(SW)   volume = 0.02381
   epoch 7:  15(gpu) -> 257(SW)   volume = 0.142857
   epoch 7:  15(gpu) -> 295(SW)   volume = 0.02381
   epoch 7:  17(gpu) -> 258(SW)   volume = 0.142857
   epoch 7:  17(gpu) -> 289(SW)   volume = 0.02381
   epoch 7:  18(gpu) -> 258(SW)   volume = 0.142857
   epoch 7:  18(gpu) -> 290(SW)   volume = 0.02381
   epoch 7:  19(gpu) -> 258(SW)   volume = 0.142857
   epoch 7:  19(gpu) -> 291(SW)   volume = 0.02381
   epoch 7:  20(gpu) -> 258(SW)   volume = 0.142857
   epoch 7:  20(gpu) -> 292(SW)   volume = 0.02381
   epoch 7:  21(gpu) -> 258(SW)   volume = 0.142857
   epoch 7:  21(gpu) -> 293(SW)   volume = 0.02381
   epoch 7:  22(gpu) -> 258(SW)   volume = 0.142857
   epoch 7:  22(gpu) -> 294(SW)   volume = 0.02381
   epoch 7:  23(gpu) -> 258(SW)   volume = 0.142857
   epoch 7:  23(gpu) -> 295(SW)   volume = 0.02381
   epoch 7:  25(gpu) -> 259(SW)   volume = 0.142857
   epoch 7:  25(gpu) -> 289(SW)   volume = 0.02381
   epoch 7:  26(gpu) -> 259(SW)   volume = 0.142857
   epoch 7:  26(gpu) -> 290(SW)   volume = 0.02381
   epoch 7:  27(gpu) -> 259(SW)   volume = 0.142857
   epoch 7:  27(gpu) -> 291(SW)   volume = 0.02381
   epoch 7:  28(gpu) -> 259(SW)   volume = 0.142857
   epoch 7:  28(gpu) -> 292(SW)   volume = 0.02381
   epoch 7:  29(gpu) -> 259(SW)   volume = 0.142857
   epoch 7:  29(gpu) -> 293(SW)   volume = 0.02381
   epoch 7:  30(gpu) -> 259(SW)   volume = 0.142857
   epoch 7:  30(gpu) -> 294(SW)   volume = 0.02381
   epoch 7:  31(gpu) -> 259(SW)   volume = 0.142857
   epoch 7:  31(gpu) -> 295(SW)   volume = 0.02381
   epoch 7:  33(gpu) -> 260(SW)   volume = 0.142857
   epoch 7:  33(gpu) -> 289(SW)   volume = 0.02381
   epoch 7:  34(gpu) -> 260(SW)   volume = 0.142857
   epoch 7:  34(gpu) -> 290(SW)   volume = 0.02381
   epoch 7:  35(gpu) -> 260(SW)   volume = 0.142857
   epoch 7:  35(gpu) -> 291(SW)   volume = 0.02381
   epoch 7:  36(gpu) -> 260(SW)   volume = 0.142857
   epoch 7:  36(gpu) -> 292(SW)   volume = 0.02381
   epoch 7:  37(gpu) -> 260(SW)   volume = 0.142857
   epoch 7:  37(gpu) -> 293(SW)   volume = 0.02381
   epoch 7:  38(gpu) -> 260(SW)   volume = 0.142857
   epoch 7:  38(gpu) -> 294(SW)   volume = 0.02381
   epoch 7:  39(gpu) -> 260(SW)   volume = 0.142857
   epoch 7:  39(gpu) -> 295(SW)   volume = 0.02381
   epoch 7:  41(gpu) -> 261(SW)   volume = 0.142857
   epoch 7:  41(gpu) -> 289(SW)   volume = 0.02381
   epoch 7:  42(gpu) -> 261(SW)   volume = 0.142857
   epoch 7:  42(gpu) -> 290(SW)   volume = 0.02381
   epoch 7:  43(gpu) -> 261(SW)   volume = 0.142857
   epoch 7:  43(gpu) -> 291(SW)   volume = 0.02381
   epoch 7:  44(gpu) -> 261(SW)   volume = 0.142857
   epoch 7:  44(gpu) -> 292(SW)   volume = 0.02381
   epoch 7:  45(gpu) -> 261(SW)   volume = 0.142857
   epoch 7:  45(gpu) -> 293(SW)   volume = 0.02381
   epoch 7:  46(gpu) -> 261(SW)   volume = 0.142857
   epoch 7:  46(gpu) -> 294(SW)   volume = 0.02381
   epoch 7:  47(gpu) -> 261(SW)   volume = 0.142857
   epoch 7:  47(gpu) -> 295(SW)   volume = 0.02381
   epoch 7:  57(gpu) -> 263(SW)   volume = 0.142857
   epoch 7:  57(gpu) -> 289(SW)   volume = 0.02381
   epoch 7:  58(gpu) -> 263(SW)   volume = 0.142857
   epoch 7:  58(gpu) -> 290(SW)   volume = 0.02381
   epoch 7:  59(gpu) -> 263(SW)   volume = 0.142857
   epoch 7:  59(gpu) -> 291(SW)   volume = 0.02381
   epoch 7:  60(gpu) -> 263(SW)   volume = 0.142857
   epoch 7:  60(gpu) -> 292(SW)   volume = 0.02381
   epoch 7:  61(gpu) -> 263(SW)   volume = 0.142857
   epoch 7:  61(gpu) -> 293(SW)   volume = 0.02381
   epoch 7:  62(gpu) -> 263(SW)   volume = 0.142857
   epoch 7:  62(gpu) -> 294(SW)   volume = 0.02381
   epoch 7:  63(gpu) -> 263(SW)   volume = 0.142857
   epoch 7:  63(gpu) -> 295(SW)   volume = 0.02381
   epoch 7:  256(SW) ->  0(gpu)   volume = 1.0
   epoch 7:  256(SW) ->  1(gpu)   volume = 0.857143
   epoch 7:  256(SW) ->  2(gpu)   volume = 0.857143
   epoch 7:  256(SW) ->  3(gpu)   volume = 0.857143
   epoch 7:  256(SW) ->  4(gpu)   volume = 0.857143
   epoch 7:  256(SW) ->  5(gpu)   volume = 0.857143
   epoch 7:  256(SW) ->  6(gpu)   volume = 0.857143
   epoch 7:  256(SW) ->  7(gpu)   volume = 0.857143
   epoch 7:  257(SW) ->  8(gpu)   volume = 1.0
   epoch 7:  258(SW) -> 16(gpu)   volume = 1.0
   epoch 7:  259(SW) -> 24(gpu)   volume = 1.0
   epoch 7:  260(SW) -> 32(gpu)   volume = 1.0
   epoch 7:  261(SW) -> 40(gpu)   volume = 1.0
   epoch 7:  263(SW) -> 56(gpu)   volume = 1.0
   epoch 7:  289(SW) ->  1(gpu)   volume = 0.142857
   epoch 7:  290(SW) ->  2(gpu)   volume = 0.142857
   epoch 7:  291(SW) ->  3(gpu)   volume = 0.142857
   epoch 7:  292(SW) ->  4(gpu)   volume = 0.142857
   epoch 7:  293(SW) ->  5(gpu)   volume = 0.142857
   epoch 7:  294(SW) ->  6(gpu)   volume = 0.142857
   epoch 7:  295(SW) ->  7(gpu)   volume = 0.142857

-- source 56 --
   epoch 0:  56(gpu) -> 263(SW)   volume = 13.0
   epoch 0:  56(gpu) -> 288(SW)   volume = 1.0
   epoch 0:  263(SW) -> 57(gpu)   volume = 1.857143
   epoch 0:  263(SW) -> 58(gpu)   volume = 1.857143
   epoch 0:  263(SW) -> 59(gpu)   volume = 1.857143
   epoch 0:  263(SW) -> 60(gpu)   volume = 1.857143
   epoch 0:  263(SW) -> 61(gpu)   volume = 1.857143
   epoch 0:  263(SW) -> 62(gpu)   volume = 1.857143
   epoch 0:  263(SW) -> 63(gpu)   volume = 1.857143
   epoch 0:  288(SW) -> 296(SW)   volume = 0.25
   epoch 0:  288(SW) -> 297(SW)   volume = 0.25
   epoch 0:  288(SW) -> 298(SW)   volume = 0.25
   epoch 0:  288(SW) -> 299(SW)   volume = 0.25
   epoch 0:  289(SW) ->  1(gpu)   volume = 0.142857
   epoch 0:  290(SW) ->  2(gpu)   volume = 0.142857
   epoch 0:  291(SW) ->  3(gpu)   volume = 0.142857
   epoch 0:  292(SW) ->  4(gpu)   volume = 0.142857
   epoch 0:  293(SW) ->  5(gpu)   volume = 0.142857
   epoch 0:  294(SW) ->  6(gpu)   volume = 0.142857
   epoch 0:  295(SW) ->  7(gpu)   volume = 0.142857
   epoch 0:  296(SW) -> 289(SW)   volume = 0.035714
   epoch 0:  296(SW) -> 290(SW)   volume = 0.035714
   epoch 0:  296(SW) -> 291(SW)   volume = 0.035714
   epoch 0:  296(SW) -> 292(SW)   volume = 0.035714
   epoch 0:  296(SW) -> 293(SW)   volume = 0.035714
   epoch 0:  296(SW) -> 294(SW)   volume = 0.035714
   epoch 0:  296(SW) -> 295(SW)   volume = 0.035714
   epoch 0:  297(SW) -> 289(SW)   volume = 0.035714
   epoch 0:  297(SW) -> 290(SW)   volume = 0.035714
   epoch 0:  297(SW) -> 291(SW)   volume = 0.035714
   epoch 0:  297(SW) -> 292(SW)   volume = 0.035714
   epoch 0:  297(SW) -> 293(SW)   volume = 0.035714
   epoch 0:  297(SW) -> 294(SW)   volume = 0.035714
   epoch 0:  297(SW) -> 295(SW)   volume = 0.035714
   epoch 0:  298(SW) -> 289(SW)   volume = 0.035714
   epoch 0:  298(SW) -> 290(SW)   volume = 0.035714
   epoch 0:  298(SW) -> 291(SW)   volume = 0.035714
   epoch 0:  298(SW) -> 292(SW)   volume = 0.035714
   epoch 0:  298(SW) -> 293(SW)   volume = 0.035714
   epoch 0:  298(SW) -> 294(SW)   volume = 0.035714
   epoch 0:  298(SW) -> 295(SW)   volume = 0.035714
   epoch 0:  299(SW) -> 289(SW)   volume = 0.035714
   epoch 0:  299(SW) -> 290(SW)   volume = 0.035714
   epoch 0:  299(SW) -> 291(SW)   volume = 0.035714
   epoch 0:  299(SW) -> 292(SW)   volume = 0.035714
   epoch 0:  299(SW) -> 293(SW)   volume = 0.035714
   epoch 0:  299(SW) -> 294(SW)   volume = 0.035714
   epoch 0:  299(SW) -> 295(SW)   volume = 0.035714
   epoch 1:  57(gpu) -> 289(SW)   volume = 1.0
   epoch 1:  58(gpu) -> 290(SW)   volume = 1.0
   epoch 1:  59(gpu) -> 291(SW)   volume = 1.0
   epoch 1:  60(gpu) -> 292(SW)   volume = 1.0
   epoch 1:  61(gpu) -> 293(SW)   volume = 1.0
   epoch 1:  62(gpu) -> 294(SW)   volume = 1.0
   epoch 1:  63(gpu) -> 295(SW)   volume = 1.0
   epoch 1:  289(SW) ->  1(gpu)   volume = 0.142857
   epoch 1:  289(SW) ->  9(gpu)   volume = 0.142857
   epoch 1:  289(SW) -> 17(gpu)   volume = 0.142857
   epoch 1:  289(SW) -> 25(gpu)   volume = 0.142857
   epoch 1:  289(SW) -> 33(gpu)   volume = 0.142857
   epoch 1:  289(SW) -> 41(gpu)   volume = 0.142857
   epoch 1:  289(SW) -> 49(gpu)   volume = 0.142857
   epoch 1:  290(SW) ->  2(gpu)   volume = 0.142857
   epoch 1:  290(SW) -> 10(gpu)   volume = 0.142857
   epoch 1:  290(SW) -> 18(gpu)   volume = 0.142857
   epoch 1:  290(SW) -> 26(gpu)   volume = 0.142857
   epoch 1:  290(SW) -> 34(gpu)   volume = 0.142857
   epoch 1:  290(SW) -> 42(gpu)   volume = 0.142857
   epoch 1:  290(SW) -> 50(gpu)   volume = 0.142857
   epoch 1:  291(SW) ->  3(gpu)   volume = 0.142857
   epoch 1:  291(SW) -> 11(gpu)   volume = 0.142857
   epoch 1:  291(SW) -> 19(gpu)   volume = 0.142857
   epoch 1:  291(SW) -> 27(gpu)   volume = 0.142857
   epoch 1:  291(SW) -> 35(gpu)   volume = 0.142857
   epoch 1:  291(SW) -> 43(gpu)   volume = 0.142857
   epoch 1:  291(SW) -> 51(gpu)   volume = 0.142857
   epoch 1:  292(SW) ->  4(gpu)   volume = 0.142857
   epoch 1:  292(SW) -> 12(gpu)   volume = 0.142857
   epoch 1:  292(SW) -> 20(gpu)   volume = 0.142857
   epoch 1:  292(SW) -> 28(gpu)   volume = 0.142857
   epoch 1:  292(SW) -> 36(gpu)   volume = 0.142857
   epoch 1:  292(SW) -> 44(gpu)   volume = 0.142857
   epoch 1:  292(SW) -> 52(gpu)   volume = 0.142857
   epoch 1:  293(SW) ->  5(gpu)   volume = 0.142857
   epoch 1:  293(SW) -> 13(gpu)   volume = 0.142857
   epoch 1:  293(SW) -> 21(gpu)   volume = 0.142857
   epoch 1:  293(SW) -> 29(gpu)   volume = 0.142857
   epoch 1:  293(SW) -> 37(gpu)   volume = 0.142857
   epoch 1:  293(SW) -> 45(gpu)   volume = 0.142857
   epoch 1:  293(SW) -> 53(gpu)   volume = 0.142857
   epoch 1:  294(SW) ->  6(gpu)   volume = 0.142857
   epoch 1:  294(SW) -> 14(gpu)   volume = 0.142857
   epoch 1:  294(SW) -> 22(gpu)   volume = 0.142857
   epoch 1:  294(SW) -> 30(gpu)   volume = 0.142857
   epoch 1:  294(SW) -> 38(gpu)   volume = 0.142857
   epoch 1:  294(SW) -> 46(gpu)   volume = 0.142857
   epoch 1:  294(SW) -> 54(gpu)   volume = 0.142857
   epoch 1:  295(SW) ->  7(gpu)   volume = 0.142857
   epoch 1:  295(SW) -> 15(gpu)   volume = 0.142857
   epoch 1:  295(SW) -> 23(gpu)   volume = 0.142857
   epoch 1:  295(SW) -> 31(gpu)   volume = 0.142857
   epoch 1:  295(SW) -> 39(gpu)   volume = 0.142857
   epoch 1:  295(SW) -> 47(gpu)   volume = 0.142857
   epoch 1:  295(SW) -> 55(gpu)   volume = 0.142857
   epoch 2:  57(gpu) -> 289(SW)   volume = 0.857143
   epoch 2:  58(gpu) -> 290(SW)   volume = 0.857143
   epoch 2:  59(gpu) -> 291(SW)   volume = 0.857143
   epoch 2:  60(gpu) -> 292(SW)   volume = 0.857143
   epoch 2:  61(gpu) -> 293(SW)   volume = 0.857143
   epoch 2:  62(gpu) -> 294(SW)   volume = 0.857143
   epoch 2:  63(gpu) -> 295(SW)   volume = 0.857143
   epoch 2:  289(SW) ->  1(gpu)   volume = 0.142857
   epoch 2:  289(SW) ->  9(gpu)   volume = 0.119048
   epoch 2:  289(SW) -> 17(gpu)   volume = 0.119048
   epoch 2:  289(SW) -> 25(gpu)   volume = 0.119048
   epoch 2:  289(SW) -> 33(gpu)   volume = 0.119048
   epoch 2:  289(SW) -> 41(gpu)   volume = 0.119048
   epoch 2:  289(SW) -> 49(gpu)   volume = 0.119048
   epoch 2:  290(SW) ->  2(gpu)   volume = 0.142857
   epoch 2:  290(SW) -> 10(gpu)   volume = 0.119048
   epoch 2:  290(SW) -> 18(gpu)   volume = 0.119048
   epoch 2:  290(SW) -> 26(gpu)   volume = 0.119048
   epoch 2:  290(SW) -> 34(gpu)   volume = 0.119048
   epoch 2:  290(SW) -> 42(gpu)   volume = 0.119048
   epoch 2:  290(SW) -> 50(gpu)   volume = 0.119048
   epoch 2:  291(SW) ->  3(gpu)   volume = 0.142857
   epoch 2:  291(SW) -> 11(gpu)   volume = 0.119048
   epoch 2:  291(SW) -> 19(gpu)   volume = 0.119048
   epoch 2:  291(SW) -> 27(gpu)   volume = 0.119048
   epoch 2:  291(SW) -> 35(gpu)   volume = 0.119048
   epoch 2:  291(SW) -> 43(gpu)   volume = 0.119048
   epoch 2:  291(SW) -> 51(gpu)   volume = 0.119048
   epoch 2:  292(SW) ->  4(gpu)   volume = 0.142857
   epoch 2:  292(SW) -> 12(gpu)   volume = 0.119048
   epoch 2:  292(SW) -> 20(gpu)   volume = 0.119048
   epoch 2:  292(SW) -> 28(gpu)   volume = 0.119048
   epoch 2:  292(SW) -> 36(gpu)   volume = 0.119048
   epoch 2:  292(SW) -> 44(gpu)   volume = 0.119048
   epoch 2:  292(SW) -> 52(gpu)   volume = 0.119048
   epoch 2:  293(SW) ->  5(gpu)   volume = 0.142857
   epoch 2:  293(SW) -> 13(gpu)   volume = 0.119048
   epoch 2:  293(SW) -> 21(gpu)   volume = 0.119048
   epoch 2:  293(SW) -> 29(gpu)   volume = 0.119048
   epoch 2:  293(SW) -> 37(gpu)   volume = 0.119048
   epoch 2:  293(SW) -> 45(gpu)   volume = 0.119048
   epoch 2:  293(SW) -> 53(gpu)   volume = 0.119048
   epoch 2:  294(SW) ->  6(gpu)   volume = 0.142857
   epoch 2:  294(SW) -> 14(gpu)   volume = 0.119048
   epoch 2:  294(SW) -> 22(gpu)   volume = 0.119048
   epoch 2:  294(SW) -> 30(gpu)   volume = 0.119048
   epoch 2:  294(SW) -> 38(gpu)   volume = 0.119048
   epoch 2:  294(SW) -> 46(gpu)   volume = 0.119048
   epoch 2:  294(SW) -> 54(gpu)   volume = 0.119048
   epoch 2:  295(SW) ->  7(gpu)   volume = 0.142857
   epoch 2:  295(SW) -> 15(gpu)   volume = 0.119048
   epoch 2:  295(SW) -> 23(gpu)   volume = 0.119048
   epoch 2:  295(SW) -> 31(gpu)   volume = 0.119048
   epoch 2:  295(SW) -> 39(gpu)   volume = 0.119048
   epoch 2:  295(SW) -> 47(gpu)   volume = 0.119048
   epoch 2:  295(SW) -> 55(gpu)   volume = 0.119048
   epoch 3:   9(gpu) -> 289(SW)   volume = 0.02381
   epoch 3:  10(gpu) -> 290(SW)   volume = 0.02381
   epoch 3:  11(gpu) -> 291(SW)   volume = 0.02381
   epoch 3:  12(gpu) -> 292(SW)   volume = 0.02381
   epoch 3:  13(gpu) -> 293(SW)   volume = 0.02381
   epoch 3:  14(gpu) -> 294(SW)   volume = 0.02381
   epoch 3:  15(gpu) -> 295(SW)   volume = 0.02381
   epoch 3:  17(gpu) -> 289(SW)   volume = 0.02381
   epoch 3:  18(gpu) -> 290(SW)   volume = 0.02381
   epoch 3:  19(gpu) -> 291(SW)   volume = 0.02381
   epoch 3:  20(gpu) -> 292(SW)   volume = 0.02381
   epoch 3:  21(gpu) -> 293(SW)   volume = 0.02381
   epoch 3:  22(gpu) -> 294(SW)   volume = 0.02381
   epoch 3:  23(gpu) -> 295(SW)   volume = 0.02381
   epoch 3:  25(gpu) -> 289(SW)   volume = 0.02381
   epoch 3:  26(gpu) -> 290(SW)   volume = 0.02381
   epoch 3:  27(gpu) -> 291(SW)   volume = 0.02381
   epoch 3:  28(gpu) -> 292(SW)   volume = 0.02381
   epoch 3:  29(gpu) -> 293(SW)   volume = 0.02381
   epoch 3:  30(gpu) -> 294(SW)   volume = 0.02381
   epoch 3:  31(gpu) -> 295(SW)   volume = 0.02381
   epoch 3:  33(gpu) -> 289(SW)   volume = 0.02381
   epoch 3:  34(gpu) -> 290(SW)   volume = 0.02381
   epoch 3:  35(gpu) -> 291(SW)   volume = 0.02381
   epoch 3:  36(gpu) -> 292(SW)   volume = 0.02381
   epoch 3:  37(gpu) -> 293(SW)   volume = 0.02381
   epoch 3:  38(gpu) -> 294(SW)   volume = 0.02381
   epoch 3:  39(gpu) -> 295(SW)   volume = 0.02381
   epoch 3:  41(gpu) -> 289(SW)   volume = 0.02381
   epoch 3:  42(gpu) -> 290(SW)   volume = 0.02381
   epoch 3:  43(gpu) -> 291(SW)   volume = 0.02381
   epoch 3:  44(gpu) -> 292(SW)   volume = 0.02381
   epoch 3:  45(gpu) -> 293(SW)   volume = 0.02381
   epoch 3:  46(gpu) -> 294(SW)   volume = 0.02381
   epoch 3:  47(gpu) -> 295(SW)   volume = 0.02381
   epoch 3:  49(gpu) -> 289(SW)   volume = 0.02381
   epoch 3:  50(gpu) -> 290(SW)   volume = 0.02381
   epoch 3:  51(gpu) -> 291(SW)   volume = 0.02381
   epoch 3:  52(gpu) -> 292(SW)   volume = 0.02381
   epoch 3:  53(gpu) -> 293(SW)   volume = 0.02381
   epoch 3:  54(gpu) -> 294(SW)   volume = 0.02381
   epoch 3:  55(gpu) -> 295(SW)   volume = 0.02381
   epoch 3:  289(SW) ->  1(gpu)   volume = 0.142857
   epoch 3:  290(SW) ->  2(gpu)   volume = 0.142857
   epoch 3:  291(SW) ->  3(gpu)   volume = 0.142857
   epoch 3:  292(SW) ->  4(gpu)   volume = 0.142857
   epoch 3:  293(SW) ->  5(gpu)   volume = 0.142857
   epoch 3:  294(SW) ->  6(gpu)   volume = 0.142857
   epoch 3:  295(SW) ->  7(gpu)   volume = 0.142857
   epoch 4:   9(gpu) -> 289(SW)   volume = 0.02381
   epoch 4:  10(gpu) -> 290(SW)   volume = 0.02381
   epoch 4:  11(gpu) -> 291(SW)   volume = 0.02381
   epoch 4:  12(gpu) -> 292(SW)   volume = 0.02381
   epoch 4:  13(gpu) -> 293(SW)   volume = 0.02381
   epoch 4:  14(gpu) -> 294(SW)   volume = 0.02381
   epoch 4:  15(gpu) -> 295(SW)   volume = 0.02381
   epoch 4:  17(gpu) -> 289(SW)   volume = 0.02381
   epoch 4:  18(gpu) -> 290(SW)   volume = 0.02381
   epoch 4:  19(gpu) -> 291(SW)   volume = 0.02381
   epoch 4:  20(gpu) -> 292(SW)   volume = 0.02381
   epoch 4:  21(gpu) -> 293(SW)   volume = 0.02381
   epoch 4:  22(gpu) -> 294(SW)   volume = 0.02381
   epoch 4:  23(gpu) -> 295(SW)   volume = 0.02381
   epoch 4:  25(gpu) -> 289(SW)   volume = 0.02381
   epoch 4:  26(gpu) -> 290(SW)   volume = 0.02381
   epoch 4:  27(gpu) -> 291(SW)   volume = 0.02381
   epoch 4:  28(gpu) -> 292(SW)   volume = 0.02381
   epoch 4:  29(gpu) -> 293(SW)   volume = 0.02381
   epoch 4:  30(gpu) -> 294(SW)   volume = 0.02381
   epoch 4:  31(gpu) -> 295(SW)   volume = 0.02381
   epoch 4:  33(gpu) -> 289(SW)   volume = 0.02381
   epoch 4:  34(gpu) -> 290(SW)   volume = 0.02381
   epoch 4:  35(gpu) -> 291(SW)   volume = 0.02381
   epoch 4:  36(gpu) -> 292(SW)   volume = 0.02381
   epoch 4:  37(gpu) -> 293(SW)   volume = 0.02381
   epoch 4:  38(gpu) -> 294(SW)   volume = 0.02381
   epoch 4:  39(gpu) -> 295(SW)   volume = 0.02381
   epoch 4:  41(gpu) -> 289(SW)   volume = 0.02381
   epoch 4:  42(gpu) -> 290(SW)   volume = 0.02381
   epoch 4:  43(gpu) -> 291(SW)   volume = 0.02381
   epoch 4:  44(gpu) -> 292(SW)   volume = 0.02381
   epoch 4:  45(gpu) -> 293(SW)   volume = 0.02381
   epoch 4:  46(gpu) -> 294(SW)   volume = 0.02381
   epoch 4:  47(gpu) -> 295(SW)   volume = 0.02381
   epoch 4:  49(gpu) -> 289(SW)   volume = 0.02381
   epoch 4:  50(gpu) -> 290(SW)   volume = 0.02381
   epoch 4:  51(gpu) -> 291(SW)   volume = 0.02381
   epoch 4:  52(gpu) -> 292(SW)   volume = 0.02381
   epoch 4:  53(gpu) -> 293(SW)   volume = 0.02381
   epoch 4:  54(gpu) -> 294(SW)   volume = 0.02381
   epoch 4:  55(gpu) -> 295(SW)   volume = 0.02381
   epoch 4:  289(SW) ->  1(gpu)   volume = 0.142857
   epoch 4:  290(SW) ->  2(gpu)   volume = 0.142857
   epoch 4:  291(SW) ->  3(gpu)   volume = 0.142857
   epoch 4:  292(SW) ->  4(gpu)   volume = 0.142857
   epoch 4:  293(SW) ->  5(gpu)   volume = 0.142857
   epoch 4:  294(SW) ->  6(gpu)   volume = 0.142857
   epoch 4:  295(SW) ->  7(gpu)   volume = 0.142857
   epoch 5:   9(gpu) -> 289(SW)   volume = 0.02381
   epoch 5:  10(gpu) -> 290(SW)   volume = 0.02381
   epoch 5:  11(gpu) -> 291(SW)   volume = 0.02381
   epoch 5:  12(gpu) -> 292(SW)   volume = 0.02381
   epoch 5:  13(gpu) -> 293(SW)   volume = 0.02381
   epoch 5:  14(gpu) -> 294(SW)   volume = 0.02381
   epoch 5:  15(gpu) -> 295(SW)   volume = 0.02381
   epoch 5:  17(gpu) -> 289(SW)   volume = 0.02381
   epoch 5:  18(gpu) -> 290(SW)   volume = 0.02381
   epoch 5:  19(gpu) -> 291(SW)   volume = 0.02381
   epoch 5:  20(gpu) -> 292(SW)   volume = 0.02381
   epoch 5:  21(gpu) -> 293(SW)   volume = 0.02381
   epoch 5:  22(gpu) -> 294(SW)   volume = 0.02381
   epoch 5:  23(gpu) -> 295(SW)   volume = 0.02381
   epoch 5:  25(gpu) -> 289(SW)   volume = 0.02381
   epoch 5:  26(gpu) -> 290(SW)   volume = 0.02381
   epoch 5:  27(gpu) -> 291(SW)   volume = 0.02381
   epoch 5:  28(gpu) -> 292(SW)   volume = 0.02381
   epoch 5:  29(gpu) -> 293(SW)   volume = 0.02381
   epoch 5:  30(gpu) -> 294(SW)   volume = 0.02381
   epoch 5:  31(gpu) -> 295(SW)   volume = 0.02381
   epoch 5:  33(gpu) -> 289(SW)   volume = 0.02381
   epoch 5:  34(gpu) -> 290(SW)   volume = 0.02381
   epoch 5:  35(gpu) -> 291(SW)   volume = 0.02381
   epoch 5:  36(gpu) -> 292(SW)   volume = 0.02381
   epoch 5:  37(gpu) -> 293(SW)   volume = 0.02381
   epoch 5:  38(gpu) -> 294(SW)   volume = 0.02381
   epoch 5:  39(gpu) -> 295(SW)   volume = 0.02381
   epoch 5:  41(gpu) -> 289(SW)   volume = 0.02381
   epoch 5:  42(gpu) -> 290(SW)   volume = 0.02381
   epoch 5:  43(gpu) -> 291(SW)   volume = 0.02381
   epoch 5:  44(gpu) -> 292(SW)   volume = 0.02381
   epoch 5:  45(gpu) -> 293(SW)   volume = 0.02381
   epoch 5:  46(gpu) -> 294(SW)   volume = 0.02381
   epoch 5:  47(gpu) -> 295(SW)   volume = 0.02381
   epoch 5:  49(gpu) -> 289(SW)   volume = 0.02381
   epoch 5:  50(gpu) -> 290(SW)   volume = 0.02381
   epoch 5:  51(gpu) -> 291(SW)   volume = 0.02381
   epoch 5:  52(gpu) -> 292(SW)   volume = 0.02381
   epoch 5:  53(gpu) -> 293(SW)   volume = 0.02381
   epoch 5:  54(gpu) -> 294(SW)   volume = 0.02381
   epoch 5:  55(gpu) -> 295(SW)   volume = 0.02381
   epoch 5:  289(SW) ->  1(gpu)   volume = 0.142857
   epoch 5:  290(SW) ->  2(gpu)   volume = 0.142857
   epoch 5:  291(SW) ->  3(gpu)   volume = 0.142857
   epoch 5:  292(SW) ->  4(gpu)   volume = 0.142857
   epoch 5:  293(SW) ->  5(gpu)   volume = 0.142857
   epoch 5:  294(SW) ->  6(gpu)   volume = 0.142857
   epoch 5:  295(SW) ->  7(gpu)   volume = 0.142857
   epoch 6:   9(gpu) -> 289(SW)   volume = 0.02381
   epoch 6:  10(gpu) -> 290(SW)   volume = 0.02381
   epoch 6:  11(gpu) -> 291(SW)   volume = 0.02381
   epoch 6:  12(gpu) -> 292(SW)   volume = 0.02381
   epoch 6:  13(gpu) -> 293(SW)   volume = 0.02381
   epoch 6:  14(gpu) -> 294(SW)   volume = 0.02381
   epoch 6:  15(gpu) -> 295(SW)   volume = 0.02381
   epoch 6:  17(gpu) -> 289(SW)   volume = 0.02381
   epoch 6:  18(gpu) -> 290(SW)   volume = 0.02381
   epoch 6:  19(gpu) -> 291(SW)   volume = 0.02381
   epoch 6:  20(gpu) -> 292(SW)   volume = 0.02381
   epoch 6:  21(gpu) -> 293(SW)   volume = 0.02381
   epoch 6:  22(gpu) -> 294(SW)   volume = 0.02381
   epoch 6:  23(gpu) -> 295(SW)   volume = 0.02381
   epoch 6:  25(gpu) -> 289(SW)   volume = 0.02381
   epoch 6:  26(gpu) -> 290(SW)   volume = 0.02381
   epoch 6:  27(gpu) -> 291(SW)   volume = 0.02381
   epoch 6:  28(gpu) -> 292(SW)   volume = 0.02381
   epoch 6:  29(gpu) -> 293(SW)   volume = 0.02381
   epoch 6:  30(gpu) -> 294(SW)   volume = 0.02381
   epoch 6:  31(gpu) -> 295(SW)   volume = 0.02381
   epoch 6:  33(gpu) -> 289(SW)   volume = 0.02381
   epoch 6:  34(gpu) -> 290(SW)   volume = 0.02381
   epoch 6:  35(gpu) -> 291(SW)   volume = 0.02381
   epoch 6:  36(gpu) -> 292(SW)   volume = 0.02381
   epoch 6:  37(gpu) -> 293(SW)   volume = 0.02381
   epoch 6:  38(gpu) -> 294(SW)   volume = 0.02381
   epoch 6:  39(gpu) -> 295(SW)   volume = 0.02381
   epoch 6:  41(gpu) -> 289(SW)   volume = 0.02381
   epoch 6:  42(gpu) -> 290(SW)   volume = 0.02381
   epoch 6:  43(gpu) -> 291(SW)   volume = 0.02381
   epoch 6:  44(gpu) -> 292(SW)   volume = 0.02381
   epoch 6:  45(gpu) -> 293(SW)   volume = 0.02381
   epoch 6:  46(gpu) -> 294(SW)   volume = 0.02381
   epoch 6:  47(gpu) -> 295(SW)   volume = 0.02381
   epoch 6:  49(gpu) -> 289(SW)   volume = 0.02381
   epoch 6:  50(gpu) -> 290(SW)   volume = 0.02381
   epoch 6:  51(gpu) -> 291(SW)   volume = 0.02381
   epoch 6:  52(gpu) -> 292(SW)   volume = 0.02381
   epoch 6:  53(gpu) -> 293(SW)   volume = 0.02381
   epoch 6:  54(gpu) -> 294(SW)   volume = 0.02381
   epoch 6:  55(gpu) -> 295(SW)   volume = 0.02381
   epoch 6:  289(SW) ->  1(gpu)   volume = 0.142857
   epoch 6:  290(SW) ->  2(gpu)   volume = 0.142857
   epoch 6:  291(SW) ->  3(gpu)   volume = 0.142857
   epoch 6:  292(SW) ->  4(gpu)   volume = 0.142857
   epoch 6:  293(SW) ->  5(gpu)   volume = 0.142857
   epoch 6:  294(SW) ->  6(gpu)   volume = 0.142857
   epoch 6:  295(SW) ->  7(gpu)   volume = 0.142857
   epoch 7:   1(gpu) -> 256(SW)   volume = 1.0
   epoch 7:   2(gpu) -> 256(SW)   volume = 1.0
   epoch 7:   3(gpu) -> 256(SW)   volume = 1.0
   epoch 7:   4(gpu) -> 256(SW)   volume = 1.0
   epoch 7:   5(gpu) -> 256(SW)   volume = 1.0
   epoch 7:   6(gpu) -> 256(SW)   volume = 1.0
   epoch 7:   7(gpu) -> 256(SW)   volume = 1.0
   epoch 7:   9(gpu) -> 257(SW)   volume = 0.142857
   epoch 7:   9(gpu) -> 289(SW)   volume = 0.02381
   epoch 7:  10(gpu) -> 257(SW)   volume = 0.142857
   epoch 7:  10(gpu) -> 290(SW)   volume = 0.02381
   epoch 7:  11(gpu) -> 257(SW)   volume = 0.142857
   epoch 7:  11(gpu) -> 291(SW)   volume = 0.02381
   epoch 7:  12(gpu) -> 257(SW)   volume = 0.142857
   epoch 7:  12(gpu) -> 292(SW)   volume = 0.02381
   epoch 7:  13(gpu) -> 257(SW)   volume = 0.142857
   epoch 7:  13(gpu) -> 293(SW)   volume = 0.02381
   epoch 7:  14(gpu) -> 257(SW)   volume = 0.142857
   epoch 7:  14(gpu) -> 294(SW)   volume = 0.02381
   epoch 7:  15(gpu) -> 257(SW)   volume = 0.142857
   epoch 7:  15(gpu) -> 295(SW)   volume = 0.02381
   epoch 7:  17(gpu) -> 258(SW)   volume = 0.142857
   epoch 7:  17(gpu) -> 289(SW)   volume = 0.02381
   epoch 7:  18(gpu) -> 258(SW)   volume = 0.142857
   epoch 7:  18(gpu) -> 290(SW)   volume = 0.02381
   epoch 7:  19(gpu) -> 258(SW)   volume = 0.142857
   epoch 7:  19(gpu) -> 291(SW)   volume = 0.02381
   epoch 7:  20(gpu) -> 258(SW)   volume = 0.142857
   epoch 7:  20(gpu) -> 292(SW)   volume = 0.02381
   epoch 7:  21(gpu) -> 258(SW)   volume = 0.142857
   epoch 7:  21(gpu) -> 293(SW)   volume = 0.02381
   epoch 7:  22(gpu) -> 258(SW)   volume = 0.142857
   epoch 7:  22(gpu) -> 294(SW)   volume = 0.02381
   epoch 7:  23(gpu) -> 258(SW)   volume = 0.142857
   epoch 7:  23(gpu) -> 295(SW)   volume = 0.02381
   epoch 7:  25(gpu) -> 259(SW)   volume = 0.142857
   epoch 7:  25(gpu) -> 289(SW)   volume = 0.02381
   epoch 7:  26(gpu) -> 259(SW)   volume = 0.142857
   epoch 7:  26(gpu) -> 290(SW)   volume = 0.02381
   epoch 7:  27(gpu) -> 259(SW)   volume = 0.142857
   epoch 7:  27(gpu) -> 291(SW)   volume = 0.02381
   epoch 7:  28(gpu) -> 259(SW)   volume = 0.142857
   epoch 7:  28(gpu) -> 292(SW)   volume = 0.02381
   epoch 7:  29(gpu) -> 259(SW)   volume = 0.142857
   epoch 7:  29(gpu) -> 293(SW)   volume = 0.02381
   epoch 7:  30(gpu) -> 259(SW)   volume = 0.142857
   epoch 7:  30(gpu) -> 294(SW)   volume = 0.02381
   epoch 7:  31(gpu) -> 259(SW)   volume = 0.142857
   epoch 7:  31(gpu) -> 295(SW)   volume = 0.02381
   epoch 7:  33(gpu) -> 260(SW)   volume = 0.142857
   epoch 7:  33(gpu) -> 289(SW)   volume = 0.02381
   epoch 7:  34(gpu) -> 260(SW)   volume = 0.142857
   epoch 7:  34(gpu) -> 290(SW)   volume = 0.02381
   epoch 7:  35(gpu) -> 260(SW)   volume = 0.142857
   epoch 7:  35(gpu) -> 291(SW)   volume = 0.02381
   epoch 7:  36(gpu) -> 260(SW)   volume = 0.142857
   epoch 7:  36(gpu) -> 292(SW)   volume = 0.02381
   epoch 7:  37(gpu) -> 260(SW)   volume = 0.142857
   epoch 7:  37(gpu) -> 293(SW)   volume = 0.02381
   epoch 7:  38(gpu) -> 260(SW)   volume = 0.142857
   epoch 7:  38(gpu) -> 294(SW)   volume = 0.02381
   epoch 7:  39(gpu) -> 260(SW)   volume = 0.142857
   epoch 7:  39(gpu) -> 295(SW)   volume = 0.02381
   epoch 7:  41(gpu) -> 261(SW)   volume = 0.142857
   epoch 7:  41(gpu) -> 289(SW)   volume = 0.02381
   epoch 7:  42(gpu) -> 261(SW)   volume = 0.142857
   epoch 7:  42(gpu) -> 290(SW)   volume = 0.02381
   epoch 7:  43(gpu) -> 261(SW)   volume = 0.142857
   epoch 7:  43(gpu) -> 291(SW)   volume = 0.02381
   epoch 7:  44(gpu) -> 261(SW)   volume = 0.142857
   epoch 7:  44(gpu) -> 292(SW)   volume = 0.02381
   epoch 7:  45(gpu) -> 261(SW)   volume = 0.142857
   epoch 7:  45(gpu) -> 293(SW)   volume = 0.02381
   epoch 7:  46(gpu) -> 261(SW)   volume = 0.142857
   epoch 7:  46(gpu) -> 294(SW)   volume = 0.02381
   epoch 7:  47(gpu) -> 261(SW)   volume = 0.142857
   epoch 7:  47(gpu) -> 295(SW)   volume = 0.02381
   epoch 7:  49(gpu) -> 262(SW)   volume = 0.142857
   epoch 7:  49(gpu) -> 289(SW)   volume = 0.02381
   epoch 7:  50(gpu) -> 262(SW)   volume = 0.142857
   epoch 7:  50(gpu) -> 290(SW)   volume = 0.02381
   epoch 7:  51(gpu) -> 262(SW)   volume = 0.142857
   epoch 7:  51(gpu) -> 291(SW)   volume = 0.02381
   epoch 7:  52(gpu) -> 262(SW)   volume = 0.142857
   epoch 7:  52(gpu) -> 292(SW)   volume = 0.02381
   epoch 7:  53(gpu) -> 262(SW)   volume = 0.142857
   epoch 7:  53(gpu) -> 293(SW)   volume = 0.02381
   epoch 7:  54(gpu) -> 262(SW)   volume = 0.142857
   epoch 7:  54(gpu) -> 294(SW)   volume = 0.02381
   epoch 7:  55(gpu) -> 262(SW)   volume = 0.142857
   epoch 7:  55(gpu) -> 295(SW)   volume = 0.02381
   epoch 7:  256(SW) ->  0(gpu)   volume = 1.0
   epoch 7:  256(SW) ->  1(gpu)   volume = 0.857143
   epoch 7:  256(SW) ->  2(gpu)   volume = 0.857143
   epoch 7:  256(SW) ->  3(gpu)   volume = 0.857143
   epoch 7:  256(SW) ->  4(gpu)   volume = 0.857143
   epoch 7:  256(SW) ->  5(gpu)   volume = 0.857143
   epoch 7:  256(SW) ->  6(gpu)   volume = 0.857143
   epoch 7:  256(SW) ->  7(gpu)   volume = 0.857143
   epoch 7:  257(SW) ->  8(gpu)   volume = 1.0
   epoch 7:  258(SW) -> 16(gpu)   volume = 1.0
   epoch 7:  259(SW) -> 24(gpu)   volume = 1.0
   epoch 7:  260(SW) -> 32(gpu)   volume = 1.0
   epoch 7:  261(SW) -> 40(gpu)   volume = 1.0
   epoch 7:  262(SW) -> 48(gpu)   volume = 1.0
   epoch 7:  289(SW) ->  1(gpu)   volume = 0.142857
   epoch 7:  290(SW) ->  2(gpu)   volume = 0.142857
   epoch 7:  291(SW) ->  3(gpu)   volume = 0.142857
   epoch 7:  292(SW) ->  4(gpu)   volume = 0.142857
   epoch 7:  293(SW) ->  5(gpu)   volume = 0.142857
   epoch 7:  294(SW) ->  6(gpu)   volume = 0.142857
   epoch 7:  295(SW) ->  7(gpu)   volume = 0.142857

------------------------------------------------------------------------------
RAW CONSUMED VARS  T_s_d_k = consumed_at_k[source s][dest d][epoch k]
(volume of source s's demand absorbed AT destination d during epoch k)
------------------------------------------------------------------------------
   dest  0:  from source  1  epoch 7  consumed = 1.0
   dest  0:  from source  2  epoch 7  consumed = 1.0
   dest  0:  from source  3  epoch 7  consumed = 1.0
   dest  0:  from source  4  epoch 7  consumed = 1.0
   dest  0:  from source  5  epoch 7  consumed = 1.0
   dest  0:  from source  6  epoch 7  consumed = 1.0
   dest  0:  from source  7  epoch 7  consumed = 1.0
   dest  0:  from source  8  epoch 7  consumed = 1.0
   dest  0:  from source 16  epoch 7  consumed = 1.0
   dest  0:  from source 24  epoch 7  consumed = 1.0
   dest  0:  from source 32  epoch 7  consumed = 1.0
   dest  0:  from source 40  epoch 7  consumed = 1.0
   dest  0:  from source 48  epoch 7  consumed = 1.0
   dest  0:  from source 56  epoch 7  consumed = 1.0
   dest  1:  from source  0  epoch 7  consumed = 1.0
   dest  1:  from source  2  epoch 7  consumed = 1.0
   dest  1:  from source  3  epoch 7  consumed = 1.0
   dest  1:  from source  4  epoch 7  consumed = 1.0
   dest  1:  from source  5  epoch 7  consumed = 1.0
   dest  1:  from source  6  epoch 7  consumed = 1.0
   dest  1:  from source  7  epoch 7  consumed = 1.0
   dest  1:  from source  8  epoch 7  consumed = 1.0
   dest  1:  from source 16  epoch 7  consumed = 1.0
   dest  1:  from source 24  epoch 7  consumed = 1.0
   dest  1:  from source 32  epoch 7  consumed = 1.0
   dest  1:  from source 40  epoch 7  consumed = 1.0
   dest  1:  from source 48  epoch 7  consumed = 1.0
   dest  1:  from source 56  epoch 7  consumed = 1.0
   dest  2:  from source  0  epoch 7  consumed = 1.0
   dest  2:  from source  1  epoch 7  consumed = 1.0
   dest  2:  from source  3  epoch 7  consumed = 1.0
   dest  2:  from source  4  epoch 7  consumed = 1.0
   dest  2:  from source  5  epoch 7  consumed = 1.0
   dest  2:  from source  6  epoch 7  consumed = 1.0
   dest  2:  from source  7  epoch 7  consumed = 1.0
   dest  2:  from source  8  epoch 7  consumed = 1.0
   dest  2:  from source 16  epoch 7  consumed = 1.0
   dest  2:  from source 24  epoch 7  consumed = 1.0
   dest  2:  from source 32  epoch 7  consumed = 1.0
   dest  2:  from source 40  epoch 7  consumed = 1.0
   dest  2:  from source 48  epoch 7  consumed = 1.0
   dest  2:  from source 56  epoch 7  consumed = 1.0
   dest  3:  from source  0  epoch 7  consumed = 1.0
   dest  3:  from source  1  epoch 7  consumed = 1.0
   dest  3:  from source  2  epoch 7  consumed = 1.0
   dest  3:  from source  4  epoch 7  consumed = 1.0
   dest  3:  from source  5  epoch 7  consumed = 1.0
   dest  3:  from source  6  epoch 7  consumed = 1.0
   dest  3:  from source  7  epoch 7  consumed = 1.0
   dest  3:  from source  8  epoch 7  consumed = 1.0
   dest  3:  from source 16  epoch 7  consumed = 1.0
   dest  3:  from source 24  epoch 7  consumed = 1.0
   dest  3:  from source 32  epoch 7  consumed = 1.0
   dest  3:  from source 40  epoch 7  consumed = 1.0
   dest  3:  from source 48  epoch 7  consumed = 1.0
   dest  3:  from source 56  epoch 7  consumed = 1.0
   dest  4:  from source  0  epoch 7  consumed = 1.0
   dest  4:  from source  1  epoch 7  consumed = 1.0
   dest  4:  from source  2  epoch 7  consumed = 1.0
   dest  4:  from source  3  epoch 7  consumed = 1.0
   dest  4:  from source  5  epoch 7  consumed = 1.0
   dest  4:  from source  6  epoch 7  consumed = 1.0
   dest  4:  from source  7  epoch 7  consumed = 1.0
   dest  4:  from source  8  epoch 7  consumed = 1.0
   dest  4:  from source 16  epoch 7  consumed = 1.0
   dest  4:  from source 24  epoch 7  consumed = 1.0
   dest  4:  from source 32  epoch 7  consumed = 1.0
   dest  4:  from source 40  epoch 7  consumed = 1.0
   dest  4:  from source 48  epoch 7  consumed = 1.0
   dest  4:  from source 56  epoch 7  consumed = 1.0
   dest  5:  from source  0  epoch 7  consumed = 1.0
   dest  5:  from source  1  epoch 7  consumed = 1.0
   dest  5:  from source  2  epoch 7  consumed = 1.0
   dest  5:  from source  3  epoch 7  consumed = 1.0
   dest  5:  from source  4  epoch 7  consumed = 1.0
   dest  5:  from source  6  epoch 7  consumed = 1.0
   dest  5:  from source  7  epoch 7  consumed = 1.0
   dest  5:  from source  8  epoch 7  consumed = 1.0
   dest  5:  from source 16  epoch 7  consumed = 1.0
   dest  5:  from source 24  epoch 7  consumed = 1.0
   dest  5:  from source 32  epoch 7  consumed = 1.0
   dest  5:  from source 40  epoch 7  consumed = 1.0
   dest  5:  from source 48  epoch 7  consumed = 1.0
   dest  5:  from source 56  epoch 7  consumed = 1.0
   dest  6:  from source  0  epoch 7  consumed = 1.0
   dest  6:  from source  1  epoch 7  consumed = 1.0
   dest  6:  from source  2  epoch 7  consumed = 1.0
   dest  6:  from source  3  epoch 7  consumed = 1.0
   dest  6:  from source  4  epoch 7  consumed = 1.0
   dest  6:  from source  5  epoch 7  consumed = 1.0
   dest  6:  from source  7  epoch 7  consumed = 1.0
   dest  6:  from source  8  epoch 7  consumed = 1.0
   dest  6:  from source 16  epoch 7  consumed = 1.0
   dest  6:  from source 24  epoch 7  consumed = 1.0
   dest  6:  from source 32  epoch 7  consumed = 1.0
   dest  6:  from source 40  epoch 7  consumed = 1.0
   dest  6:  from source 48  epoch 7  consumed = 1.0
   dest  6:  from source 56  epoch 7  consumed = 1.0
   dest  7:  from source  0  epoch 7  consumed = 1.0
   dest  7:  from source  1  epoch 7  consumed = 1.0
   dest  7:  from source  2  epoch 7  consumed = 1.0
   dest  7:  from source  3  epoch 7  consumed = 1.0
   dest  7:  from source  4  epoch 7  consumed = 1.0
   dest  7:  from source  5  epoch 7  consumed = 1.0
   dest  7:  from source  6  epoch 7  consumed = 1.0
   dest  7:  from source  8  epoch 7  consumed = 1.0
   dest  7:  from source 16  epoch 7  consumed = 1.0
   dest  7:  from source 24  epoch 7  consumed = 1.0
   dest  7:  from source 32  epoch 7  consumed = 1.0
   dest  7:  from source 40  epoch 7  consumed = 1.0
   dest  7:  from source 48  epoch 7  consumed = 1.0
   dest  7:  from source 56  epoch 7  consumed = 1.0
   dest  8:  from source  0  epoch 7  consumed = 1.0
   dest  8:  from source  1  epoch 7  consumed = 1.0
   dest  8:  from source  2  epoch 7  consumed = 1.0
   dest  8:  from source  3  epoch 7  consumed = 1.0
   dest  8:  from source  4  epoch 7  consumed = 1.0
   dest  8:  from source  5  epoch 7  consumed = 1.0
   dest  8:  from source  6  epoch 7  consumed = 1.0
   dest  8:  from source  7  epoch 7  consumed = 1.0
   dest  8:  from source 16  epoch 7  consumed = 1.0
   dest  8:  from source 24  epoch 7  consumed = 1.0
   dest  8:  from source 32  epoch 7  consumed = 1.0
   dest  8:  from source 40  epoch 7  consumed = 1.0
   dest  8:  from source 48  epoch 7  consumed = 1.0
   dest  8:  from source 56  epoch 7  consumed = 1.0
   dest 16:  from source  0  epoch 7  consumed = 1.0
   dest 16:  from source  1  epoch 7  consumed = 1.0
   dest 16:  from source  2  epoch 7  consumed = 1.0
   dest 16:  from source  3  epoch 7  consumed = 1.0
   dest 16:  from source  4  epoch 7  consumed = 1.0
   dest 16:  from source  5  epoch 7  consumed = 1.0
   dest 16:  from source  6  epoch 7  consumed = 1.0
   dest 16:  from source  7  epoch 7  consumed = 1.0
   dest 16:  from source  8  epoch 7  consumed = 1.0
   dest 16:  from source 24  epoch 7  consumed = 1.0
   dest 16:  from source 32  epoch 7  consumed = 1.0
   dest 16:  from source 40  epoch 7  consumed = 1.0
   dest 16:  from source 48  epoch 7  consumed = 1.0
   dest 16:  from source 56  epoch 7  consumed = 1.0
   dest 24:  from source  0  epoch 7  consumed = 1.0
   dest 24:  from source  1  epoch 7  consumed = 1.0
   dest 24:  from source  2  epoch 7  consumed = 1.0
   dest 24:  from source  3  epoch 7  consumed = 1.0
   dest 24:  from source  4  epoch 7  consumed = 1.0
   dest 24:  from source  5  epoch 7  consumed = 1.0
   dest 24:  from source  6  epoch 7  consumed = 1.0
   dest 24:  from source  7  epoch 7  consumed = 1.0
   dest 24:  from source  8  epoch 7  consumed = 1.0
   dest 24:  from source 16  epoch 7  consumed = 1.0
   dest 24:  from source 32  epoch 7  consumed = 1.0
   dest 24:  from source 40  epoch 7  consumed = 1.0
   dest 24:  from source 48  epoch 7  consumed = 1.0
   dest 24:  from source 56  epoch 7  consumed = 1.0
   dest 32:  from source  0  epoch 7  consumed = 1.0
   dest 32:  from source  1  epoch 7  consumed = 1.0
   dest 32:  from source  2  epoch 7  consumed = 1.0
   dest 32:  from source  3  epoch 7  consumed = 1.0
   dest 32:  from source  4  epoch 7  consumed = 1.0
   dest 32:  from source  5  epoch 7  consumed = 1.0
   dest 32:  from source  6  epoch 7  consumed = 1.0
   dest 32:  from source  7  epoch 7  consumed = 1.0
   dest 32:  from source  8  epoch 7  consumed = 1.0
   dest 32:  from source 16  epoch 7  consumed = 1.0
   dest 32:  from source 24  epoch 7  consumed = 1.0
   dest 32:  from source 40  epoch 7  consumed = 1.0
   dest 32:  from source 48  epoch 7  consumed = 1.0
   dest 32:  from source 56  epoch 7  consumed = 1.0
   dest 40:  from source  0  epoch 7  consumed = 1.0
   dest 40:  from source  1  epoch 7  consumed = 1.0
   dest 40:  from source  2  epoch 7  consumed = 1.0
   dest 40:  from source  3  epoch 7  consumed = 1.0
   dest 40:  from source  4  epoch 7  consumed = 1.0
   dest 40:  from source  5  epoch 7  consumed = 1.0
   dest 40:  from source  6  epoch 7  consumed = 1.0
   dest 40:  from source  7  epoch 7  consumed = 1.0
   dest 40:  from source  8  epoch 7  consumed = 1.0
   dest 40:  from source 16  epoch 7  consumed = 1.0
   dest 40:  from source 24  epoch 7  consumed = 1.0
   dest 40:  from source 32  epoch 7  consumed = 1.0
   dest 40:  from source 48  epoch 7  consumed = 1.0
   dest 40:  from source 56  epoch 7  consumed = 1.0
   dest 48:  from source  0  epoch 7  consumed = 1.0
   dest 48:  from source  1  epoch 7  consumed = 1.0
   dest 48:  from source  2  epoch 7  consumed = 1.0
   dest 48:  from source  3  epoch 7  consumed = 1.0
   dest 48:  from source  4  epoch 7  consumed = 1.0
   dest 48:  from source  5  epoch 7  consumed = 1.0
   dest 48:  from source  6  epoch 7  consumed = 1.0
   dest 48:  from source  7  epoch 7  consumed = 1.0
   dest 48:  from source  8  epoch 7  consumed = 1.0
   dest 48:  from source 16  epoch 7  consumed = 1.0
   dest 48:  from source 24  epoch 7  consumed = 1.0
   dest 48:  from source 32  epoch 7  consumed = 1.0
   dest 48:  from source 40  epoch 7  consumed = 1.0
   dest 48:  from source 56  epoch 7  consumed = 1.0
   dest 56:  from source  0  epoch 7  consumed = 1.0
   dest 56:  from source  1  epoch 7  consumed = 1.0
   dest 56:  from source  2  epoch 7  consumed = 1.0
   dest 56:  from source  3  epoch 7  consumed = 1.0
   dest 56:  from source  4  epoch 7  consumed = 1.0
   dest 56:  from source  5  epoch 7  consumed = 1.0
   dest 56:  from source  6  epoch 7  consumed = 1.0
   dest 56:  from source  7  epoch 7  consumed = 1.0
   dest 56:  from source  8  epoch 7  consumed = 1.0
   dest 56:  from source 16  epoch 7  consumed = 1.0
   dest 56:  from source 24  epoch 7  consumed = 1.0
   dest 56:  from source 32  epoch 7  consumed = 1.0
   dest 56:  from source 40  epoch 7  consumed = 1.0
   dest 56:  from source 48  epoch 7  consumed = 1.0
==============================================================================

source 1: residue is NOT a pure circulation (max |node net| = 5.142862000000008); 370 edges, total volume 44.857258
[(1, 1, 256, 5.142862000000008, 0), (1, 256, 2, 0.8571439999999995, 0), (1, 256, 3, 0.8571439999999995, 0), (1, 256, 4, 0.8571439999999995, 0), (1, 256, 5, 0.8571439999999995, 0), (1, 256, 6, 0.8571439999999995, 0), (1, 256, 7, 0.8571439999999995, 0), (1, 2, 256, 0.333333, 1), (1, 3, 256, 0.333333, 1), (1, 4, 256, 0.333333, 1), (1, 5, 256, 0.333333, 1), (1, 6, 256, 0.333333, 1), (1, 7, 256, 0.333333, 1), (1, 256, 1, 2.0, 1), (1, 1, 289, 1.0, 2), (1, 289, 296, 0.25, 2), (1, 289, 297, 0.25, 2), (1, 289, 298, 0.25, 2), (1, 289, 299, 0.25, 2), (1, 290, 10, 0.02381, 2), (1, 290, 18, 0.02381, 2), (1, 290, 26, 0.02381, 2), (1, 290, 34, 0.02381, 2), (1, 290, 42, 0.02381, 2), (1, 290, 50, 0.02381, 2), (1, 290, 58, 0.02381, 2), (1, 291, 11, 0.02381, 2), (1, 291, 19, 0.02381, 2), (1, 291, 27, 0.02381, 2), (1, 291, 35, 0.02381, 2), (1, 291, 43, 0.02381, 2), (1, 291, 51, 0.02381, 2), (1, 291, 59, 0.02381, 2), (1, 292, 12, 0.02381, 2), (1, 292, 20, 0.02381, 2), (1, 292, 28, 0.02381, 2), (1, 292, 36, 0.02381, 2), (1, 292, 44, 0.02381, 2), (1, 292, 52, 0.02381, 2), (1, 292, 60, 0.02381, 2), (1, 293, 13, 0.02381, 2), (1, 293, 21, 0.02381, 2), (1, 293, 29, 0.02381, 2), (1, 293, 37, 0.02381, 2), (1, 293, 45, 0.02381, 2), (1, 293, 53, 0.02381, 2), (1, 293, 61, 0.02381, 2), (1, 294, 14, 0.02381, 2), (1, 294, 22, 0.02381, 2), (1, 294, 30, 0.02381, 2), (1, 294, 38, 0.02381, 2), (1, 294, 46, 0.02381, 2), (1, 294, 54, 0.02381, 2), (1, 294, 62, 0.02381, 2), (1, 295, 15, 0.02381, 2), (1, 295, 23, 0.02381, 2), (1, 295, 31, 0.02381, 2), (1, 295, 39, 0.02381, 2), (1, 295, 47, 0.02381, 2), (1, 295, 55, 0.02381, 2), (1, 295, 63, 0.02381, 2), (1, 296, 290, 0.041667, 2), (1, 296, 291, 0.041667, 2), (1, 296, 292, 0.041667, 2), (1, 296, 293, 0.041667, 2), (1, 296, 294, 0.041667, 2), (1, 296, 295, 0.041667, 2), (1, 297, 290, 0.041667, 2), (1, 297, 291, 0.041667, 2), (1, 297, 292, 0.041667, 2), (1, 297, 293, 0.041667, 2), (1, 297, 294, 0.041667, 2), (1, 297, 295, 0.041667, 2), (1, 298, 290, 0.041667, 2), (1, 298, 291, 0.041667, 2), (1, 298, 292, 0.041667, 2), (1, 298, 293, 0.041667, 2), (1, 298, 294, 0.041667, 2), (1, 298, 295, 0.041667, 2), (1, 299, 290, 0.041667, 2), (1, 299, 291, 0.041667, 2), (1, 299, 292, 0.041667, 2), (1, 299, 293, 0.041667, 2), (1, 299, 294, 0.041667, 2), (1, 299, 295, 0.041667, 2), (1, 1, 289, 1.0, 3), (1, 2, 256, 0.333333, 3), (1, 3, 256, 0.333333, 3), (1, 4, 256, 0.333333, 3), (1, 5, 256, 0.333333, 3), (1, 6, 256, 0.333333, 3), (1, 7, 256, 0.333333, 3), (1, 256, 1, 2.0, 3), (1, 289, 296, 0.25, 3), (1, 289, 297, 0.25, 3), (1, 289, 298, 0.25, 3), (1, 289, 299, 0.25, 3), (1, 290, 10, 0.02381, 3), (1, 290, 18, 0.02381, 3), (1, 290, 26, 0.02381, 3), (1, 290, 34, 0.02381, 3), (1, 290, 42, 0.02381, 3), (1, 290, 50, 0.02381, 3), (1, 290, 58, 0.02381, 3), (1, 291, 11, 0.02381, 3), (1, 291, 19, 0.02381, 3), (1, 291, 27, 0.02381, 3), (1, 291, 35, 0.02381, 3), (1, 291, 43, 0.02381, 3), (1, 291, 51, 0.02381, 3), (1, 291, 59, 0.02381, 3), (1, 292, 12, 0.02381, 3), (1, 292, 20, 0.02381, 3), (1, 292, 28, 0.02381, 3), (1, 292, 36, 0.02381, 3), (1, 292, 44, 0.02381, 3), (1, 292, 52, 0.02381, 3), (1, 292, 60, 0.02381, 3), (1, 293, 13, 0.02381, 3), (1, 293, 21, 0.02381, 3), (1, 293, 29, 0.02381, 3), (1, 293, 37, 0.02381, 3), (1, 293, 45, 0.02381, 3), (1, 293, 53, 0.02381, 3), (1, 293, 61, 0.02381, 3), (1, 294, 14, 0.02381, 3), (1, 294, 22, 0.02381, 3), (1, 294, 30, 0.02381, 3), (1, 294, 38, 0.02381, 3), (1, 294, 46, 0.02381, 3), (1, 294, 54, 0.02381, 3), (1, 294, 62, 0.02381, 3), (1, 295, 15, 0.02381, 3), (1, 295, 23, 0.02381, 3), (1, 295, 31, 0.02381, 3), (1, 295, 39, 0.02381, 3), (1, 295, 47, 0.02381, 3), (1, 295, 55, 0.02381, 3), (1, 295, 63, 0.02381, 3), (1, 296, 290, 0.041667, 3), (1, 296, 291, 0.041667, 3), (1, 296, 292, 0.041667, 3), (1, 296, 293, 0.041667, 3), (1, 296, 294, 0.041667, 3), (1, 296, 295, 0.041667, 3), (1, 297, 290, 0.041667, 3), (1, 297, 291, 0.041667, 3), (1, 297, 292, 0.041667, 3), (1, 297, 293, 0.041667, 3), (1, 297, 294, 0.041667, 3), (1, 297, 295, 0.041667, 3), (1, 298, 290, 0.041667, 3), (1, 298, 291, 0.041667, 3), (1, 298, 292, 0.041667, 3), (1, 298, 293, 0.041667, 3), (1, 298, 294, 0.041667, 3), (1, 298, 295, 0.041667, 3), (1, 299, 290, 0.041667, 3), (1, 299, 291, 0.041667, 3), (1, 299, 292, 0.041667, 3), (1, 299, 293, 0.041667, 3), (1, 299, 294, 0.041667, 3), (1, 299, 295, 0.041667, 3), (1, 1, 289, 1.0, 4), (1, 289, 296, 0.25, 4), (1, 289, 297, 0.25, 4), (1, 289, 298, 0.25, 4), (1, 289, 299, 0.25, 4), (1, 290, 10, 0.02381, 4), (1, 290, 18, 0.02381, 4), (1, 290, 26, 0.02381, 4), (1, 290, 34, 0.02381, 4), (1, 290, 42, 0.02381, 4), (1, 290, 50, 0.02381, 4), (1, 290, 58, 0.02381, 4), (1, 291, 11, 0.02381, 4), (1, 291, 19, 0.02381, 4), (1, 291, 27, 0.02381, 4), (1, 291, 35, 0.02381, 4), (1, 291, 43, 0.02381, 4), (1, 291, 51, 0.02381, 4), (1, 291, 59, 0.02381, 4), (1, 292, 12, 0.02381, 4), (1, 292, 20, 0.02381, 4), (1, 292, 28, 0.02381, 4), (1, 292, 36, 0.02381, 4), (1, 292, 44, 0.02381, 4), (1, 292, 52, 0.02381, 4), (1, 292, 60, 0.02381, 4), (1, 293, 13, 0.02381, 4), (1, 293, 21, 0.02381, 4), (1, 293, 29, 0.02381, 4), (1, 293, 37, 0.02381, 4), (1, 293, 45, 0.02381, 4), (1, 293, 53, 0.02381, 4), (1, 293, 61, 0.02381, 4), (1, 294, 14, 0.02381, 4), (1, 294, 22, 0.02381, 4), (1, 294, 30, 0.02381, 4), (1, 294, 38, 0.02381, 4), (1, 294, 46, 0.02381, 4), (1, 294, 54, 0.02381, 4), (1, 294, 62, 0.02381, 4), (1, 295, 15, 0.02381, 4), (1, 295, 23, 0.02381, 4), (1, 295, 31, 0.02381, 4), (1, 295, 39, 0.02381, 4), (1, 295, 47, 0.02381, 4), (1, 295, 55, 0.02381, 4), (1, 295, 63, 0.02381, 4), (1, 296, 290, 0.041667, 4), (1, 296, 291, 0.041667, 4), (1, 296, 292, 0.041667, 4), (1, 296, 293, 0.041667, 4), (1, 296, 294, 0.041667, 4), (1, 296, 295, 0.041667, 4), (1, 297, 290, 0.041667, 4), (1, 297, 291, 0.041667, 4), (1, 297, 292, 0.041667, 4), (1, 297, 293, 0.041667, 4), (1, 297, 294, 0.041667, 4), (1, 297, 295, 0.041667, 4), (1, 298, 290, 0.041667, 4), (1, 298, 291, 0.041667, 4), (1, 298, 292, 0.041667, 4), (1, 298, 293, 0.041667, 4), (1, 298, 294, 0.041667, 4), (1, 298, 295, 0.041667, 4), (1, 299, 290, 0.041667, 4), (1, 299, 291, 0.041667, 4), (1, 299, 292, 0.041667, 4), (1, 299, 293, 0.041667, 4), (1, 299, 294, 0.041667, 4), (1, 299, 295, 0.041667, 4), (1, 1, 289, 1.0, 5), (1, 289, 296, 0.25, 5), (1, 289, 297, 0.25, 5), (1, 289, 298, 0.25, 5), (1, 289, 299, 0.25, 5), (1, 290, 10, 0.02381, 5), (1, 290, 18, 0.02381, 5), (1, 290, 26, 0.02381, 5), (1, 290, 34, 0.02381, 5), (1, 290, 42, 0.02381, 5), (1, 290, 50, 0.02381, 5), (1, 290, 58, 0.02381, 5), (1, 291, 11, 0.02381, 5), (1, 291, 19, 0.02381, 5), (1, 291, 27, 0.02381, 5), (1, 291, 35, 0.02381, 5), (1, 291, 43, 0.02381, 5), (1, 291, 51, 0.02381, 5), (1, 291, 59, 0.02381, 5), (1, 292, 12, 0.02381, 5), (1, 292, 20, 0.02381, 5), (1, 292, 28, 0.02381, 5), (1, 292, 36, 0.02381, 5), (1, 292, 44, 0.02381, 5), (1, 292, 52, 0.02381, 5), (1, 292, 60, 0.02381, 5), (1, 293, 13, 0.02381, 5), (1, 293, 21, 0.02381, 5), (1, 293, 29, 0.02381, 5), (1, 293, 37, 0.02381, 5), (1, 293, 45, 0.02381, 5), (1, 293, 53, 0.02381, 5), (1, 293, 61, 0.02381, 5), (1, 294, 14, 0.02381, 5), (1, 294, 22, 0.02381, 5), (1, 294, 30, 0.02381, 5), (1, 294, 38, 0.02381, 5), (1, 294, 46, 0.02381, 5), (1, 294, 54, 0.02381, 5), (1, 294, 62, 0.02381, 5), (1, 295, 15, 0.02381, 5), (1, 295, 23, 0.02381, 5), (1, 295, 31, 0.02381, 5), (1, 295, 39, 0.02381, 5), (1, 295, 47, 0.02381, 5), (1, 295, 55, 0.02381, 5), (1, 295, 63, 0.02381, 5), (1, 296, 290, 0.041667, 5), (1, 296, 291, 0.041667, 5), (1, 296, 292, 0.041667, 5), (1, 296, 293, 0.041667, 5), (1, 296, 294, 0.041667, 5), (1, 296, 295, 0.041667, 5), (1, 297, 290, 0.041667, 5), (1, 297, 291, 0.041667, 5), (1, 297, 292, 0.041667, 5), (1, 297, 293, 0.041667, 5), (1, 297, 294, 0.041667, 5), (1, 297, 295, 0.041667, 5), (1, 298, 290, 0.041667, 5), (1, 298, 291, 0.041667, 5), (1, 298, 292, 0.041667, 5), (1, 298, 293, 0.041667, 5), (1, 298, 294, 0.041667, 5), (1, 298, 295, 0.041667, 5), (1, 299, 290, 0.041667, 5), (1, 299, 291, 0.041667, 5), (1, 299, 292, 0.041667, 5), (1, 299, 293, 0.041667, 5), (1, 299, 294, 0.041667, 5), (1, 299, 295, 0.041667, 5), (1, 2, 256, 0.02381, 6), (1, 3, 256, 0.02381, 6), (1, 4, 256, 0.02381, 6), (1, 5, 256, 0.02381, 6), (1, 6, 256, 0.02381, 6), (1, 7, 256, 0.02381, 6), (1, 256, 0, 0.142857, 6), (1, 0, 288, 0.142857, 7), (1, 2, 256, 0.1666669999999999, 7), (1, 3, 256, 0.1666669999999999, 7), (1, 4, 256, 0.1666669999999999, 7), (1, 5, 256, 0.1666669999999999, 7), (1, 6, 256, 0.1666669999999999, 7), (1, 7, 256, 0.1666669999999999, 7), (1, 10, 257, 0.09523700000000002, 7), (1, 11, 257, 0.09523700000000002, 7), (1, 12, 257, 0.09523700000000002, 7), (1, 13, 257, 0.09523700000000002, 7), (1, 14, 257, 0.09523700000000002, 7), (1, 15, 257, 0.09523700000000002, 7), (1, 18, 258, 0.09523700000000002, 7), (1, 19, 258, 0.09523700000000002, 7), (1, 20, 258, 0.09523700000000002, 7), (1, 21, 258, 0.09523700000000002, 7), (1, 22, 258, 0.09523700000000002, 7), (1, 23, 258, 0.09523700000000002, 7), (1, 26, 259, 0.09523700000000002, 7), (1, 27, 259, 0.09523700000000002, 7), (1, 28, 259, 0.09523700000000002, 7), (1, 29, 259, 0.09523700000000002, 7), (1, 30, 259, 0.09523700000000002, 7), (1, 31, 259, 0.09523700000000002, 7), (1, 34, 260, 0.09523700000000002, 7), (1, 35, 260, 0.09523700000000002, 7), (1, 36, 260, 0.09523700000000002, 7), (1, 37, 260, 0.09523700000000002, 7), (1, 38, 260, 0.09523700000000002, 7), (1, 39, 260, 0.09523700000000002, 7), (1, 42, 261, 0.09523700000000002, 7), (1, 43, 261, 0.09523700000000002, 7), (1, 44, 261, 0.09523700000000002, 7), (1, 45, 261, 0.09523700000000002, 7), (1, 46, 261, 0.09523700000000002, 7), (1, 47, 261, 0.09523700000000002, 7), (1, 50, 262, 0.09523700000000002, 7), (1, 51, 262, 0.09523700000000002, 7), (1, 52, 262, 0.09523700000000002, 7), (1, 53, 262, 0.09523700000000002, 7), (1, 54, 262, 0.09523700000000002, 7), (1, 55, 262, 0.09523700000000002, 7), (1, 58, 263, 0.095242, 7), (1, 59, 263, 0.095242, 7), (1, 60, 263, 0.095242, 7), (1, 61, 263, 0.095242, 7), (1, 62, 263, 0.095242, 7), (1, 63, 263, 0.09524999999999993, 7), (1, 256, 0, 1.0, 7), (1, 257, 8, 0.571423, 7), (1, 258, 16, 0.571423, 7), (1, 259, 24, 0.571423, 7), (1, 260, 32, 0.571423, 7), (1, 261, 40, 0.571423, 7), (1, 262, 48, 0.571423, 7), (1, 263, 56, 0.5714609999999998, 7), (1, 288, 56, 0.142857, 7)]
